id_vuelo,aeropuerto_origen,aeropuerto_destino,hora_salida_programada,dia_semana,distancia_vuelo,condiciones_climaticas,congestion_aerea,tipo_avion,ocupacion_vuelo,temporada_alta,puerta_embarque,visibilidad,tiempo_estimado_vuelo
20651,BOG,MEX,15:45,Lunes,2700,Despejado,Media,Boeing 757,62.4,TRUE,42,21.1,231
12042,MDE,JFK,06:45,Jueves,3560,Despejado,Alta,Airbus A350,79.7,FALSE,45,17.8,310
18669,BRC,EZE,17:00,Sábado,1650,Nublado,Media,Boeing 737 MAX,55.2,FALSE,24,8.3,164
11115,MIA,BOG,07:30,Sábado,3160,Despejado,Media,Boeing 787,66.6,FALSE,19,7.1,266
23903,MDE,UIO,14:30,Miércoles,960,Nublado,Baja,Embraer E195,73.3,FALSE,30,18.8,104
21964,BGA,BOG,17:00,Sábado,310,Despejado,Media,Embraer E190,74.1,FALSE,46,25.9,65
21073,SCL,EZE,14:45,Viernes,1140,Tormenta,Baja,Boeing 757,70.5,FALSE,4,4.8,109
13003,BRC,EZE,08:15,Domingo,1650,Lluvia,Media,Embraer E195,57.1,FALSE,41,11.6,143
29772,MDE,BGA,05:45,Domingo,295,Lluvia,Alta,Embraer E190,54,FALSE,23,15.7,50
18116,UIO,EZE,15:30,Domingo,3900,Nublado,Baja,Boeing 777,40.7,TRUE,46,7.7,327
13526,LIM,GRU,05:45,Sábado,3620,Lluvia,Alta,Boeing 777,90,FALSE,17,18.3,313
17880,MDE,JFK,15:00,Lunes,3560,Despejado,Media,Boeing 787,69.8,TRUE,8,8.8,306
26442,MDE,CLO,00:15,Miércoles,265,Nublado,Media,Airbus A320,45.6,FALSE,13,27.1,48
26297,MDE,UIO,11:30,Viernes,960,Despejado,Media,Embraer E195,57.3,FALSE,21,18.3,114
22567,ROS,EZE,15:45,Jueves,295,Despejado,Baja,Airbus A320,51.1,TRUE,19,23.9,64
15253,BOG,PEI,07:45,Viernes,265,Despejado,Baja,Airbus A320,31.8,TRUE,16,20,68
29394,MAD,BOG,09:45,Martes,8680,Lluvia,Media,Airbus A350,75.4,FALSE,36,18.7,692
26797,EZE,COR,11:15,Martes,695,Tormenta,Alta,ATR 72,94.8,TRUE,23,2.9,85
18095,CLT,PTY,14:30,Miércoles,2890,Despejado,Alta,Boeing 757,85.2,TRUE,44,29,253
10323,MDE,PEI,07:45,Lunes,140,Nublado,Media,Boeing 737,87.5,TRUE,45,20.8,49
19924,AMS,GRU,13:15,Martes,9850,Nublado,Media,Boeing 787,70.2,TRUE,16,12.5,759
17460,BAQ,BOG,15:15,Sábado,145,Tormenta,Media,Boeing 737,70.4,TRUE,11,3.3,45
29025,GIG,GRU,09:30,Domingo,360,Lluvia,Alta,ATR 72,73.4,FALSE,30,22.9,65
27554,GIG,GRU,02:45,Miércoles,360,Nublado,Baja,Boeing 737,84.8,FALSE,46,22.3,51
19120,EZE,GIG,12:00,Domingo,1970,Niebla,Baja,Boeing 737 MAX,93,TRUE,28,0.2,194
26422,BOG,JFK,13:15,Martes,3930,Nublado,Alta,Airbus A350,74,TRUE,38,14.7,338
26061,ROS,EZE,06:30,Domingo,295,Nublado,Baja,Boeing 737,41.7,TRUE,14,6.9,53
20121,GRU,BOG,15:30,Viernes,3940,Lluvia,Alta,Boeing 787,98.6,FALSE,49,22,334
29056,JFK,GRU,16:15,Lunes,7680,Despejado,Alta,Airbus A350,38.8,FALSE,30,25.9,605
13650,MDE,CTG,07:00,Sábado,365,Lluvia,Baja,Airbus A320,87.4,FALSE,46,10.7,60
13942,EZE,AEP,07:00,Lunes,35,Lluvia,Media,ATR 72,36.6,FALSE,11,16.9,51
27881,PTY,SJO,12:15,Domingo,580,Despejado,Media,Embraer E190,61.2,TRUE,31,19.7,66
26676,MDE,PEI,10:45,Lunes,140,Despejado,Baja,ATR 72,90.3,FALSE,34,16.6,56
22631,EZE,NQN,17:45,Lunes,1150,Nublado,Baja,Boeing 737 MAX,86.4,TRUE,16,19.3,118
21444,BSB,GRU,15:15,Viernes,870,Despejado,Baja,Boeing 757,75,TRUE,23,12.4,86
22158,SSA,GRU,16:45,Viernes,1940,Despejado,Baja,Boeing 737 MAX,51.1,FALSE,23,14.1,165
23836,MEX,GRU,14:00,Lunes,7300,Despejado,Alta,Airbus A350,61.5,FALSE,31,26.1,582
13435,MVD,EZE,08:15,Martes,210,Despejado,Media,Boeing 737,67.8,FALSE,20,10.5,46
28740,BOG,LIM,10:00,Domingo,1890,Despejado,Media,Embraer E195,72.3,FALSE,36,20.4,164
27408,MIA,EZE,07:00,Jueves,7720,Niebla,Alta,Boeing 787,75.5,FALSE,2,1.2,604
25441,UIO,EZE,01:00,Martes,3900,Lluvia,Media,Airbus A330,88.4,FALSE,37,29.7,341
20407,MEX,PTY,18:00,Domingo,2280,Nublado,Alta,Boeing 737 MAX,81,TRUE,13,27.9,220
16518,EZE,GRU,09:15,Domingo,1760,Lluvia,Alta,Boeing 737 MAX,79.6,FALSE,42,21,172
10972,BAQ,BOG,10:45,Miércoles,145,Nublado,Media,Boeing 737,66.3,TRUE,9,20.8,38
26488,GRU,BOG,00:30,Domingo,3940,Nublado,Baja,Boeing 787,60.6,TRUE,24,20.4,337
29731,CCS,EZE,02:45,Sábado,4300,Despejado,Alta,Airbus A330,99.2,TRUE,7,21,369
23138,POA,GRU,13:30,Jueves,1110,Despejado,Media,Airbus A320neo,63.2,FALSE,15,14.3,111
13670,BAQ,MDE,06:15,Sábado,310,Lluvia,Baja,Airbus A320,65.1,FALSE,40,16.9,52
25984,BOG,MEX,04:15,Sábado,2700,Despejado,Baja,Airbus A320neo,66.5,FALSE,1,11.7,223
14059,MDE,CLO,09:00,Domingo,265,Despejado,Baja,Boeing 737,69.3,TRUE,45,20.6,57
24977,GRU,MVD,08:45,Viernes,1550,Despejado,Baja,Boeing 737 MAX,78.5,FALSE,21,19.5,137
25699,EZE,CCS,22:15,Jueves,4300,Niebla,Baja,Boeing 787,71.8,FALSE,36,0.6,343
23830,GRU,PTY,14:15,Sábado,4630,Nublado,Baja,Boeing 787,86.9,TRUE,34,20.3,375
23420,MAD,EZE,15:00,Viernes,10050,Despejado,Media,Airbus A350,68.6,FALSE,37,21.3,776
10961,EZE,AEP,08:00,Domingo,35,Despejado,Media,Boeing 737,90.3,FALSE,39,16.6,26
27745,EZE,MVD,00:15,Martes,210,Lluvia,Baja,Boeing 737,85.5,FALSE,20,17.2,41
19865,EZE,BOG,15:30,Miércoles,4650,Lluvia,Baja,Airbus A330,72.3,TRUE,46,20.2,385
21264,MDE,PEI,16:00,Domingo,140,Despejado,Media,Boeing 737,79.6,FALSE,10,11.7,57
25783,CTG,MDE,15:30,Sábado,365,Nublado,Baja,Boeing 737,46.8,FALSE,16,26.2,76
27197,BAQ,BOG,18:00,Viernes,145,Nublado,Baja,ATR 72,88.1,FALSE,12,7.6,40
17555,BOG,PTY,16:30,Domingo,650,Nublado,Media,ATR 72,85.7,FALSE,25,13.7,76
20499,PEI,BOG,16:30,Martes,265,Despejado,Media,Airbus A320,97.9,TRUE,44,16.4,55
27060,CLO,MDE,19:15,Viernes,265,Niebla,Media,Embraer E190,90.3,TRUE,47,1.2,52
27929,MDE,JFK,22:15,Miércoles,3560,Despejado,Media,Airbus A350,48.3,FALSE,1,12,311
17086,CDG,GRU,16:15,Sábado,9400,Despejado,Media,Airbus A330,86.8,TRUE,48,27.4,740
24754,MDE,BGA,16:15,Domingo,295,Lluvia,Alta,Airbus A320,77.6,FALSE,43,7.2,61
14520,GRU,MEX,08:00,Sábado,7300,Niebla,Media,Boeing 777,96.3,TRUE,28,1,583
13025,BOG,PTY,08:15,Viernes,650,Niebla,Media,ATR 72,80.4,FALSE,38,1.4,70
22122,GIG,GRU,14:15,Martes,360,Tormenta,Media,Embraer E190,84.1,FALSE,39,3.8,57
28495,PEI,MDE,21:15,Miércoles,140,Despejado,Media,ATR 72,69.5,FALSE,47,20.3,31
15484,BGA,BOG,09:00,Lunes,310,Tormenta,Alta,Embraer E190,64.9,FALSE,23,3,43
11420,BOG,MEX,07:00,Martes,2700,Despejado,Baja,Embraer E195,48.9,FALSE,1,25.7,226
16210,BOG,CTG,07:15,Lunes,135,Despejado,Alta,Airbus A320,97.2,TRUE,38,8,35
20743,GRU,JFK,13:30,Martes,7680,Nublado,Baja,Boeing 787,94.6,TRUE,9,12,624
26144,EZE,SCL,16:00,Sábado,1140,Niebla,Alta,Boeing 757,51.1,FALSE,43,0.7,109
27618,ASU,EZE,13:00,Jueves,1050,Nublado,Alta,Embraer E195,93.5,TRUE,6,22.6,117
24569,EZE,ROS,03:45,Miércoles,295,Despejado,Baja,ATR 72,55.8,TRUE,19,12.8,55
10981,MIA,GRU,10:45,Jueves,7520,Nublado,Baja,Airbus A350,67.9,TRUE,27,28.8,613
12784,GRU,GIG,08:15,Viernes,360,Nublado,Media,Airbus A320,71.8,TRUE,43,20.8,67
17714,MDE,UIO,12:30,Viernes,960,Despejado,Baja,Airbus A320neo,70.2,TRUE,11,24.6,106
21519,GRU,MEX,15:15,Martes,7300,Despejado,Media,Boeing 777,90,TRUE,16,26.1,584
18601,GIG,GRU,14:45,Miércoles,360,Lluvia,Baja,Airbus A320,91.5,FALSE,19,18.1,51
21641,MDE,BAQ,13:45,Viernes,310,Despejado,Media,Airbus A320,74.9,FALSE,23,16.5,62
28831,BOG,CLO,10:15,Miércoles,300,Nublado,Media,Embraer E190,77.5,FALSE,10,28.5,61
22563,EZE,CCS,12:30,Domingo,4300,Despejado,Media,Boeing 777,80,TRUE,22,21,362
22752,CCS,PTY,14:45,Viernes,1010,Nublado,Baja,Boeing 737 MAX,84,TRUE,9,13.3,104
16385,PTY,LIM,06:30,Domingo,2970,Nublado,Alta,Embraer E195,74.9,FALSE,1,27.3,262
14808,MDE,BGA,08:30,Viernes,295,Nublado,Alta,Embraer E190,59.7,FALSE,14,7.3,57
16196,BOG,BAQ,07:15,Viernes,145,Nublado,Alta,Airbus A320,73.2,FALSE,3,21,57
20649,EZE,MAD,14:45,Viernes,10050,Despejado,Baja,Boeing 777,55.4,FALSE,8,9.2,775
17568,BAQ,MDE,18:45,Domingo,310,Despejado,Media,Airbus A320,74.9,TRUE,21,24.7,62
26398,MAD,EZE,00:45,Lunes,10050,Despejado,Alta,Boeing 787,69,FALSE,43,28.2,795
27525,BOG,MAD,20:15,Domingo,8680,Nublado,Alta,Airbus A330,89.3,FALSE,38,28.1,697
11347,CTG,MDE,08:15,Jueves,365,Nublado,Alta,Boeing 737,69.1,FALSE,35,7.3,67
23125,GRU,SSA,17:30,Lunes,1940,Despejado,Media,Boeing 737 MAX,52.9,TRUE,42,17.1,188
22674,EZE,GIG,16:45,Jueves,1970,Despejado,Media,Embraer E195,47.9,TRUE,39,26.5,187
25456,CTG,BOG,16:00,Jueves,135,Despejado,Media,ATR 72,49.8,FALSE,25,29.1,46
24002,PTY,MIA,22:45,Domingo,2200,Tormenta,Media,Airbus A320neo,84.9,FALSE,2,1.2,214
28622,GRU,POA,08:45,Sábado,1110,Despejado,Baja,Boeing 737 MAX,74.7,FALSE,30,24.3,109
12120,MDE,BGA,08:45,Lunes,295,Lluvia,Media,Airbus A320,91.1,FALSE,2,24.2,48
25305,BRC,EZE,00:30,Jueves,1650,Despejado,Alta,Boeing 757,81.7,FALSE,40,11.1,157
14310,NQN,EZE,09:15,Domingo,1150,Despejado,Baja,Boeing 757,76.5,TRUE,40,17.9,135
14485,CWB,GRU,07:30,Viernes,410,Despejado,Media,Embraer E190,82.9,FALSE,46,10,52
21014,MDE,CLO,14:15,Martes,265,Despejado,Media,Boeing 737,62.5,FALSE,38,25.7,65
14771,EZE,MIA,10:00,Lunes,7720,Despejado,Media,Airbus A350,96.7,FALSE,29,23.8,624
12713,FLN,GRU,06:30,Lunes,690,Despejado,Media,ATR 72,88.1,TRUE,5,21.6,75
22187,CLO,BOG,19:15,Viernes,300,Despejado,Media,Embraer E190,59.7,TRUE,11,15.8,71
26616,BAQ,BOG,15:15,Miércoles,145,Despejado,Baja,Embraer E190,72.4,FALSE,2,12.6,45
20948,UIO,BOG,13:30,Miércoles,730,Despejado,Media,Boeing 737,70.4,FALSE,5,7.3,76
12546,MDE,PTY,06:00,Martes,715,Lluvia,Alta,Boeing 737,59.4,FALSE,26,15.3,75
22620,SJO,PTY,12:15,Jueves,580,Nublado,Alta,Airbus A320,34.5,TRUE,15,9.2,77
19852,POA,GRU,15:00,Lunes,1110,Despejado,Baja,Boeing 737 MAX,86.7,FALSE,40,8.3,131
14411,EZE,PTY,08:45,Jueves,5100,Tormenta,Baja,Boeing 787,94.5,FALSE,40,0.9,405
29648,GRU,BOG,11:30,Miércoles,3940,Nublado,Baja,Airbus A350,67.2,FALSE,37,28.4,323
22345,GUA,PTY,14:45,Jueves,820,Despejado,Alta,Airbus A320neo,65.2,TRUE,29,12.1,87
22408,PTY,EZE,13:15,Miércoles,5100,Despejado,Media,Boeing 777,43.3,TRUE,27,14.1,417
19611,BOG,PTY,16:30,Domingo,650,Nublado,Alta,Boeing 737,60.8,TRUE,17,7.5,92
20719,GRU,LIM,15:30,Domingo,3620,Despejado,Media,Airbus A330,68.2,FALSE,36,28.6,309
17572,AEP,EZE,14:00,Jueves,35,Tormenta,Baja,Airbus A320,71.4,FALSE,22,3.4,24
13571,AEP,EZE,09:30,Domingo,35,Despejado,Alta,Embraer E190,65,TRUE,44,19,50
18603,BAQ,MDE,12:30,Sábado,310,Niebla,Baja,Boeing 737,46.3,FALSE,7,0.2,66
13560,MIA,BOG,08:15,Lunes,3160,Despejado,Media,Airbus A350,67.3,TRUE,4,15.3,275
14992,UIO,MDE,10:00,Viernes,960,Despejado,Baja,Embraer E195,62.7,TRUE,5,17.1,102
17440,EZE,LIM,19:45,Viernes,3150,Nublado,Alta,Boeing 787,87.7,FALSE,17,23.8,276
19326,MVD,EZE,12:45,Martes,210,Lluvia,Baja,Embraer E190,55.1,TRUE,8,12.9,55
12301,MVD,EZE,07:45,Lunes,210,Despejado,Alta,Boeing 737,62.3,TRUE,26,19.3,52
17667,COR,EZE,14:15,Domingo,695,Tormenta,Baja,Airbus A320,89.8,FALSE,36,3,100
15805,GRU,PTY,06:45,Domingo,4630,Despejado,Media,Airbus A330,56.4,FALSE,13,15.8,380
22023,AMS,GRU,16:00,Domingo,9850,Lluvia,Media,Boeing 787,64.9,FALSE,13,25.1,774
25538,JFK,MDE,16:00,Martes,3560,Despejado,Media,Boeing 787,92.6,FALSE,5,21.2,296
19758,BOG,CTG,15:45,Viernes,135,Despejado,Media,ATR 72,92.4,FALSE,40,27.4,57
22015,MDE,BOG,12:00,Martes,235,Nublado,Baja,Embraer E190,37.4,TRUE,17,8.4,64
15212,IGR,EZE,06:15,Viernes,1100,Nublado,Media,Boeing 737 MAX,69.5,FALSE,27,12.9,118
21549,PTY,EZE,10:45,Martes,5100,Despejado,Alta,Airbus A330,71,TRUE,17,28.2,428
22367,CCS,PTY,10:45,Domingo,1010,Despejado,Media,Embraer E195,51.6,TRUE,13,17.6,112
19271,GRU,JFK,17:00,Jueves,7680,Lluvia,Alta,Boeing 787,70.8,FALSE,6,19.6,603
13976,CLO,BOG,06:00,Viernes,300,Despejado,Media,Airbus A320,63.1,TRUE,28,8.4,69
26091,SCL,EZE,10:30,Jueves,1140,Nublado,Baja,Airbus A320neo,30.2,FALSE,21,21.1,105
27233,UIO,MDE,06:45,Viernes,960,Lluvia,Media,Boeing 737 MAX,56.3,FALSE,24,16.1,116
27444,BOG,MEX,20:15,Viernes,2700,Lluvia,Media,Embraer E195,86.7,TRUE,22,15.3,245
23657,ASU,EZE,15:45,Martes,1050,Lluvia,Alta,Boeing 757,71.4,TRUE,39,9.4,127
25646,POA,GRU,21:00,Sábado,1110,Lluvia,Media,Embraer E195,97.7,FALSE,16,9.7,126
12731,BRC,EZE,11:15,Lunes,1650,Lluvia,Baja,Boeing 737 MAX,70.6,FALSE,10,6.2,159
13299,MDE,LIM,08:30,Sábado,2100,Lluvia,Media,Boeing 757,85,FALSE,25,26.3,185
18957,MVD,EZE,16:45,Sábado,210,Lluvia,Alta,Airbus A320,77.1,FALSE,16,7.1,52
27411,POA,GRU,20:00,Miércoles,1110,Despejado,Media,Boeing 737 MAX,66.7,TRUE,13,14.7,116
25156,PTY,GUA,00:15,Jueves,820,Despejado,Baja,Boeing 757,47.5,TRUE,14,12.2,110
27277,BGA,MDE,06:30,Domingo,295,Nublado,Baja,Airbus A320,81.7,FALSE,28,22.2,45
16704,EZE,LIM,06:45,Miércoles,3150,Lluvia,Media,Airbus A350,63.7,FALSE,15,28.1,272
11969,MDE,BOG,08:00,Martes,235,Nublado,Media,Airbus A320,65.5,FALSE,39,24,54
14937,EZE,MDZ,07:15,Miércoles,1040,Tormenta,Alta,Boeing 737 MAX,50.1,FALSE,4,4.8,106
12113,MDE,CTG,08:00,Sábado,365,Despejado,Baja,ATR 72,87,FALSE,41,7.9,68
10879,BSB,GRU,09:15,Domingo,870,Nublado,Media,Airbus A320neo,76.6,FALSE,28,23.1,91
29076,PEI,MDE,16:00,Domingo,140,Despejado,Media,ATR 72,90.3,FALSE,8,20,49
22990,BGA,MDE,13:45,Sábado,295,Despejado,Media,Embraer E190,80.2,FALSE,47,18.4,57
17278,MIA,EZE,14:00,Miércoles,7720,Despejado,Media,Boeing 777,57.3,TRUE,1,8.5,603
15710,UIO,PTY,07:30,Lunes,1420,Despejado,Media,Boeing 757,63.6,TRUE,25,26.6,150
22079,NQN,EZE,15:15,Viernes,1150,Despejado,Media,Boeing 737 MAX,66,FALSE,1,21.8,129
16688,MDE,GRU,08:15,Lunes,4180,Lluvia,Alta,Boeing 787,64.2,TRUE,12,18,354
16419,PTY,GRU,07:00,Martes,4630,Lluvia,Media,Airbus A330,33.5,FALSE,34,13.5,385
20432,MDE,CLO,14:15,Lunes,265,Niebla,Media,Airbus A320,83.5,FALSE,39,2.8,42
19983,MIA,PTY,15:45,Domingo,2200,Nublado,Alta,Boeing 757,67.3,FALSE,25,20.8,214
29074,EZE,NQN,08:45,Martes,1150,Despejado,Baja,Embraer E195,78,FALSE,27,11.2,118
14630,SCL,EZE,08:15,Lunes,1140,Despejado,Media,Embraer E195,80,TRUE,28,21.3,124
18863,IAH,PTY,13:15,Martes,2860,Lluvia,Media,Airbus A320neo,65.7,TRUE,36,18.1,255
14668,BOG,CCS,08:15,Sábado,1010,Despejado,Alta,Embraer E195,59,TRUE,37,18.8,101
24164,BGA,BOG,08:00,Jueves,310,Nublado,Baja,Embraer E190,69.5,FALSE,24,13.4,55
10386,EZE,ROS,05:00,Sábado,295,Lluvia,Media,Airbus A320,66.8,FALSE,16,26.3,70
14187,GRU,POA,07:30,Miércoles,1110,Despejado,Alta,Embraer E195,71.8,TRUE,20,21.4,115
15346,EZE,BOG,08:00,Domingo,4650,Niebla,Media,Boeing 777,76.7,FALSE,7,1.4,390
12196,BOG,MAD,07:15,Domingo,8680,Despejado,Baja,Airbus A330,61,TRUE,38,14,671
24991,AEP,EZE,06:30,Martes,35,Despejado,Baja,ATR 72,70.7,FALSE,6,24.1,39
22635,GIG,EZE,15:00,Martes,1970,Despejado,Media,Embraer E195,56.9,FALSE,14,25.9,174
11078,EZE,UIO,09:45,Martes,3900,Despejado,Media,Boeing 777,75.8,TRUE,35,26.9,322
16287,FLN,GRU,05:45,Sábado,690,Niebla,Media,Airbus A320,98.9,TRUE,34,1.2,95
15934,ROS,EZE,09:15,Domingo,295,Nublado,Baja,Boeing 737,55,FALSE,25,29.1,63
28513,MIA,MDE,19:15,Domingo,2750,Lluvia,Baja,Embraer E195,56.6,FALSE,19,24.9,245
29718,PTY,MDE,11:45,Jueves,715,Despejado,Baja,Airbus A320,89.1,TRUE,37,10.9,98
23364,GIG,GRU,16:30,Viernes,360,Nublado,Baja,Airbus A320,91.4,FALSE,18,20.9,69
18073,CLO,BOG,15:45,Miércoles,300,Lluvia,Baja,Embraer E190,88.5,TRUE,18,19.5,68
27021,EZE,AEP,10:45,Jueves,35,Nublado,Media,ATR 72,87.2,TRUE,1,28.9,45
19544,COR,EZE,13:00,Lunes,695,Despejado,Alta,ATR 72,67.5,FALSE,45,7.6,88
29095,AEP,EZE,04:45,Martes,35,Despejado,Media,Embraer E190,88,TRUE,48,9.1,24
23356,GRU,CWB,14:30,Viernes,410,Despejado,Baja,Boeing 737,68.5,FALSE,9,17,74
28632,AEP,EZE,18:00,Lunes,35,Nublado,Baja,Boeing 737,55.8,TRUE,17,15.4,22
12849,PTY,CCS,06:00,Viernes,1010,Despejado,Alta,Embraer E195,45,FALSE,38,28.5,114
22792,BOG,CLO,12:45,Viernes,300,Despejado,Media,ATR 72,92.2,TRUE,4,23.8,66
17723,BOG,MIA,16:45,Jueves,3160,Despejado,Baja,Boeing 787,64.9,FALSE,1,14.7,276
10813,EZE,ROS,06:30,Lunes,295,Nublado,Media,Boeing 737,85.3,FALSE,30,8.5,49
21194,GRU,MVD,14:30,Martes,1550,Despejado,Media,Embraer E195,75.2,TRUE,48,6.6,145
15136,CCS,PTY,04:15,Viernes,1010,Nublado,Media,Embraer E195,58.5,TRUE,2,13.6,106
18511,JFK,MDE,15:00,Domingo,3560,Despejado,Media,Boeing 787,78.6,FALSE,33,27.4,310
17435,PTY,UIO,14:00,Miércoles,1420,Tormenta,Baja,Airbus A320neo,34.9,FALSE,29,1.3,142
26477,CLO,MDE,14:00,Miércoles,265,Tormenta,Baja,Boeing 737,89.2,TRUE,22,2.7,66
10937,MDE,BOG,08:30,Sábado,235,Nublado,Baja,Airbus A320,92,FALSE,14,19.4,53
21966,PTY,SJO,15:15,Viernes,580,Despejado,Baja,Boeing 737,47.8,TRUE,20,19,72
11693,EZE,MIA,07:15,Lunes,7720,Lluvia,Alta,Airbus A330,95.2,TRUE,35,20.7,605
16217,UIO,MDE,09:30,Jueves,960,Nublado,Baja,Airbus A320neo,60.6,FALSE,32,24.4,119
19460,EZE,MDZ,14:15,Jueves,1040,Despejado,Alta,Embraer E195,86,TRUE,13,17.2,99
22528,PTY,CLT,16:00,Martes,2890,Nublado,Media,Boeing 737 MAX,69.5,FALSE,1,13.4,258
25485,PTY,GRU,03:45,Martes,4630,Despejado,Media,Airbus A330,60.4,FALSE,28,20.7,394
15793,JFK,EZE,09:15,Martes,8530,Despejado,Baja,Boeing 777,62.7,TRUE,22,22.1,680
22267,BOG,PEI,12:45,Miércoles,265,Despejado,Baja,Boeing 737,66.2,FALSE,30,29.2,68
12222,GRU,BSB,09:00,Miércoles,870,Despejado,Media,Airbus A320neo,94.8,FALSE,36,17,112
25758,BOG,BAQ,21:00,Domingo,145,Lluvia,Baja,Boeing 737,85.2,FALSE,28,19.8,42
14694,JFK,PTY,10:45,Lunes,3520,Lluvia,Media,Airbus A350,17.2,FALSE,5,6,304
20109,BOG,PEI,15:00,Martes,265,Despejado,Alta,ATR 72,91,FALSE,9,11.5,51
15108,MDE,PEI,10:30,Viernes,140,Despejado,Media,Embraer E190,93.4,FALSE,24,26.1,39
23481,CTG,BOG,15:15,Viernes,135,Lluvia,Baja,Boeing 737,83.6,TRUE,40,12.8,46
14746,BOG,PTY,08:30,Miércoles,650,Lluvia,Baja,Airbus A320,61.2,FALSE,39,25.3,69
11605,MDE,PTY,07:30,Sábado,715,Nublado,Alta,Boeing 737,43.3,TRUE,1,14.2,77
27396,EZE,ASU,16:30,Viernes,1050,Despejado,Alta,Boeing 757,57.2,TRUE,7,23.3,127
26864,FLN,GRU,03:15,Lunes,690,Despejado,Media,ATR 72,62,TRUE,2,8.1,86
18214,SCL,EZE,13:30,Lunes,1140,Despejado,Alta,Boeing 737 MAX,58.3,FALSE,36,18.1,134
11093,EZE,ASU,09:00,Domingo,1050,Despejado,Media,Boeing 737 MAX,62.1,FALSE,37,29.7,123
23885,BOG,BAQ,14:15,Jueves,145,Nublado,Baja,Embraer E190,95.4,FALSE,16,18.1,37
16312,BOG,CTG,09:30,Miércoles,135,Lluvia,Baja,Airbus A320,72.1,TRUE,3,12.5,35
19013,PTY,GUA,16:15,Viernes,820,Despejado,Alta,Embraer E195,73.9,FALSE,13,23.2,103
10352,BGA,MDE,08:00,Domingo,295,Despejado,Media,Boeing 737,88.2,FALSE,47,11.2,59
24783,BOG,CLO,06:15,Miércoles,300,Niebla,Media,Boeing 737,65.9,FALSE,44,2,67
11531,GRU,EZE,09:30,Lunes,1760,Nublado,Alta,Boeing 757,80.7,FALSE,48,12.5,168
23592,BOG,BAQ,17:45,Jueves,145,Despejado,Baja,ATR 72,69.6,FALSE,35,14.5,45
25216,BAQ,BOG,02:30,Miércoles,145,Nublado,Media,Airbus A320,81.6,FALSE,29,27.1,56
21541,PTY,BOG,14:00,Domingo,650,Nublado,Alta,Airbus A320,74.2,FALSE,8,13.1,79
10219,MIA,MDE,07:15,Jueves,2750,Despejado,Baja,Airbus A320neo,86.5,FALSE,46,15.2,255
16814,BOG,MDE,06:45,Sábado,235,Nublado,Media,Boeing 737,89.3,FALSE,22,20.8,60
15358,MDE,CLO,07:00,Martes,265,Nublado,Media,Boeing 737,70.6,FALSE,35,14.2,60
25730,PTY,MEX,08:15,Viernes,2280,Nublado,Media,Embraer E195,69.9,FALSE,39,17.3,208
23044,MEX,PTY,15:30,Lunes,2280,Nublado,Alta,Boeing 757,62.4,FALSE,1,9.4,193
11454,FLN,GRU,06:45,Sábado,690,Despejado,Media,Embraer E190,76.3,TRUE,21,9.5,98
24933,GRU,PTY,19:15,Miércoles,4630,Lluvia,Media,Boeing 777,75.4,FALSE,36,7.2,379
14741,CCS,PTY,05:15,Lunes,1010,Nublado,Alta,Airbus A320neo,66.7,TRUE,25,15.4,106
12815,BOG,CTG,07:30,Miércoles,135,Despejado,Baja,Airbus A320,87,FALSE,14,26.2,43
17887,MDE,PEI,11:00,Viernes,140,Despejado,Media,Boeing 737,41.2,FALSE,45,7.5,44
14974,GIG,GRU,08:45,Martes,360,Tormenta,Baja,Boeing 737,84.5,FALSE,34,3.3,53
11183,EZE,LIM,08:30,Sábado,3150,Lluvia,Baja,Boeing 787,62.5,FALSE,30,5.7,259
20036,BOG,MEX,14:45,Lunes,2700,Nublado,Baja,Embraer E195,52.4,TRUE,4,14.8,247
13948,EZE,PTY,06:30,Domingo,5100,Nublado,Media,Boeing 787,62.6,FALSE,40,20.2,429
13190,BOG,CTG,08:00,Jueves,135,Lluvia,Media,ATR 72,74.8,TRUE,42,12.7,48
24481,GRU,FLN,00:45,Martes,690,Despejado,Baja,ATR 72,82.4,FALSE,42,8.4,86
29827,GRU,CWB,22:15,Martes,410,Lluvia,Media,Boeing 737,86.2,TRUE,5,13.3,79
19624,MVD,GRU,17:30,Viernes,1550,Nublado,Baja,Boeing 757,81.3,FALSE,38,13.7,141
11007,SSA,GRU,09:15,Viernes,1940,Nublado,Media,Boeing 737 MAX,76.8,FALSE,2,23.8,185
12326,PTY,GUA,09:00,Domingo,820,Despejado,Media,Boeing 757,65.3,FALSE,18,18.8,107
20646,MDE,CLO,16:45,Domingo,265,Tormenta,Alta,Embraer E190,78.9,FALSE,16,0.7,65
29524,MDE,LIM,01:30,Lunes,2100,Nublado,Media,Boeing 737 MAX,78,TRUE,21,7.1,188
27726,MIA,GRU,07:15,Sábado,7520,Niebla,Baja,Airbus A350,84.3,FALSE,26,2,585
15744,JFK,PTY,07:30,Viernes,3520,Nublado,Baja,Boeing 787,58.7,FALSE,33,15,286
22681,LIM,BOG,17:30,Martes,1890,Lluvia,Baja,Boeing 757,65.6,FALSE,17,9.9,184
24584,CDG,GRU,16:00,Martes,9400,Despejado,Media,Airbus A330,65.4,FALSE,40,24.7,750
29258,JFK,MDE,03:45,Domingo,3560,Nublado,Media,Boeing 777,56.6,FALSE,47,18.6,307
21882,PTY,IAH,17:00,Martes,2860,Nublado,Baja,Embraer E195,41.3,TRUE,47,21,235
11028,MIA,EZE,06:15,Miércoles,7720,Despejado,Media,Airbus A350,69.7,FALSE,42,21.7,606
14070,JFK,MDE,09:15,Domingo,3560,Nublado,Baja,Airbus A350,81.9,FALSE,28,5.9,310
28573,GRU,EZE,08:45,Miércoles,1760,Despejado,Baja,Boeing 737 MAX,75.1,FALSE,10,14.3,161
24653,MDZ,EZE,00:30,Jueves,1040,Niebla,Media,Boeing 757,44.7,TRUE,8,1.6,105
16651,LIM,GRU,08:00,Lunes,3620,Tormenta,Media,Boeing 787,88.9,TRUE,31,4.4,305
25784,POA,GRU,16:15,Miércoles,1110,Despejado,Media,Boeing 737 MAX,55.4,FALSE,31,29.6,129
27649,EZE,AEP,07:00,Viernes,35,Lluvia,Baja,Boeing 737,22.1,FALSE,23,6.4,33
14623,BSB,GRU,07:45,Miércoles,870,Niebla,Alta,Boeing 757,80.2,FALSE,18,1.7,109
20386,GRU,FLN,12:45,Lunes,690,Niebla,Media,Boeing 737,97.4,FALSE,43,0.5,82
23671,UIO,BOG,10:45,Lunes,730,Niebla,Alta,Boeing 737,82.4,TRUE,28,2.6,96
24047,EZE,MAD,19:30,Viernes,10050,Despejado,Media,Airbus A350,50.1,TRUE,4,26.5,798
11963,CTG,BOG,10:30,Miércoles,135,Lluvia,Alta,Embraer E190,56.3,FALSE,24,24.4,31
29875,GRU,BOG,10:15,Domingo,3940,Lluvia,Media,Boeing 787,53.9,FALSE,36,27.4,331
11600,BAQ,BOG,07:45,Sábado,145,Nublado,Media,Embraer E190,57.3,FALSE,24,16.5,57
19676,SCL,EZE,13:45,Domingo,1140,Despejado,Baja,Boeing 737 MAX,73.2,FALSE,47,24.7,121
20953,PTY,MEX,11:00,Domingo,2280,Despejado,Media,Embraer E195,50.1,TRUE,15,15.5,197
14334,MDE,EZE,10:15,Sábado,4900,Lluvia,Baja,Airbus A350,83,TRUE,4,9.2,407
22100,MDE,MIA,15:30,Sábado,2750,Lluvia,Baja,Airbus A320neo,78.7,FALSE,37,5.2,236
16956,EZE,GIG,07:00,Lunes,1970,Despejado,Alta,Airbus A320neo,56.2,FALSE,8,22.5,186
28822,MDE,BOG,00:45,Lunes,235,Niebla,Media,Embraer E190,71.5,TRUE,33,2.4,39
18546,BOG,MEX,14:00,Miércoles,2700,Lluvia,Baja,Embraer E195,98.1,FALSE,8,16.1,226
25975,JFK,GRU,19:30,Sábado,7680,Nublado,Media,Airbus A350,85,FALSE,3,29,620
23723,BOG,PEI,11:30,Miércoles,265,Lluvia,Media,ATR 72,78.8,FALSE,49,17.2,67
10696,CLO,MDE,07:45,Sábado,265,Despejado,Media,Airbus A320,55.2,FALSE,1,14.6,59
25631,CWB,GRU,14:15,Viernes,410,Despejado,Alta,ATR 72,32.5,TRUE,37,21.1,52
23590,BOG,BAQ,16:00,Viernes,145,Despejado,Baja,Embraer E190,93.7,FALSE,34,7.9,40
24522,MDE,BGA,00:30,Viernes,295,Niebla,Media,Embraer E190,63.6,FALSE,3,0.5,49
29918,PTY,MDE,07:00,Lunes,715,Nublado,Media,Airbus A320,63.8,TRUE,13,23.3,98
19771,BOG,PTY,14:15,Martes,650,Despejado,Baja,Embraer E190,79.8,FALSE,11,23.3,91
23378,MDE,MIA,19:30,Miércoles,2750,Despejado,Media,Airbus A320neo,41.4,FALSE,26,20,236
11035,GRU,MIA,09:45,Domingo,7520,Despejado,Baja,Boeing 777,58.5,TRUE,5,28.1,603
20843,GRU,SSA,13:15,Viernes,1940,Nublado,Media,Boeing 737 MAX,67,FALSE,6,5.8,170
26593,GRU,MIA,20:15,Lunes,7520,Despejado,Media,Boeing 787,69.1,FALSE,12,11.6,610
20422,AEP,EZE,14:45,Sábado,35,Lluvia,Baja,Embraer E190,85,FALSE,4,11.6,46
20980,COR,EZE,10:30,Lunes,695,Despejado,Media,Airbus A320,95.3,TRUE,5,10.3,83
12128,EZE,MDZ,06:00,Miércoles,1040,Nublado,Baja,Boeing 737 MAX,81.9,FALSE,42,13.9,106
22188,PTY,JFK,13:15,Miércoles,3520,Despejado,Media,Airbus A330,72.2,TRUE,25,24.6,289
15971,BOG,UIO,07:00,Miércoles,730,Lluvia,Baja,Airbus A320,74.8,FALSE,26,12.9,86
23226,GRU,CWB,13:15,Jueves,410,Nublado,Baja,Airbus A320,47.6,TRUE,14,11,59
10994,EZE,COR,07:30,Domingo,695,Despejado,Media,Embraer E190,82,TRUE,41,10.4,72
25085,BOG,CLO,12:45,Sábado,300,Tormenta,Media,Airbus A320,51.2,FALSE,29,4.6,42
24846,GRU,SSA,13:00,Jueves,1940,Nublado,Baja,Airbus A320neo,59.3,TRUE,30,23.2,185
24946,MVD,GRU,19:15,Jueves,1550,Nublado,Media,Airbus A320neo,84.9,TRUE,14,6.8,160
10448,GRU,GIG,06:30,Viernes,360,Lluvia,Media,Airbus A320,81.7,TRUE,23,10.7,68
27278,BOG,MDE,14:30,Miércoles,235,Niebla,Media,ATR 72,69.8,FALSE,6,1.8,38
15454,EZE,BRC,05:15,Sábado,1650,Despejado,Media,Boeing 737 MAX,34.7,FALSE,20,30,166
13212,POA,GRU,10:30,Domingo,1110,Nublado,Baja,Boeing 737 MAX,47.2,TRUE,29,16.4,103
15562,MIA,GRU,07:15,Martes,7520,Despejado,Alta,Boeing 777,82,FALSE,9,27.6,595
28912,BAQ,BOG,17:15,Jueves,145,Despejado,Baja,Embraer E190,54.9,TRUE,42,23,32
13211,MVD,GRU,08:30,Jueves,1550,Despejado,Baja,Embraer E195,65.4,TRUE,13,17.1,156
23814,GRU,SSA,16:45,Miércoles,1940,Despejado,Baja,Boeing 737 MAX,71.2,FALSE,40,16.2,169
18967,ASU,EZE,14:30,Viernes,1050,Tormenta,Media,Airbus A320neo,50.2,TRUE,21,0.6,107
27654,PEI,MDE,09:15,Miércoles,140,Despejado,Baja,Boeing 737,72.1,FALSE,15,17.6,59
20650,EZE,LIM,17:00,Domingo,3150,Nublado,Baja,Airbus A350,64.8,FALSE,25,6.5,258
29715,GRU,BOG,08:00,Lunes,3940,Despejado,Media,Boeing 787,66,FALSE,35,12,331
13972,UIO,BOG,07:00,Viernes,730,Despejado,Media,Airbus A320,35,FALSE,6,25.4,81
20808,BOG,MEX,17:00,Lunes,2700,Nublado,Media,Embraer E195,69.4,FALSE,36,6,231
29545,EZE,UIO,07:15,Lunes,3900,Nublado,Baja,Boeing 777,98.3,TRUE,40,24.6,314
21367,BOG,MEX,14:15,Viernes,2700,Nublado,Media,Boeing 737 MAX,88.8,FALSE,13,9.2,223
13779,GIG,EZE,07:00,Martes,1970,Lluvia,Media,Airbus A320neo,69.1,FALSE,10,17.6,192
23080,CCS,BOG,14:30,Miércoles,1010,Despejado,Baja,Boeing 757,49.5,FALSE,31,26.2,118
16353,CTG,BOG,07:00,Jueves,135,Niebla,Media,Embraer E190,71.7,FALSE,31,0.4,40
14008,BOG,CTG,07:30,Lunes,135,Nublado,Media,Boeing 737,45.6,TRUE,46,8.5,56
13777,EZE,GIG,10:00,Lunes,1970,Tormenta,Alta,Airbus A320neo,84.7,FALSE,36,1.7,183
27148,BOG,CTG,15:15,Miércoles,135,Nublado,Baja,Embraer E190,78.6,FALSE,5,6.8,51
24105,ROS,EZE,14:00,Sábado,295,Despejado,Alta,ATR 72,92.2,FALSE,4,9.4,53
29146,MDE,PTY,11:00,Viernes,715,Despejado,Alta,Airbus A320,91,FALSE,44,26.5,101
29184,COR,EZE,01:15,Jueves,695,Despejado,Baja,ATR 72,79.9,FALSE,3,5.8,89
18427,TUC,EZE,16:30,Sábado,1230,Despejado,Media,Boeing 737 MAX,73.9,TRUE,43,24.2,127
14338,BOG,LIM,09:45,Viernes,1890,Nublado,Alta,Boeing 737 MAX,82.5,FALSE,10,7.2,184
18118,PTY,MEX,15:00,Domingo,2280,Despejado,Baja,Boeing 737 MAX,69.4,FALSE,15,26.9,203
17764,GRU,EZE,17:45,Sábado,1760,Despejado,Media,Boeing 737 MAX,79.8,FALSE,36,16.9,159
24013,MDE,MIA,04:45,Domingo,2750,Nublado,Media,Embraer E195,88.3,FALSE,19,24.7,234
23652,MAD,EZE,14:45,Viernes,10050,Despejado,Media,Boeing 787,79.1,FALSE,10,11.6,802
10439,BAQ,BOG,09:30,Jueves,145,Niebla,Alta,Airbus A320,83.9,FALSE,1,1.7,43
26534,CLO,MDE,13:45,Lunes,265,Despejado,Baja,Embraer E190,78.8,TRUE,17,22.4,53
13270,PTY,MIA,07:15,Sábado,2200,Nublado,Baja,Embraer E195,89,TRUE,5,6.2,201
13753,EZE,SCL,07:00,Viernes,1140,Despejado,Media,Embraer E195,85.8,TRUE,30,22,106
19114,MDE,BOG,18:30,Lunes,235,Despejado,Baja,Boeing 737,56.6,TRUE,30,21.9,57
19441,EZE,SCL,15:30,Miércoles,1140,Nublado,Media,Boeing 737 MAX,73,FALSE,2,15.1,126
11740,PEI,BOG,08:45,Viernes,265,Nublado,Alta,Airbus A320,42.6,FALSE,47,9.5,64
10607,BOG,EZE,09:45,Lunes,4650,Lluvia,Alta,Boeing 777,45.8,FALSE,42,18.3,377
27086,AEP,EZE,01:45,Viernes,35,Niebla,Media,ATR 72,90.5,FALSE,23,1.5,38
22999,COR,EZE,16:15,Martes,695,Lluvia,Baja,ATR 72,50.4,FALSE,21,8.8,94
26973,BOG,PTY,21:30,Martes,650,Despejado,Media,Boeing 737,64.7,FALSE,5,26,75
28367,PTY,SJO,09:00,Viernes,580,Nublado,Baja,ATR 72,78.3,FALSE,20,16.2,70
25684,GRU,FLN,20:00,Domingo,690,Despejado,Baja,Airbus A320,92,FALSE,34,13.5,86
21038,GUA,PTY,13:30,Jueves,820,Despejado,Media,Airbus A320neo,98.3,FALSE,15,14,98
15747,EZE,SCL,07:15,Sábado,1140,Despejado,Media,Boeing 757,63.6,FALSE,18,11.5,115
21585,BGA,MDE,13:30,Lunes,295,Despejado,Baja,Airbus A320,59.8,FALSE,39,10.8,42
16271,EZE,ASU,08:45,Lunes,1050,Tormenta,Media,Boeing 737 MAX,82.5,TRUE,38,0.7,107
18852,MVD,GRU,13:45,Sábado,1550,Lluvia,Alta,Embraer E195,70.4,FALSE,4,18.4,154
28409,BOG,UIO,00:15,Domingo,730,Nublado,Media,Boeing 737,67.5,FALSE,7,23.2,81
16601,MEX,GRU,09:45,Lunes,7300,Tormenta,Media,Boeing 787,76.2,FALSE,10,1.7,578
21379,PEI,MDE,15:30,Martes,140,Nublado,Baja,Embraer E190,77.9,TRUE,25,23.1,35
27190,GRU,LIM,08:15,Viernes,3620,Nublado,Media,Airbus A350,88.3,FALSE,15,17.9,308
21606,EZE,AEP,14:30,Martes,35,Lluvia,Media,Airbus A320,85.4,TRUE,48,21.1,33
16910,MEX,BOG,06:30,Miércoles,2700,Despejado,Baja,Embraer E195,77.1,FALSE,8,8.9,222
10739,EZE,UIO,06:30,Miércoles,3900,Lluvia,Alta,Airbus A350,65.2,FALSE,31,13.7,327
11995,PTY,GRU,08:30,Martes,4630,Despejado,Media,Boeing 777,61.3,TRUE,17,8.2,369
10120,LIM,MDE,09:45,Miércoles,2100,Despejado,Baja,Embraer E195,89,FALSE,23,14.7,200
24927,MIA,BOG,09:15,Sábado,3160,Nublado,Alta,Airbus A330,49.2,FALSE,46,12.1,258
27610,MDE,CLO,01:15,Jueves,265,Despejado,Media,Airbus A320,92.2,FALSE,15,6.5,47
27437,MDE,BGA,02:45,Sábado,295,Despejado,Baja,Boeing 737,79.6,FALSE,11,25.6,56
28554,SSA,GRU,09:45,Viernes,1940,Despejado,Baja,Airbus A320neo,83.6,TRUE,25,23.5,173
17294,GRU,JFK,18:45,Jueves,7680,Nublado,Alta,Airbus A330,80.2,FALSE,37,26.6,625
13406,FLN,GRU,08:45,Domingo,690,Lluvia,Baja,Airbus A320,55.4,TRUE,38,25.4,76
20538,MDE,UIO,14:15,Sábado,960,Despejado,Alta,Boeing 757,52,TRUE,46,24,107
28467,GUA,PTY,04:30,Viernes,820,Despejado,Media,Boeing 757,53.6,TRUE,14,9.3,101
18627,BSB,GRU,14:30,Sábado,870,Despejado,Media,Boeing 737 MAX,41.2,TRUE,1,15.9,112
13482,BOG,BGA,06:45,Domingo,310,Niebla,Alta,ATR 72,85.5,TRUE,20,1.2,47
27819,POA,GRU,12:45,Lunes,1110,Nublado,Media,Boeing 757,81.5,FALSE,17,27.6,121
10128,CTG,BOG,06:30,Domingo,135,Despejado,Media,Embraer E190,77,TRUE,18,18.5,31
23427,PTY,MIA,16:45,Jueves,2200,Despejado,Baja,Boeing 737 MAX,87,FALSE,43,20.1,187
20611,PEI,MDE,15:45,Martes,140,Nublado,Alta,ATR 72,80.2,TRUE,26,22.4,44
25274,BAQ,MDE,01:45,Jueves,310,Nublado,Baja,Airbus A320,64.8,TRUE,49,13.5,63
29581,AMS,GRU,11:00,Viernes,9850,Tormenta,Alta,Boeing 787,90.8,TRUE,15,2.7,785
29286,EZE,TUC,04:30,Lunes,1230,Nublado,Media,Airbus A320neo,63.6,TRUE,15,5.6,137
22823,MVD,EZE,16:30,Lunes,210,Despejado,Alta,Airbus A320,85.2,FALSE,21,23.9,64
13074,MDE,BGA,08:45,Martes,295,Despejado,Baja,Boeing 737,78.6,FALSE,15,7.7,61
12381,FLN,GRU,08:30,Miércoles,690,Lluvia,Baja,Airbus A320,78.8,TRUE,47,16.6,98
12484,MDE,JFK,10:00,Sábado,3560,Nublado,Alta,Airbus A350,75.7,FALSE,49,20.9,297
13462,GRU,MVD,10:15,Miércoles,1550,Despejado,Media,Boeing 757,56.6,FALSE,6,10.6,155
25232,JFK,PTY,02:15,Viernes,3520,Despejado,Baja,Boeing 777,72.1,TRUE,37,13.3,297
17459,CLO,BOG,18:15,Miércoles,300,Lluvia,Alta,Boeing 737,59.2,TRUE,19,22,48
25885,CLO,BOG,13:00,Domingo,300,Tormenta,Alta,Boeing 737,64.4,FALSE,29,3.2,63
16886,LIM,BOG,07:30,Miércoles,1890,Despejado,Baja,Embraer E195,58.4,FALSE,36,23.8,185
25098,IAH,PTY,12:45,Jueves,2860,Despejado,Baja,Embraer E195,69.8,FALSE,43,25.8,247
28685,BOG,CTG,09:15,Viernes,135,Nublado,Baja,ATR 72,73.6,FALSE,48,13.3,57
24971,MVD,GRU,00:30,Martes,1550,Tormenta,Baja,Boeing 737 MAX,68.8,FALSE,27,2.7,145
10804,MIA,MDE,05:45,Martes,2750,Despejado,Media,Embraer E195,73.9,FALSE,18,26,251
10475,MDE,EZE,06:30,Jueves,4900,Despejado,Media,Airbus A350,90.9,FALSE,32,9.1,405
18609,GRU,BSB,18:00,Sábado,870,Despejado,Baja,Airbus A320neo,84.3,FALSE,12,20.2,89
16483,MEX,PTY,06:45,Domingo,2280,Despejado,Baja,Boeing 737 MAX,66.8,TRUE,39,8.5,197
28288,EZE,AEP,06:45,Viernes,35,Despejado,Alta,Airbus A320,74.4,FALSE,31,13.5,43
15558,MVD,GRU,07:30,Sábado,1550,Lluvia,Media,Boeing 757,89.2,FALSE,1,19.4,145
23949,CCS,BOG,18:00,Sábado,1010,Lluvia,Alta,Embraer E195,76,FALSE,26,18.4,113
18892,COR,EZE,16:30,Martes,695,Tormenta,Media,Airbus A320,86.4,FALSE,22,3.5,82
22522,GIG,GRU,14:15,Miércoles,360,Nublado,Baja,Embraer E190,89.1,FALSE,26,24.7,70
14449,POA,GRU,07:30,Sábado,1110,Nublado,Baja,Boeing 737 MAX,54.9,FALSE,42,29.2,130
10485,GIG,EZE,08:45,Miércoles,1970,Lluvia,Alta,Boeing 737 MAX,72.3,FALSE,35,26.7,184
20423,GRU,AMS,12:15,Viernes,9850,Despejado,Media,Boeing 777,69.6,FALSE,37,15.4,784
29412,SJO,PTY,18:15,Miércoles,580,Despejado,Baja,Boeing 737,87.7,FALSE,28,24,86
24901,JFK,MDE,03:15,Domingo,3560,Despejado,Baja,Airbus A330,56.7,TRUE,16,10.7,288
21227,BOG,BAQ,17:30,Domingo,145,Lluvia,Media,Boeing 737,74.3,TRUE,45,6.7,58
29133,POA,GRU,19:45,Miércoles,1110,Nublado,Media,Boeing 737 MAX,96.6,TRUE,40,18.7,108
17921,PTY,IAH,14:00,Lunes,2860,Despejado,Baja,Boeing 737 MAX,64.8,FALSE,14,26.5,249
17912,EZE,BRC,13:45,Miércoles,1650,Despejado,Baja,Boeing 757,88.1,TRUE,30,8.2,158
12767,PTY,IAH,06:45,Domingo,2860,Lluvia,Alta,Airbus A320neo,81.1,FALSE,18,28.3,240
24866,CTG,MDE,13:45,Miércoles,365,Nublado,Media,Boeing 737,81,FALSE,26,12.2,52
26507,UIO,PTY,05:30,Lunes,1420,Tormenta,Media,Embraer E195,91.9,FALSE,33,2.4,131
21689,AMS,GRU,14:15,Jueves,9850,Nublado,Baja,Airbus A350,59.9,TRUE,49,11.6,773
14038,MVD,EZE,10:15,Jueves,210,Despejado,Baja,Embraer E190,63.6,FALSE,44,19.8,49
10857,BOG,CLO,06:00,Lunes,300,Nublado,Baja,Boeing 737,71.3,FALSE,2,16.1,58
26137,MDE,BOG,04:00,Sábado,235,Despejado,Media,ATR 72,81.6,TRUE,28,9.7,63
18831,BSB,GRU,13:45,Sábado,870,Niebla,Baja,Airbus A320neo,70.8,FALSE,7,1.4,94
18804,GRU,MVD,16:00,Sábado,1550,Nublado,Baja,Boeing 757,80.7,TRUE,32,19.6,149
21839,BSB,GRU,13:15,Lunes,870,Despejado,Media,Embraer E195,75.9,FALSE,49,7.7,98
13827,BOG,CTG,06:00,Domingo,135,Lluvia,Baja,Airbus A320,72.7,FALSE,24,25.3,43
28128,GIG,GRU,11:45,Domingo,360,Despejado,Baja,Boeing 737,66,TRUE,13,23.5,68
15996,MDE,EZE,10:30,Domingo,4900,Despejado,Baja,Airbus A330,67.6,TRUE,46,11.4,392
10504,MVD,EZE,05:00,Miércoles,210,Nublado,Baja,Airbus A320,81.6,FALSE,29,22.3,35
12960,CLO,BOG,08:30,Lunes,300,Despejado,Media,Boeing 737,75.6,FALSE,34,8.3,47
17989,MVD,EZE,14:00,Viernes,210,Despejado,Alta,Boeing 737,62.5,FALSE,32,27,40
19641,CTG,BOG,15:45,Jueves,135,Despejado,Media,ATR 72,72.6,FALSE,49,23.1,32
18110,SCL,EZE,13:45,Miércoles,1140,Despejado,Baja,Boeing 737 MAX,39.9,FALSE,7,30,119
15383,GRU,AMS,07:15,Domingo,9850,Despejado,Baja,Airbus A350,84.1,FALSE,38,21.7,763
23952,BAQ,MDE,15:30,Viernes,310,Lluvia,Baja,ATR 72,83.7,TRUE,10,21.1,68
23139,CLO,MDE,19:15,Martes,265,Lluvia,Alta,Boeing 737,60.8,TRUE,19,15.8,56
27988,GRU,SCL,04:45,Jueves,2620,Despejado,Media,Boeing 737 MAX,82.5,TRUE,48,12.9,234
23436,BOG,CTG,16:00,Jueves,135,Tormenta,Media,Airbus A320,81.8,FALSE,38,4,38
17726,PTY,JFK,17:15,Viernes,3520,Despejado,Media,Boeing 777,58.6,FALSE,17,22.4,308
22034,CTG,BOG,17:45,Domingo,135,Lluvia,Baja,ATR 72,59.2,FALSE,46,16.5,44
18130,UIO,MDE,18:00,Domingo,960,Despejado,Baja,Boeing 737 MAX,79.8,FALSE,11,29.2,118
22788,CWB,GRU,15:30,Lunes,410,Lluvia,Baja,Airbus A320,64.7,FALSE,44,26.8,78
18293,CCS,BOG,12:45,Jueves,1010,Despejado,Media,Boeing 737 MAX,74.2,FALSE,24,5.2,118
28322,BGA,BOG,21:00,Viernes,310,Despejado,Alta,ATR 72,44.8,FALSE,23,17.8,65
23061,MDE,CLO,12:15,Lunes,265,Nublado,Media,Boeing 737,62.8,FALSE,26,29.2,67
13296,BAQ,BOG,09:15,Domingo,145,Tormenta,Baja,Embraer E190,41.9,TRUE,6,1.4,54
18958,BOG,MAD,13:00,Miércoles,8680,Tormenta,Baja,Airbus A330,60.1,FALSE,14,4.8,694
10116,BOG,CTG,08:30,Viernes,135,Despejado,Alta,Embraer E190,78.9,TRUE,24,20.5,31
15648,PTY,GUA,08:45,Viernes,820,Nublado,Baja,Airbus A320neo,85.8,FALSE,10,15.7,95
22625,TUC,EZE,18:15,Martes,1230,Nublado,Baja,Embraer E195,77,TRUE,3,20.7,115
24748,CLO,MDE,07:45,Miércoles,265,Despejado,Baja,Boeing 737,70,FALSE,40,13.4,42
17182,MDE,PEI,12:15,Viernes,140,Nublado,Media,Boeing 737,77.7,FALSE,13,22.2,31
11711,PTY,SJO,07:30,Sábado,580,Nublado,Baja,Boeing 737,64.2,FALSE,46,20.4,91
25958,EZE,IGR,09:15,Sábado,1100,Despejado,Baja,Boeing 737 MAX,65.1,FALSE,27,15,107
15818,MDE,PTY,06:45,Viernes,715,Despejado,Media,ATR 72,63.4,TRUE,42,27.1,98
25279,PTY,SJO,12:45,Miércoles,580,Lluvia,Baja,Airbus A320,25.4,TRUE,13,8.6,84
12481,EZE,LIM,05:30,Miércoles,3150,Despejado,Alta,Airbus A330,83.9,FALSE,13,7.7,261
20251,UIO,EZE,14:45,Sábado,3900,Despejado,Media,Boeing 787,93.3,FALSE,35,20.5,336
14033,POA,GRU,05:30,Sábado,1110,Nublado,Baja,Airbus A320neo,83.3,FALSE,37,19.1,117
23348,CDG,GRU,13:45,Domingo,9400,Despejado,Media,Airbus A330,87.6,FALSE,5,22.1,747
26531,PTY,GUA,04:00,Martes,820,Despejado,Baja,Boeing 757,86.3,FALSE,30,16.7,87
19515,MDZ,EZE,19:45,Domingo,1040,Despejado,Media,Airbus A320neo,65.3,FALSE,20,16.1,106
14611,MDE,GRU,05:15,Lunes,4180,Despejado,Baja,Airbus A330,87,FALSE,49,23,335
15118,EZE,MIA,07:45,Sábado,7720,Nublado,Baja,Airbus A350,81.7,TRUE,25,14,612
26947,BOG,PTY,20:45,Martes,650,Nublado,Baja,ATR 72,55.4,FALSE,10,16.2,76
16386,MDE,BOG,10:15,Viernes,235,Niebla,Baja,ATR 72,74,FALSE,20,1.3,52
25140,CWB,GRU,20:30,Miércoles,410,Despejado,Media,Embraer E190,66.2,FALSE,2,10.7,66
16272,BOG,CTG,05:45,Sábado,135,Tormenta,Baja,Airbus A320,73,FALSE,2,3.7,54
10342,MDE,CTG,08:15,Viernes,365,Nublado,Alta,Boeing 737,72,FALSE,21,16.3,54
10829,GRU,POA,08:00,Jueves,1110,Lluvia,Media,Embraer E195,79.3,FALSE,46,16.8,113
22530,PTY,CCS,15:30,Domingo,1010,Despejado,Baja,Embraer E195,91.6,FALSE,44,20.1,119
21552,GRU,FLN,15:00,Martes,690,Despejado,Baja,Embraer E190,47.6,TRUE,34,26.6,83
19528,SSA,GRU,15:30,Viernes,1940,Tormenta,Media,Boeing 757,81.2,FALSE,29,2.6,168
21837,ROS,EZE,14:30,Viernes,295,Despejado,Baja,Boeing 737,48.4,FALSE,39,21.5,48
10314,GRU,POA,08:30,Jueves,1110,Despejado,Baja,Boeing 757,70.8,TRUE,24,17.6,114
21698,GRU,PTY,13:15,Martes,4630,Despejado,Media,Airbus A330,68.4,FALSE,20,14.6,391
20052,BAQ,BOG,14:30,Martes,145,Despejado,Baja,Airbus A320,28.5,FALSE,38,9.9,43
22864,NQN,EZE,15:45,Lunes,1150,Tormenta,Baja,Boeing 737 MAX,64.9,TRUE,20,1.6,119
26071,GRU,SCL,04:30,Sábado,2620,Niebla,Baja,Boeing 737 MAX,66.3,FALSE,12,1,223
27137,BOG,MDE,14:45,Viernes,235,Despejado,Alta,Boeing 737,74.9,FALSE,9,6.8,55
28262,GRU,MEX,03:00,Domingo,7300,Lluvia,Media,Airbus A350,33.3,FALSE,35,19.4,584
14910,BOG,MDE,06:45,Viernes,235,Despejado,Baja,Embraer E190,68.2,FALSE,18,5.7,61
27797,MIA,PTY,02:15,Viernes,2200,Despejado,Alta,Embraer E195,59.5,TRUE,21,19.4,199
18874,GIG,GRU,19:30,Martes,360,Lluvia,Baja,Airbus A320,42.5,FALSE,17,24.3,56
28286,GRU,MEX,10:15,Jueves,7300,Tormenta,Alta,Boeing 777,64.9,FALSE,8,4.9,582
10410,AEP,EZE,10:00,Viernes,35,Niebla,Alta,Embraer E190,91.7,FALSE,1,1.2,40
13796,MAD,BOG,08:00,Domingo,8680,Despejado,Media,Airbus A350,22,TRUE,3,25.2,687
12704,NQN,EZE,09:00,Sábado,1150,Despejado,Media,Boeing 737 MAX,60.3,TRUE,29,19.5,111
20343,PTY,UIO,13:30,Martes,1420,Niebla,Baja,Boeing 737 MAX,83.7,FALSE,37,0.3,133
14982,JFK,MDE,09:45,Viernes,3560,Despejado,Media,Boeing 777,87.2,FALSE,28,6.7,296
18583,MIA,EZE,17:30,Sábado,7720,Tormenta,Media,Boeing 777,85.4,FALSE,43,1.4,628
17668,GUA,PTY,13:45,Sábado,820,Lluvia,Media,Embraer E195,68.4,TRUE,30,11.4,84
27518,COR,EZE,09:15,Lunes,695,Nublado,Baja,Embraer E190,92.9,FALSE,30,26.9,80
27184,EZE,AEP,07:00,Sábado,35,Nublado,Baja,Airbus A320,66.8,TRUE,42,6.3,40
19726,LIM,GRU,14:30,Miércoles,3620,Lluvia,Baja,Boeing 777,47.5,TRUE,33,13.7,307
28154,CTG,BOG,08:15,Miércoles,135,Nublado,Media,ATR 72,90.1,FALSE,3,13.8,36
17500,BOG,CCS,13:15,Domingo,1010,Lluvia,Media,Boeing 757,80.8,TRUE,20,24.1,110
27037,EZE,MVD,15:45,Martes,210,Lluvia,Baja,ATR 72,94.3,FALSE,29,18.3,61
17721,MDE,PTY,14:45,Lunes,715,Nublado,Baja,Boeing 737,63.9,FALSE,21,21.9,94
11906,BOG,CCS,07:00,Domingo,1010,Nublado,Baja,Embraer E195,88.1,FALSE,9,12.6,103
16718,PTY,CCS,07:00,Sábado,1010,Nublado,Baja,Airbus A320neo,76,TRUE,39,15.7,105
12175,PTY,CLT,10:00,Sábado,2890,Nublado,Media,Boeing 757,79.8,TRUE,43,21.4,249
16770,NQN,EZE,09:15,Domingo,1150,Nublado,Alta,Airbus A320neo,94.9,FALSE,33,8.7,116
17162,GUA,PTY,15:15,Sábado,820,Despejado,Media,Boeing 737 MAX,58.9,FALSE,2,24.2,110
16505,MIA,EZE,06:15,Miércoles,7720,Despejado,Alta,Airbus A350,75.1,FALSE,40,18.1,601
28766,GRU,GIG,21:30,Jueves,360,Despejado,Baja,Airbus A320,68,FALSE,2,18.7,73
14421,JFK,EZE,10:00,Jueves,8530,Nublado,Media,Boeing 787,67.1,TRUE,27,15.9,688
11273,BOG,CCS,07:00,Jueves,1010,Nublado,Baja,Embraer E195,43.3,TRUE,46,22,112
10452,MDE,PTY,08:15,Domingo,715,Lluvia,Baja,Embraer E190,67.2,TRUE,22,22.9,80
13520,MVD,EZE,07:00,Jueves,210,Despejado,Alta,Airbus A320,47.5,FALSE,27,15.8,41
27478,MEX,GRU,13:00,Jueves,7300,Nublado,Media,Boeing 777,80.7,FALSE,1,20.2,587
19568,GUA,PTY,14:30,Jueves,820,Nublado,Baja,Boeing 737 MAX,68.5,FALSE,25,10.9,85
10248,MAD,GRU,09:30,Martes,9350,Lluvia,Baja,Airbus A350,53.6,TRUE,46,27.5,739
27816,MDE,CTG,08:00,Sábado,365,Lluvia,Baja,ATR 72,86.4,FALSE,4,16.6,64
11748,GRU,EZE,07:45,Domingo,1760,Lluvia,Media,Embraer E195,78.3,TRUE,21,6.2,168
12086,BGA,BOG,07:15,Lunes,310,Nublado,Media,ATR 72,57.1,TRUE,14,16.2,65
22493,IAH,PTY,16:45,Viernes,2860,Nublado,Media,Boeing 757,50.7,FALSE,3,29.5,238
23352,SJO,PTY,15:00,Lunes,580,Lluvia,Baja,Airbus A320,71,TRUE,22,6.2,69
14975,BAQ,MDE,09:30,Sábado,310,Despejado,Media,Airbus A320,63,FALSE,6,24.6,69
13499,JFK,BOG,08:15,Lunes,3930,Despejado,Media,Boeing 787,82.6,TRUE,24,13.5,341
23443,BGA,BOG,15:00,Martes,310,Nublado,Baja,Boeing 737,44.7,TRUE,37,10.4,45
11085,BOG,MDE,06:00,Domingo,235,Despejado,Alta,Boeing 737,91.6,FALSE,49,23.4,44
14936,MAD,GRU,06:30,Martes,9350,Nublado,Baja,Boeing 777,65.9,FALSE,5,13.4,725
16238,GRU,MVD,10:15,Domingo,1550,Niebla,Media,Embraer E195,66,TRUE,18,1.4,165
16735,UIO,MDE,08:45,Miércoles,960,Nublado,Baja,Airbus A320neo,91.6,FALSE,25,13.7,107
22984,EZE,COR,15:45,Viernes,695,Nublado,Media,Boeing 737,55.2,FALSE,33,29.9,84
24250,GIG,GRU,06:45,Martes,360,Niebla,Baja,Boeing 737,84.4,FALSE,1,0.5,60
21983,UIO,PTY,15:15,Martes,1420,Despejado,Media,Airbus A320neo,48.1,FALSE,14,30,138
15923,BOG,PEI,10:15,Viernes,265,Lluvia,Alta,Boeing 737,91,TRUE,14,27.6,57
27269,MDE,BOG,05:45,Viernes,235,Niebla,Media,Boeing 737,64.7,FALSE,30,2,47
18949,EZE,AEP,14:15,Sábado,35,Despejado,Baja,ATR 72,89.9,FALSE,37,8.4,24
29451,SCL,GRU,13:00,Lunes,2620,Despejado,Baja,Embraer E195,77.9,TRUE,31,15.6,217
14150,JFK,MDE,08:30,Martes,3560,Despejado,Media,Airbus A350,82.1,FALSE,2,15.9,297
15100,MAD,GRU,09:00,Domingo,9350,Despejado,Media,Boeing 787,66.7,TRUE,1,24.3,742
19513,EZE,AEP,13:15,Sábado,35,Despejado,Media,Boeing 737,43,FALSE,43,6.3,51
23260,SCL,GRU,19:15,Martes,2620,Nublado,Baja,Boeing 737 MAX,70.7,FALSE,36,13.8,244
27361,BOG,MDE,11:45,Jueves,235,Despejado,Alta,Airbus A320,67.6,FALSE,21,9.3,64
27038,GUA,PTY,14:45,Lunes,820,Tormenta,Alta,Airbus A320neo,73.1,FALSE,36,3,104
13336,UIO,BOG,07:00,Viernes,730,Lluvia,Alta,ATR 72,83.8,FALSE,7,19.6,90
27586,CWB,GRU,12:00,Lunes,410,Despejado,Media,Embraer E190,92.6,FALSE,13,28.4,54
29820,GRU,MIA,01:45,Viernes,7520,Lluvia,Baja,Boeing 777,68.4,FALSE,43,7.7,610
23729,MDE,CLO,13:00,Jueves,265,Nublado,Media,Airbus A320,72,FALSE,17,6.5,60
19894,GIG,GRU,15:30,Viernes,360,Despejado,Alta,Airbus A320,54.2,FALSE,26,20.1,57
17651,BOG,BAQ,16:00,Miércoles,145,Lluvia,Baja,ATR 72,88.8,FALSE,22,18.7,54
12239,GRU,GIG,07:30,Martes,360,Nublado,Alta,Embraer E190,72,FALSE,42,13.3,47
24205,EZE,ASU,10:30,Domingo,1050,Nublado,Media,Embraer E195,69.9,FALSE,35,23.3,102
10252,GRU,AMS,07:15,Sábado,9850,Nublado,Alta,Airbus A350,71.1,FALSE,20,26.2,778
18197,UIO,MDE,15:15,Sábado,960,Lluvia,Media,Embraer E195,69.6,TRUE,33,23,95
14707,GRU,BSB,08:00,Lunes,870,Lluvia,Baja,Embraer E195,52.2,FALSE,2,25.2,110
18144,AEP,EZE,16:00,Domingo,35,Despejado,Baja,Boeing 737,68.7,FALSE,21,5.2,32
12715,UIO,PTY,07:15,Martes,1420,Despejado,Alta,Boeing 737 MAX,60.4,TRUE,47,23.5,150
28080,MDE,CTG,04:15,Jueves,365,Nublado,Media,Airbus A320,81.1,FALSE,38,7.6,60
19530,EZE,ASU,15:00,Domingo,1050,Despejado,Baja,Boeing 757,99.8,TRUE,14,18.9,124
20342,BOG,BGA,19:15,Jueves,310,Lluvia,Media,Embraer E190,50.5,FALSE,6,23.5,72
25291,GUA,PTY,09:15,Sábado,820,Despejado,Baja,Airbus A320neo,42.2,TRUE,12,7.1,93
10327,GRU,MVD,06:00,Sábado,1550,Tormenta,Media,Boeing 757,73.9,FALSE,8,4.6,158
14981,GRU,SCL,10:45,Jueves,2620,Despejado,Baja,Boeing 737 MAX,70.8,TRUE,13,24.1,216
17439,PTY,LIM,18:00,Sábado,2970,Nublado,Media,Boeing 737 MAX,75.2,FALSE,13,5.5,255
16648,GRU,POA,06:15,Sábado,1110,Lluvia,Alta,Boeing 737 MAX,55.4,FALSE,49,21.6,126
16259,SCL,GRU,08:45,Viernes,2620,Nublado,Alta,Boeing 757,78.7,TRUE,30,28.7,222
19048,NQN,EZE,14:45,Lunes,1150,Niebla,Media,Embraer E195,84.8,TRUE,1,2.4,118
13394,GRU,MIA,08:00,Lunes,7520,Nublado,Media,Boeing 787,72.9,TRUE,28,12,608
27665,BOG,BGA,07:00,Miércoles,310,Nublado,Alta,Embraer E190,85.8,FALSE,38,14.8,67
29415,EZE,AEP,02:00,Jueves,35,Nublado,Media,Airbus A320,69,FALSE,26,23,36
26118,POA,GRU,11:30,Lunes,1110,Nublado,Media,Embraer E195,78.5,TRUE,45,25.4,130
11338,AEP,EZE,09:30,Sábado,35,Nublado,Baja,Embraer E190,64.3,FALSE,9,13.2,39
13169,EZE,SCL,08:00,Martes,1140,Niebla,Baja,Boeing 737 MAX,60.3,TRUE,49,2.3,117
22861,GRU,BSB,14:30,Martes,870,Despejado,Media,Boeing 737 MAX,90.6,FALSE,30,18.2,95
29815,POA,GRU,16:15,Martes,1110,Nublado,Baja,Boeing 737 MAX,70.6,TRUE,5,12.1,111
12394,MIA,BOG,06:00,Viernes,3160,Despejado,Baja,Boeing 787,64.8,FALSE,19,18.1,276
29916,BGA,MDE,20:30,Jueves,295,Niebla,Media,Embraer E190,63.8,FALSE,19,0.2,42
25180,EZE,AEP,17:45,Jueves,35,Despejado,Baja,Boeing 737,72.6,FALSE,26,28.4,46
15924,PTY,LIM,08:45,Viernes,2970,Nublado,Media,Boeing 737 MAX,86.1,TRUE,25,24.1,257
26298,BOG,MDE,13:30,Viernes,235,Nublado,Baja,Airbus A320,66.3,TRUE,25,24.2,66
12744,GUA,PTY,08:30,Sábado,820,Nublado,Baja,Boeing 737 MAX,78.4,FALSE,14,16.8,83
15006,CLO,BOG,06:15,Domingo,300,Tormenta,Media,Boeing 737,89.9,TRUE,34,2.1,45
28717,BOG,BAQ,20:00,Martes,145,Lluvia,Baja,Boeing 737,45.7,TRUE,25,20.3,35
29614,PTY,BOG,20:45,Sábado,650,Lluvia,Baja,ATR 72,94,TRUE,24,8.3,92
21644,AEP,EZE,14:00,Jueves,35,Tormenta,Media,Boeing 737,23.2,TRUE,30,3.1,42
14120,MAD,BOG,07:30,Lunes,8680,Despejado,Alta,Boeing 787,80,TRUE,29,14.8,675
12091,PEI,MDE,06:45,Sábado,140,Niebla,Alta,Airbus A320,88.2,FALSE,22,1.1,30
17444,UIO,BOG,19:00,Domingo,730,Tormenta,Baja,Boeing 737,66.5,FALSE,14,4.1,103
18732,BOG,PEI,18:30,Martes,265,Nublado,Media,Boeing 737,83.1,TRUE,31,24.1,60
24405,CTG,BOG,11:00,Viernes,135,Despejado,Baja,Embraer E190,58.8,FALSE,42,12.1,35
15703,ROS,EZE,08:45,Viernes,295,Despejado,Media,Boeing 737,67.7,TRUE,32,27.9,50
13801,BOG,MDE,06:00,Lunes,235,Nublado,Alta,ATR 72,97.2,FALSE,21,14.4,60
21420,GRU,GIG,14:45,Viernes,360,Despejado,Media,Embraer E190,58.2,FALSE,30,6.4,72
12009,MEX,BOG,06:45,Domingo,2700,Despejado,Baja,Airbus A320neo,53.8,FALSE,1,22.6,232
11494,GRU,CWB,09:45,Lunes,410,Despejado,Alta,Boeing 737,81.1,FALSE,3,7.9,53
19283,MVD,GRU,17:45,Domingo,1550,Despejado,Alta,Airbus A320neo,39.1,FALSE,48,26.9,151
17790,GRU,MVD,14:00,Lunes,1550,Despejado,Media,Embraer E195,80.8,FALSE,14,6.1,146
13849,CLT,PTY,10:30,Viernes,2890,Lluvia,Baja,Boeing 737 MAX,72.2,FALSE,1,20.6,237
25651,EZE,MIA,00:15,Jueves,7720,Despejado,Media,Airbus A330,85.4,FALSE,26,27.2,628
29144,MIA,GRU,03:00,Viernes,7520,Despejado,Alta,Boeing 787,68.5,FALSE,1,26.1,601
28552,GRU,MAD,14:00,Miércoles,9350,Tormenta,Media,Airbus A330,84.5,FALSE,27,4.6,728
29250,PTY,MIA,15:45,Domingo,2200,Tormenta,Alta,Boeing 757,90.7,FALSE,16,2.7,196
14195,BGA,BOG,05:30,Martes,310,Lluvia,Media,Embraer E190,83.1,TRUE,29,26.9,51
11513,GRU,LIM,07:15,Jueves,3620,Despejado,Baja,Airbus A330,92,TRUE,14,20,313
12749,MDE,BOG,10:30,Lunes,235,Despejado,Baja,Airbus A320,86.9,TRUE,22,10.3,40
28212,ROS,EZE,05:15,Domingo,295,Despejado,Alta,ATR 72,69.5,FALSE,1,24.6,52
13734,MIA,PTY,09:45,Miércoles,2200,Despejado,Media,Boeing 757,51.4,FALSE,33,6.2,200
17655,MDZ,EZE,14:30,Martes,1040,Despejado,Alta,Boeing 737 MAX,63.6,FALSE,10,5.7,126
12347,EZE,AEP,08:00,Sábado,35,Lluvia,Media,Boeing 737,57.3,FALSE,11,29.4,47
12520,PTY,MIA,07:15,Domingo,2200,Niebla,Alta,Boeing 737 MAX,69.9,TRUE,33,2.9,192
10719,IGR,EZE,08:45,Sábado,1100,Despejado,Alta,Embraer E195,66,TRUE,17,21.4,122
10140,CCS,BOG,08:00,Martes,1010,Niebla,Baja,Embraer E195,73.7,FALSE,27,0.8,110
27948,MIA,GRU,17:00,Sábado,7520,Tormenta,Media,Airbus A330,68.9,FALSE,36,0.6,606
27763,TUC,EZE,18:30,Sábado,1230,Despejado,Alta,Boeing 737 MAX,43.9,FALSE,17,28.4,128
12445,BOG,CLO,09:00,Miércoles,300,Despejado,Media,Boeing 737,89.8,FALSE,45,10.7,46
15199,GRU,MVD,08:30,Sábado,1550,Tormenta,Media,Boeing 737 MAX,91.6,FALSE,15,1.9,138
11403,ROS,EZE,06:00,Viernes,295,Lluvia,Baja,ATR 72,86,FALSE,15,18.1,44
26322,BOG,BAQ,06:30,Jueves,145,Nublado,Baja,ATR 72,42.7,FALSE,40,16.2,34
11731,MDE,BOG,06:00,Martes,235,Tormenta,Alta,Boeing 737,78.6,TRUE,45,2.9,50
19261,BOG,BAQ,15:45,Lunes,145,Nublado,Baja,Boeing 737,86.1,FALSE,39,18.3,34
13722,EZE,NQN,07:30,Viernes,1150,Nublado,Media,Boeing 757,72,TRUE,27,16.9,120
27841,MDE,CTG,08:15,Domingo,365,Tormenta,Baja,Airbus A320,76.1,FALSE,35,3.2,72
29737,MVD,EZE,22:45,Martes,210,Despejado,Alta,Boeing 737,74.2,TRUE,47,27.1,42
18122,AEP,EZE,12:30,Miércoles,35,Despejado,Media,Airbus A320,54.2,FALSE,43,11.9,50
19532,BOG,MEX,15:00,Jueves,2700,Nublado,Media,Boeing 737 MAX,94.1,FALSE,29,17,233
27731,EZE,NQN,17:30,Martes,1150,Despejado,Media,Boeing 757,35,FALSE,8,14.4,125
28907,POA,GRU,07:30,Miércoles,1110,Nublado,Alta,Boeing 737 MAX,86.6,FALSE,2,17.6,126
24284,EZE,NQN,09:30,Lunes,1150,Lluvia,Baja,Embraer E195,65.4,FALSE,37,9.5,108
14075,LIM,EZE,05:30,Lunes,3150,Lluvia,Media,Boeing 787,97.4,FALSE,30,25.9,271
19050,BAQ,MDE,11:30,Sábado,310,Despejado,Alta,Airbus A320,59.3,TRUE,37,11.8,55
16439,BOG,MDE,09:15,Sábado,235,Nublado,Alta,ATR 72,69.7,TRUE,17,17.2,39
12268,EZE,MIA,06:45,Lunes,7720,Despejado,Media,Airbus A330,96.8,TRUE,29,5.6,616
12831,MIA,EZE,06:15,Sábado,7720,Despejado,Baja,Airbus A330,55.8,FALSE,20,21.2,619
20496,PTY,CCS,15:30,Sábado,1010,Despejado,Media,Boeing 757,86.4,FALSE,19,20.2,108
24178,MDE,BAQ,13:30,Jueves,310,Despejado,Alta,ATR 72,48.2,FALSE,41,27.1,48
22292,CCS,EZE,13:15,Domingo,4300,Despejado,Media,Boeing 777,71.3,FALSE,29,25.6,360
18367,BOG,BGA,16:15,Domingo,310,Nublado,Media,ATR 72,95,FALSE,14,8.1,59
26895,BOG,BAQ,07:45,Miércoles,145,Lluvia,Baja,Boeing 737,55.3,TRUE,48,24.1,39
18467,EZE,SCL,15:30,Domingo,1140,Despejado,Alta,Airbus A320neo,88.4,FALSE,2,9.7,114
12933,CTG,MDE,07:00,Sábado,365,Nublado,Media,Boeing 737,51.5,TRUE,26,7.2,53
23785,SJO,PTY,16:00,Martes,580,Despejado,Alta,Airbus A320,49,FALSE,34,22.8,66
26076,BOG,CCS,17:00,Sábado,1010,Nublado,Baja,Airbus A320neo,91.7,FALSE,19,6,121
22951,GIG,GRU,15:15,Viernes,360,Nublado,Media,ATR 72,82.4,FALSE,6,22.3,68
12947,BGA,MDE,05:45,Viernes,295,Nublado,Alta,ATR 72,43.9,FALSE,16,12.8,43
27515,GRU,SSA,19:45,Martes,1940,Niebla,Media,Airbus A320neo,88.1,FALSE,44,0.7,188
21293,GRU,MAD,14:15,Lunes,9350,Despejado,Media,Boeing 787,88.9,TRUE,17,15.1,735
29607,MEX,PTY,05:15,Lunes,2280,Tormenta,Baja,Embraer E195,74.2,FALSE,5,3.2,201
19391,MDE,BAQ,13:00,Jueves,310,Nublado,Media,ATR 72,57.6,FALSE,27,15.6,62
19294,MDE,CLO,14:00,Sábado,265,Lluvia,Media,Boeing 737,44.6,TRUE,22,7.6,63
27748,GRU,POA,01:15,Viernes,1110,Tormenta,Baja,Boeing 737 MAX,58,FALSE,25,3.4,128
16163,MDE,BOG,08:30,Viernes,235,Nublado,Media,Boeing 737,77.8,FALSE,43,24.5,43
19759,MIA,MDE,15:30,Jueves,2750,Despejado,Baja,Boeing 737 MAX,53.7,FALSE,11,8.8,250
18545,JFK,BOG,16:00,Jueves,3930,Tormenta,Alta,Boeing 787,89.2,FALSE,18,3.1,330
12580,BOG,CLO,08:15,Miércoles,300,Nublado,Alta,Boeing 737,64.6,TRUE,19,17.6,64
14388,CTG,BOG,08:15,Viernes,135,Lluvia,Baja,Embraer E190,55.4,TRUE,27,29.5,32
21226,BOG,CTG,13:30,Miércoles,135,Tormenta,Alta,ATR 72,83.4,FALSE,32,3.2,30
28150,MIA,EZE,05:15,Viernes,7720,Nublado,Baja,Airbus A350,67.8,FALSE,36,28.7,624
14833,AEP,EZE,05:15,Lunes,35,Lluvia,Baja,Boeing 737,53.6,FALSE,40,13.8,40
19392,BOG,MEX,16:15,Martes,2700,Despejado,Baja,Embraer E195,25.7,FALSE,12,7.5,224
16706,MEX,GRU,05:30,Lunes,7300,Nublado,Baja,Boeing 777,88.4,TRUE,1,28.4,590
26193,PEI,BOG,17:00,Domingo,265,Despejado,Baja,Airbus A320,70.5,TRUE,13,22.7,43
12627,IAH,PTY,09:00,Miércoles,2860,Lluvia,Alta,Airbus A320neo,68.2,FALSE,28,6.9,259
19099,POA,GRU,08:15,Lunes,1110,Tormenta,Media,Embraer E195,81.2,FALSE,32,0.8,111
20873,SJO,PTY,16:15,Domingo,580,Despejado,Baja,Airbus A320,58.5,FALSE,46,29.6,83
16889,BOG,MDE,10:30,Lunes,235,Nublado,Media,Embraer E190,68.6,TRUE,9,11.7,37
29365,MIA,PTY,00:45,Viernes,2200,Despejado,Media,Boeing 737 MAX,63.5,TRUE,22,7.6,192
15688,GRU,MEX,10:00,Lunes,7300,Lluvia,Baja,Airbus A350,69.3,FALSE,19,23.5,582
14950,BAQ,BOG,07:15,Miércoles,145,Lluvia,Media,ATR 72,81.8,FALSE,37,22.2,52
24307,MDE,LIM,17:15,Jueves,2100,Lluvia,Baja,Airbus A320neo,88.3,TRUE,8,15.4,179
21331,BOG,UIO,12:00,Martes,730,Nublado,Baja,ATR 72,67.5,FALSE,47,8.2,87
29491,ROS,EZE,12:15,Lunes,295,Nublado,Media,ATR 72,66.7,FALSE,30,6.7,54
11806,TUC,EZE,07:45,Viernes,1230,Despejado,Media,Embraer E195,73.3,TRUE,32,18.1,139
23812,BOG,LIM,15:00,Martes,1890,Despejado,Baja,Airbus A320neo,80.9,TRUE,27,22.6,190
21998,PTY,CLT,16:45,Martes,2890,Despejado,Media,Boeing 737 MAX,78.1,FALSE,11,23,262
26481,MDE,CLO,15:15,Jueves,265,Despejado,Baja,ATR 72,76,TRUE,18,22.9,57
18509,PTY,UIO,16:45,Jueves,1420,Nublado,Alta,Embraer E195,70.5,TRUE,12,16.3,144
29716,BAQ,BOG,04:15,Jueves,145,Despejado,Baja,ATR 72,90.9,FALSE,12,22.8,54
18576,MVD,EZE,17:30,Martes,210,Nublado,Media,Boeing 737,71,FALSE,24,26.1,61
14878,BOG,CTG,08:45,Viernes,135,Despejado,Baja,ATR 72,82.4,FALSE,5,6.1,35
20880,MDE,BOG,15:30,Miércoles,235,Nublado,Baja,ATR 72,70.8,FALSE,14,28.3,46
11148,CCS,PTY,06:15,Miércoles,1010,Despejado,Baja,Embraer E195,82.4,FALSE,5,21.4,102
16077,BGA,BOG,08:45,Domingo,310,Despejado,Baja,Embraer E190,51.2,TRUE,29,8.6,70
16310,EZE,TUC,05:45,Lunes,1230,Nublado,Baja,Embraer E195,45.1,TRUE,27,24.5,140
16211,PTY,BOG,08:00,Jueves,650,Despejado,Media,Embraer E190,48.2,FALSE,20,13.7,90
26880,MDE,UIO,22:15,Sábado,960,Despejado,Baja,Airbus A320neo,73.6,TRUE,17,29.6,117
15715,BOG,EZE,03:00,Jueves,4650,Despejado,Baja,Boeing 787,98.5,TRUE,27,14.4,368
25993,GRU,EZE,02:00,Domingo,1760,Lluvia,Alta,Embraer E195,64.4,TRUE,28,16.6,162
25144,BOG,PEI,18:30,Viernes,265,Nublado,Media,Boeing 737,74.7,FALSE,1,22.7,48
23303,TUC,EZE,15:45,Jueves,1230,Despejado,Baja,Embraer E195,65.8,TRUE,29,19.8,124
10425,GRU,MIA,05:30,Domingo,7520,Lluvia,Media,Boeing 777,77,FALSE,29,23.1,592
17361,MDE,GRU,16:45,Viernes,4180,Nublado,Baja,Airbus A350,54.4,FALSE,2,12.4,362
29417,EZE,UIO,19:45,Lunes,3900,Despejado,Alta,Airbus A350,49.3,FALSE,14,20.4,333
17242,BOG,CLO,17:15,Sábado,300,Despejado,Baja,Airbus A320,45.6,TRUE,21,5.2,47
25704,EZE,IGR,03:30,Domingo,1100,Nublado,Alta,Embraer E195,87.9,TRUE,49,11.3,128
19996,LIM,GRU,13:45,Martes,3620,Despejado,Alta,Boeing 777,74.5,TRUE,26,8.3,302
25487,PTY,BOG,05:00,Lunes,650,Despejado,Baja,Embraer E190,80.7,TRUE,4,28.7,69
12178,MAD,GRU,07:00,Lunes,9350,Despejado,Baja,Boeing 787,75.7,FALSE,2,13.1,728
17052,MDE,LIM,16:00,Lunes,2100,Despejado,Baja,Boeing 757,79.5,TRUE,5,29.1,195
16406,EZE,UIO,09:45,Lunes,3900,Despejado,Baja,Airbus A350,75.3,FALSE,48,9.9,333
15352,GRU,SCL,07:00,Sábado,2620,Despejado,Baja,Airbus A320neo,92.9,FALSE,36,8.5,220
22907,CTG,BOG,15:15,Jueves,135,Despejado,Baja,Airbus A320,67.3,TRUE,22,11.8,36
11607,GRU,CWB,04:00,Domingo,410,Nublado,Baja,ATR 72,84.9,TRUE,5,10.1,73
13063,IAH,PTY,07:45,Miércoles,2860,Despejado,Alta,Boeing 737 MAX,66,FALSE,22,9.9,239
27403,SJO,PTY,02:45,Domingo,580,Despejado,Media,Airbus A320,92.1,TRUE,45,20.2,91
13489,BGA,BOG,10:45,Jueves,310,Lluvia,Media,Airbus A320,54.4,FALSE,42,24.3,55
14202,EZE,MDZ,08:15,Miércoles,1040,Nublado,Alta,Boeing 737 MAX,58.7,FALSE,18,6.5,124
28506,EZE,ROS,09:30,Sábado,295,Tormenta,Baja,Boeing 737,93.1,FALSE,45,3.1,67
27688,EZE,AEP,00:15,Martes,35,Nublado,Baja,Boeing 737,84.8,FALSE,11,7.8,30
26599,BOG,EZE,00:00,Martes,4650,Lluvia,Baja,Boeing 787,80.4,FALSE,39,10.7,388
12806,BOG,PEI,08:45,Miércoles,265,Despejado,Baja,ATR 72,41.1,TRUE,3,6.2,50
22350,BGA,BOG,14:00,Miércoles,310,Despejado,Media,Airbus A320,86.3,FALSE,15,6.3,44
28690,MVD,EZE,22:15,Sábado,210,Nublado,Media,Boeing 737,67.8,TRUE,16,19.9,60
16249,CLT,PTY,06:00,Viernes,2890,Nublado,Alta,Boeing 757,87.3,FALSE,28,26.7,249
19705,MDE,BOG,12:15,Viernes,235,Nublado,Media,Boeing 737,71.5,TRUE,40,6.4,62
16915,GRU,SSA,11:15,Sábado,1940,Nublado,Media,Boeing 757,91.8,FALSE,34,27.7,169
24038,BSB,GRU,01:15,Domingo,870,Despejado,Media,Boeing 757,67.5,FALSE,29,7.3,90
14032,BGA,BOG,10:45,Viernes,310,Despejado,Baja,ATR 72,56.3,FALSE,29,19.4,69
14450,IGR,EZE,07:00,Sábado,1100,Nublado,Media,Airbus A320neo,82.5,FALSE,28,12.8,106
21263,BGA,BOG,14:00,Jueves,310,Despejado,Baja,ATR 72,80,TRUE,25,10.7,47
28577,MDE,PTY,22:00,Viernes,715,Nublado,Media,Boeing 737,54.5,FALSE,27,5.6,87
13529,SCL,EZE,05:15,Sábado,1140,Despejado,Media,Embraer E195,66.2,FALSE,49,7.7,117
28788,EZE,LIM,06:00,Lunes,3150,Nublado,Alta,Boeing 777,87.6,FALSE,17,19.5,272
25570,MIA,MDE,15:00,Lunes,2750,Lluvia,Alta,Embraer E195,50.5,FALSE,49,7.8,234
27683,PTY,SJO,06:00,Martes,580,Despejado,Media,Embraer E190,59.5,FALSE,12,10.1,69
12320,EZE,CCS,04:15,Sábado,4300,Despejado,Baja,Boeing 787,86.9,TRUE,45,26.9,346
22784,COR,EZE,14:15,Jueves,695,Nublado,Baja,ATR 72,55.5,TRUE,21,5.3,84
18100,EZE,NQN,16:15,Viernes,1150,Nublado,Media,Embraer E195,66.7,TRUE,15,16.4,115
13510,EZE,UIO,07:45,Viernes,3900,Tormenta,Media,Airbus A350,75.5,FALSE,21,3.7,317
21341,BOG,CCS,16:15,Miércoles,1010,Despejado,Baja,Boeing 757,77.7,FALSE,12,27.9,102
18166,ROS,EZE,13:45,Viernes,295,Nublado,Baja,Boeing 737,80,TRUE,27,18.6,65
15395,BSB,GRU,05:15,Viernes,870,Despejado,Baja,Boeing 737 MAX,62.5,FALSE,5,17.7,95
18026,NQN,EZE,16:45,Lunes,1150,Niebla,Alta,Airbus A320neo,72.9,FALSE,8,2.4,135
14394,EZE,BRC,10:45,Domingo,1650,Despejado,Alta,Airbus A320neo,48.7,TRUE,44,9.3,155
14591,PEI,MDE,09:00,Viernes,140,Nublado,Baja,Boeing 737,65.4,FALSE,39,10.6,48
26145,PTY,MEX,11:00,Miércoles,2280,Despejado,Baja,Boeing 757,74.2,TRUE,44,5.5,216
11053,MDE,BOG,08:15,Miércoles,235,Despejado,Baja,Embraer E190,85.3,FALSE,36,15.1,40
20331,COR,EZE,15:15,Martes,695,Despejado,Baja,Boeing 737,69.7,TRUE,23,14.6,89
26862,BRC,EZE,19:15,Miércoles,1650,Nublado,Media,Airbus A320neo,70.5,FALSE,39,11.9,145
12579,IAH,PTY,09:30,Sábado,2860,Nublado,Baja,Embraer E195,67.6,FALSE,4,24,259
20505,EZE,ROS,11:45,Jueves,295,Lluvia,Alta,ATR 72,91.3,FALSE,40,10.5,71
29883,EZE,LIM,21:15,Domingo,3150,Tormenta,Baja,Boeing 787,89.2,TRUE,19,0.5,279
18353,POA,GRU,16:15,Viernes,1110,Lluvia,Alta,Boeing 757,72.7,TRUE,26,24.6,105
27459,MVD,EZE,06:00,Martes,210,Lluvia,Baja,ATR 72,68.8,TRUE,14,25.4,55
29376,PTY,JFK,02:15,Domingo,3520,Lluvia,Baja,Boeing 787,83.2,TRUE,7,24.4,290
14725,MAD,EZE,09:30,Jueves,10050,Despejado,Media,Airbus A330,18.8,TRUE,12,16.1,796
28919,PTY,SJO,07:30,Sábado,580,Nublado,Baja,Airbus A320,70.3,TRUE,33,15.1,90
12233,LIM,EZE,08:30,Viernes,3150,Despejado,Media,Boeing 787,75.1,FALSE,13,17.8,262
12778,GRU,CWB,07:45,Martes,410,Tormenta,Media,Airbus A320,75.7,FALSE,46,1.7,68
25132,GIG,GRU,15:30,Sábado,360,Nublado,Media,Boeing 737,78,FALSE,21,19.2,65
11291,MDE,CLO,05:00,Jueves,265,Despejado,Media,Boeing 737,72.4,FALSE,48,15.3,39
24762,IGR,EZE,17:45,Sábado,1100,Nublado,Media,Embraer E195,68.5,FALSE,8,14.7,123
12208,PTY,MIA,07:45,Sábado,2200,Nublado,Baja,Embraer E195,71.6,TRUE,48,18,204
13450,EZE,TUC,08:30,Sábado,1230,Despejado,Alta,Boeing 737 MAX,81.1,FALSE,45,14.3,116
25250,AEP,EZE,05:45,Jueves,35,Niebla,Alta,Airbus A320,84.6,TRUE,31,0.3,32
19510,PTY,SJO,18:15,Lunes,580,Lluvia,Baja,Airbus A320,58.7,FALSE,19,13.5,80
13036,BOG,BAQ,08:30,Lunes,145,Despejado,Media,Embraer E190,74.3,FALSE,48,15.5,33
26263,GRU,JFK,10:30,Domingo,7680,Despejado,Alta,Boeing 777,85,FALSE,1,27.6,602
26818,GUA,PTY,04:30,Sábado,820,Lluvia,Media,Embraer E195,69.3,FALSE,45,13.8,101
25338,EZE,IGR,04:45,Domingo,1100,Lluvia,Baja,Embraer E195,65.6,TRUE,26,23,119
20183,GRU,EZE,13:15,Miércoles,1760,Nublado,Media,Airbus A320neo,64.4,FALSE,23,21.6,154
12999,CTG,BOG,08:45,Sábado,135,Despejado,Alta,ATR 72,82.9,FALSE,7,25.3,38
16760,POA,GRU,10:30,Jueves,1110,Despejado,Alta,Boeing 757,89.1,FALSE,33,19,126
12266,MDE,UIO,07:00,Miércoles,960,Despejado,Baja,Boeing 757,66.3,FALSE,37,12.9,96
17338,PTY,UIO,13:00,Lunes,1420,Despejado,Alta,Embraer E195,62.5,TRUE,3,25.1,155
20677,SJO,PTY,17:15,Domingo,580,Despejado,Baja,ATR 72,57.1,TRUE,16,12.6,89
14506,BOG,CLO,07:30,Lunes,300,Despejado,Media,Boeing 737,96.6,FALSE,30,27.8,51
28427,CLO,BOG,06:00,Jueves,300,Despejado,Media,Boeing 737,75.9,FALSE,40,14.2,44
29202,CTG,MDE,03:00,Sábado,365,Nublado,Baja,ATR 72,88.3,FALSE,33,16.8,65
16693,MIA,PTY,07:15,Jueves,2200,Tormenta,Alta,Embraer E195,95.2,FALSE,36,4.1,192
24802,CTG,BOG,05:30,Martes,135,Niebla,Baja,Boeing 737,85.3,FALSE,12,0.8,30
24031,LIM,BOG,03:00,Domingo,1890,Nublado,Media,Boeing 757,39.2,FALSE,23,9.8,190
13107,AEP,EZE,07:00,Sábado,35,Despejado,Alta,Airbus A320,60.9,TRUE,38,22.3,22
10222,LIM,MDE,12:30,Domingo,2100,Despejado,Media,Boeing 757,58.8,FALSE,10,8.2,204
28357,EZE,IGR,06:15,Martes,1100,Lluvia,Alta,Embraer E195,85.7,FALSE,25,16.5,111
21826,COR,EZE,13:15,Jueves,695,Nublado,Media,ATR 72,75,FALSE,1,29,95
13051,MIA,EZE,07:30,Miércoles,7720,Despejado,Baja,Boeing 777,35.4,TRUE,40,15.3,607
14286,GRU,MIA,09:30,Jueves,7520,Despejado,Media,Boeing 777,71.3,FALSE,34,25.2,588
27542,EZE,ROS,07:00,Miércoles,295,Despejado,Alta,Airbus A320,59.7,TRUE,20,16.1,44
22247,AEP,EZE,13:00,Jueves,35,Niebla,Baja,Embraer E190,35.8,FALSE,1,0.6,39
10211,PTY,CCS,07:00,Domingo,1010,Nublado,Media,Airbus A320neo,83.5,FALSE,34,16.8,100
28239,CCS,EZE,01:45,Lunes,4300,Niebla,Media,Airbus A330,82.4,TRUE,30,1.8,344
11912,BOG,CLO,06:00,Lunes,300,Tormenta,Alta,ATR 72,94.7,TRUE,33,2.5,70
10500,GUA,PTY,07:45,Martes,820,Nublado,Baja,Boeing 757,65.1,FALSE,2,10.1,84
15000,EZE,GRU,12:15,Martes,1760,Niebla,Media,Airbus A320neo,41.8,FALSE,22,1.3,171
27918,GIG,EZE,15:00,Domingo,1970,Despejado,Alta,Embraer E195,61.1,TRUE,18,19.9,186
27267,MEX,PTY,20:30,Domingo,2280,Despejado,Media,Airbus A320neo,52.1,FALSE,26,15.7,194
18749,BOG,UIO,18:45,Lunes,730,Despejado,Alta,Airbus A320,65,FALSE,22,22.8,96
23684,EZE,AEP,12:45,Lunes,35,Tormenta,Alta,Embraer E190,76.9,FALSE,16,2.7,22
10181,BOG,CTG,07:30,Sábado,135,Despejado,Alta,Airbus A320,48,TRUE,38,26.2,56
28927,PTY,LIM,05:30,Viernes,2970,Despejado,Alta,Embraer E195,83.8,FALSE,17,19.1,249
23685,BAQ,MDE,15:30,Lunes,310,Despejado,Media,Airbus A320,87.9,TRUE,45,25.8,50
22001,BOG,BGA,18:30,Jueves,310,Nublado,Alta,Boeing 737,92.3,FALSE,12,11.6,70
28843,ASU,EZE,15:00,Domingo,1050,Despejado,Media,Embraer E195,73.7,FALSE,20,10.8,112
21795,GIG,EZE,14:45,Lunes,1970,Nublado,Baja,Airbus A320neo,57.3,FALSE,13,12.7,194
17268,MAD,GRU,15:30,Sábado,9350,Nublado,Baja,Airbus A330,73.6,TRUE,28,26.6,734
12421,MDE,UIO,09:45,Martes,960,Lluvia,Alta,Embraer E195,67.5,FALSE,7,22.2,119
25826,EZE,AEP,04:00,Jueves,35,Nublado,Media,Airbus A320,75.8,FALSE,6,16.1,34
28203,BOG,MEX,11:45,Jueves,2700,Niebla,Baja,Embraer E195,67.5,FALSE,12,0.7,246
25635,FLN,GRU,08:15,Domingo,690,Tormenta,Baja,Embraer E190,64.7,FALSE,43,0.8,99
24889,MDZ,EZE,08:15,Martes,1040,Tormenta,Baja,Embraer E195,64.4,FALSE,25,4.9,102
10467,PTY,UIO,06:45,Martes,1420,Nublado,Alta,Embraer E195,63.1,FALSE,43,7.3,144
25058,MDE,PEI,21:30,Domingo,140,Nublado,Baja,Airbus A320,89.9,FALSE,40,28.4,55
10060,BOG,LIM,08:15,Sábado,1890,Nublado,Media,Boeing 737 MAX,88.2,TRUE,32,10.9,176
14203,BAQ,MDE,09:30,Miércoles,310,Tormenta,Baja,Embraer E190,71.5,FALSE,12,2.5,58
28077,EZE,GIG,22:00,Miércoles,1970,Lluvia,Alta,Airbus A320neo,68.7,TRUE,22,28.5,177
17485,MDZ,EZE,14:00,Lunes,1040,Niebla,Baja,Boeing 737 MAX,87,FALSE,43,1.7,105
11581,ROS,EZE,09:30,Lunes,295,Despejado,Media,ATR 72,59,FALSE,20,6.6,42
17285,CLO,BOG,15:00,Sábado,300,Nublado,Baja,Embraer E190,68.7,FALSE,35,23.1,42
29828,GRU,SSA,14:30,Viernes,1940,Lluvia,Media,Boeing 737 MAX,85.4,FALSE,25,26.8,165
26234,GRU,BSB,03:00,Lunes,870,Despejado,Media,Boeing 757,97.2,FALSE,11,27.8,94
19394,UIO,EZE,12:00,Domingo,3900,Tormenta,Baja,Airbus A330,74.6,FALSE,5,0.9,323
12699,EZE,ASU,06:45,Miércoles,1050,Nublado,Baja,Embraer E195,61.7,FALSE,28,26.8,105
14565,CWB,GRU,11:15,Martes,410,Nublado,Baja,Embraer E190,77.4,FALSE,44,18.6,73
21404,SCL,EZE,15:15,Miércoles,1140,Despejado,Baja,Boeing 737 MAX,36.9,TRUE,47,24,107
14200,ROS,EZE,07:00,Domingo,295,Nublado,Baja,Boeing 737,92,FALSE,21,23,44
29839,AEP,EZE,13:15,Martes,35,Lluvia,Alta,ATR 72,70.1,FALSE,16,19.7,22
24903,GRU,FLN,08:00,Lunes,690,Nublado,Media,Embraer E190,86.3,FALSE,26,23.9,75
17158,MDE,PEI,16:30,Viernes,140,Nublado,Media,Boeing 737,55.2,TRUE,15,8.4,33
12974,BOG,PTY,08:45,Domingo,650,Tormenta,Media,Boeing 737,45.7,TRUE,3,3.5,92
17842,MVD,EZE,13:15,Martes,210,Despejado,Media,Boeing 737,90.9,FALSE,29,20.7,44
24767,BOG,PEI,20:00,Viernes,265,Despejado,Baja,Airbus A320,95.3,TRUE,31,14.7,68
23635,PTY,MDE,14:30,Miércoles,715,Nublado,Media,Boeing 737,67.4,TRUE,33,27.3,93
17696,BOG,EZE,14:45,Sábado,4650,Lluvia,Baja,Boeing 777,67.9,FALSE,37,9.3,374
15935,MDE,UIO,05:15,Lunes,960,Despejado,Media,Boeing 757,40.4,FALSE,49,28.2,112
23876,BSB,GRU,15:45,Viernes,870,Nublado,Baja,Embraer E195,54.8,FALSE,11,18.1,95
27226,MVD,EZE,21:00,Jueves,210,Lluvia,Media,Boeing 737,76.9,TRUE,38,6.1,54
15216,BOG,BAQ,09:15,Viernes,145,Nublado,Media,Embraer E190,68.7,FALSE,8,13.6,50
21433,ROS,EZE,15:30,Martes,295,Nublado,Baja,Airbus A320,78.6,FALSE,32,18.5,42
21166,MDE,UIO,11:00,Viernes,960,Tormenta,Baja,Boeing 737 MAX,69.4,FALSE,37,2.4,121
21366,UIO,MDE,12:45,Martes,960,Lluvia,Media,Embraer E195,42.2,TRUE,37,5.9,98
16627,LIM,EZE,09:30,Jueves,3150,Despejado,Alta,Airbus A350,59.4,FALSE,5,25,265
13596,TUC,EZE,10:15,Martes,1230,Niebla,Alta,Boeing 737 MAX,93.1,FALSE,48,1.3,121
23086,EZE,COR,18:15,Lunes,695,Niebla,Media,ATR 72,66,FALSE,43,2.8,83
15273,BOG,PTY,09:15,Sábado,650,Nublado,Media,Airbus A320,67.9,FALSE,46,19.6,68
15628,EZE,ASU,09:30,Miércoles,1050,Despejado,Media,Airbus A320neo,56.3,TRUE,20,16.7,98
22011,MDE,LIM,15:00,Domingo,2100,Nublado,Media,Boeing 737 MAX,62.2,FALSE,43,25.5,191
24842,LIM,EZE,04:00,Sábado,3150,Despejado,Media,Boeing 777,93,FALSE,23,7.6,263
20073,GRU,PTY,17:00,Martes,4630,Tormenta,Alta,Airbus A350,73.6,FALSE,4,4.5,381
24752,CLO,BOG,05:15,Miércoles,300,Niebla,Baja,Airbus A320,64.6,TRUE,19,2.8,66
17325,BAQ,MDE,15:15,Domingo,310,Despejado,Baja,ATR 72,49.1,TRUE,9,20.7,58
18633,BOG,BGA,19:30,Viernes,310,Despejado,Baja,Embraer E190,91.6,FALSE,36,24.4,59
24109,CLO,MDE,14:15,Miércoles,265,Nublado,Media,Airbus A320,94.2,FALSE,10,24.7,52
11298,EZE,CCS,07:45,Domingo,4300,Despejado,Baja,Airbus A350,59.1,TRUE,4,11.6,347
20367,JFK,MDE,16:15,Sábado,3560,Nublado,Media,Airbus A350,88.1,FALSE,37,18.3,294
23249,NQN,EZE,14:15,Viernes,1150,Nublado,Alta,Boeing 757,83.3,TRUE,48,29.4,106
10201,BOG,CCS,06:45,Sábado,1010,Despejado,Baja,Boeing 737 MAX,55.9,FALSE,33,25,111
11457,PTY,GUA,10:30,Viernes,820,Nublado,Alta,Embraer E195,88.3,TRUE,27,23.1,91
20560,BOG,MDE,20:45,Sábado,235,Lluvia,Media,Boeing 737,64,TRUE,7,11.8,50
19801,GRU,EZE,17:45,Martes,1760,Nublado,Alta,Boeing 737 MAX,88.6,TRUE,13,19.9,173
18454,AEP,EZE,14:15,Domingo,35,Despejado,Baja,ATR 72,81,FALSE,9,13.7,38
19652,EZE,MDZ,13:45,Jueves,1040,Lluvia,Baja,Boeing 757,82.4,FALSE,5,27.1,116
18893,BOG,MDE,15:15,Lunes,235,Despejado,Media,Embraer E190,66.6,FALSE,14,8.1,61
28545,GRU,CWB,11:15,Sábado,410,Nublado,Baja,Boeing 737,61.8,FALSE,1,16.8,50
20264,JFK,EZE,15:45,Sábado,8530,Lluvia,Media,Airbus A350,34.5,TRUE,10,8.3,684
11203,MDE,UIO,08:00,Domingo,960,Despejado,Baja,Airbus A320neo,66.6,TRUE,2,26.1,116
25968,MDE,EZE,07:45,Jueves,4900,Despejado,Media,Airbus A350,88.1,FALSE,45,21.6,399
13644,CCS,BOG,08:45,Jueves,1010,Despejado,Alta,Boeing 737 MAX,67.3,FALSE,39,7.9,111
20991,CTG,MDE,14:15,Sábado,365,Nublado,Baja,Embraer E190,98,TRUE,13,15.3,67
20724,BOG,BAQ,14:00,Viernes,145,Despejado,Alta,Embraer E190,84.6,FALSE,31,23.9,56
20357,BOG,MAD,16:15,Sábado,8680,Niebla,Media,Airbus A350,79.7,TRUE,43,0.6,685
13129,GRU,CDG,11:30,Lunes,9400,Despejado,Media,Boeing 777,69.6,FALSE,48,13.1,741
14352,MDE,UIO,06:45,Domingo,960,Despejado,Media,Boeing 757,58,TRUE,2,29.1,99
29403,JFK,BOG,11:00,Viernes,3930,Niebla,Baja,Boeing 777,68.5,FALSE,39,0.5,337
25879,PTY,JFK,22:00,Martes,3520,Nublado,Media,Boeing 787,54.7,FALSE,48,5.9,304
13012,EZE,ASU,08:45,Miércoles,1050,Nublado,Media,Boeing 737 MAX,93,FALSE,32,12.3,98
15091,EZE,GRU,09:00,Domingo,1760,Nublado,Media,Boeing 757,75.4,FALSE,8,11.7,160
27108,NQN,EZE,04:30,Martes,1150,Despejado,Alta,Boeing 737 MAX,71,TRUE,21,14.8,130
12622,EZE,ROS,07:45,Miércoles,295,Despejado,Media,Airbus A320,88.1,FALSE,32,5.4,52
11535,BOG,BAQ,07:45,Domingo,145,Despejado,Media,Embraer E190,94.8,FALSE,32,25.9,31
28179,BOG,MDE,12:15,Jueves,235,Nublado,Media,ATR 72,82,FALSE,33,6.2,44
13837,PTY,BOG,05:00,Martes,650,Lluvia,Baja,Airbus A320,72.7,FALSE,3,17.9,69
27767,LIM,EZE,18:00,Sábado,3150,Despejado,Media,Airbus A350,79.6,TRUE,17,10,281
21521,GRU,MIA,18:15,Sábado,7520,Lluvia,Media,Boeing 787,61.3,FALSE,5,20.9,602
26081,MIA,GRU,03:00,Viernes,7520,Niebla,Media,Airbus A330,80.1,FALSE,39,2.4,606
25860,SCL,EZE,16:45,Sábado,1140,Nublado,Baja,Boeing 737 MAX,81.1,TRUE,26,26.8,118
18551,GRU,CWB,17:00,Lunes,410,Nublado,Alta,Embraer E190,51.6,FALSE,27,8.6,64
25663,MEX,GRU,05:15,Martes,7300,Despejado,Baja,Boeing 787,84.2,FALSE,25,24.8,576
15130,ROS,EZE,08:00,Sábado,295,Nublado,Media,Boeing 737,58.7,FALSE,31,12.3,53
24009,GUA,PTY,03:00,Martes,820,Nublado,Baja,Boeing 737 MAX,91.9,TRUE,46,7.4,83
13353,MVD,EZE,07:30,Miércoles,210,Tormenta,Alta,Airbus A320,77.6,FALSE,16,3.8,61
23455,PTY,CCS,14:30,Domingo,1010,Nublado,Media,Boeing 737 MAX,52.4,FALSE,19,28.7,108
23759,GRU,POA,16:15,Miércoles,1110,Niebla,Media,Embraer E195,49.3,FALSE,41,1.3,108
14904,BAQ,BOG,09:15,Viernes,145,Nublado,Baja,ATR 72,64,FALSE,39,9.1,52
12931,EZE,ASU,08:00,Domingo,1050,Despejado,Alta,Embraer E195,63.2,FALSE,1,29.4,108
11088,MDE,BGA,06:30,Sábado,295,Despejado,Media,Embraer E190,50.3,FALSE,22,23.3,69
25245,CTG,MDE,10:15,Lunes,365,Despejado,Baja,ATR 72,63.2,TRUE,36,18.1,50
22089,SJO,PTY,17:45,Domingo,580,Despejado,Baja,Boeing 737,68.7,TRUE,16,6.5,86
14885,MDE,PTY,05:30,Sábado,715,Nublado,Media,Airbus A320,75.5,FALSE,1,5.3,94
24634,MDE,PEI,10:30,Lunes,140,Despejado,Baja,Boeing 737,90.9,TRUE,27,8.5,44
17948,EZE,BRC,16:45,Viernes,1650,Lluvia,Media,Airbus A320neo,87.4,FALSE,24,18.5,158
26824,EZE,AEP,17:00,Miércoles,35,Lluvia,Media,Embraer E190,67.8,FALSE,11,27.9,37
25820,GRU,MVD,21:30,Miércoles,1550,Niebla,Alta,Embraer E195,75.1,FALSE,23,2,149
15392,MDE,BOG,11:45,Miércoles,235,Nublado,Media,Boeing 737,87,FALSE,41,20.2,45
17246,AEP,EZE,11:45,Lunes,35,Niebla,Media,Airbus A320,67.7,FALSE,3,2.5,40
25683,PTY,GRU,20:15,Lunes,4630,Despejado,Media,Boeing 787,28.5,FALSE,31,10.6,388
16280,BOG,UIO,09:15,Miércoles,730,Despejado,Media,Airbus A320,66.7,FALSE,49,24.7,91
15195,MIA,GRU,06:30,Martes,7520,Tormenta,Media,Boeing 777,82.3,TRUE,47,3.4,601
24223,BOG,GRU,09:45,Miércoles,3940,Nublado,Alta,Boeing 777,77.3,TRUE,25,20.7,343
27122,MIA,MDE,14:15,Martes,2750,Despejado,Media,Boeing 737 MAX,87.9,FALSE,44,13.2,236
29673,ASU,EZE,18:00,Sábado,1050,Lluvia,Baja,Boeing 757,79.7,FALSE,28,15.7,113
27186,MIA,MDE,15:15,Miércoles,2750,Despejado,Media,Boeing 757,95.9,TRUE,33,16.8,234
11730,BAQ,MDE,09:00,Domingo,310,Nublado,Baja,Airbus A320,70,FALSE,25,9.4,54
29915,GRU,CWB,02:00,Jueves,410,Despejado,Media,Boeing 737,79.8,TRUE,15,17,68
29842,EZE,UIO,13:00,Miércoles,3900,Despejado,Alta,Airbus A350,95.3,FALSE,40,24.3,336
23337,BOG,PTY,12:15,Jueves,650,Nublado,Baja,Boeing 737,80.8,FALSE,34,19.5,89
13311,UIO,BOG,09:45,Miércoles,730,Nublado,Media,Boeing 737,36.9,TRUE,12,20.9,101
22572,AEP,EZE,14:15,Jueves,35,Despejado,Baja,ATR 72,79,TRUE,16,29.7,33
13416,SCL,GRU,05:45,Sábado,2620,Niebla,Media,Boeing 737 MAX,76.3,TRUE,44,0.2,226
15862,EZE,PTY,11:45,Viernes,5100,Tormenta,Alta,Boeing 777,64.4,FALSE,9,3.6,425
25238,BOG,JFK,01:15,Jueves,3930,Despejado,Media,Airbus A350,83.8,FALSE,21,11.3,320
16260,PTY,MEX,05:00,Viernes,2280,Despejado,Alta,Airbus A320neo,69.8,TRUE,8,19.4,201
19620,GRU,JFK,15:00,Lunes,7680,Despejado,Alta,Airbus A330,75.9,TRUE,37,26.8,610
15864,EZE,CCS,06:45,Lunes,4300,Nublado,Baja,Airbus A350,95.6,FALSE,16,14.7,369
19807,UIO,EZE,16:45,Jueves,3900,Despejado,Media,Boeing 787,63.8,TRUE,35,15.6,338
15850,EZE,BOG,07:15,Lunes,4650,Nublado,Alta,Airbus A350,82.8,FALSE,34,8.8,387
12755,PTY,MIA,09:15,Martes,2200,Lluvia,Media,Boeing 737 MAX,72.8,FALSE,41,16.9,186
23644,EZE,IGR,13:15,Domingo,1100,Despejado,Alta,Boeing 737 MAX,79,FALSE,36,27,103
20193,PTY,BOG,16:00,Lunes,650,Despejado,Media,Embraer E190,57.5,FALSE,14,13.2,91
18036,BOG,PEI,13:30,Domingo,265,Despejado,Alta,ATR 72,77.5,FALSE,37,24.4,67
26837,CTG,MDE,11:15,Domingo,365,Nublado,Media,Airbus A320,72,TRUE,13,24.3,72
25028,GRU,CDG,17:45,Viernes,9400,Nublado,Alta,Airbus A330,29,FALSE,2,27.4,744
20762,GRU,EZE,14:15,Jueves,1760,Nublado,Baja,Boeing 737 MAX,53.6,TRUE,48,13.1,154
17376,BGA,MDE,11:00,Martes,295,Despejado,Baja,Airbus A320,78,TRUE,48,8.2,53
20710,MDE,CTG,13:45,Viernes,365,Despejado,Baja,ATR 72,70.4,FALSE,49,12.5,50
15999,PEI,BOG,08:00,Sábado,265,Nublado,Baja,ATR 72,85.1,TRUE,11,14.4,57
22265,MDE,BOG,15:15,Jueves,235,Despejado,Alta,Embraer E190,87.1,FALSE,17,12.9,54
29734,MDE,CLO,10:45,Sábado,265,Nublado,Media,Airbus A320,79.3,FALSE,23,6.3,53
29733,GRU,EZE,20:00,Jueves,1760,Lluvia,Baja,Embraer E195,70.7,FALSE,49,17.4,167
11283,BOG,CCS,10:00,Domingo,1010,Lluvia,Baja,Airbus A320neo,72.1,FALSE,27,9.3,115
15291,EZE,MVD,07:15,Jueves,210,Despejado,Media,Airbus A320,81.1,FALSE,38,12.4,37
20785,GRU,EZE,13:45,Miércoles,1760,Despejado,Baja,Boeing 757,60.9,FALSE,13,16.4,174
21068,EZE,JFK,17:30,Jueves,8530,Despejado,Baja,Airbus A330,79.7,TRUE,36,27.8,685
29689,MIA,PTY,13:45,Sábado,2200,Despejado,Media,Embraer E195,64,TRUE,39,6.4,188
14022,EZE,IGR,07:00,Sábado,1100,Nublado,Media,Boeing 737 MAX,85.4,FALSE,3,19.1,123
26142,LIM,EZE,10:00,Lunes,3150,Despejado,Media,Airbus A330,61.9,FALSE,4,26.7,285
16827,CCS,PTY,09:15,Jueves,1010,Despejado,Alta,Embraer E195,67.7,TRUE,26,19.9,124
28362,BOG,MDE,17:00,Domingo,235,Lluvia,Baja,ATR 72,46.1,TRUE,30,12,44
22085,GRU,CDG,13:30,Viernes,9400,Despejado,Baja,Boeing 787,75.4,FALSE,19,23.2,749
21052,MDE,PTY,18:45,Miércoles,715,Nublado,Media,Boeing 737,70.4,TRUE,35,10.1,93
18332,BOG,GRU,11:00,Miércoles,3940,Niebla,Media,Boeing 777,95.3,TRUE,34,2,317
20079,BOG,JFK,13:45,Sábado,3930,Lluvia,Baja,Airbus A330,72,FALSE,18,21.2,323
18994,MDE,LIM,13:00,Martes,2100,Niebla,Media,Boeing 757,79.1,FALSE,48,1.6,182
19819,MAD,GRU,15:00,Miércoles,9350,Despejado,Media,Boeing 777,66.3,FALSE,6,18.8,725
26875,PEI,MDE,05:30,Martes,140,Despejado,Baja,Boeing 737,82.3,FALSE,36,7.5,54
20647,LIM,GRU,15:00,Jueves,3620,Nublado,Baja,Boeing 777,67.1,FALSE,10,17.3,297
23994,CLO,BOG,14:45,Sábado,300,Despejado,Baja,Embraer E190,28.3,TRUE,41,21.3,69
29990,EZE,PTY,09:00,Domingo,5100,Despejado,Media,Airbus A330,78.8,TRUE,30,22.2,424
19711,CTG,MDE,13:45,Lunes,365,Nublado,Baja,Airbus A320,44.6,FALSE,18,28.3,50
16897,IAH,PTY,07:45,Viernes,2860,Despejado,Alta,Airbus A320neo,49.6,FALSE,8,13.6,245
25371,BOG,CTG,01:00,Miércoles,135,Despejado,Media,Embraer E190,97.2,TRUE,39,9.9,44
21680,BOG,GRU,18:45,Martes,3940,Despejado,Media,Boeing 787,95,TRUE,7,18.8,317
18963,EZE,AEP,18:15,Martes,35,Nublado,Baja,Boeing 737,92.8,TRUE,3,17.2,22
15475,BOG,GRU,07:00,Jueves,3940,Despejado,Baja,Boeing 787,95.1,FALSE,18,20.6,325
16403,SJO,PTY,09:00,Miércoles,580,Tormenta,Media,ATR 72,81,FALSE,24,4.8,79
13726,GRU,SSA,08:30,Lunes,1940,Nublado,Baja,Embraer E195,61.4,FALSE,29,24.4,173
13740,GRU,BOG,09:00,Miércoles,3940,Despejado,Media,Airbus A350,53,TRUE,28,23.2,334
20222,MIA,MDE,19:30,Viernes,2750,Despejado,Baja,Boeing 737 MAX,84,TRUE,12,20.4,244
23085,UIO,MDE,12:15,Jueves,960,Lluvia,Baja,Boeing 757,63.1,TRUE,28,16.7,95
18733,MDE,UIO,17:00,Jueves,960,Despejado,Media,Boeing 737 MAX,60.9,FALSE,16,15.2,120
22492,PTY,MEX,12:30,Domingo,2280,Despejado,Media,Boeing 757,77.7,FALSE,3,23,219
16776,PTY,JFK,10:45,Sábado,3520,Despejado,Media,Boeing 787,61.1,FALSE,38,8.1,309
29981,MDE,MIA,16:15,Lunes,2750,Lluvia,Media,Boeing 737 MAX,71.2,FALSE,26,8.1,253
14292,GRU,FLN,09:45,Domingo,690,Tormenta,Media,ATR 72,87.7,TRUE,32,3.6,97
13580,AMS,GRU,08:30,Viernes,9850,Despejado,Media,Airbus A350,68.6,FALSE,30,6.8,778
22569,MDE,CLO,17:45,Domingo,265,Despejado,Media,Boeing 737,67.1,TRUE,33,22,54
10929,LIM,MDE,07:30,Viernes,2100,Despejado,Baja,Embraer E195,79.5,TRUE,48,19.6,186
16530,BAQ,BOG,07:30,Lunes,145,Despejado,Alta,Embraer E190,73.5,FALSE,33,26.1,56
13845,MAD,GRU,08:45,Sábado,9350,Niebla,Media,Boeing 777,69.6,FALSE,30,3,727
28144,POA,GRU,00:00,Sábado,1110,Nublado,Baja,Airbus A320neo,76.1,FALSE,40,18.6,131
20868,MDE,BAQ,14:45,Lunes,310,Lluvia,Baja,Airbus A320,96.2,FALSE,6,24.1,47
27780,MDE,BGA,14:30,Jueves,295,Lluvia,Baja,Airbus A320,68.2,TRUE,11,24.9,71
27401,BOG,BGA,04:45,Lunes,310,Despejado,Baja,ATR 72,84.8,FALSE,9,15.3,70
16149,EZE,CCS,07:00,Miércoles,4300,Tormenta,Media,Boeing 777,88.1,FALSE,13,1.1,351
18320,CCS,EZE,19:45,Martes,4300,Lluvia,Media,Airbus A350,96.4,FALSE,37,10.9,342
11816,PTY,CCS,06:45,Viernes,1010,Niebla,Alta,Embraer E195,63.7,FALSE,19,2.8,103
16073,SSA,GRU,08:30,Sábado,1940,Tormenta,Media,Boeing 757,85.6,FALSE,10,1.3,194
19301,GIG,GRU,19:45,Jueves,360,Lluvia,Baja,Boeing 737,62.9,FALSE,49,11.9,59
21848,PTY,MDE,11:45,Lunes,715,Despejado,Media,Boeing 737,82.4,TRUE,34,29.3,79
29588,MDE,UIO,09:30,Viernes,960,Niebla,Media,Boeing 757,90,TRUE,48,1.3,119
19458,GRU,POA,14:45,Lunes,1110,Lluvia,Baja,Airbus A320neo,33.6,TRUE,4,5.6,119
15834,GRU,EZE,07:30,Lunes,1760,Nublado,Baja,Boeing 737 MAX,87.5,FALSE,21,18,179
29265,GRU,SSA,17:00,Sábado,1940,Nublado,Baja,Airbus A320neo,91.8,FALSE,29,7.3,182
25022,MVD,GRU,10:00,Martes,1550,Nublado,Media,Airbus A320neo,92.8,FALSE,16,8.8,150
24378,EZE,GRU,14:00,Viernes,1760,Nublado,Media,Airbus A320neo,83.9,FALSE,14,21,155
18883,MDE,JFK,14:30,Sábado,3560,Tormenta,Alta,Boeing 787,52,FALSE,20,1.7,302
24305,MDE,LIM,12:45,Jueves,2100,Despejado,Alta,Boeing 737 MAX,83.5,FALSE,21,13,199
20490,GRU,BSB,14:15,Martes,870,Nublado,Baja,Embraer E195,65.1,TRUE,9,6.9,86
21886,BOG,BGA,13:15,Viernes,310,Despejado,Baja,Embraer E190,68.5,TRUE,48,19.4,70
24219,PTY,GUA,16:45,Miércoles,820,Despejado,Alta,Boeing 757,74,FALSE,48,14.6,105
15904,BOG,LIM,07:00,Sábado,1890,Nublado,Baja,Boeing 757,79.8,TRUE,42,26.5,185
17665,PEI,BOG,18:15,Domingo,265,Nublado,Baja,Embraer E190,87.8,FALSE,34,28,43
24010,MDE,PTY,07:15,Miércoles,715,Nublado,Media,Airbus A320,72.7,FALSE,46,5.4,93
12130,BOG,GRU,09:30,Lunes,3940,Despejado,Media,Airbus A350,72.5,TRUE,24,18.7,332
29863,BOG,LIM,16:15,Jueves,1890,Nublado,Baja,Airbus A320neo,74.8,FALSE,25,25.1,172
17780,GRU,CDG,17:15,Lunes,9400,Lluvia,Media,Boeing 777,70.2,FALSE,11,23.5,732
12741,BGA,MDE,08:15,Sábado,295,Lluvia,Baja,Embraer E190,61.8,TRUE,39,26.3,42
27471,BOG,CTG,12:45,Martes,135,Nublado,Media,Embraer E190,91.6,FALSE,34,8.4,40
18814,UIO,BOG,14:30,Martes,730,Lluvia,Media,Boeing 737,38.8,FALSE,2,9.6,86
25173,CTG,BOG,05:30,Martes,135,Nublado,Media,ATR 72,58,TRUE,30,23.8,59
20780,BOG,MDE,17:00,Sábado,235,Despejado,Baja,Embraer E190,50.8,TRUE,42,12.8,65
11351,UIO,MDE,08:30,Domingo,960,Despejado,Baja,Embraer E195,40.9,FALSE,13,11.8,93
19059,MDE,BGA,13:15,Jueves,295,Despejado,Media,ATR 72,83.2,FALSE,22,22.8,51
23496,AEP,EZE,16:00,Miércoles,35,Despejado,Baja,ATR 72,65.2,FALSE,7,5.7,48
19923,EZE,MAD,14:30,Domingo,10050,Despejado,Media,Airbus A330,48.4,FALSE,24,13,778
11523,BGA,MDE,08:00,Miércoles,295,Despejado,Media,Embraer E190,72.8,FALSE,40,21.1,42
16761,COR,EZE,06:45,Jueves,695,Tormenta,Media,Boeing 737,74,FALSE,41,0.7,94
28863,EZE,MAD,05:30,Miércoles,10050,Nublado,Media,Airbus A350,97.3,FALSE,6,9.8,774
12798,MVD,EZE,08:00,Martes,210,Niebla,Media,Boeing 737,88.9,FALSE,10,1,53
17041,AEP,EZE,16:30,Martes,35,Lluvia,Media,Airbus A320,60.6,FALSE,11,13.6,24
12993,MVD,GRU,05:00,Miércoles,1550,Nublado,Media,Boeing 737 MAX,66.5,TRUE,12,18.9,163
23752,EZE,ROS,13:00,Miércoles,295,Nublado,Baja,Boeing 737,69.3,TRUE,19,11.2,64
25060,EZE,LIM,01:45,Viernes,3150,Nublado,Media,Airbus A350,69.8,FALSE,4,16.4,266
25067,ROS,EZE,01:45,Jueves,295,Nublado,Media,ATR 72,57.7,FALSE,8,19.3,56
19756,CCS,BOG,14:45,Sábado,1010,Nublado,Media,Boeing 757,91,FALSE,20,18.9,122
19153,BGA,BOG,13:00,Viernes,310,Despejado,Media,ATR 72,53.1,FALSE,37,22.3,66
17458,PTY,SJO,15:30,Viernes,580,Despejado,Media,Airbus A320,50.2,TRUE,19,14.6,66
17684,GRU,CWB,13:00,Miércoles,410,Despejado,Baja,Airbus A320,72,FALSE,34,22.2,72
27822,PTY,MDE,11:15,Jueves,715,Tormenta,Media,Airbus A320,52.7,FALSE,30,4.9,83
20262,AEP,EZE,13:15,Domingo,35,Despejado,Baja,Embraer E190,85.5,TRUE,8,15.2,41
22965,MDE,CTG,16:15,Lunes,365,Despejado,Alta,Embraer E190,60.6,FALSE,22,26,69
10089,BSB,GRU,05:15,Lunes,870,Despejado,Media,Embraer E195,74.7,FALSE,31,25.8,87
20400,LIM,MDE,14:45,Miércoles,2100,Lluvia,Alta,Embraer E195,73.2,FALSE,43,15,187
18973,GUA,PTY,18:45,Domingo,820,Niebla,Baja,Boeing 737 MAX,77.2,FALSE,48,2,85
26703,GRU,SSA,21:30,Jueves,1940,Despejado,Alta,Embraer E195,84.9,FALSE,1,7,173
23251,LIM,EZE,12:45,Miércoles,3150,Despejado,Alta,Boeing 777,82.5,FALSE,34,15.5,280
21163,BOG,CTG,14:45,Sábado,135,Despejado,Media,ATR 72,51.8,TRUE,32,11.4,45
28191,CCS,BOG,07:45,Martes,1010,Despejado,Baja,Airbus A320neo,69.6,TRUE,11,27.6,104
18514,GIG,GRU,13:45,Jueves,360,Despejado,Baja,Embraer E190,33.2,TRUE,7,22.8,49
11444,MAD,BOG,08:30,Lunes,8680,Nublado,Alta,Airbus A350,64.6,TRUE,9,20.9,678
19011,MVD,GRU,17:15,Viernes,1550,Despejado,Baja,Airbus A320neo,93.6,TRUE,7,21.6,136
27558,BOG,EZE,04:15,Jueves,4650,Despejado,Media,Airbus A330,70.6,FALSE,49,7.2,380
23250,EZE,MVD,15:45,Domingo,210,Nublado,Media,Airbus A320,86.4,FALSE,25,25,61
27832,GRU,MIA,09:45,Martes,7520,Despejado,Alta,Boeing 777,76.2,TRUE,41,19.3,604
21082,GRU,PTY,14:45,Miércoles,4630,Despejado,Media,Airbus A330,96.3,TRUE,22,15.1,394
27949,BOG,UIO,05:45,Miércoles,730,Nublado,Baja,Airbus A320,45.4,FALSE,1,28.2,90
12302,CCS,PTY,09:45,Martes,1010,Nublado,Baja,Boeing 757,24.1,TRUE,27,11,101
26293,GRU,MAD,11:15,Jueves,9350,Nublado,Media,Boeing 787,72.4,FALSE,29,6.1,732
28255,MDE,PTY,03:45,Domingo,715,Despejado,Media,Boeing 737,65.2,FALSE,41,25,82
12362,EZE,MAD,05:15,Sábado,10050,Lluvia,Baja,Airbus A330,49.8,TRUE,22,15.6,790
15072,MDZ,EZE,06:30,Martes,1040,Lluvia,Media,Boeing 757,72.4,FALSE,44,21.6,98
29639,BOG,BGA,18:30,Martes,310,Lluvia,Media,Embraer E190,83.7,TRUE,23,15.1,71
22403,BOG,UIO,16:15,Sábado,730,Despejado,Media,Boeing 737,75.5,TRUE,11,26.3,102
23827,PTY,LIM,13:45,Martes,2970,Lluvia,Baja,Boeing 757,82.3,FALSE,46,7.4,260
19265,CCS,PTY,18:15,Domingo,1010,Lluvia,Media,Boeing 737 MAX,60,TRUE,38,14.5,99
20676,CLO,MDE,14:00,Martes,265,Nublado,Baja,Boeing 737,90.9,FALSE,41,6.7,43
19060,PTY,MEX,13:15,Jueves,2280,Nublado,Baja,Boeing 737 MAX,86.8,FALSE,38,15.2,198
25528,GRU,MAD,21:00,Martes,9350,Lluvia,Media,Boeing 787,71,FALSE,37,19.9,728
24252,ROS,EZE,12:15,Martes,295,Lluvia,Baja,Airbus A320,64.2,TRUE,37,20.6,52
25832,MDE,CLO,22:00,Martes,265,Despejado,Alta,Boeing 737,56,FALSE,20,29.3,55
29558,EZE,NQN,01:15,Sábado,1150,Despejado,Media,Boeing 737 MAX,74.5,TRUE,19,6,118
22843,BGA,MDE,13:45,Domingo,295,Nublado,Media,ATR 72,92.5,FALSE,1,19.5,60
18021,BOG,MAD,17:45,Viernes,8680,Nublado,Media,Boeing 787,66.2,TRUE,1,28.7,697
18304,MVD,EZE,15:30,Jueves,210,Nublado,Alta,Boeing 737,64.5,FALSE,26,29.3,45
16187,BOG,CCS,07:45,Miércoles,1010,Tormenta,Media,Boeing 737 MAX,90.8,FALSE,4,4.3,116
29337,AEP,EZE,01:30,Martes,35,Despejado,Media,Boeing 737,88.2,FALSE,22,15.7,49
25410,MDE,CTG,09:45,Viernes,365,Despejado,Media,ATR 72,58.7,FALSE,35,13.3,54
15024,BOG,CLO,06:30,Miércoles,300,Nublado,Baja,ATR 72,74.2,TRUE,41,5.1,46
19791,LIM,EZE,12:30,Sábado,3150,Despejado,Media,Boeing 777,94.3,FALSE,47,15.3,267
17840,BGA,MDE,15:15,Viernes,295,Nublado,Baja,Airbus A320,73.1,TRUE,48,17.7,50
14392,EZE,AEP,10:00,Jueves,35,Despejado,Alta,ATR 72,43.6,FALSE,8,25.5,41
21234,UIO,BOG,16:30,Domingo,730,Despejado,Media,Boeing 737,88.2,FALSE,14,15,76
24540,GRU,POA,08:45,Jueves,1110,Despejado,Baja,Boeing 737 MAX,77.8,FALSE,13,19.3,107
14640,ASU,EZE,07:45,Lunes,1050,Despejado,Media,Airbus A320neo,88.1,FALSE,25,5.9,101
21483,CLO,MDE,12:30,Sábado,265,Despejado,Baja,ATR 72,68.4,FALSE,25,26.3,58
22954,MAD,EZE,17:15,Lunes,10050,Nublado,Media,Airbus A330,51.5,TRUE,44,16.8,791
29975,GRU,SCL,12:30,Lunes,2620,Niebla,Baja,Boeing 757,65.9,TRUE,39,2.9,224
13275,BOG,UIO,07:00,Sábado,730,Despejado,Media,ATR 72,79.9,TRUE,34,12.9,89
24735,CTG,BOG,04:30,Viernes,135,Despejado,Media,Airbus A320,59.1,FALSE,41,23.8,34
19993,AMS,GRU,14:30,Martes,9850,Despejado,Media,Airbus A330,69.9,FALSE,21,6.4,776
16741,AEP,EZE,09:00,Sábado,35,Lluvia,Media,Airbus A320,60.3,FALSE,33,25.5,43
10258,MDE,CLO,07:15,Viernes,265,Despejado,Baja,Boeing 737,90.7,TRUE,9,20.8,67
22975,MAD,EZE,12:30,Miércoles,10050,Nublado,Baja,Boeing 777,48.1,FALSE,1,16.4,787
24688,PEI,MDE,11:15,Viernes,140,Despejado,Media,Embraer E190,90.9,FALSE,12,7.5,50
28644,PEI,BOG,03:00,Jueves,265,Despejado,Baja,Airbus A320,70.9,FALSE,26,20.5,39
29552,EZE,JFK,08:15,Lunes,8530,Despejado,Alta,Airbus A350,39.3,TRUE,33,21.8,661
18067,CWB,GRU,11:30,Domingo,410,Nublado,Media,Boeing 737,66.8,FALSE,7,17.7,62
23104,BAQ,BOG,14:30,Lunes,145,Niebla,Media,Embraer E190,50.9,TRUE,39,1.9,56
11769,JFK,EZE,05:30,Lunes,8530,Despejado,Media,Boeing 787,80.1,FALSE,28,19.5,674
27090,GRU,BSB,16:45,Domingo,870,Lluvia,Baja,Boeing 757,65.5,TRUE,47,5.5,91
15060,MIA,EZE,08:00,Domingo,7720,Nublado,Media,Boeing 787,87.5,FALSE,35,11.1,627
17093,TUC,EZE,15:15,Jueves,1230,Lluvia,Media,Embraer E195,42.4,FALSE,29,11.7,139
24603,UIO,EZE,07:45,Viernes,3900,Despejado,Baja,Airbus A350,57.3,FALSE,11,14.5,317
20312,LIM,PTY,14:00,Jueves,2970,Nublado,Baja,Embraer E195,86.4,TRUE,14,20.6,242
18802,BAQ,BOG,16:15,Lunes,145,Nublado,Media,Boeing 737,93.7,FALSE,39,11.7,48
20578,MDE,BAQ,14:15,Sábado,310,Despejado,Alta,Embraer E190,43.8,FALSE,49,6,60
29483,MDE,CTG,01:15,Miércoles,365,Despejado,Alta,Boeing 737,65.4,TRUE,4,5.1,58
10347,GRU,MAD,10:45,Sábado,9350,Despejado,Baja,Airbus A350,77.6,FALSE,11,17.9,744
15149,COR,EZE,08:15,Miércoles,695,Despejado,Baja,Embraer E190,73,FALSE,26,20.8,89
28009,GRU,BSB,18:30,Jueves,870,Lluvia,Media,Boeing 737 MAX,85.5,TRUE,43,10.8,93
15021,BGA,MDE,09:15,Martes,295,Despejado,Media,Embraer E190,73.5,FALSE,26,17.5,63
14345,MDE,MIA,07:30,Martes,2750,Nublado,Alta,Airbus A320neo,69.2,TRUE,20,29.5,247
22865,CCS,BOG,15:45,Viernes,1010,Despejado,Baja,Boeing 757,71.5,TRUE,12,25.9,95
16302,PTY,MDE,10:45,Jueves,715,Nublado,Baja,Boeing 737,81.9,FALSE,13,28.1,79
12982,JFK,PTY,08:45,Viernes,3520,Despejado,Media,Boeing 777,53.4,FALSE,33,11.7,297
12415,EZE,AEP,09:00,Martes,35,Nublado,Media,Embraer E190,66.1,TRUE,25,14.4,31
25598,EZE,ASU,07:15,Viernes,1050,Lluvia,Media,Boeing 757,51.5,FALSE,8,12.3,113
18798,MIA,BOG,14:15,Viernes,3160,Despejado,Media,Boeing 787,54.5,FALSE,21,10,281
27551,TUC,EZE,22:00,Miércoles,1230,Nublado,Media,Embraer E195,65.6,TRUE,7,9.7,132
19412,BOG,BGA,13:00,Miércoles,310,Despejado,Alta,Embraer E190,61.4,TRUE,14,5.2,66
16076,CLO,BOG,09:00,Domingo,300,Despejado,Alta,ATR 72,62.7,TRUE,24,7.7,52
13530,PEI,BOG,06:45,Domingo,265,Despejado,Baja,Embraer E190,62.4,FALSE,45,29.7,41
26523,MDE,BAQ,18:30,Martes,310,Tormenta,Baja,Boeing 737,66.5,FALSE,21,3,70
28440,EZE,ASU,15:30,Domingo,1050,Lluvia,Media,Boeing 757,53.5,FALSE,31,12.6,105
22580,EZE,COR,14:45,Domingo,695,Lluvia,Baja,ATR 72,72,FALSE,9,6.8,90
20291,BOG,PTY,14:30,Miércoles,650,Lluvia,Media,Embraer E190,73.3,FALSE,13,6.3,72
26752,EZE,MVD,13:30,Lunes,210,Niebla,Media,Embraer E190,51,FALSE,23,0.6,36
12066,BAQ,MDE,10:00,Miércoles,310,Tormenta,Baja,Embraer E190,37.1,TRUE,11,3.6,44
11705,BAQ,BOG,09:30,Jueves,145,Nublado,Alta,Boeing 737,42.1,TRUE,4,21.3,45
18142,AMS,GRU,14:00,Viernes,9850,Nublado,Media,Airbus A350,73.2,FALSE,12,11.6,767
12085,BAQ,BOG,08:45,Martes,145,Despejado,Baja,Embraer E190,79.6,TRUE,48,13.3,30
28812,PTY,IAH,05:45,Martes,2860,Despejado,Baja,Embraer E195,91.5,TRUE,19,14.1,255
10104,EZE,ASU,06:45,Jueves,1050,Nublado,Baja,Embraer E195,46.2,FALSE,49,20.5,121
27530,BOG,CCS,02:00,Martes,1010,Nublado,Baja,Embraer E195,73.1,FALSE,9,23,98
15381,GRU,SCL,06:45,Jueves,2620,Despejado,Alta,Embraer E195,44.6,FALSE,19,12.5,223
24207,ROS,EZE,13:00,Viernes,295,Niebla,Alta,Embraer E190,91.5,FALSE,5,2.3,62
11789,SCL,EZE,08:15,Martes,1140,Despejado,Media,Embraer E195,75.8,TRUE,47,18.3,111
28170,EZE,SCL,06:00,Jueves,1140,Despejado,Baja,Embraer E195,69.4,FALSE,1,18.5,128
25402,GRU,FLN,05:15,Jueves,690,Despejado,Baja,ATR 72,74.5,FALSE,18,26.2,93
14619,MVD,EZE,06:15,Lunes,210,Lluvia,Baja,ATR 72,34.1,FALSE,7,5.6,45
22585,LIM,PTY,13:30,Miércoles,2970,Despejado,Media,Boeing 757,63.7,FALSE,25,7.1,268
27497,ROS,EZE,12:30,Lunes,295,Nublado,Baja,ATR 72,67.4,FALSE,34,5.3,55
14190,MDE,GRU,09:45,Lunes,4180,Despejado,Alta,Boeing 787,68.1,TRUE,48,12,339
14000,BAQ,BOG,08:45,Lunes,145,Niebla,Media,Embraer E190,91.6,FALSE,4,0.8,49
22365,MVD,EZE,12:15,Domingo,210,Despejado,Alta,Boeing 737,95.6,FALSE,15,25.5,60
26095,BOG,PTY,10:30,Viernes,650,Despejado,Alta,ATR 72,37.9,FALSE,5,18.7,72
18324,POA,GRU,15:30,Martes,1110,Despejado,Baja,Airbus A320neo,67.7,FALSE,1,27.1,119
21733,MDE,UIO,14:45,Sábado,960,Lluvia,Media,Boeing 737 MAX,86.1,FALSE,2,24.2,114
13923,CLO,BOG,09:45,Domingo,300,Nublado,Alta,ATR 72,84.2,FALSE,25,18.8,58
21228,MDE,PTY,14:45,Domingo,715,Lluvia,Baja,ATR 72,70.6,TRUE,9,26.3,96
22533,EZE,MDZ,16:15,Domingo,1040,Nublado,Media,Embraer E195,92.2,FALSE,17,13,115
22087,FLN,GRU,16:30,Miércoles,690,Despejado,Media,Boeing 737,69.1,FALSE,46,26.7,94
13699,GRU,BSB,08:45,Domingo,870,Despejado,Baja,Embraer E195,93.9,FALSE,8,18.1,106
15278,SSA,GRU,07:45,Lunes,1940,Lluvia,Media,Boeing 737 MAX,63,FALSE,45,22.3,189
21799,EZE,MDZ,15:00,Martes,1040,Despejado,Media,Boeing 757,86.6,FALSE,4,24.7,114
10058,PTY,BOG,07:00,Domingo,650,Nublado,Alta,Airbus A320,70.6,FALSE,29,26.1,94
27725,EZE,BRC,21:45,Jueves,1650,Despejado,Alta,Boeing 737 MAX,52.5,TRUE,23,15.5,160
29122,GRU,SCL,02:15,Miércoles,2620,Despejado,Media,Embraer E195,76.2,FALSE,48,11.5,245
15514,EZE,MAD,09:15,Sábado,10050,Despejado,Baja,Airbus A350,53,FALSE,5,20,799
11490,POA,GRU,07:30,Martes,1110,Nublado,Alta,Boeing 757,26.7,TRUE,7,23.4,128
21626,SCL,GRU,18:45,Domingo,2620,Lluvia,Media,Embraer E195,71.9,FALSE,6,16.5,216
19438,CLT,PTY,17:30,Jueves,2890,Despejado,Alta,Boeing 737 MAX,64.4,TRUE,38,19.3,260
29884,MVD,EZE,21:45,Domingo,210,Despejado,Media,Airbus A320,77,FALSE,10,11.7,46
12468,BOG,BAQ,08:15,Sábado,145,Lluvia,Media,Embraer E190,85.5,TRUE,38,29.8,41
19743,ROS,EZE,14:15,Martes,295,Nublado,Baja,ATR 72,60.6,TRUE,46,26.9,53
17054,EZE,ROS,17:00,Jueves,295,Despejado,Media,Embraer E190,81,FALSE,17,18.3,58
12027,UIO,EZE,11:15,Lunes,3900,Niebla,Baja,Airbus A330,85.5,FALSE,37,0.4,317
12813,BOG,BGA,06:30,Jueves,310,Lluvia,Baja,Airbus A320,79.2,FALSE,37,14.9,52
20250,BOG,CCS,16:00,Martes,1010,Despejado,Media,Airbus A320neo,82.6,FALSE,21,28.2,103
24993,CLO,MDE,21:15,Miércoles,265,Despejado,Media,Boeing 737,46.4,TRUE,41,22,52
19017,JFK,MDE,16:30,Viernes,3560,Despejado,Media,Airbus A330,93.7,FALSE,41,10.7,296
22385,BOG,JFK,12:00,Domingo,3930,Nublado,Baja,Boeing 777,95.4,FALSE,44,26.3,316
18855,COR,EZE,15:00,Viernes,695,Despejado,Baja,Boeing 737,77.8,FALSE,14,5.2,74
24649,EZE,AEP,03:45,Jueves,35,Nublado,Baja,Airbus A320,90.4,FALSE,34,26.7,42
26527,BAQ,BOG,19:30,Jueves,145,Despejado,Media,Boeing 737,81,FALSE,4,12.5,46
21567,MDE,LIM,20:45,Martes,2100,Despejado,Media,Airbus A320neo,71.3,FALSE,14,24.1,190
26207,BAQ,MDE,21:45,Jueves,310,Nublado,Media,ATR 72,51.8,FALSE,32,29.7,44
27834,PTY,UIO,02:30,Miércoles,1420,Despejado,Baja,Boeing 757,64.8,TRUE,11,11.2,139
10380,EZE,NQN,07:30,Martes,1150,Despejado,Alta,Embraer E195,61.8,FALSE,31,15.3,119
26773,EZE,MIA,00:45,Sábado,7720,Nublado,Alta,Airbus A330,67.2,TRUE,3,19.9,602
11528,UIO,MDE,08:30,Sábado,960,Despejado,Baja,Airbus A320neo,67.3,TRUE,13,6.5,111
17899,BOG,PTY,15:30,Viernes,650,Nublado,Alta,ATR 72,61.6,FALSE,36,7,82
16562,IAH,PTY,05:30,Lunes,2860,Despejado,Media,Boeing 737 MAX,89.7,TRUE,38,20.4,240
12389,BAQ,BOG,09:30,Jueves,145,Despejado,Baja,Airbus A320,49.8,FALSE,36,12.3,47
19882,EZE,MVD,16:00,Sábado,210,Tormenta,Baja,Airbus A320,79.9,FALSE,43,2.6,37
16691,BOG,CCS,07:45,Jueves,1010,Despejado,Media,Embraer E195,72.7,FALSE,11,18.1,119
16921,AMS,GRU,07:15,Jueves,9850,Tormenta,Baja,Boeing 777,78.4,FALSE,7,4.1,759
29087,BOG,JFK,01:30,Sábado,3930,Nublado,Media,Airbus A330,94,TRUE,32,7.6,327
25577,BAQ,BOG,13:15,Miércoles,145,Despejado,Baja,ATR 72,48.4,FALSE,6,26.4,40
25468,MEX,PTY,22:30,Domingo,2280,Niebla,Media,Embraer E195,84.3,FALSE,41,2.2,203
20885,EZE,MDZ,17:45,Miércoles,1040,Tormenta,Baja,Embraer E195,81.1,FALSE,47,1.8,101
27810,GRU,GIG,11:30,Domingo,360,Tormenta,Media,Embraer E190,82.9,FALSE,47,3.3,74
18057,COR,EZE,14:45,Miércoles,695,Despejado,Baja,Airbus A320,90.9,FALSE,39,29.3,100
25685,AEP,EZE,14:00,Martes,35,Nublado,Alta,ATR 72,74.7,TRUE,19,17.5,47
22793,CCS,EZE,15:00,Miércoles,4300,Despejado,Baja,Airbus A330,91.9,TRUE,46,25.3,356
19290,EZE,TUC,14:00,Jueves,1230,Despejado,Alta,Embraer E195,90.8,FALSE,20,17.3,114
16594,CLT,PTY,05:00,Viernes,2890,Despejado,Baja,Boeing 737 MAX,48.6,TRUE,5,9.8,263
14784,EZE,BOG,08:15,Domingo,4650,Despejado,Baja,Airbus A350,77.7,FALSE,4,27.1,377
13426,BOG,JFK,06:45,Viernes,3930,Nublado,Media,Airbus A330,78.9,TRUE,25,26,323
10912,PEI,BOG,05:30,Lunes,265,Nublado,Baja,Boeing 737,72.3,TRUE,19,8.2,65
29507,MDE,PTY,20:00,Sábado,715,Lluvia,Media,ATR 72,48.8,TRUE,46,11,77
26325,MDE,PEI,06:45,Martes,140,Nublado,Baja,Boeing 737,66.2,FALSE,22,11.3,44
24845,GRU,CWB,18:15,Martes,410,Despejado,Media,Airbus A320,78.6,TRUE,41,16.6,52
21659,EZE,COR,15:15,Sábado,695,Lluvia,Media,Boeing 737,91.3,FALSE,33,15.1,94
25656,CTG,MDE,14:45,Sábado,365,Nublado,Baja,Airbus A320,87.3,FALSE,23,17.2,63
14985,GRU,MAD,06:15,Sábado,9350,Despejado,Media,Airbus A350,46.3,FALSE,21,10.8,742
13770,BGA,MDE,08:00,Martes,295,Despejado,Media,Embraer E190,91.3,TRUE,29,19.2,65
16089,CTG,BOG,07:45,Sábado,135,Despejado,Media,Boeing 737,76.6,FALSE,42,18.3,35
11982,PTY,SJO,08:30,Jueves,580,Despejado,Baja,Boeing 737,61.7,FALSE,7,10.2,66
16558,BAQ,BOG,07:30,Viernes,145,Lluvia,Media,Embraer E190,46.2,TRUE,13,12.8,46
26405,COR,EZE,01:15,Jueves,695,Niebla,Alta,ATR 72,73,TRUE,20,0.4,90
15762,GUA,PTY,06:15,Lunes,820,Despejado,Baja,Embraer E195,41.1,TRUE,49,13.6,105
24723,EZE,TUC,21:15,Martes,1230,Despejado,Media,Boeing 757,94.7,TRUE,8,12.8,124
15835,MDE,BAQ,08:30,Sábado,310,Niebla,Baja,Airbus A320,61.6,FALSE,24,1.9,60
17354,AEP,EZE,14:15,Sábado,35,Despejado,Media,Airbus A320,30.5,FALSE,32,20,31
17783,MDE,PEI,15:30,Viernes,140,Nublado,Media,Airbus A320,70.9,FALSE,2,19.5,43
13785,CLO,MDE,08:15,Lunes,265,Nublado,Baja,Airbus A320,92,FALSE,19,24,55
28627,GRU,MVD,22:00,Martes,1550,Despejado,Baja,Boeing 737 MAX,71.2,TRUE,13,25.8,147
24327,EZE,MDZ,10:00,Lunes,1040,Despejado,Baja,Boeing 737 MAX,75.1,TRUE,46,29,98
11536,EZE,COR,10:45,Domingo,695,Despejado,Media,Boeing 737,77,FALSE,48,12,80
23982,SCL,GRU,14:15,Domingo,2620,Lluvia,Alta,Airbus A320neo,88.8,FALSE,5,23,230
23594,LIM,MDE,12:15,Martes,2100,Despejado,Alta,Embraer E195,71.8,TRUE,13,25.4,206
15422,PTY,BOG,08:15,Viernes,650,Niebla,Baja,ATR 72,73,FALSE,19,0.4,81
20993,BOG,MAD,17:00,Martes,8680,Despejado,Media,Airbus A330,58.4,FALSE,32,5.9,682
15528,GRU,SSA,12:00,Sábado,1940,Lluvia,Baja,Boeing 757,44.1,TRUE,17,29.6,188
15184,BAQ,BOG,08:45,Domingo,145,Niebla,Media,Boeing 737,92.5,TRUE,19,0.5,40
12606,GRU,MVD,12:30,Domingo,1550,Niebla,Baja,Boeing 757,70.1,FALSE,12,1.2,162
18084,ROS,EZE,12:15,Miércoles,295,Nublado,Alta,ATR 72,86.3,TRUE,30,27.5,67
26410,GRU,BSB,22:00,Sábado,870,Niebla,Baja,Airbus A320neo,48.4,FALSE,15,1.5,86
17192,MIA,MDE,12:00,Viernes,2750,Lluvia,Baja,Embraer E195,66.8,FALSE,11,23.9,243
17538,CWB,GRU,18:45,Martes,410,Despejado,Baja,Embraer E190,27.8,FALSE,8,24.1,60
14521,GRU,GIG,08:15,Lunes,360,Nublado,Baja,Airbus A320,70,FALSE,5,29.3,63
17900,BOG,BGA,13:45,Martes,310,Nublado,Media,Airbus A320,79.6,FALSE,48,20.4,52
19967,LIM,GRU,12:45,Miércoles,3620,Despejado,Baja,Boeing 777,87.7,TRUE,40,9,295
18138,BRC,EZE,11:30,Jueves,1650,Despejado,Baja,Boeing 737 MAX,88.7,FALSE,4,21.6,156
29923,MAD,EZE,22:45,Jueves,10050,Niebla,Alta,Boeing 787,42.3,FALSE,2,0.9,776
27057,PEI,MDE,02:15,Martes,140,Nublado,Baja,ATR 72,86.7,TRUE,41,18,33
22241,EZE,MVD,14:15,Sábado,210,Nublado,Baja,Airbus A320,44.3,FALSE,40,23.5,43
14817,IGR,EZE,09:00,Viernes,1100,Nublado,Media,Airbus A320neo,84.8,TRUE,21,16.5,111
18482,SSA,GRU,14:30,Martes,1940,Despejado,Baja,Embraer E195,48.7,FALSE,18,9.9,189
25381,UIO,BOG,12:30,Miércoles,730,Despejado,Baja,Airbus A320,71.3,FALSE,32,28.8,83
13060,BGA,BOG,08:00,Miércoles,310,Despejado,Baja,ATR 72,62.7,FALSE,47,20,71
24960,COR,EZE,19:30,Jueves,695,Despejado,Media,ATR 72,96.7,FALSE,29,11.3,99
12449,EZE,IGR,10:00,Lunes,1100,Despejado,Baja,Embraer E195,76.4,FALSE,49,29.9,121
25923,BOG,BAQ,16:15,Lunes,145,Despejado,Media,Airbus A320,61.7,FALSE,13,27.6,48
25265,GRU,BOG,09:15,Sábado,3940,Nublado,Baja,Airbus A330,95.9,TRUE,14,22.2,332
10004,BOG,CTG,07:15,Jueves,135,Nublado,Media,Boeing 737,77.6,TRUE,10,21.2,34
26276,AEP,EZE,17:30,Miércoles,35,Despejado,Baja,Boeing 737,79.3,FALSE,12,17.7,36
22349,NQN,EZE,18:15,Viernes,1150,Lluvia,Alta,Boeing 737 MAX,97,FALSE,18,20.7,129
21067,EZE,GIG,16:45,Domingo,1970,Despejado,Baja,Airbus A320neo,61.8,TRUE,39,5.6,177
23906,PTY,SJO,09:15,Domingo,580,Niebla,Media,ATR 72,75.3,FALSE,21,1.9,85
25307,GRU,MEX,11:15,Jueves,7300,Nublado,Media,Boeing 777,56.1,TRUE,33,21.7,567
18643,MAD,EZE,12:15,Sábado,10050,Lluvia,Media,Boeing 777,90.6,TRUE,38,8.5,778
18724,MDE,PTY,14:15,Sábado,715,Despejado,Baja,Boeing 737,82.6,FALSE,28,8.2,101
10345,GRU,EZE,10:45,Miércoles,1760,Despejado,Alta,Boeing 757,67.3,FALSE,1,5.7,167
16189,PTY,JFK,07:15,Lunes,3520,Nublado,Baja,Boeing 787,68.3,TRUE,17,21.9,300
27242,BOG,MEX,19:15,Lunes,2700,Lluvia,Alta,Boeing 757,58,FALSE,33,28.6,241
21883,GRU,MVD,15:30,Viernes,1550,Nublado,Alta,Airbus A320neo,90.4,FALSE,31,6,163
28278,GRU,AMS,18:30,Lunes,9850,Despejado,Alta,Boeing 787,76.8,TRUE,5,17,766
22934,TUC,EZE,15:15,Viernes,1230,Despejado,Alta,Boeing 737 MAX,56.8,FALSE,45,29.5,121
13316,BOG,PTY,07:45,Domingo,650,Nublado,Media,Airbus A320,70.2,FALSE,29,22.1,69
29388,NQN,EZE,15:45,Miércoles,1150,Tormenta,Alta,Boeing 757,44.8,FALSE,33,0.7,115
15249,BRC,EZE,07:15,Martes,1650,Nublado,Baja,Airbus A320neo,43.6,FALSE,9,7.8,161
15382,PTY,BOG,06:45,Martes,650,Despejado,Media,ATR 72,89.2,FALSE,44,29.2,72
23709,EZE,AEP,12:45,Domingo,35,Lluvia,Baja,ATR 72,94,TRUE,14,26.4,40
10043,SSA,GRU,06:30,Viernes,1940,Nublado,Baja,Airbus A320neo,67.3,FALSE,30,20.8,189
23304,PEI,MDE,15:45,Sábado,140,Despejado,Media,ATR 72,75.8,FALSE,21,13.7,40
20260,MVD,EZE,14:30,Domingo,210,Nublado,Baja,Embraer E190,60.1,FALSE,10,28,48
10796,EZE,LIM,07:45,Sábado,3150,Nublado,Baja,Boeing 777,23.8,FALSE,41,7.6,265
20027,CWB,GRU,16:45,Lunes,410,Despejado,Media,Airbus A320,74.8,FALSE,17,5.6,71
24308,BAQ,BOG,15:30,Sábado,145,Despejado,Media,ATR 72,39.9,TRUE,49,15.9,59
12550,MDE,CLO,08:15,Sábado,265,Despejado,Media,Airbus A320,38.4,TRUE,7,27.8,52
24625,BAQ,MDE,13:30,Lunes,310,Lluvia,Baja,ATR 72,71.5,FALSE,16,20,63
23611,EZE,MDZ,14:00,Viernes,1040,Despejado,Media,Embraer E195,75.4,FALSE,15,19.1,116
17531,MDE,BGA,15:15,Viernes,295,Tormenta,Media,Embraer E190,30.1,FALSE,45,4.5,44
27461,PTY,SJO,11:15,Martes,580,Nublado,Media,ATR 72,88.5,TRUE,16,6.9,63
13101,PTY,EZE,06:45,Domingo,5100,Nublado,Baja,Airbus A350,92.3,FALSE,40,23.9,428
26817,MEX,PTY,01:45,Miércoles,2280,Despejado,Baja,Boeing 737 MAX,70,TRUE,11,23.2,192
21249,CCS,EZE,17:00,Martes,4300,Despejado,Media,Boeing 777,87.4,FALSE,39,21.5,358
23824,ROS,EZE,11:15,Martes,295,Tormenta,Media,Airbus A320,65,FALSE,38,4.5,63
10047,JFK,BOG,08:15,Domingo,3930,Niebla,Media,Airbus A330,61.4,TRUE,34,1.7,331
29829,MDE,BAQ,18:30,Jueves,310,Lluvia,Baja,Airbus A320,87.6,FALSE,14,16.4,49
29382,PTY,CCS,05:00,Domingo,1010,Despejado,Baja,Embraer E195,90.5,FALSE,25,5.6,122
14308,BOG,LIM,05:30,Domingo,1890,Lluvia,Media,Embraer E195,74.7,FALSE,25,13.4,173
26169,AEP,EZE,00:30,Viernes,35,Despejado,Media,Boeing 737,84.1,FALSE,33,28.2,27
14230,PTY,BOG,08:15,Lunes,650,Despejado,Baja,Boeing 737,74.4,FALSE,40,11.8,96
14915,MDE,BAQ,06:15,Viernes,310,Despejado,Baja,Airbus A320,71.7,FALSE,9,12,44
27628,GUA,PTY,03:45,Miércoles,820,Lluvia,Media,Boeing 737 MAX,76.3,FALSE,36,16.8,107
25911,EZE,NQN,08:30,Domingo,1150,Nublado,Baja,Embraer E195,94.2,FALSE,29,27.4,116
19890,GRU,CWB,17:00,Sábado,410,Nublado,Media,ATR 72,78.4,FALSE,35,24.2,57
25133,GRU,EZE,19:15,Jueves,1760,Lluvia,Baja,Airbus A320neo,56.4,FALSE,4,22.4,174
27813,ASU,EZE,02:30,Miércoles,1050,Despejado,Baja,Boeing 757,75.8,FALSE,7,12.1,123
18970,BSB,GRU,11:30,Martes,870,Despejado,Media,Embraer E195,80.1,TRUE,21,23.9,104
20463,PTY,BOG,15:30,Sábado,650,Nublado,Baja,ATR 72,64.5,FALSE,18,25.5,80
26786,TUC,EZE,15:45,Miércoles,1230,Despejado,Alta,Boeing 737 MAX,96.3,FALSE,6,21.8,118
15894,EZE,BRC,08:15,Viernes,1650,Niebla,Baja,Boeing 737 MAX,54.4,FALSE,3,2.8,152
15457,MIA,PTY,08:00,Miércoles,2200,Lluvia,Media,Boeing 757,70.4,FALSE,45,5.3,204
18301,GIG,EZE,12:15,Domingo,1970,Lluvia,Media,Boeing 737 MAX,65,TRUE,8,11.2,175
22398,SCL,EZE,10:15,Domingo,1140,Lluvia,Baja,Embraer E195,60.6,FALSE,10,5.2,127
12190,MDE,BOG,10:30,Jueves,235,Niebla,Media,Airbus A320,68.1,FALSE,23,1.8,39
17918,EZE,COR,15:45,Sábado,695,Lluvia,Baja,Boeing 737,63.8,TRUE,33,11.9,84
24144,BOG,MDE,18:00,Sábado,235,Nublado,Alta,ATR 72,47.2,TRUE,33,20.2,48
12603,BOG,MEX,06:45,Martes,2700,Nublado,Baja,Boeing 757,87.3,FALSE,30,19.9,245
26671,BOG,PTY,15:15,Lunes,650,Despejado,Media,Embraer E190,81.9,FALSE,20,27.9,72
19949,MAD,BOG,12:30,Miércoles,8680,Nublado,Media,Airbus A330,67.7,FALSE,4,12.9,674
20276,GIG,GRU,14:30,Sábado,360,Tormenta,Baja,ATR 72,75.5,TRUE,37,3.1,66
23771,CWB,GRU,16:30,Jueves,410,Tormenta,Baja,Boeing 737,56.9,FALSE,3,4,72
24893,GRU,BOG,19:15,Viernes,3940,Despejado,Alta,Boeing 787,58.7,TRUE,32,29.9,319
21694,IAH,PTY,13:30,Martes,2860,Despejado,Baja,Boeing 757,79.8,TRUE,27,16.9,257
19124,EZE,IGR,12:45,Domingo,1100,Lluvia,Baja,Embraer E195,46.1,FALSE,23,23.8,127
14984,BOG,BAQ,06:00,Jueves,145,Despejado,Baja,Airbus A320,59.4,FALSE,13,19.7,51
20181,BOG,LIM,13:15,Miércoles,1890,Despejado,Baja,Airbus A320neo,82.4,FALSE,25,19.8,187
25364,EZE,CCS,04:00,Domingo,4300,Nublado,Media,Airbus A330,63.4,TRUE,35,27.6,369
22615,EZE,COR,16:45,Jueves,695,Despejado,Media,Embraer E190,64.9,TRUE,36,5.5,73
17229,EZE,GRU,18:45,Sábado,1760,Lluvia,Baja,Airbus A320neo,29.2,FALSE,39,27.4,154
17884,AEP,EZE,11:00,Sábado,35,Tormenta,Media,Boeing 737,94.7,FALSE,49,1.7,30
23485,IAH,PTY,18:30,Domingo,2860,Lluvia,Baja,Embraer E195,72.5,FALSE,41,17.4,234
29051,EZE,ASU,22:45,Lunes,1050,Nublado,Baja,Boeing 737 MAX,46.1,FALSE,1,13.8,108
29035,MDE,MIA,07:00,Martes,2750,Nublado,Baja,Airbus A320neo,88.6,FALSE,6,15.9,248
27914,BAQ,MDE,04:45,Domingo,310,Tormenta,Media,ATR 72,81.3,FALSE,28,3.5,68
12504,SJO,PTY,08:45,Miércoles,580,Despejado,Media,ATR 72,76.8,FALSE,9,6.8,82
29392,MIA,EZE,08:15,Jueves,7720,Nublado,Baja,Airbus A330,84.4,FALSE,44,8,606
14631,GRU,POA,06:00,Viernes,1110,Despejado,Baja,Boeing 737 MAX,73.4,TRUE,39,28,104
11511,IGR,EZE,07:30,Jueves,1100,Despejado,Baja,Boeing 737 MAX,93.9,FALSE,4,15.3,104
16286,MVD,EZE,11:45,Lunes,210,Despejado,Alta,Embraer E190,72.6,TRUE,42,5.6,46
25443,MDE,PEI,00:15,Viernes,140,Despejado,Media,Boeing 737,86.7,FALSE,27,29.2,37
28531,CCS,PTY,14:30,Jueves,1010,Lluvia,Baja,Boeing 737 MAX,53.5,TRUE,6,27.2,113
24836,EZE,TUC,02:15,Viernes,1230,Niebla,Baja,Boeing 757,87.2,FALSE,23,0.8,117
23302,EZE,NQN,10:15,Sábado,1150,Despejado,Media,Airbus A320neo,26.9,FALSE,10,20.7,107
22755,EZE,GRU,14:00,Lunes,1760,Nublado,Media,Airbus A320neo,60.7,FALSE,5,5.9,175
28744,EZE,MAD,04:00,Miércoles,10050,Despejado,Alta,Boeing 777,79.1,FALSE,21,12.8,794
29895,GRU,BSB,10:15,Miércoles,870,Lluvia,Alta,Embraer E195,56.3,FALSE,37,22.1,105
11902,BOG,BAQ,10:15,Lunes,145,Nublado,Media,Embraer E190,64.3,TRUE,22,6.2,47
10709,BOG,MEX,07:30,Lunes,2700,Despejado,Alta,Embraer E195,80.5,TRUE,6,22.9,233
26125,BOG,BGA,18:00,Domingo,310,Nublado,Baja,ATR 72,76.7,FALSE,4,7.4,49
15237,PTY,MEX,08:15,Viernes,2280,Despejado,Media,Boeing 737 MAX,67.1,TRUE,12,9.1,207
12496,MDE,UIO,08:00,Domingo,960,Despejado,Media,Boeing 757,59.9,FALSE,3,27.7,94
10689,EZE,LIM,07:45,Domingo,3150,Despejado,Alta,Boeing 787,48.2,TRUE,10,14.2,269
14451,EZE,TUC,07:30,Viernes,1230,Lluvia,Baja,Embraer E195,67.5,TRUE,4,23.6,136
13185,EZE,COR,09:15,Lunes,695,Despejado,Baja,Embraer E190,69.6,FALSE,49,17.5,90
21488,PTY,CLT,16:00,Sábado,2890,Niebla,Baja,Boeing 737 MAX,81.8,TRUE,17,0.7,265
23650,UIO,PTY,14:00,Lunes,1420,Lluvia,Baja,Embraer E195,83,FALSE,19,23.3,135
20586,BOG,CLO,12:15,Lunes,300,Nublado,Baja,Boeing 737,78.6,FALSE,5,15.2,45
12572,EZE,TUC,08:15,Domingo,1230,Niebla,Baja,Embraer E195,56.2,FALSE,11,2.8,131
22660,UIO,PTY,10:30,Jueves,1420,Tormenta,Media,Embraer E195,44.2,FALSE,38,2.1,151
17732,COR,EZE,15:00,Domingo,695,Despejado,Media,ATR 72,87.7,TRUE,46,27.4,77
18510,SCL,EZE,15:15,Miércoles,1140,Despejado,Alta,Boeing 757,70.2,FALSE,16,24.3,113
20530,BOG,CTG,17:15,Viernes,135,Niebla,Baja,ATR 72,36.6,FALSE,4,0.7,30
17150,LIM,EZE,16:00,Domingo,3150,Tormenta,Media,Airbus A330,69.9,TRUE,37,2.9,274
27235,PEI,BOG,00:45,Jueves,265,Despejado,Media,Airbus A320,81.8,FALSE,8,9.2,61
18181,PTY,MIA,12:15,Sábado,2200,Despejado,Baja,Boeing 737 MAX,77.6,FALSE,25,16.3,206
29134,GRU,MVD,01:45,Domingo,1550,Lluvia,Media,Boeing 737 MAX,82.8,FALSE,4,8.6,142
21774,PTY,LIM,17:45,Sábado,2970,Nublado,Media,Boeing 737 MAX,49.1,FALSE,7,19.4,245
14337,EZE,TUC,08:00,Lunes,1230,Tormenta,Alta,Embraer E195,79.6,FALSE,38,0.6,118
11431,EZE,SCL,08:15,Viernes,1140,Lluvia,Media,Boeing 757,45.1,FALSE,43,23.1,130
21616,AEP,EZE,15:45,Sábado,35,Nublado,Media,Embraer E190,65.4,FALSE,48,19.1,46
26172,EZE,AEP,20:30,Lunes,35,Nublado,Baja,Embraer E190,61.5,FALSE,29,25.8,31
15538,BOG,BAQ,08:15,Domingo,145,Despejado,Alta,Boeing 737,68,FALSE,43,16.2,30
26827,EZE,GRU,13:00,Sábado,1760,Niebla,Media,Airbus A320neo,86.7,TRUE,36,2.7,160
17232,MVD,EZE,17:45,Miércoles,210,Lluvia,Media,Boeing 737,57.4,TRUE,35,9.1,47
29236,CWB,GRU,04:30,Martes,410,Nublado,Alta,Airbus A320,61.9,TRUE,14,6.1,75
12271,GRU,SSA,09:15,Miércoles,1940,Despejado,Baja,Embraer E195,79.1,TRUE,23,13.7,192
15901,JFK,MDE,05:45,Miércoles,3560,Despejado,Baja,Boeing 777,85.9,TRUE,20,21.4,300
13508,PTY,LIM,08:45,Lunes,2970,Despejado,Baja,Airbus A320neo,80.3,FALSE,27,18.9,264
26886,BAQ,BOG,09:15,Sábado,145,Nublado,Baja,Airbus A320,69.7,FALSE,14,11.7,56
28146,CTG,MDE,04:30,Jueves,365,Despejado,Baja,Boeing 737,75.7,FALSE,19,17.1,59
24160,IGR,EZE,05:45,Jueves,1100,Despejado,Media,Boeing 757,25.8,FALSE,8,12.9,123
24094,CLO,BOG,14:30,Sábado,300,Niebla,Baja,Boeing 737,84.4,FALSE,1,2.6,64
23584,COR,EZE,18:00,Jueves,695,Tormenta,Baja,Airbus A320,66.5,FALSE,25,1.7,101
13172,MEX,GRU,06:00,Jueves,7300,Despejado,Media,Boeing 777,88.3,TRUE,16,11.8,585
13887,EZE,MVD,09:15,Sábado,210,Lluvia,Baja,Embraer E190,75.1,FALSE,27,5.5,49
20329,IAH,PTY,16:15,Sábado,2860,Lluvia,Baja,Boeing 757,92.4,FALSE,25,19.6,259
28297,GRU,GIG,20:45,Domingo,360,Tormenta,Alta,ATR 72,69.7,FALSE,38,3.2,72
14756,AEP,EZE,09:00,Lunes,35,Lluvia,Media,ATR 72,78.9,FALSE,4,5.2,40
28356,GIG,GRU,06:00,Viernes,360,Nublado,Baja,Embraer E190,65.5,FALSE,17,5.2,55
22506,BOG,UIO,12:00,Viernes,730,Despejado,Media,Airbus A320,69.5,FALSE,13,24.9,101
20245,CTG,BOG,14:45,Miércoles,135,Nublado,Baja,Embraer E190,85.2,TRUE,22,8.1,31
19735,BAQ,BOG,12:00,Jueves,145,Despejado,Baja,Boeing 737,90.1,TRUE,46,9.2,58
17366,BOG,BAQ,17:15,Sábado,145,Niebla,Alta,Embraer E190,67.8,FALSE,31,1.2,59
22494,JFK,PTY,15:00,Miércoles,3520,Despejado,Baja,Boeing 787,86.8,TRUE,42,19.2,303
26556,EZE,AEP,09:15,Domingo,35,Lluvia,Baja,ATR 72,66,FALSE,11,18.1,34
15785,PEI,MDE,07:00,Martes,140,Despejado,Alta,ATR 72,55.4,FALSE,11,26,40
27294,CWB,GRU,02:00,Viernes,410,Nublado,Baja,ATR 72,66.5,TRUE,22,10,53
23100,EZE,AEP,13:00,Sábado,35,Nublado,Baja,Embraer E190,61,FALSE,20,18,27
19381,EZE,AEP,19:45,Jueves,35,Nublado,Baja,Boeing 737,84.9,FALSE,42,23.8,33
22400,EZE,IGR,15:15,Domingo,1100,Despejado,Media,Embraer E195,87.1,FALSE,20,14.9,130
24887,GRU,PTY,08:15,Martes,4630,Tormenta,Media,Boeing 787,60.7,TRUE,4,2,373
22860,PTY,JFK,15:15,Sábado,3520,Nublado,Baja,Airbus A330,68.9,FALSE,47,11.4,284
24797,BGA,BOG,07:15,Martes,310,Niebla,Media,Airbus A320,90.8,FALSE,11,2.7,51
15599,BOG,BAQ,08:30,Martes,145,Nublado,Alta,ATR 72,93.1,FALSE,16,12.8,48
19053,SJO,PTY,11:30,Martes,580,Tormenta,Media,ATR 72,73.4,FALSE,24,3.2,71
25325,PTY,JFK,09:15,Miércoles,3520,Despejado,Baja,Airbus A330,62.6,TRUE,19,24.6,304
18953,ROS,EZE,13:45,Miércoles,295,Despejado,Baja,Embraer E190,75.3,FALSE,39,13.6,54
15801,CCS,EZE,08:30,Jueves,4300,Despejado,Baja,Boeing 777,76.4,FALSE,17,13.3,348
16085,EZE,MIA,09:00,Viernes,7720,Despejado,Baja,Boeing 777,79.1,TRUE,35,5.9,600
28020,MIA,EZE,08:00,Lunes,7720,Niebla,Media,Boeing 787,55.4,FALSE,1,2.3,606
25343,BOG,MAD,11:15,Viernes,8680,Nublado,Alta,Airbus A350,66.3,TRUE,4,16.8,699
29001,TUC,EZE,12:15,Viernes,1230,Tormenta,Baja,Boeing 737 MAX,66.3,FALSE,29,2,120
26533,PTY,JFK,22:15,Jueves,3520,Lluvia,Baja,Boeing 787,70.1,FALSE,28,26.5,306
17878,FLN,GRU,15:15,Domingo,690,Despejado,Media,Embraer E190,75.3,TRUE,44,19.3,81
12278,JFK,PTY,06:00,Viernes,3520,Nublado,Alta,Airbus A330,84.2,FALSE,21,20.8,304
16429,GRU,LIM,07:00,Domingo,3620,Nublado,Baja,Boeing 787,73.2,FALSE,37,6.1,312
18247,MVD,EZE,15:30,Viernes,210,Lluvia,Baja,ATR 72,76.9,FALSE,2,9.6,42
27623,MDE,CLO,20:30,Domingo,265,Nublado,Baja,Airbus A320,87.8,FALSE,33,16.5,42
14372,GRU,MVD,08:00,Lunes,1550,Niebla,Baja,Boeing 757,66.2,FALSE,8,2.9,150
16960,BOG,BAQ,07:00,Lunes,145,Despejado,Baja,Airbus A320,75.8,FALSE,22,12.6,38
19566,BOG,CLO,14:15,Sábado,300,Despejado,Baja,Embraer E190,57.4,TRUE,29,23,44
17090,GUA,PTY,17:15,Sábado,820,Lluvia,Baja,Embraer E195,64.5,FALSE,36,25,108
19902,CLO,MDE,15:15,Miércoles,265,Lluvia,Baja,Airbus A320,74.3,TRUE,2,25.3,48
16830,PTY,JFK,05:45,Sábado,3520,Niebla,Baja,Boeing 777,80.3,FALSE,27,1,298
11163,MIA,BOG,06:00,Sábado,3160,Lluvia,Baja,Boeing 787,87.7,FALSE,5,24.7,278
12865,MIA,BOG,06:45,Martes,3160,Despejado,Alta,Boeing 787,44,TRUE,31,18.7,286
27035,MAD,BOG,04:45,Miércoles,8680,Nublado,Media,Airbus A330,67.4,TRUE,24,5.2,675
19619,CCS,EZE,12:15,Domingo,4300,Despejado,Media,Boeing 787,71.9,FALSE,18,26.1,345
23161,BOG,UIO,14:30,Miércoles,730,Despejado,Media,Airbus A320,59.8,FALSE,26,8.7,97
17553,BOG,MDE,16:00,Domingo,235,Despejado,Media,Embraer E190,81.8,FALSE,37,10.5,65
17748,PEI,MDE,13:30,Domingo,140,Niebla,Media,ATR 72,92.5,FALSE,2,1.2,42
23541,FLN,GRU,13:45,Viernes,690,Nublado,Alta,Airbus A320,85.7,FALSE,11,14.4,76
24813,EZE,SCL,22:15,Domingo,1140,Nublado,Media,Airbus A320neo,87,TRUE,18,16.4,123
20203,BGA,MDE,15:30,Martes,295,Tormenta,Alta,Boeing 737,30.7,FALSE,42,3.7,46
21061,GUA,PTY,17:30,Sábado,820,Nublado,Media,Boeing 737 MAX,89.9,FALSE,39,7,102
25324,BAQ,MDE,00:45,Jueves,310,Despejado,Baja,Boeing 737,82.7,FALSE,37,19.9,47
28452,GIG,GRU,14:45,Sábado,360,Nublado,Baja,ATR 72,82.4,TRUE,18,13.1,71
16988,EZE,ROS,06:00,Viernes,295,Tormenta,Alta,Boeing 737,61.1,TRUE,1,2.4,54
28875,MDE,BAQ,20:45,Sábado,310,Lluvia,Baja,Embraer E190,72.6,FALSE,41,16.4,68
11356,IAH,PTY,08:00,Lunes,2860,Despejado,Media,Airbus A320neo,73.8,FALSE,35,6.4,247
23909,BGA,BOG,10:30,Jueves,310,Lluvia,Baja,Embraer E190,70,FALSE,22,8.1,54
18817,MDE,UIO,13:00,Miércoles,960,Lluvia,Media,Airbus A320neo,81.8,FALSE,30,26.1,104
17168,EZE,GRU,18:45,Viernes,1760,Lluvia,Baja,Embraer E195,72.6,FALSE,49,28,165
28464,BOG,LIM,10:45,Sábado,1890,Niebla,Baja,Boeing 737 MAX,52.8,TRUE,14,0.9,179
18311,BOG,MDE,16:15,Domingo,235,Nublado,Alta,ATR 72,58.9,FALSE,37,29.7,39
18350,SCL,EZE,18:30,Miércoles,1140,Niebla,Media,Boeing 757,79.3,TRUE,15,2.3,119
26612,MIA,MDE,03:15,Lunes,2750,Despejado,Alta,Airbus A320neo,62.5,TRUE,2,17.8,244
22789,EZE,GRU,16:15,Lunes,1760,Despejado,Alta,Airbus A320neo,55.8,FALSE,28,27.8,152
19003,SCL,GRU,14:30,Jueves,2620,Despejado,Media,Airbus A320neo,88.3,FALSE,43,20.5,225
13902,GIG,EZE,05:45,Lunes,1970,Despejado,Baja,Embraer E195,29.7,FALSE,45,20.1,195
20766,MDZ,EZE,13:30,Sábado,1040,Lluvia,Alta,Boeing 737 MAX,76.9,TRUE,45,24.2,120
15815,PTY,EZE,07:15,Jueves,5100,Despejado,Alta,Airbus A330,56.2,FALSE,26,28.1,415
16221,PEI,BOG,08:30,Sábado,265,Nublado,Media,Embraer E190,75.8,FALSE,49,16.6,48
10564,BOG,UIO,10:00,Domingo,730,Lluvia,Alta,Embraer E190,73.9,FALSE,45,29.8,75
17299,GIG,EZE,14:00,Sábado,1970,Despejado,Media,Embraer E195,67.6,FALSE,11,17.3,193
26067,BAQ,BOG,11:15,Miércoles,145,Lluvia,Baja,Embraer E190,62.9,FALSE,16,26.2,45
22592,BOG,JFK,16:45,Martes,3930,Despejado,Media,Boeing 777,74.7,FALSE,33,13.4,315
22390,BOG,EZE,18:30,Jueves,4650,Despejado,Baja,Boeing 777,76.8,TRUE,7,12.2,394
23583,PTY,CLT,15:45,Martes,2890,Nublado,Baja,Boeing 737 MAX,74.1,FALSE,29,27.6,239
12560,JFK,GRU,09:30,Sábado,7680,Nublado,Media,Boeing 777,60.8,FALSE,41,20.9,612
17200,EZE,COR,18:15,Viernes,695,Lluvia,Media,Airbus A320,53.9,FALSE,36,26.9,88
21597,MDE,BGA,15:00,Viernes,295,Nublado,Media,ATR 72,63,TRUE,17,20.5,57
10827,MAD,EZE,07:30,Miércoles,10050,Lluvia,Baja,Boeing 787,29.7,FALSE,19,29.1,801
15946,COR,EZE,09:00,Miércoles,695,Despejado,Media,ATR 72,77.2,TRUE,30,21.5,81
18824,IAH,PTY,13:00,Sábado,2860,Niebla,Alta,Airbus A320neo,78.5,FALSE,34,0.9,256
26009,EZE,ROS,11:15,Lunes,295,Nublado,Media,Airbus A320,58.2,TRUE,39,14.6,61
21542,POA,GRU,14:15,Sábado,1110,Despejado,Alta,Airbus A320neo,65.5,FALSE,31,7.3,117
24812,ASU,EZE,18:00,Sábado,1050,Lluvia,Alta,Boeing 757,64.8,FALSE,5,29.3,122
10291,GRU,PTY,10:45,Miércoles,4630,Nublado,Alta,Boeing 777,72.4,TRUE,22,22.6,384
14769,BOG,MDE,05:30,Jueves,235,Despejado,Baja,ATR 72,77.4,TRUE,8,17.5,40
16673,EZE,AEP,09:15,Martes,35,Niebla,Media,ATR 72,87.1,TRUE,39,0.9,50
15655,EZE,MVD,07:00,Lunes,210,Despejado,Media,Airbus A320,88.8,FALSE,7,7.1,55
13927,GUA,PTY,08:00,Martes,820,Despejado,Media,Boeing 757,75.5,FALSE,24,5.3,89
21627,EZE,GRU,15:30,Martes,1760,Niebla,Baja,Boeing 757,82.6,FALSE,10,1.2,180
17223,EZE,MIA,14:15,Miércoles,7720,Despejado,Baja,Boeing 787,74.3,FALSE,43,15.8,607
26090,GRU,FLN,03:45,Lunes,690,Despejado,Baja,Embraer E190,87.4,FALSE,8,6.9,74
12899,EZE,GRU,07:15,Miércoles,1760,Nublado,Baja,Airbus A320neo,73.3,TRUE,35,24.5,154
23617,CCS,BOG,16:00,Sábado,1010,Nublado,Baja,Boeing 757,83.9,FALSE,26,17.1,101
17584,JFK,BOG,14:00,Sábado,3930,Lluvia,Media,Airbus A350,80.5,FALSE,25,21.9,320
24458,BOG,CLO,02:45,Lunes,300,Despejado,Media,ATR 72,88,TRUE,23,17.1,57
10641,EZE,LIM,06:15,Miércoles,3150,Nublado,Media,Boeing 787,47.7,TRUE,25,19,260
22832,BGA,MDE,17:30,Sábado,295,Nublado,Media,Airbus A320,49.4,TRUE,33,23.8,43
26723,CTG,MDE,20:30,Lunes,365,Nublado,Baja,Embraer E190,95.6,TRUE,26,16,51
29896,BOG,BGA,09:30,Jueves,310,Despejado,Media,Airbus A320,46.9,TRUE,5,27.6,62
22746,MDE,LIM,13:00,Martes,2100,Nublado,Baja,Boeing 737 MAX,50.2,TRUE,17,8.5,179
10483,LIM,PTY,07:00,Martes,2970,Nublado,Media,Embraer E195,47.2,FALSE,39,6.8,248
16092,PEI,MDE,06:15,Viernes,140,Lluvia,Baja,Airbus A320,71.1,FALSE,48,28.4,54
17291,MDE,PTY,16:00,Miércoles,715,Nublado,Alta,Boeing 737,89.5,FALSE,25,19.6,93
22953,BOG,GRU,15:15,Sábado,3940,Nublado,Media,Boeing 787,70.2,FALSE,36,6.4,320
27595,MDE,LIM,02:30,Sábado,2100,Despejado,Media,Airbus A320neo,54.2,FALSE,11,6.5,193
20129,MDE,MIA,16:00,Domingo,2750,Despejado,Alta,Airbus A320neo,93.8,TRUE,23,25.7,237
29471,BOG,UIO,05:45,Sábado,730,Despejado,Baja,Boeing 737,65.1,FALSE,23,14.7,101
29836,COR,EZE,15:45,Lunes,695,Tormenta,Baja,Boeing 737,83.3,TRUE,25,0.8,94
13979,CCS,PTY,08:45,Martes,1010,Nublado,Alta,Airbus A320neo,91.1,FALSE,19,24.3,123
16422,EZE,MAD,07:15,Viernes,10050,Despejado,Baja,Airbus A330,66.7,FALSE,17,20.2,792
13376,EZE,CCS,08:45,Miércoles,4300,Despejado,Media,Boeing 777,69.5,TRUE,48,5.2,359
23610,MDE,JFK,16:00,Domingo,3560,Despejado,Media,Airbus A350,34.5,TRUE,27,10.8,316
26925,PTY,MEX,17:45,Lunes,2280,Despejado,Alta,Boeing 757,70.2,TRUE,5,6.4,197
14780,PTY,MDE,08:15,Miércoles,715,Nublado,Media,Airbus A320,80.2,FALSE,5,13.7,87
16933,PTY,GUA,05:00,Domingo,820,Niebla,Baja,Boeing 737 MAX,80,FALSE,25,2.3,109
27687,CLO,MDE,21:45,Viernes,265,Despejado,Media,Airbus A320,88.2,FALSE,8,18.8,68
27026,IGR,EZE,16:15,Sábado,1100,Lluvia,Baja,Embraer E195,89.6,TRUE,35,8.2,130
12623,BAQ,BOG,06:30,Jueves,145,Despejado,Media,Embraer E190,60.6,TRUE,33,21.7,53
21929,AEP,EZE,15:45,Martes,35,Lluvia,Alta,Embraer E190,86.2,TRUE,14,16.6,42
28086,FLN,GRU,12:15,Domingo,690,Lluvia,Alta,Airbus A320,83.1,TRUE,49,24.1,96
28731,PTY,MIA,19:45,Domingo,2200,Nublado,Alta,Airbus A320neo,39.2,FALSE,17,26.5,189
14581,SJO,PTY,07:15,Martes,580,Despejado,Media,Boeing 737,67.2,FALSE,43,11.3,90
25096,FLN,GRU,18:15,Jueves,690,Nublado,Baja,Boeing 737,77.9,FALSE,19,18.8,93
22316,PTY,SJO,14:30,Sábado,580,Despejado,Alta,Airbus A320,65.6,FALSE,44,12.3,90
22472,PTY,GRU,15:00,Jueves,4630,Despejado,Baja,Airbus A330,87.2,TRUE,14,20.3,383
19203,PTY,CCS,17:30,Martes,1010,Despejado,Alta,Airbus A320neo,60,FALSE,41,28.3,124
26205,EZE,MAD,04:45,Martes,10050,Despejado,Media,Airbus A330,62.6,FALSE,20,25.6,784
16464,LIM,PTY,06:30,Domingo,2970,Despejado,Baja,Airbus A320neo,61.6,TRUE,10,9.7,266
21711,CCS,PTY,13:15,Sábado,1010,Despejado,Media,Boeing 737 MAX,72.8,FALSE,13,29.5,96
11154,MDE,BOG,07:30,Martes,235,Despejado,Baja,Airbus A320,66.6,TRUE,27,20.9,38
26497,SCL,EZE,14:15,Viernes,1140,Tormenta,Alta,Boeing 757,87.5,FALSE,36,0.7,117
19927,CTG,BOG,14:30,Jueves,135,Despejado,Baja,Airbus A320,82.6,TRUE,35,28.8,40
27966,BOG,UIO,16:45,Sábado,730,Despejado,Baja,Embraer E190,80.2,FALSE,36,27.6,87
26970,PTY,BOG,00:45,Sábado,650,Despejado,Media,Airbus A320,88.3,FALSE,32,18.6,76
26829,MDE,CTG,06:45,Jueves,365,Tormenta,Baja,Boeing 737,94.2,FALSE,49,3.3,55
21904,GRU,MVD,16:45,Martes,1550,Niebla,Media,Boeing 757,73.2,FALSE,48,1.2,164
19202,SJO,PTY,18:30,Jueves,580,Despejado,Media,Airbus A320,48.6,FALSE,5,9.4,66
27671,EZE,MAD,13:00,Sábado,10050,Nublado,Baja,Airbus A350,68.4,TRUE,31,15.3,793
15636,GRU,GIG,08:30,Viernes,360,Tormenta,Alta,Boeing 737,98,FALSE,47,3.2,65
14881,SSA,GRU,08:15,Sábado,1940,Despejado,Baja,Embraer E195,77.8,FALSE,10,8.2,181
24659,MDE,PTY,03:30,Martes,715,Nublado,Alta,Airbus A320,60.5,TRUE,35,22.1,98
14025,EZE,SCL,11:30,Miércoles,1140,Despejado,Baja,Boeing 757,79.7,TRUE,10,18,129
17201,GRU,SSA,14:00,Viernes,1940,Lluvia,Media,Airbus A320neo,50.3,FALSE,45,8.5,177
18188,MVD,EZE,18:30,Miércoles,210,Despejado,Alta,ATR 72,47.3,TRUE,9,27.5,40
14511,PEI,BOG,09:30,Sábado,265,Niebla,Baja,Embraer E190,58.5,FALSE,47,0.4,42
14073,EZE,COR,05:45,Martes,695,Despejado,Media,ATR 72,94.4,TRUE,4,6.1,87
21025,MDE,UIO,15:45,Sábado,960,Despejado,Baja,Boeing 757,73.6,FALSE,14,8.3,117
28865,MEX,PTY,12:45,Miércoles,2280,Despejado,Media,Boeing 737 MAX,53.8,FALSE,32,19.4,215
27225,GRU,EZE,14:30,Domingo,1760,Despejado,Media,Airbus A320neo,68.1,FALSE,11,9.3,169
29661,GRU,JFK,12:30,Domingo,7680,Despejado,Baja,Airbus A330,68.1,TRUE,45,5.1,601
27064,MDE,BAQ,22:30,Martes,310,Despejado,Baja,Embraer E190,81.1,TRUE,23,9.5,49
10853,PTY,CCS,07:15,Sábado,1010,Tormenta,Alta,Boeing 757,84.6,FALSE,26,3,98
10468,EZE,ASU,09:00,Martes,1050,Nublado,Alta,Embraer E195,80,FALSE,40,17.6,112
16663,CCS,PTY,09:00,Domingo,1010,Lluvia,Alta,Boeing 737 MAX,92.3,FALSE,42,22,100
22326,AEP,EZE,13:45,Jueves,35,Lluvia,Baja,ATR 72,38.4,FALSE,4,18.6,26
26819,MIA,BOG,09:00,Miércoles,3160,Despejado,Baja,Boeing 777,65.5,FALSE,17,25.1,275
20498,MAD,BOG,16:15,Miércoles,8680,Nublado,Media,Airbus A330,83.2,TRUE,41,14.3,678
26755,BOG,EZE,05:00,Viernes,4650,Niebla,Baja,Airbus A330,83.4,TRUE,21,1.8,381
29972,GRU,POA,22:45,Sábado,1110,Despejado,Alta,Boeing 757,79,FALSE,33,11.4,108
21496,BOG,JFK,12:15,Miércoles,3930,Lluvia,Baja,Boeing 787,58.9,FALSE,12,5.9,322
20733,CLO,BOG,18:45,Jueves,300,Lluvia,Media,ATR 72,64.7,TRUE,44,19.7,60
10737,GUA,PTY,09:15,Martes,820,Nublado,Baja,Boeing 737 MAX,76.4,TRUE,27,25.7,102
18137,BGA,MDE,14:15,Jueves,295,Nublado,Alta,Airbus A320,68.7,FALSE,30,11.5,56
21124,ROS,EZE,12:30,Lunes,295,Tormenta,Media,Airbus A320,55.9,FALSE,13,1,42
21794,LIM,GRU,15:30,Viernes,3620,Niebla,Alta,Boeing 777,71.3,FALSE,33,2.5,295
22091,CCS,PTY,14:15,Sábado,1010,Tormenta,Media,Boeing 757,66.3,FALSE,27,2.9,118
21508,LIM,BOG,14:30,Viernes,1890,Nublado,Baja,Embraer E195,91.6,FALSE,14,14.7,175
10451,SCL,EZE,07:00,Miércoles,1140,Despejado,Media,Embraer E195,95.4,TRUE,31,26.6,133
20947,PTY,EZE,13:30,Miércoles,5100,Despejado,Baja,Boeing 777,77.2,FALSE,40,25.7,412
17015,JFK,GRU,10:15,Lunes,7680,Lluvia,Media,Boeing 777,82.7,FALSE,37,6.3,606
12458,BOG,PEI,07:30,Jueves,265,Tormenta,Media,ATR 72,90.9,FALSE,16,3.4,53
16864,MDE,CLO,09:30,Domingo,265,Despejado,Media,Embraer E190,58.9,FALSE,12,5.9,50
25425,BSB,GRU,19:15,Jueves,870,Despejado,Media,Airbus A320neo,76.3,FALSE,40,29.6,97
27991,EZE,AEP,18:00,Miércoles,35,Lluvia,Baja,ATR 72,66.1,TRUE,30,13.6,36
12393,EZE,GRU,05:15,Martes,1760,Nublado,Baja,Boeing 737 MAX,43.5,TRUE,48,17.9,163
25781,MDE,MIA,18:30,Domingo,2750,Nublado,Baja,Airbus A320neo,80.2,FALSE,22,6.9,240
18723,EZE,MDZ,17:45,Martes,1040,Despejado,Baja,Boeing 737 MAX,76.3,FALSE,19,10.5,123
22093,EZE,AEP,13:30,Jueves,35,Lluvia,Media,Embraer E190,72.9,FALSE,22,25.1,31
14837,COR,EZE,07:00,Lunes,695,Despejado,Media,Airbus A320,61.5,FALSE,43,11,80
11145,PTY,GRU,09:30,Sábado,4630,Nublado,Alta,Airbus A330,80.5,TRUE,46,14.9,395
24554,MDE,JFK,21:45,Martes,3560,Despejado,Baja,Boeing 787,72.9,TRUE,9,21.1,303
29965,MDE,CLO,17:30,Viernes,265,Nublado,Alta,Boeing 737,51.5,FALSE,16,22.9,46
15413,BGA,BOG,08:00,Jueves,310,Despejado,Alta,Airbus A320,89.2,FALSE,25,10.4,71
21184,BOG,MEX,13:15,Lunes,2700,Despejado,Baja,Airbus A320neo,38.7,FALSE,45,27.6,229
12134,PTY,EZE,05:30,Miércoles,5100,Niebla,Baja,Airbus A350,93.9,FALSE,1,0.6,429
12938,EZE,NQN,07:45,Domingo,1150,Lluvia,Media,Airbus A320neo,64.2,FALSE,38,29.7,133
23625,MDE,EZE,17:00,Viernes,4900,Despejado,Alta,Boeing 777,60,TRUE,19,25,390
23867,GIG,GRU,14:30,Domingo,360,Nublado,Baja,ATR 72,76,TRUE,40,10.4,51
22234,GIG,GRU,14:30,Domingo,360,Despejado,Alta,Embraer E190,56.4,FALSE,48,13,63
10042,EZE,MVD,07:15,Jueves,210,Nublado,Media,Airbus A320,89.4,TRUE,10,24.7,42
13283,MDE,CTG,07:30,Viernes,365,Despejado,Media,Embraer E190,87.9,FALSE,44,29.2,73
22690,EZE,IGR,12:30,Jueves,1100,Despejado,Media,Boeing 737 MAX,62.9,FALSE,14,24.5,129
23307,EZE,AEP,17:15,Lunes,35,Despejado,Baja,Airbus A320,53.4,FALSE,16,22.4,29
21231,MDE,PTY,16:00,Lunes,715,Despejado,Baja,Boeing 737,58.5,FALSE,31,27.9,98
11867,POA,GRU,07:45,Jueves,1110,Despejado,Baja,Boeing 737 MAX,59.6,TRUE,4,19.5,106
24429,GRU,LIM,17:30,Sábado,3620,Despejado,Media,Airbus A330,84.3,FALSE,30,20.2,318
12451,CTG,BOG,08:30,Martes,135,Niebla,Baja,ATR 72,78.7,TRUE,18,0.5,57
13071,GRU,JFK,07:15,Domingo,7680,Despejado,Media,Boeing 787,85.8,FALSE,43,13.2,602
20506,SCL,EZE,16:00,Domingo,1140,Despejado,Media,Boeing 757,72.8,FALSE,7,11.1,114
23699,GIG,GRU,16:45,Martes,360,Lluvia,Media,Airbus A320,57.4,TRUE,21,23.4,72
11124,BOG,MDE,08:45,Domingo,235,Despejado,Baja,Boeing 737,47.9,FALSE,1,18.2,66
12335,EZE,LIM,06:45,Sábado,3150,Nublado,Baja,Airbus A350,77.4,FALSE,12,15.3,281
29015,FLN,GRU,13:15,Sábado,690,Nublado,Baja,Boeing 737,75.8,FALSE,49,21.2,89
23133,BOG,CTG,14:00,Miércoles,135,Nublado,Baja,Embraer E190,71,TRUE,26,15.4,58
29002,MDE,MIA,00:15,Jueves,2750,Despejado,Media,Boeing 737 MAX,66.2,FALSE,7,29.3,242
25567,BOG,MIA,16:15,Domingo,3160,Lluvia,Alta,Airbus A330,82.6,FALSE,35,14.3,261
12409,BAQ,MDE,02:45,Viernes,310,Nublado,Media,Embraer E190,64.8,FALSE,3,20.2,65
27818,MDE,CTG,05:15,Martes,365,Nublado,Alta,Airbus A320,78.8,FALSE,14,19.8,70
19459,JFK,GRU,18:45,Viernes,7680,Despejado,Media,Airbus A350,81.3,TRUE,6,25.5,599
24218,UIO,MDE,01:45,Viernes,960,Despejado,Media,Boeing 737 MAX,57.7,TRUE,27,13.8,119
11348,CWB,GRU,09:45,Miércoles,410,Despejado,Alta,Embraer E190,85.8,TRUE,47,21.8,73
15926,BSB,GRU,09:30,Domingo,870,Lluvia,Alta,Embraer E195,98.6,TRUE,24,19.5,94
18356,GIG,GRU,17:45,Sábado,360,Nublado,Media,Airbus A320,70.4,TRUE,16,14.9,53
15344,GRU,LIM,08:00,Martes,3620,Nublado,Media,Boeing 777,92.5,FALSE,13,24.5,294
19049,MIA,MDE,17:15,Miércoles,2750,Tormenta,Media,Boeing 757,86.2,FALSE,47,2.5,231
13888,MDE,CLO,07:45,Domingo,265,Nublado,Media,Airbus A320,50.5,FALSE,46,13.8,66
15333,GRU,MVD,06:15,Lunes,1550,Nublado,Baja,Boeing 737 MAX,63.8,FALSE,40,17.7,150
29476,CLO,BOG,06:15,Viernes,300,Despejado,Media,ATR 72,92.4,FALSE,34,19.1,54
27695,GUA,PTY,08:45,Jueves,820,Lluvia,Media,Embraer E195,60.8,FALSE,42,24.5,100
29333,EZE,LIM,21:15,Lunes,3150,Nublado,Media,Boeing 787,63.7,TRUE,12,9.1,272
10036,GRU,SSA,06:45,Miércoles,1940,Nublado,Alta,Airbus A320neo,66.5,FALSE,9,20.8,171
17480,BGA,MDE,17:30,Viernes,295,Despejado,Media,Embraer E190,64.9,FALSE,36,22.7,55
28391,EZE,BOG,04:15,Sábado,4650,Nublado,Media,Airbus A330,88.6,FALSE,32,10.5,388
20205,MAD,GRU,15:15,Sábado,9350,Tormenta,Alta,Boeing 777,87,FALSE,17,3.6,725
16602,MDE,PTY,06:30,Sábado,715,Despejado,Media,ATR 72,62.4,FALSE,8,11,84
29738,TUC,EZE,14:45,Martes,1230,Despejado,Media,Airbus A320neo,59,TRUE,6,9.6,124
15837,CCS,BOG,08:00,Miércoles,1010,Despejado,Media,Boeing 737 MAX,67.7,FALSE,49,15.9,115
12316,MIA,PTY,10:30,Domingo,2200,Nublado,Baja,Embraer E195,79,FALSE,3,21.2,193
24967,EZE,ROS,03:15,Martes,295,Despejado,Baja,Airbus A320,78.2,FALSE,43,29.8,64
12700,EZE,JFK,07:45,Sábado,8530,Nublado,Baja,Boeing 777,50.8,TRUE,7,22.8,685
10622,PTY,SJO,09:15,Domingo,580,Tormenta,Media,Airbus A320,66.1,TRUE,27,2.9,75
11979,JFK,EZE,05:45,Jueves,8530,Despejado,Alta,Airbus A330,84.7,FALSE,43,14.6,669
25012,MDE,GRU,04:30,Jueves,4180,Nublado,Media,Boeing 787,83.8,TRUE,37,28.2,341
10324,IGR,EZE,08:00,Lunes,1100,Nublado,Baja,Boeing 737 MAX,62.9,TRUE,26,28.4,114
18731,MDE,LIM,18:45,Martes,2100,Lluvia,Media,Embraer E195,36.3,TRUE,4,28.4,196
22741,PEI,MDE,12:45,Sábado,140,Nublado,Alta,ATR 72,54.6,FALSE,38,15.4,42
12309,PTY,MEX,06:45,Viernes,2280,Despejado,Alta,Embraer E195,80.1,FALSE,5,6.7,193
13487,GRU,MEX,08:45,Jueves,7300,Despejado,Baja,Boeing 787,83.7,FALSE,44,26.1,586
23012,MVD,EZE,14:30,Martes,210,Lluvia,Media,Embraer E190,61.9,FALSE,11,27.2,47
15019,GIG,GRU,08:00,Lunes,360,Lluvia,Media,ATR 72,65.9,FALSE,40,25.6,48
20125,MEX,GRU,16:15,Viernes,7300,Nublado,Baja,Boeing 787,86.2,TRUE,20,27.1,583
11228,PTY,SJO,07:30,Viernes,580,Lluvia,Baja,Embraer E190,47.5,FALSE,49,18.7,90
14169,PTY,MDE,10:30,Martes,715,Despejado,Media,Airbus A320,89.9,FALSE,5,29.6,88
17725,BOG,BGA,12:30,Domingo,310,Tormenta,Alta,Embraer E190,36.1,TRUE,21,4,57
18680,BOG,BAQ,18:15,Martes,145,Despejado,Media,ATR 72,80.2,FALSE,39,17.1,58
29044,BGA,BOG,05:30,Viernes,310,Despejado,Alta,Airbus A320,56.7,TRUE,15,23.8,55
23992,BOG,MAD,12:00,Sábado,8680,Despejado,Media,Airbus A330,82.6,TRUE,40,5.8,697
29666,JFK,MDE,22:00,Jueves,3560,Nublado,Baja,Airbus A330,59,TRUE,32,23.7,312
26560,PEI,MDE,21:00,Lunes,140,Despejado,Alta,Boeing 737,79.4,FALSE,44,16.1,40
21415,EZE,MIA,14:45,Miércoles,7720,Lluvia,Baja,Boeing 787,80.9,TRUE,33,13.3,617
24279,MEX,BOG,07:45,Domingo,2700,Lluvia,Alta,Boeing 757,88.8,FALSE,44,26.8,249
28728,BSB,GRU,21:30,Martes,870,Nublado,Alta,Embraer E195,87.8,FALSE,18,6.6,94
14098,MIA,PTY,07:15,Viernes,2200,Despejado,Baja,Boeing 757,59.1,FALSE,9,28.8,186
13572,ROS,EZE,06:15,Viernes,295,Despejado,Alta,Embraer E190,78.5,FALSE,15,17,44
21016,BOG,BGA,16:45,Miércoles,310,Despejado,Media,Embraer E190,93.6,TRUE,47,10.5,55
13044,SCL,EZE,08:30,Viernes,1140,Despejado,Baja,Embraer E195,73.7,FALSE,9,10.2,114
16378,BOG,MIA,08:00,Domingo,3160,Niebla,Baja,Airbus A350,92,FALSE,25,0.8,285
19377,EZE,JFK,12:45,Jueves,8530,Nublado,Baja,Boeing 777,69.8,TRUE,38,15.1,668
27317,BOG,CTG,01:00,Sábado,135,Despejado,Media,ATR 72,99.3,FALSE,21,12.2,53
15353,EZE,MIA,06:30,Jueves,7720,Lluvia,Alta,Boeing 777,89.1,FALSE,4,11.6,604
17663,MVD,EZE,16:15,Miércoles,210,Despejado,Alta,Airbus A320,90.7,FALSE,46,28.6,42
21944,CCS,PTY,15:45,Jueves,1010,Despejado,Baja,Boeing 737 MAX,64.9,FALSE,7,10.2,98
15991,MDE,BOG,04:00,Lunes,235,Nublado,Baja,ATR 72,78.4,FALSE,17,14.6,63
16428,CTG,BOG,09:30,Sábado,135,Despejado,Media,Airbus A320,81.7,FALSE,32,11.2,44
20995,BOG,BGA,17:15,Lunes,310,Nublado,Baja,Airbus A320,64.6,FALSE,15,25.5,48
28635,GRU,MVD,19:45,Domingo,1550,Despejado,Media,Embraer E195,78.1,FALSE,40,8.2,153
14448,POA,GRU,10:00,Jueves,1110,Lluvia,Media,Boeing 737 MAX,63.9,FALSE,35,11.7,124
11262,CLO,BOG,07:45,Jueves,300,Nublado,Media,Airbus A320,58.4,TRUE,27,27.8,66
23065,EZE,AEP,14:45,Miércoles,35,Tormenta,Media,Boeing 737,55.2,TRUE,1,0.8,51
15684,BOG,JFK,06:30,Domingo,3930,Despejado,Media,Airbus A330,80.3,FALSE,28,5.2,338
27729,PTY,LIM,08:30,Domingo,2970,Nublado,Media,Boeing 757,77,FALSE,9,28.8,262
15997,PTY,SJO,06:45,Martes,580,Nublado,Alta,ATR 72,66.3,FALSE,48,28.1,89
25974,GRU,FLN,13:00,Martes,690,Tormenta,Alta,ATR 72,81.8,TRUE,40,1,90
23686,BOG,LIM,15:15,Miércoles,1890,Despejado,Media,Airbus A320neo,63.2,FALSE,5,8.1,183
24898,PTY,JFK,22:00,Jueves,3520,Despejado,Baja,Boeing 777,61.6,TRUE,36,13,311
18198,EZE,MVD,13:00,Martes,210,Lluvia,Media,Airbus A320,51.8,TRUE,11,22.5,50
12772,BGA,MDE,07:15,Martes,295,Despejado,Baja,Embraer E190,46.2,TRUE,32,17.1,50
16686,PTY,MEX,09:45,Miércoles,2280,Nublado,Alta,Boeing 737 MAX,55.7,FALSE,17,29.3,218
28751,MDE,JFK,03:15,Miércoles,3560,Lluvia,Alta,Airbus A350,86.2,FALSE,24,9.4,293
26466,GUA,PTY,17:30,Jueves,820,Despejado,Baja,Embraer E195,78.6,FALSE,39,16,89
29844,LIM,MDE,15:00,Jueves,2100,Nublado,Baja,Embraer E195,89,FALSE,47,13.3,185
28338,CLO,BOG,15:00,Domingo,300,Despejado,Media,Airbus A320,54.5,FALSE,38,17.5,47
12251,GRU,LIM,05:45,Miércoles,3620,Lluvia,Alta,Airbus A350,53.7,FALSE,24,19.7,302
22180,MDE,BAQ,15:30,Martes,310,Nublado,Alta,Embraer E190,74.2,FALSE,12,9.7,64
22802,GIG,GRU,13:45,Domingo,360,Nublado,Media,Boeing 737,90.7,FALSE,2,22.8,47
13249,MDE,UIO,09:00,Miércoles,960,Niebla,Media,Boeing 757,48.2,FALSE,40,2.4,109
28085,EZE,AEP,08:00,Viernes,35,Lluvia,Baja,ATR 72,65.9,TRUE,48,22.8,39
12754,LIM,EZE,07:30,Miércoles,3150,Nublado,Media,Airbus A330,60.7,TRUE,37,23.9,271
18704,MIA,MDE,14:30,Sábado,2750,Nublado,Baja,Embraer E195,34.6,TRUE,39,12.8,250
18059,MIA,MDE,14:30,Domingo,2750,Nublado,Baja,Embraer E195,79.6,FALSE,32,11.9,233
24696,BOG,BGA,03:15,Jueves,310,Lluvia,Baja,ATR 72,50.2,FALSE,1,9.3,60
18249,PTY,CLT,19:30,Lunes,2890,Despejado,Baja,Airbus A320neo,52.3,TRUE,24,20.4,265
18183,BOG,PEI,16:30,Miércoles,265,Despejado,Baja,Airbus A320,64.2,TRUE,14,28.6,67
21984,BOG,MDE,17:30,Domingo,235,Niebla,Media,Airbus A320,73.2,FALSE,11,2,63
14700,EZE,BRC,10:45,Viernes,1650,Lluvia,Media,Boeing 757,77.3,FALSE,31,15.5,150
17925,IAH,PTY,15:45,Sábado,2860,Lluvia,Baja,Boeing 757,76.2,FALSE,38,19.3,252
19076,BOG,BAQ,15:00,Sábado,145,Despejado,Alta,Embraer E190,89.8,TRUE,43,23.7,35
10424,IAH,PTY,09:15,Miércoles,2860,Lluvia,Baja,Boeing 737 MAX,85.9,FALSE,17,7.1,263
27647,FLN,GRU,16:30,Jueves,690,Nublado,Baja,Embraer E190,85.2,FALSE,28,18.8,80
19889,GRU,BOG,13:45,Jueves,3940,Nublado,Media,Boeing 787,65.2,FALSE,2,10.4,316
19505,PEI,MDE,15:00,Viernes,140,Nublado,Baja,Boeing 737,73.7,TRUE,49,13.1,51
26139,EZE,BRC,19:30,Miércoles,1650,Lluvia,Baja,Boeing 737 MAX,64.7,FALSE,44,8.9,152
27062,CLO,MDE,15:00,Lunes,265,Lluvia,Alta,Boeing 737,75.4,FALSE,47,6.4,48
13687,GRU,SCL,06:30,Viernes,2620,Despejado,Media,Boeing 737 MAX,68.9,TRUE,38,23.7,244
13143,UIO,PTY,09:00,Domingo,1420,Despejado,Baja,Boeing 757,73.2,FALSE,25,10.1,150
27100,PTY,CCS,08:15,Lunes,1010,Niebla,Baja,Airbus A320neo,65.7,TRUE,25,1.6,98
25847,CCS,BOG,21:00,Viernes,1010,Despejado,Baja,Airbus A320neo,77.3,FALSE,22,7.7,107
23048,IGR,EZE,14:45,Sábado,1100,Tormenta,Media,Boeing 737 MAX,74,FALSE,35,0.6,116
16434,UIO,EZE,08:45,Viernes,3900,Despejado,Media,Airbus A350,66.1,TRUE,18,27.5,336
11714,EZE,BRC,06:45,Jueves,1650,Lluvia,Alta,Embraer E195,92.9,TRUE,47,6.8,162
10032,GRU,MEX,06:15,Jueves,7300,Despejado,Baja,Airbus A330,72.2,FALSE,23,12.5,573
21057,LIM,GRU,09:00,Viernes,3620,Lluvia,Media,Boeing 777,77.9,FALSE,15,15.2,303
24166,PEI,BOG,10:30,Sábado,265,Despejado,Alta,Boeing 737,81.1,TRUE,26,10.8,59
11434,GRU,BOG,07:00,Jueves,3940,Despejado,Alta,Airbus A330,52.9,TRUE,42,6.4,326
22898,MVD,EZE,19:00,Jueves,210,Nublado,Baja,ATR 72,57.3,FALSE,14,12.2,47
12253,MDE,PEI,07:45,Sábado,140,Despejado,Media,Embraer E190,79.1,TRUE,20,16,31
21938,EZE,BOG,14:45,Viernes,4650,Despejado,Baja,Boeing 787,87.9,TRUE,26,20.4,375
16441,EZE,PTY,09:30,Sábado,5100,Despejado,Alta,Boeing 787,90.2,FALSE,10,24.5,416
21120,MAD,GRU,17:30,Domingo,9350,Despejado,Baja,Airbus A330,56,FALSE,38,14.2,726
10648,CLO,MDE,08:30,Viernes,265,Lluvia,Baja,Embraer E190,26.4,FALSE,1,29.8,61
17758,EZE,COR,17:30,Miércoles,695,Despejado,Alta,ATR 72,84.4,TRUE,30,19.4,93
20447,GRU,BOG,15:30,Jueves,3940,Despejado,Baja,Airbus A350,49.8,TRUE,7,10,336
19862,CLO,MDE,12:45,Sábado,265,Niebla,Media,ATR 72,99.2,FALSE,11,0.5,39
17804,MVD,EZE,16:15,Martes,210,Despejado,Alta,ATR 72,47.6,FALSE,25,14.8,40
27766,PTY,BOG,06:00,Jueves,650,Tormenta,Media,Boeing 737,94.9,TRUE,30,2.5,92
11322,BAQ,BOG,06:00,Viernes,145,Despejado,Media,ATR 72,86.9,TRUE,21,9.8,30
25149,GRU,EZE,13:00,Martes,1760,Tormenta,Media,Embraer E195,87.4,TRUE,8,4.7,173
15150,PEI,BOG,08:30,Viernes,265,Nublado,Media,Airbus A320,81.4,TRUE,47,25.1,52
23021,EZE,SCL,15:00,Martes,1140,Despejado,Baja,Boeing 737 MAX,68.6,TRUE,40,13.3,134
16815,MIA,BOG,08:00,Jueves,3160,Nublado,Baja,Boeing 777,76.5,TRUE,1,12.1,282
18613,GRU,FLN,14:00,Jueves,690,Despejado,Media,Boeing 737,61,FALSE,26,14.9,83
20232,PTY,BOG,14:15,Lunes,650,Nublado,Baja,ATR 72,71.9,TRUE,46,6.7,95
25466,LIM,BOG,13:45,Viernes,1890,Tormenta,Media,Embraer E195,40.4,FALSE,4,2,189
13377,EZE,ASU,08:15,Jueves,1050,Nublado,Media,Embraer E195,61.1,FALSE,30,19.6,100
23910,MDE,MIA,12:30,Miércoles,2750,Despejado,Baja,Boeing 757,97.5,TRUE,49,20.4,234
26072,IGR,EZE,18:00,Domingo,1100,Despejado,Media,Boeing 757,48.5,FALSE,32,21.7,103
14255,COR,EZE,12:30,Lunes,695,Niebla,Baja,Airbus A320,53,FALSE,16,1.2,74
12535,PTY,GRU,09:45,Martes,4630,Nublado,Media,Boeing 777,87.3,FALSE,1,25.8,386
19535,MEX,PTY,10:15,Lunes,2280,Lluvia,Alta,Boeing 737 MAX,77.3,TRUE,29,27,217
19335,PTY,LIM,14:45,Domingo,2970,Despejado,Media,Boeing 737 MAX,76.4,FALSE,18,27,258
11625,SCL,GRU,10:00,Martes,2620,Despejado,Alta,Boeing 757,82.7,TRUE,27,17.6,220
11430,MVD,GRU,06:30,Viernes,1550,Nublado,Media,Embraer E195,67,TRUE,46,6.1,142
13223,PEI,BOG,07:45,Viernes,265,Despejado,Baja,ATR 72,93.5,TRUE,3,16.9,62
17705,EZE,MVD,15:00,Jueves,210,Lluvia,Media,Airbus A320,89.8,TRUE,23,20.6,59
10218,GRU,MIA,07:45,Lunes,7520,Despejado,Alta,Airbus A330,79,FALSE,32,23.4,588
11863,CLO,BOG,08:30,Miércoles,300,Despejado,Baja,ATR 72,68,TRUE,48,15.5,67
21374,SCL,EZE,18:30,Domingo,1140,Despejado,Alta,Embraer E195,33.2,FALSE,39,10.1,106
10266,ROS,EZE,07:15,Domingo,295,Despejado,Media,ATR 72,84,FALSE,47,7.8,58
11397,GIG,EZE,06:45,Domingo,1970,Despejado,Baja,Boeing 757,73.2,FALSE,41,22.9,196
28792,BOG,BAQ,13:45,Sábado,145,Despejado,Media,Airbus A320,59.4,FALSE,38,8.4,36
18690,GRU,FLN,17:15,Miércoles,690,Despejado,Baja,Embraer E190,82.5,FALSE,25,27.1,80
25033,SCL,GRU,04:45,Viernes,2620,Lluvia,Baja,Boeing 737 MAX,62.4,FALSE,26,19.7,224
22923,BOG,MDE,15:15,Lunes,235,Despejado,Media,Embraer E190,90.4,FALSE,31,25.6,56
18765,MDE,UIO,14:00,Martes,960,Despejado,Baja,Boeing 737 MAX,90.5,FALSE,9,24.7,93
12880,EZE,AEP,07:30,Viernes,35,Lluvia,Media,ATR 72,51.7,TRUE,28,15.3,30
29215,MDE,MIA,06:15,Domingo,2750,Despejado,Media,Boeing 757,62.3,FALSE,22,20.1,235
18584,MDE,PTY,14:15,Miércoles,715,Despejado,Media,Airbus A320,50.5,TRUE,32,23.5,77
27885,MVD,EZE,11:30,Viernes,210,Despejado,Baja,Embraer E190,80.7,FALSE,12,24.3,41
23034,MEX,PTY,15:15,Viernes,2280,Despejado,Media,Airbus A320neo,81,TRUE,42,7.6,216
12860,LIM,EZE,08:30,Domingo,3150,Nublado,Media,Boeing 787,45.7,TRUE,42,21.1,281
18362,MDE,PEI,14:30,Jueves,140,Despejado,Alta,Boeing 737,55.4,FALSE,28,14.9,32
22397,CTG,MDE,13:15,Jueves,365,Nublado,Media,Boeing 737,74.3,TRUE,5,26,71
22841,EZE,COR,12:30,Domingo,695,Despejado,Baja,ATR 72,57.2,TRUE,39,12.1,100
22808,SCL,EZE,14:30,Martes,1140,Lluvia,Alta,Embraer E195,89.2,FALSE,17,11,116
23130,PTY,SJO,18:45,Miércoles,580,Lluvia,Baja,Embraer E190,51.3,FALSE,23,23.2,63
19689,MDE,PTY,16:00,Sábado,715,Tormenta,Media,Embraer E190,66.3,TRUE,16,2.4,93
24863,GIG,EZE,17:45,Domingo,1970,Niebla,Baja,Boeing 757,89.7,FALSE,35,0.7,182
17094,JFK,PTY,17:00,Lunes,3520,Niebla,Alta,Boeing 787,79.1,FALSE,33,2.1,284
16927,BGA,BOG,09:15,Sábado,310,Niebla,Alta,ATR 72,42.6,TRUE,40,0.8,47
14348,EZE,MVD,06:30,Domingo,210,Despejado,Baja,Embraer E190,68.2,FALSE,3,13.7,40
27474,PTY,BOG,05:45,Jueves,650,Lluvia,Alta,Airbus A320,75.2,FALSE,13,11.7,89
22883,MVD,GRU,14:15,Jueves,1550,Despejado,Alta,Boeing 737 MAX,71.2,FALSE,9,15.5,155
11633,ASU,EZE,07:00,Miércoles,1050,Nublado,Media,Boeing 737 MAX,60.3,FALSE,44,19,122
24962,CLO,MDE,13:00,Miércoles,265,Despejado,Baja,Embraer E190,61.5,TRUE,40,29.6,49
20118,MVD,GRU,12:30,Sábado,1550,Despejado,Media,Boeing 737 MAX,87.7,FALSE,13,21.7,142
13469,MIA,EZE,06:15,Sábado,7720,Despejado,Baja,Boeing 777,66.6,FALSE,33,21.7,620
19052,BGA,MDE,11:15,Sábado,295,Tormenta,Baja,Airbus A320,96.5,TRUE,25,3.7,51
17607,BOG,PTY,13:00,Jueves,650,Despejado,Baja,Boeing 737,73.9,FALSE,12,22.9,72
18228,AEP,EZE,16:45,Miércoles,35,Niebla,Baja,Airbus A320,70.8,TRUE,44,1.1,23
27770,PTY,MDE,05:30,Viernes,715,Niebla,Baja,Airbus A320,72.7,TRUE,24,2.6,85
19594,PEI,MDE,12:45,Domingo,140,Niebla,Baja,ATR 72,79.9,FALSE,38,1.6,57
16473,CLO,MDE,06:45,Miércoles,265,Despejado,Alta,Embraer E190,96.1,TRUE,23,25.6,44
22507,PTY,GRU,17:00,Sábado,4630,Niebla,Baja,Airbus A330,95.4,FALSE,45,0.8,393
10388,CLT,PTY,08:15,Domingo,2890,Nublado,Baja,Airbus A320neo,80,FALSE,2,18.6,258
13711,EZE,PTY,07:30,Lunes,5100,Despejado,Baja,Boeing 777,39.7,TRUE,41,26.8,426
25852,GUA,PTY,05:00,Lunes,820,Lluvia,Alta,Boeing 737 MAX,85.7,FALSE,24,13.9,92
15588,BOG,CTG,10:15,Miércoles,135,Despejado,Media,ATR 72,75.2,FALSE,2,14.5,32
14259,AEP,EZE,08:45,Sábado,35,Nublado,Baja,Boeing 737,70.3,TRUE,48,17.5,49
11036,CTG,BOG,08:30,Sábado,135,Nublado,Baja,Boeing 737,79.2,FALSE,25,12.2,51
12044,MAD,BOG,07:45,Miércoles,8680,Nublado,Media,Boeing 777,87.7,FALSE,35,13.6,694
24106,EZE,BRC,05:00,Jueves,1650,Despejado,Alta,Boeing 737 MAX,79.4,FALSE,35,16.4,155
23967,MDE,JFK,10:30,Martes,3560,Nublado,Media,Airbus A330,80.2,TRUE,10,12.4,298
29162,PTY,MIA,19:15,Viernes,2200,Despejado,Alta,Boeing 757,70.8,FALSE,35,16.5,191
12642,EZE,MVD,06:00,Jueves,210,Nublado,Baja,ATR 72,97.4,FALSE,4,9.1,59
15724,EZE,NQN,07:45,Viernes,1150,Tormenta,Media,Airbus A320neo,72.7,TRUE,35,4.6,119
26588,GRU,MAD,15:30,Sábado,9350,Nublado,Media,Boeing 777,84.1,FALSE,30,13.6,731
23881,AEP,EZE,14:00,Martes,35,Lluvia,Baja,Airbus A320,65.7,TRUE,18,25.7,27
11555,GRU,BSB,07:15,Lunes,870,Despejado,Media,Boeing 737 MAX,73.9,FALSE,8,24.4,95
11612,JFK,GRU,09:45,Jueves,7680,Lluvia,Media,Boeing 777,93.5,FALSE,30,16.5,615
28668,MDE,BGA,04:45,Sábado,295,Despejado,Baja,Boeing 737,77.7,TRUE,18,23.8,43
11164,PTY,MEX,07:00,Sábado,2280,Despejado,Media,Boeing 757,78.6,FALSE,33,25.6,200
25228,EZE,ASU,03:00,Lunes,1050,Nublado,Baja,Boeing 757,59.3,TRUE,13,21.2,99
23114,BOG,LIM,15:00,Domingo,1890,Niebla,Baja,Embraer E195,84.8,FALSE,24,1.6,173
24530,PTY,UIO,08:30,Domingo,1420,Tormenta,Baja,Airbus A320neo,81.3,FALSE,44,4.6,140
12648,AEP,EZE,07:45,Domingo,35,Nublado,Media,Embraer E190,86.3,FALSE,6,22.8,50
25261,FLN,GRU,15:30,Martes,690,Despejado,Media,Embraer E190,55.1,FALSE,29,21.7,81
23805,BGA,BOG,15:00,Lunes,310,Tormenta,Media,ATR 72,60.7,TRUE,40,2.2,67
26456,GRU,MIA,16:30,Lunes,7520,Lluvia,Media,Airbus A350,77.1,TRUE,27,6.2,595
13913,BRC,EZE,08:30,Domingo,1650,Despejado,Baja,Boeing 737 MAX,64.2,FALSE,17,26.2,146
16479,CCS,PTY,05:00,Viernes,1010,Nublado,Alta,Embraer E195,62.3,FALSE,12,10.5,106
29209,GRU,PTY,16:15,Jueves,4630,Nublado,Baja,Airbus A350,44.6,TRUE,11,8.7,371
13523,AMS,GRU,08:30,Viernes,9850,Niebla,Media,Airbus A350,50.5,TRUE,15,0.7,775
27959,PTY,GUA,21:30,Jueves,820,Niebla,Baja,Airbus A320neo,79.8,TRUE,23,0.5,105
25075,GRU,POA,10:30,Jueves,1110,Despejado,Baja,Airbus A320neo,82.9,FALSE,31,7.6,116
18212,BOG,UIO,10:30,Martes,730,Despejado,Baja,Airbus A320,72.2,FALSE,12,16.1,79
12004,MDE,BAQ,09:30,Martes,310,Nublado,Media,ATR 72,76,TRUE,45,23.9,48
29358,BRC,EZE,09:45,Viernes,1650,Despejado,Alta,Boeing 737 MAX,90,FALSE,4,22.5,147
17452,BOG,MIA,13:15,Martes,3160,Nublado,Alta,Boeing 777,89.8,FALSE,41,6.5,283
23275,MDE,CTG,19:00,Jueves,365,Nublado,Media,Airbus A320,75.8,TRUE,23,24.4,60
10018,EZE,BRC,08:00,Lunes,1650,Lluvia,Alta,Boeing 757,85.5,TRUE,29,16.9,154
12021,PEI,MDE,08:00,Domingo,140,Despejado,Baja,Boeing 737,50.6,TRUE,42,28.1,54
16936,BOG,GRU,08:45,Sábado,3940,Despejado,Alta,Airbus A330,48.1,FALSE,3,17.6,317
11329,PEI,MDE,08:15,Miércoles,140,Despejado,Baja,Embraer E190,82.3,FALSE,48,23.6,47
11445,GRU,EZE,06:15,Sábado,1760,Despejado,Baja,Airbus A320neo,76.4,FALSE,13,10.8,152
14473,AEP,EZE,09:15,Martes,35,Lluvia,Baja,ATR 72,73.5,FALSE,33,12.3,51
16244,GRU,EZE,06:00,Sábado,1760,Despejado,Media,Airbus A320neo,90.2,FALSE,33,29.5,161
10706,EZE,MIA,09:45,Martes,7720,Niebla,Media,Airbus A330,76.3,FALSE,14,1.4,626
10279,BAQ,BOG,08:30,Domingo,145,Niebla,Media,ATR 72,57.5,FALSE,11,1.6,58
28562,BOG,CLO,07:15,Sábado,300,Despejado,Media,Airbus A320,72.7,FALSE,17,10.7,61
18676,BGA,BOG,19:00,Sábado,310,Despejado,Alta,Embraer E190,81.5,FALSE,14,29.6,61
26600,CLO,BOG,07:30,Jueves,300,Nublado,Alta,Embraer E190,70.4,FALSE,33,17.1,53
24324,POA,GRU,18:00,Miércoles,1110,Nublado,Media,Boeing 737 MAX,87.3,FALSE,45,24.1,122
23366,EZE,BOG,12:45,Viernes,4650,Lluvia,Baja,Boeing 777,81.8,TRUE,25,6.4,381
10274,SCL,GRU,07:30,Viernes,2620,Niebla,Baja,Embraer E195,89.4,FALSE,3,1.9,226
15145,MEX,PTY,06:15,Viernes,2280,Nublado,Baja,Boeing 737 MAX,95.6,TRUE,18,24.4,205
18617,EZE,LIM,14:45,Viernes,3150,Niebla,Baja,Boeing 787,51,TRUE,16,1.7,282
10514,BSB,GRU,07:30,Domingo,870,Nublado,Media,Boeing 737 MAX,79.4,FALSE,10,19.8,85
26470,BOG,BAQ,18:45,Sábado,145,Nublado,Baja,ATR 72,47.1,FALSE,31,7.1,44
15103,BOG,MAD,08:30,Martes,8680,Lluvia,Baja,Boeing 777,76.1,FALSE,2,10,700
15035,POA,GRU,09:45,Viernes,1110,Despejado,Baja,Embraer E195,56.7,TRUE,9,21.2,124
24399,MDE,PTY,12:00,Jueves,715,Nublado,Baja,Boeing 737,79,FALSE,22,29.3,93
14085,LIM,MDE,06:45,Sábado,2100,Nublado,Baja,Boeing 737 MAX,75.6,FALSE,26,8.6,180
20874,LIM,BOG,16:15,Miércoles,1890,Despejado,Alta,Airbus A320neo,73,TRUE,9,17.4,185
21218,NQN,EZE,13:30,Miércoles,1150,Niebla,Media,Airbus A320neo,90.4,TRUE,13,0.7,126
12406,AEP,EZE,10:15,Sábado,35,Despejado,Media,Embraer E190,91.3,TRUE,49,8,48
27609,EZE,JFK,06:45,Miércoles,8530,Despejado,Media,Airbus A330,35.8,FALSE,33,19,677
17517,GRU,LIM,11:00,Viernes,3620,Despejado,Media,Boeing 787,69.2,TRUE,17,22.7,304
18853,MIA,PTY,15:45,Sábado,2200,Despejado,Baja,Boeing 737 MAX,21,TRUE,20,9,193
19982,EZE,ROS,17:30,Martes,295,Nublado,Media,Boeing 737,79.9,FALSE,1,5.1,51
20405,EZE,COR,18:00,Martes,695,Lluvia,Media,Boeing 737,88.9,FALSE,41,14.2,101
28224,BOG,MDE,09:45,Sábado,235,Despejado,Baja,ATR 72,72.5,FALSE,40,28.8,54
23593,PTY,LIM,15:00,Domingo,2970,Nublado,Baja,Boeing 757,71.2,FALSE,21,21.6,247
26179,EZE,GIG,09:15,Miércoles,1970,Lluvia,Baja,Boeing 737 MAX,61.6,TRUE,2,7.3,193
15349,MDE,CTG,09:00,Viernes,365,Despejado,Baja,Airbus A320,54.9,FALSE,9,29.6,54
14029,BOG,BGA,08:00,Lunes,310,Nublado,Alta,Airbus A320,84.2,FALSE,32,11.5,47
19417,BOG,MEX,17:00,Lunes,2700,Lluvia,Alta,Boeing 757,80.5,TRUE,31,22.9,249
22045,EZE,AEP,21:15,Sábado,35,Niebla,Baja,ATR 72,81.4,FALSE,17,2.6,32
13459,PTY,JFK,07:15,Viernes,3520,Tormenta,Baja,Airbus A330,57,FALSE,9,4.2,307
12200,GIG,GRU,05:30,Martes,360,Nublado,Baja,Embraer E190,68.4,FALSE,40,27.6,70
17763,CLT,PTY,12:30,Miércoles,2890,Nublado,Alta,Embraer E195,78.2,FALSE,6,19.8,236
11428,MDE,CLO,04:00,Miércoles,265,Despejado,Alta,Embraer E190,50,TRUE,1,25.1,39
19925,UIO,BOG,13:30,Lunes,730,Despejado,Baja,Airbus A320,82.9,FALSE,35,10.7,96
18919,GRU,BSB,14:15,Viernes,870,Despejado,Baja,Embraer E195,75.2,FALSE,20,28.9,110
27505,CTG,MDE,04:30,Miércoles,365,Despejado,Media,ATR 72,30.8,TRUE,11,27.7,74
13821,MDE,CTG,06:30,Miércoles,365,Despejado,Baja,Airbus A320,90.7,TRUE,28,28.5,58
16127,CCS,BOG,06:45,Viernes,1010,Despejado,Media,Embraer E195,70.8,FALSE,44,21.4,106
24517,GRU,BSB,08:45,Jueves,870,Despejado,Alta,Embraer E195,71.1,FALSE,23,5.2,114
19772,ASU,EZE,16:45,Lunes,1050,Despejado,Baja,Embraer E195,79.7,TRUE,20,16.8,126
25573,MDE,PEI,01:30,Domingo,140,Despejado,Alta,ATR 72,85.4,FALSE,10,26.1,45
24593,LIM,PTY,14:15,Domingo,2970,Despejado,Baja,Embraer E195,76.7,TRUE,4,16.7,242
21019,MDE,BOG,13:30,Sábado,235,Niebla,Baja,Embraer E190,95.9,FALSE,1,3,42
16847,CTG,MDE,07:30,Jueves,365,Despejado,Media,ATR 72,60.6,FALSE,6,5.8,61
13586,UIO,EZE,06:30,Sábado,3900,Nublado,Alta,Boeing 787,81.2,TRUE,6,28.6,320
21859,BOG,BAQ,14:15,Jueves,145,Lluvia,Baja,ATR 72,85.5,FALSE,33,19.5,43
23886,GIG,GRU,15:00,Viernes,360,Lluvia,Alta,Boeing 737,37.4,TRUE,7,20.3,69
24995,GRU,BOG,16:15,Domingo,3940,Tormenta,Baja,Boeing 777,73.9,FALSE,28,4.9,320
20512,GRU,LIM,17:00,Jueves,3620,Lluvia,Baja,Boeing 777,84.3,FALSE,19,23.5,296
18995,PTY,IAH,18:00,Domingo,2860,Lluvia,Media,Boeing 757,41.1,FALSE,4,27.8,243
26382,BOG,CTG,14:45,Martes,135,Lluvia,Baja,ATR 72,75.8,FALSE,11,18.7,40
25342,BOG,MDE,12:30,Jueves,235,Nublado,Media,Boeing 737,70.5,TRUE,15,11.6,64
25566,POA,GRU,16:15,Jueves,1110,Niebla,Media,Boeing 737 MAX,80.7,TRUE,15,2.7,131
16463,MDE,UIO,09:30,Miércoles,960,Despejado,Baja,Boeing 757,76.1,FALSE,41,20.8,93
24003,BRC,EZE,14:00,Martes,1650,Despejado,Baja,Boeing 757,43.1,FALSE,20,27.1,150
21192,GIG,GRU,18:45,Jueves,360,Nublado,Baja,ATR 72,52.4,FALSE,40,16.4,65
18055,CLT,PTY,12:30,Sábado,2890,Despejado,Media,Embraer E195,81.4,FALSE,36,29.1,259
16162,MDE,JFK,05:15,Jueves,3560,Despejado,Media,Boeing 787,65.4,FALSE,47,7,314
16424,BOG,PEI,07:00,Lunes,265,Despejado,Alta,ATR 72,75.1,FALSE,45,11.8,46
14179,BOG,BGA,07:00,Jueves,310,Despejado,Baja,Airbus A320,60.8,FALSE,22,28.3,65
12930,CTG,MDE,08:15,Jueves,365,Lluvia,Alta,Embraer E190,99.1,FALSE,11,13.5,52
29374,PEI,BOG,05:30,Jueves,265,Lluvia,Baja,Airbus A320,64.7,FALSE,44,24,57
11706,GRU,SSA,09:00,Sábado,1940,Despejado,Baja,Airbus A320neo,77.2,FALSE,19,29.4,190
27295,EZE,GIG,14:15,Domingo,1970,Nublado,Media,Airbus A320neo,85.3,TRUE,11,15.7,177
29999,GRU,GIG,10:15,Lunes,360,Despejado,Media,Boeing 737,52.1,FALSE,12,10.7,59
27889,IAH,PTY,02:00,Jueves,2860,Tormenta,Media,Airbus A320neo,95.5,FALSE,27,1.8,254
27802,BOG,PEI,15:00,Sábado,265,Despejado,Media,ATR 72,83.2,TRUE,29,23.5,66
18338,JFK,PTY,12:30,Sábado,3520,Despejado,Media,Boeing 787,33.7,TRUE,37,21.2,311
15020,MVD,EZE,07:30,Lunes,210,Niebla,Baja,Embraer E190,80.9,TRUE,45,2,42
10477,BGA,BOG,07:30,Lunes,310,Lluvia,Media,Embraer E190,79.9,TRUE,39,17.1,51
27093,GRU,SCL,07:45,Lunes,2620,Lluvia,Baja,Boeing 757,34.6,FALSE,21,6,240
18878,EZE,ROS,16:30,Martes,295,Despejado,Media,ATR 72,92.3,FALSE,28,5.2,66
26069,IAH,PTY,04:30,Viernes,2860,Lluvia,Media,Airbus A320neo,91.6,TRUE,48,24.1,237
14601,CCS,EZE,06:15,Domingo,4300,Nublado,Media,Boeing 787,79.5,FALSE,1,10.3,345
12236,SJO,PTY,09:15,Jueves,580,Lluvia,Media,Boeing 737,45.1,FALSE,33,19.7,89
19998,MDE,LIM,18:15,Jueves,2100,Lluvia,Alta,Boeing 737 MAX,59.6,TRUE,32,25.9,190
17251,IGR,EZE,17:30,Sábado,1100,Despejado,Baja,Boeing 737 MAX,72.3,FALSE,42,17.6,128
23362,BOG,MDE,14:45,Miércoles,235,Nublado,Media,Airbus A320,81.8,TRUE,12,8.7,38
29776,BOG,MIA,12:45,Jueves,3160,Nublado,Baja,Boeing 777,73.3,FALSE,3,16.7,267
21908,AEP,EZE,14:15,Jueves,35,Nublado,Media,Airbus A320,76.9,FALSE,5,16.1,48
16336,MAD,GRU,09:00,Martes,9350,Nublado,Baja,Airbus A350,51.9,TRUE,17,21.9,749
29664,JFK,BOG,16:15,Jueves,3930,Lluvia,Media,Boeing 787,62.9,FALSE,6,29.6,314
28376,GRU,MVD,08:30,Miércoles,1550,Despejado,Alta,Embraer E195,77.2,TRUE,25,18.5,142
27673,MDE,EZE,15:00,Miércoles,4900,Nublado,Alta,Boeing 777,31.4,TRUE,30,7.7,405
18834,EZE,MVD,10:30,Martes,210,Nublado,Media,Airbus A320,68.3,FALSE,18,18.8,59
18029,MDE,PTY,20:30,Domingo,715,Despejado,Baja,Boeing 737,76.4,TRUE,19,14.2,101
12827,BOG,CLO,08:15,Domingo,300,Lluvia,Alta,Airbus A320,84.1,FALSE,4,14.1,54
14635,MDE,BGA,07:30,Lunes,295,Niebla,Baja,ATR 72,68.9,TRUE,38,1.9,71
14287,MDE,CTG,10:30,Miércoles,365,Despejado,Media,Boeing 737,69,TRUE,15,28.6,65
19560,BOG,PEI,20:00,Jueves,265,Tormenta,Media,Airbus A320,68.3,TRUE,16,0.6,61
13069,GRU,JFK,08:00,Sábado,7680,Lluvia,Media,Airbus A330,38.2,TRUE,44,8.6,599
28081,BSB,GRU,06:00,Lunes,870,Despejado,Media,Airbus A320neo,89.2,FALSE,13,13.8,99
13112,MDE,BOG,07:45,Miércoles,235,Lluvia,Media,Embraer E190,72.8,TRUE,17,6.5,42
13214,PTY,GUA,08:45,Sábado,820,Nublado,Media,Boeing 737 MAX,70.9,TRUE,11,5.6,108
10971,LIM,BOG,06:45,Sábado,1890,Nublado,Media,Boeing 757,81.8,FALSE,46,15.4,175
29535,EZE,MIA,22:00,Viernes,7720,Lluvia,Media,Boeing 777,58.9,TRUE,26,21.5,625
12035,AEP,EZE,07:00,Martes,35,Despejado,Baja,Boeing 737,55.9,TRUE,17,22.7,39
20352,BOG,PTY,16:00,Jueves,650,Lluvia,Baja,Embraer E190,67.5,TRUE,6,9.4,94
28556,MDE,JFK,08:15,Jueves,3560,Despejado,Baja,Airbus A330,65.9,TRUE,18,22.9,314
17669,MDE,BAQ,14:00,Martes,310,Nublado,Media,Boeing 737,71.5,FALSE,36,29.3,61
13573,BOG,LIM,08:45,Domingo,1890,Despejado,Baja,Airbus A320neo,94.5,FALSE,47,17.4,173
25018,CLO,BOG,19:15,Lunes,300,Lluvia,Baja,ATR 72,79,FALSE,41,5.7,54
26511,MEX,BOG,09:30,Martes,2700,Despejado,Baja,Boeing 737 MAX,83,TRUE,39,22.4,240
27908,GUA,PTY,22:15,Viernes,820,Niebla,Alta,Airbus A320neo,34.3,TRUE,47,1.8,104
19092,MDE,CTG,12:15,Lunes,365,Despejado,Alta,Embraer E190,89.1,TRUE,19,15.7,75
28988,BOG,UIO,10:45,Domingo,730,Despejado,Alta,Airbus A320,81.8,FALSE,15,13.9,99
29221,EZE,CCS,03:45,Lunes,4300,Lluvia,Media,Airbus A330,86.6,FALSE,21,22.4,356
18577,PTY,IAH,16:30,Martes,2860,Despejado,Baja,Airbus A320neo,44.6,TRUE,3,15,260
16757,EZE,MVD,06:00,Martes,210,Nublado,Baja,Airbus A320,61.2,FALSE,30,27,61
29138,EZE,AEP,07:45,Domingo,35,Tormenta,Alta,Boeing 737,65.5,TRUE,38,3.6,32
18772,MDE,CTG,14:30,Jueves,365,Despejado,Media,ATR 72,75.9,FALSE,32,10.3,75
26384,ASU,EZE,05:15,Jueves,1050,Lluvia,Baja,Boeing 757,54.5,TRUE,39,29.2,108
21805,BOG,CTG,15:45,Jueves,135,Nublado,Baja,ATR 72,53.3,FALSE,6,12.4,30
25469,COR,EZE,19:00,Domingo,695,Nublado,Baja,Embraer E190,43.4,FALSE,45,8.6,74
19126,BAQ,MDE,14:15,Miércoles,310,Lluvia,Media,Airbus A320,89.9,FALSE,48,20.3,45
13367,ASU,EZE,08:15,Martes,1050,Despejado,Baja,Boeing 757,45.4,TRUE,23,8.5,107
28261,EZE,LIM,19:00,Viernes,3150,Despejado,Alta,Airbus A350,35.4,TRUE,22,28.9,267
27067,MAD,EZE,19:00,Jueves,10050,Lluvia,Media,Boeing 777,84.6,FALSE,2,12.8,793
23411,EZE,SCL,12:45,Viernes,1140,Nublado,Media,Airbus A320neo,65.9,TRUE,6,8.5,116
24098,BOG,MAD,16:00,Sábado,8680,Niebla,Media,Boeing 777,95.5,FALSE,41,2.8,684
26659,MDE,BGA,08:15,Sábado,295,Despejado,Alta,Boeing 737,83.8,FALSE,12,7.9,49
22190,EZE,GIG,15:00,Viernes,1970,Nublado,Baja,Boeing 757,67.9,TRUE,21,6.8,193
29292,CLT,PTY,18:30,Viernes,2890,Nublado,Alta,Embraer E195,49.7,FALSE,22,27.2,263
10734,GRU,MAD,08:45,Martes,9350,Niebla,Baja,Airbus A330,86.4,TRUE,16,0.6,734
24533,PTY,CCS,03:15,Viernes,1010,Nublado,Media,Boeing 737 MAX,54.8,FALSE,4,29,119
28894,PTY,UIO,07:00,Viernes,1420,Despejado,Baja,Embraer E195,72,FALSE,47,17.5,144
26471,MDE,PEI,19:15,Jueves,140,Tormenta,Alta,Embraer E190,58.7,FALSE,20,2.1,34
28032,GRU,EZE,02:45,Sábado,1760,Tormenta,Baja,Airbus A320neo,62.2,TRUE,8,3.1,167
12949,PTY,MIA,06:30,Domingo,2200,Despejado,Baja,Boeing 757,83.8,FALSE,42,17.1,205
28780,MDE,LIM,00:45,Domingo,2100,Despejado,Media,Embraer E195,68.6,TRUE,11,12.3,192
16585,PTY,GRU,04:45,Lunes,4630,Nublado,Media,Airbus A350,62.7,FALSE,23,11.1,382
15554,PTY,MDE,07:30,Viernes,715,Despejado,Media,ATR 72,67.2,TRUE,10,24.3,95
12118,EZE,MVD,05:45,Sábado,210,Despejado,Media,Airbus A320,74,FALSE,32,9.5,58
26244,GRU,FLN,15:00,Sábado,690,Despejado,Media,Airbus A320,77.1,FALSE,6,28.5,94
28726,PTY,MDE,15:45,Sábado,715,Despejado,Baja,Embraer E190,74.6,FALSE,37,22.9,96
25977,MAD,GRU,05:45,Miércoles,9350,Tormenta,Media,Boeing 787,92.9,FALSE,34,2.5,733
23790,PTY,BOG,15:30,Domingo,650,Despejado,Media,ATR 72,71.2,FALSE,17,6.2,80
26942,CTG,MDE,01:30,Domingo,365,Despejado,Alta,Boeing 737,69.9,FALSE,5,9.1,62
13861,LIM,MDE,06:15,Jueves,2100,Nublado,Baja,Embraer E195,57.6,FALSE,4,28.8,183
14795,BRC,EZE,07:00,Viernes,1650,Despejado,Alta,Embraer E195,68.9,TRUE,13,19.2,172
16071,MDE,UIO,08:30,Sábado,960,Nublado,Media,Airbus A320neo,56.1,FALSE,2,9.8,113
28241,JFK,GRU,05:30,Lunes,7680,Despejado,Baja,Airbus A330,89.2,FALSE,12,24.4,618
21092,PTY,MDE,13:45,Miércoles,715,Nublado,Media,Embraer E190,69.8,FALSE,34,8.2,91
22835,UIO,PTY,10:15,Miércoles,1420,Despejado,Baja,Embraer E195,97.5,FALSE,9,23.1,127
26484,CTG,BOG,22:30,Sábado,135,Despejado,Media,ATR 72,73.6,FALSE,6,5.5,59
28295,GRU,SSA,13:00,Miércoles,1940,Lluvia,Media,Airbus A320neo,72.8,FALSE,47,10.5,192
15032,GRU,SCL,08:00,Sábado,2620,Nublado,Alta,Boeing 737 MAX,55.9,FALSE,17,19.8,221
26945,BOG,CTG,09:30,Jueves,135,Nublado,Baja,Boeing 737,74.4,TRUE,8,15.2,33
13243,EZE,LIM,07:15,Lunes,3150,Despejado,Media,Airbus A350,91.2,FALSE,8,29.1,279
16142,MDE,UIO,07:15,Sábado,960,Despejado,Media,Boeing 757,76.3,FALSE,45,16,94
26267,COR,EZE,02:15,Jueves,695,Despejado,Alta,Boeing 737,75.9,TRUE,10,12.3,85
17269,BOG,MDE,13:15,Sábado,235,Despejado,Media,ATR 72,60.4,FALSE,37,24.5,44
21466,SJO,PTY,16:15,Miércoles,580,Nublado,Media,Boeing 737,81.4,FALSE,2,21.1,72
14376,MIA,BOG,08:15,Sábado,3160,Despejado,Alta,Airbus A350,51.3,FALSE,20,8.3,277
16282,PEI,BOG,09:00,Domingo,265,Tormenta,Baja,Embraer E190,97.5,TRUE,46,1.7,59
11442,BOG,CCS,08:30,Sábado,1010,Nublado,Baja,Boeing 737 MAX,93.9,FALSE,11,23.7,120
12387,CLO,BOG,08:00,Viernes,300,Tormenta,Baja,ATR 72,51,TRUE,24,4.1,42
16046,MDE,CTG,08:15,Domingo,365,Nublado,Media,Embraer E190,69.2,TRUE,41,7.5,65
28569,GRU,CWB,08:30,Lunes,410,Despejado,Alta,ATR 72,66.9,FALSE,11,7,67
13700,BGA,BOG,08:30,Lunes,310,Niebla,Baja,Boeing 737,77.5,FALSE,45,2.7,59
17560,EZE,IGR,12:15,Sábado,1100,Lluvia,Baja,Airbus A320neo,50.3,FALSE,41,17.3,113
27574,GRU,MVD,00:00,Sábado,1550,Lluvia,Baja,Airbus A320neo,64.7,TRUE,29,10.8,138
13799,CCS,EZE,10:45,Domingo,4300,Despejado,Baja,Boeing 787,64.8,FALSE,47,11.2,366
12215,BAQ,MDE,08:00,Viernes,310,Despejado,Baja,Airbus A320,63.1,FALSE,6,28.1,45
20448,CCS,EZE,15:15,Viernes,4300,Lluvia,Media,Airbus A330,84.4,TRUE,8,24.1,344
13822,MDE,UIO,05:30,Sábado,960,Despejado,Baja,Boeing 757,71.8,FALSE,29,20.4,113
22610,MIA,PTY,11:30,Lunes,2200,Nublado,Media,Embraer E195,56.2,FALSE,49,25.5,214
28006,AEP,EZE,13:15,Jueves,35,Nublado,Baja,Embraer E190,78.1,TRUE,5,15.6,42
17404,PTY,EZE,16:15,Lunes,5100,Despejado,Baja,Boeing 777,51.3,TRUE,10,14.6,412
23401,PTY,SJO,14:45,Domingo,580,Lluvia,Alta,ATR 72,78.3,FALSE,34,13.2,78
17595,GIG,GRU,13:00,Sábado,360,Nublado,Baja,Airbus A320,68.9,FALSE,35,8.9,60
14266,LIM,MDE,07:15,Sábado,2100,Nublado,Media,Airbus A320neo,87.1,TRUE,9,19.9,184
27201,NQN,EZE,05:45,Sábado,1150,Despejado,Baja,Boeing 737 MAX,96.3,FALSE,32,25.1,118
26581,BAQ,BOG,06:45,Miércoles,145,Nublado,Media,Embraer E190,61.4,FALSE,5,14.4,32
22263,EZE,MDZ,14:30,Miércoles,1040,Despejado,Baja,Boeing 737 MAX,73.1,FALSE,32,18.9,121
17590,MDE,MIA,12:00,Domingo,2750,Despejado,Media,Boeing 757,78.9,FALSE,30,28.4,249
17454,FLN,GRU,15:15,Viernes,690,Despejado,Baja,Embraer E190,42,FALSE,35,6.2,73
15771,ASU,EZE,09:15,Viernes,1050,Niebla,Alta,Boeing 757,61,FALSE,37,2.2,98
19368,PTY,UIO,12:30,Jueves,1420,Nublado,Baja,Airbus A320neo,61.7,TRUE,45,24.6,143
16003,BOG,JFK,07:00,Sábado,3930,Despejado,Alta,Boeing 787,88.6,FALSE,8,5.9,317
16707,TUC,EZE,08:00,Viernes,1230,Nublado,Alta,Embraer E195,78,FALSE,20,7.9,139
14744,EZE,LIM,09:45,Martes,3150,Nublado,Media,Boeing 787,79.3,TRUE,35,21.9,282
18189,SCL,GRU,15:30,Jueves,2620,Despejado,Baja,Airbus A320neo,75.6,FALSE,15,12.2,221
12146,MDE,BGA,06:30,Jueves,295,Tormenta,Baja,Airbus A320,85.9,FALSE,32,0.6,47
12795,BGA,BOG,08:30,Domingo,310,Despejado,Alta,Embraer E190,75.9,FALSE,14,14.7,46
10922,AEP,EZE,05:45,Domingo,35,Lluvia,Media,Boeing 737,63.5,FALSE,48,9.8,37
11087,EZE,TUC,07:45,Sábado,1230,Despejado,Baja,Boeing 757,66.5,TRUE,18,13,116
22643,PTY,GUA,12:15,Sábado,820,Despejado,Alta,Airbus A320neo,88.5,FALSE,19,22.9,89
11839,JFK,PTY,06:30,Martes,3520,Despejado,Alta,Airbus A330,87.5,TRUE,25,23.7,296
23619,MDE,CLO,13:00,Jueves,265,Despejado,Baja,Airbus A320,72,FALSE,1,20.3,58
17304,GUA,PTY,15:30,Jueves,820,Despejado,Baja,Boeing 737 MAX,57,FALSE,19,24.2,89
20049,BOG,BGA,15:30,Miércoles,310,Nublado,Baja,Boeing 737,65.2,FALSE,7,27.2,43
10978,NQN,EZE,06:00,Lunes,1150,Nublado,Alta,Boeing 757,94.8,FALSE,2,22,127
16660,UIO,BOG,09:30,Viernes,730,Nublado,Media,Airbus A320,88.3,TRUE,26,12.2,102
26021,IGR,EZE,13:15,Viernes,1100,Despejado,Media,Airbus A320neo,71.3,TRUE,44,27.8,117
20441,BOG,MEX,13:45,Miércoles,2700,Lluvia,Baja,Airbus A320neo,68.5,TRUE,19,8.8,244
24877,CTG,MDE,12:45,Martes,365,Despejado,Baja,ATR 72,46.2,TRUE,45,13.3,53
10652,EZE,MVD,08:00,Martes,210,Niebla,Alta,Airbus A320,68.8,FALSE,18,1.4,40
17199,AEP,EZE,13:00,Sábado,35,Tormenta,Media,Boeing 737,88.1,FALSE,18,4.4,45
15275,GRU,MVD,06:30,Lunes,1550,Despejado,Alta,Airbus A320neo,74.4,TRUE,28,25.5,155
29319,ASU,EZE,11:45,Domingo,1050,Despejado,Baja,Airbus A320neo,79.9,FALSE,42,7.4,109
11363,MDE,BGA,06:00,Jueves,295,Despejado,Baja,ATR 72,64.2,FALSE,4,9.5,66
19843,MDE,GRU,16:45,Domingo,4180,Despejado,Baja,Airbus A330,57.9,FALSE,33,16.3,337
14820,GRU,CWB,07:00,Sábado,410,Despejado,Baja,Airbus A320,67.3,TRUE,7,25.6,74
14220,SSA,GRU,08:15,Lunes,1940,Despejado,Media,Boeing 757,69,TRUE,12,25.7,177
16880,BGA,MDE,08:15,Domingo,295,Nublado,Baja,Airbus A320,87.1,TRUE,24,29.4,60
18655,NQN,EZE,13:45,Lunes,1150,Nublado,Baja,Airbus A320neo,44.1,TRUE,12,15,113
13475,BOG,BAQ,07:00,Martes,145,Despejado,Baja,Boeing 737,72.3,TRUE,8,12,42
27188,MDE,MIA,15:45,Domingo,2750,Despejado,Media,Embraer E195,66.4,TRUE,29,27.7,236
15117,CTG,BOG,05:30,Sábado,135,Nublado,Alta,Airbus A320,66.7,TRUE,28,10.7,48
17976,SCL,GRU,18:45,Sábado,2620,Niebla,Media,Boeing 737 MAX,55,FALSE,24,2,216
17518,EZE,SCL,18:15,Lunes,1140,Nublado,Baja,Boeing 737 MAX,60.9,FALSE,9,5.1,122
24237,COR,EZE,18:15,Sábado,695,Nublado,Baja,ATR 72,69,TRUE,45,23.7,94
15439,PTY,GUA,08:00,Viernes,820,Despejado,Media,Boeing 757,75.9,FALSE,19,27.2,85
11289,MAD,EZE,08:30,Domingo,10050,Despejado,Baja,Boeing 777,74.1,FALSE,40,13.1,788
28034,COR,EZE,06:45,Jueves,695,Tormenta,Alta,Embraer E190,49.1,FALSE,5,0.9,74
18547,MDE,BAQ,16:00,Viernes,310,Despejado,Media,ATR 72,76.4,FALSE,16,9.1,57
21800,JFK,BOG,15:15,Miércoles,3930,Lluvia,Baja,Airbus A330,89.2,TRUE,48,13.8,335
20173,SJO,PTY,14:00,Sábado,580,Despejado,Baja,Airbus A320,80.8,FALSE,1,11.6,92
27224,CWB,GRU,01:45,Viernes,410,Tormenta,Baja,Embraer E190,66.2,FALSE,45,4.3,72
20978,IAH,PTY,15:30,Martes,2860,Niebla,Baja,Airbus A320neo,62.9,FALSE,28,0.3,234
28614,BAQ,BOG,13:30,Jueves,145,Despejado,Media,Boeing 737,63.4,TRUE,34,18.7,38
15551,FLN,GRU,07:45,Lunes,690,Despejado,Media,ATR 72,78.2,TRUE,14,17.4,84
28158,EZE,AEP,19:45,Sábado,35,Lluvia,Media,ATR 72,48.1,FALSE,1,15,34
27799,LIM,PTY,18:00,Viernes,2970,Nublado,Baja,Boeing 737 MAX,77.7,FALSE,21,26.7,260
16881,MDE,CLO,08:45,Lunes,265,Despejado,Media,Boeing 737,87.2,FALSE,49,13.2,49
21861,CTG,BOG,15:15,Viernes,135,Despejado,Baja,ATR 72,45.9,TRUE,29,16.2,31
12989,BOG,EZE,08:45,Jueves,4650,Despejado,Media,Airbus A330,71.5,TRUE,8,25.1,396
24675,MDE,CTG,07:45,Lunes,365,Nublado,Media,Boeing 737,92.5,TRUE,9,24.2,68
15955,MEX,PTY,06:15,Sábado,2280,Nublado,Baja,Embraer E195,65.8,FALSE,18,23.2,208
13264,SJO,PTY,10:30,Miércoles,580,Nublado,Media,Airbus A320,58.8,TRUE,24,11.4,90
10328,JFK,MDE,09:30,Domingo,3560,Niebla,Media,Airbus A350,62.3,TRUE,26,0.6,296
16425,EZE,MIA,08:30,Domingo,7720,Niebla,Baja,Boeing 777,83.5,FALSE,27,2.8,600
19615,BOG,BGA,15:45,Viernes,310,Despejado,Media,Boeing 737,93.5,FALSE,28,19.3,60
27063,PTY,JFK,00:30,Jueves,3520,Niebla,Baja,Airbus A330,77.2,FALSE,16,1.6,302
17718,MDE,CTG,10:30,Martes,365,Despejado,Media,Boeing 737,77.8,FALSE,26,5.3,69
27131,GRU,EZE,03:15,Sábado,1760,Despejado,Alta,Boeing 757,42.2,FALSE,9,28.9,170
11808,PTY,UIO,07:30,Miércoles,1420,Despejado,Baja,Boeing 757,73.5,FALSE,17,21.7,129
15023,PTY,EZE,07:00,Martes,5100,Despejado,Media,Boeing 777,43.1,FALSE,29,18.4,419
20014,BRC,EZE,15:15,Domingo,1650,Despejado,Alta,Boeing 757,90.1,FALSE,12,6.9,162
23928,CTG,BOG,13:00,Jueves,135,Despejado,Alta,ATR 72,84.3,FALSE,27,29.2,59
19561,PEI,BOG,14:30,Viernes,265,Despejado,Media,ATR 72,87.1,TRUE,3,7.8,44
27324,BOG,EZE,01:45,Jueves,4650,Despejado,Media,Boeing 787,83.9,FALSE,38,29,380
26271,CTG,BOG,17:00,Martes,135,Tormenta,Media,Airbus A320,90.2,TRUE,38,3.4,54
11384,BOG,CCS,07:15,Miércoles,1010,Despejado,Baja,Embraer E195,40.6,FALSE,6,20.5,121
13473,MIA,PTY,07:15,Martes,2200,Despejado,Media,Boeing 757,73.8,FALSE,23,24.5,190
29901,JFK,EZE,08:15,Viernes,8530,Nublado,Baja,Airbus A350,82.7,FALSE,11,22.5,660
12151,BOG,MIA,08:15,Viernes,3160,Despejado,Baja,Airbus A350,74.7,FALSE,33,19.6,284
15503,EZE,MVD,09:30,Domingo,210,Despejado,Media,ATR 72,70.1,TRUE,16,10,53
21336,MDE,LIM,15:45,Miércoles,2100,Despejado,Baja,Embraer E195,60.1,TRUE,35,28.8,191
25217,MDE,MIA,21:15,Martes,2750,Despejado,Media,Boeing 737 MAX,69.8,FALSE,29,26.7,226
19712,GRU,FLN,13:15,Jueves,690,Despejado,Baja,Boeing 737,86.9,FALSE,35,5.1,96
12753,GRU,MIA,07:15,Martes,7520,Despejado,Baja,Airbus A330,90.1,FALSE,1,8.3,610
11713,PTY,MDE,05:45,Jueves,715,Niebla,Alta,ATR 72,64.6,FALSE,32,0.4,76
23656,TUC,EZE,15:15,Viernes,1230,Tormenta,Baja,Boeing 757,70.5,FALSE,11,2.1,131
24690,EZE,IGR,11:30,Miércoles,1100,Despejado,Baja,Boeing 737 MAX,69.1,FALSE,34,27.8,115
28180,LIM,EZE,19:30,Miércoles,3150,Despejado,Baja,Boeing 787,89,TRUE,4,18.8,280
21751,BOG,EZE,16:45,Jueves,4650,Nublado,Baja,Boeing 777,51,FALSE,31,22.9,390
26657,GRU,CDG,20:45,Jueves,9400,Tormenta,Baja,Boeing 777,87.3,TRUE,26,3.7,753
23349,BOG,BGA,15:15,Jueves,310,Despejado,Alta,ATR 72,77.1,FALSE,19,19.3,72
24130,BAQ,MDE,13:45,Lunes,310,Nublado,Baja,Airbus A320,74.1,TRUE,31,27,46
24728,MDE,BOG,10:15,Viernes,235,Despejado,Baja,Embraer E190,68.5,FALSE,13,15.5,46
29674,GRU,MEX,07:30,Martes,7300,Niebla,Baja,Airbus A330,90.6,TRUE,21,0.3,586
14526,EZE,MVD,07:30,Jueves,210,Nublado,Baja,ATR 72,84.4,FALSE,32,29,48
10170,CTG,BOG,06:45,Miércoles,135,Nublado,Alta,Embraer E190,56.3,TRUE,4,8.3,52
14673,MIA,MDE,07:30,Sábado,2750,Lluvia,Alta,Airbus A320neo,71.4,TRUE,12,27,232
16502,CLO,MDE,06:15,Martes,265,Despejado,Baja,Embraer E190,46.7,TRUE,42,13.2,50
12879,JFK,BOG,06:30,Martes,3930,Despejado,Media,Airbus A350,86.3,FALSE,15,11.5,315
16064,JFK,BOG,06:15,Domingo,3930,Nublado,Baja,Boeing 787,60.8,TRUE,48,27.8,314
27288,GRU,POA,02:00,Martes,1110,Despejado,Alta,Airbus A320neo,61.1,FALSE,29,29.9,127
21956,MDE,BAQ,15:45,Sábado,310,Nublado,Baja,ATR 72,69.8,TRUE,47,15.4,57
20952,MEX,PTY,15:15,Viernes,2280,Niebla,Alta,Boeing 757,82.4,FALSE,48,1.5,220
20390,BOG,CCS,13:45,Miércoles,1010,Despejado,Media,Embraer E195,86.8,TRUE,17,22,118
23658,GRU,GIG,18:30,Domingo,360,Despejado,Baja,Airbus A320,85.8,FALSE,15,23,49
16137,MEX,PTY,07:00,Jueves,2280,Lluvia,Alta,Embraer E195,87.1,FALSE,45,28,203
20302,ROS,EZE,14:15,Viernes,295,Nublado,Media,Boeing 737,78,TRUE,38,21.3,56
15938,MAD,GRU,07:30,Jueves,9350,Nublado,Baja,Airbus A330,59.4,FALSE,20,7.4,740
21885,BOG,PEI,13:30,Jueves,265,Lluvia,Baja,Embraer E190,90.2,FALSE,31,18.7,47
22295,PTY,LIM,17:45,Martes,2970,Despejado,Alta,Embraer E195,79.2,FALSE,6,7.3,260
13324,MDE,PTY,08:00,Lunes,715,Despejado,Baja,Airbus A320,84.1,FALSE,22,23.1,74
24830,BOG,BAQ,09:15,Jueves,145,Despejado,Media,ATR 72,75.3,TRUE,17,18.9,36
13471,MVD,EZE,11:45,Miércoles,210,Despejado,Baja,Embraer E190,78.1,FALSE,11,22,43
23399,AEP,EZE,19:15,Sábado,35,Despejado,Media,ATR 72,54.3,FALSE,47,6.9,47
22786,BOG,BAQ,14:45,Domingo,145,Despejado,Baja,Airbus A320,76.4,TRUE,34,23.9,35
26972,JFK,EZE,16:00,Jueves,8530,Despejado,Media,Boeing 777,72.8,TRUE,17,20.9,671
20382,EZE,SCL,11:30,Martes,1140,Nublado,Baja,Boeing 737 MAX,67.4,FALSE,36,6.7,112
28247,GRU,SSA,18:00,Viernes,1940,Despejado,Baja,Boeing 737 MAX,71.4,TRUE,43,14.7,184
15569,NQN,EZE,09:15,Jueves,1150,Despejado,Media,Airbus A320neo,51.3,TRUE,28,21.8,123
10138,EZE,ROS,10:30,Miércoles,295,Nublado,Baja,Embraer E190,94.8,FALSE,8,27.5,61
17030,CLO,MDE,15:45,Domingo,265,Niebla,Media,Airbus A320,73.8,FALSE,38,1.6,68
19424,UIO,EZE,15:30,Martes,3900,Nublado,Baja,Boeing 787,66.7,TRUE,26,11.2,330
19842,PEI,BOG,14:30,Miércoles,265,Despejado,Baja,Boeing 737,37.7,FALSE,2,12.7,68
15226,BRC,EZE,06:00,Lunes,1650,Despejado,Media,Airbus A320neo,50.7,TRUE,12,12.5,163
22713,BRC,EZE,16:45,Sábado,1650,Tormenta,Alta,Embraer E195,93.2,FALSE,35,2.7,159
19752,BAQ,MDE,14:15,Martes,310,Nublado,Media,Boeing 737,83.3,FALSE,27,16.8,54
17766,PTY,IAH,15:15,Sábado,2860,Despejado,Baja,Embraer E195,84.3,FALSE,10,7.1,248
18049,MDE,CLO,11:30,Martes,265,Lluvia,Media,Airbus A320,55.9,FALSE,27,18.6,52
12141,CTG,BOG,07:00,Martes,135,Tormenta,Media,ATR 72,73.4,FALSE,25,3.2,50
13001,MDE,UIO,08:00,Viernes,960,Nublado,Baja,Boeing 737 MAX,56.4,FALSE,1,7.6,101
14739,MDE,CLO,09:30,Sábado,265,Lluvia,Baja,Airbus A320,80.4,FALSE,2,22,63
29656,MVD,EZE,01:00,Lunes,210,Nublado,Media,Airbus A320,48.7,TRUE,33,17.2,51
17949,SSA,GRU,15:30,Sábado,1940,Despejado,Alta,Airbus A320neo,48.7,FALSE,15,18.4,186
14442,EZE,AEP,07:00,Sábado,35,Despejado,Media,Embraer E190,82.8,FALSE,22,23.4,26
17474,MIA,BOG,15:15,Jueves,3160,Nublado,Baja,Boeing 787,71.6,TRUE,19,19.2,275
16670,CLO,MDE,07:30,Lunes,265,Niebla,Baja,Boeing 737,99.4,FALSE,1,2.1,39
16550,BOG,BGA,10:45,Lunes,310,Despejado,Baja,Embraer E190,47.5,TRUE,4,22.6,52
14353,AEP,EZE,08:00,Viernes,35,Lluvia,Baja,ATR 72,73.9,FALSE,23,23.1,23
11398,BGA,MDE,05:45,Viernes,295,Nublado,Alta,ATR 72,81.6,FALSE,5,26.5,64
28872,EZE,AEP,16:15,Viernes,35,Nublado,Baja,Boeing 737,83.9,FALSE,17,15.8,29
12142,BOG,PTY,08:15,Viernes,650,Despejado,Media,Embraer E190,60,FALSE,42,9.4,78
28514,COR,EZE,20:15,Lunes,695,Despejado,Media,Boeing 737,80.6,FALSE,37,25.5,97
20964,SCL,EZE,13:30,Sábado,1140,Lluvia,Alta,Boeing 737 MAX,60.4,TRUE,1,7,113
21786,BOG,UIO,17:00,Jueves,730,Niebla,Alta,Embraer E190,62.8,TRUE,20,2,84
23605,MDE,BGA,10:00,Lunes,295,Niebla,Media,Airbus A320,64.7,TRUE,24,2.3,71
21814,LIM,EZE,17:00,Domingo,3150,Despejado,Alta,Boeing 787,36.3,TRUE,13,8.7,269
21851,IGR,EZE,18:45,Sábado,1100,Lluvia,Media,Boeing 757,53.7,TRUE,1,9.3,130
14615,EZE,TUC,06:00,Lunes,1230,Nublado,Media,Airbus A320neo,81.4,TRUE,6,15.7,126
26641,GRU,FLN,02:00,Domingo,690,Nublado,Media,Airbus A320,74.8,FALSE,49,14.5,90
29874,BOG,MDE,09:30,Jueves,235,Nublado,Alta,Airbus A320,73.3,FALSE,34,8.2,42
27697,GRU,GIG,05:15,Miércoles,360,Despejado,Media,ATR 72,56.9,TRUE,47,15.5,61
28706,SCL,EZE,11:30,Sábado,1140,Lluvia,Media,Boeing 737 MAX,90.1,TRUE,4,9.9,105
16836,BOG,CTG,05:15,Viernes,135,Despejado,Baja,Boeing 737,51.9,FALSE,11,29.5,39
21388,EZE,AEP,12:45,Lunes,35,Tormenta,Alta,Embraer E190,51.7,TRUE,25,0.7,47
26504,EZE,ASU,07:00,Lunes,1050,Tormenta,Baja,Airbus A320neo,65,FALSE,4,1.5,105
12313,MDE,EZE,07:00,Lunes,4900,Nublado,Media,Boeing 787,73.6,FALSE,19,21.5,395
14198,MDZ,EZE,09:15,Viernes,1040,Tormenta,Baja,Airbus A320neo,89.1,FALSE,8,4.1,114
23588,GUA,PTY,12:00,Domingo,820,Despejado,Baja,Embraer E195,56.3,FALSE,20,10.3,84
28465,EZE,UIO,03:15,Viernes,3900,Lluvia,Alta,Airbus A350,88.7,TRUE,47,7,330
14829,POA,GRU,10:45,Sábado,1110,Despejado,Media,Boeing 757,62.8,TRUE,5,17.3,119
15200,EZE,IGR,07:45,Jueves,1100,Nublado,Media,Embraer E195,79.3,FALSE,44,10.1,103
23028,BOG,MEX,08:00,Lunes,2700,Niebla,Baja,Airbus A320neo,82.8,FALSE,2,1.4,244
18543,MDE,BOG,15:00,Martes,235,Niebla,Baja,Airbus A320,98.4,FALSE,30,0.6,55
16226,AEP,EZE,06:30,Viernes,35,Lluvia,Baja,Embraer E190,85.9,FALSE,25,22,29
14389,EZE,PTY,08:45,Viernes,5100,Despejado,Baja,Boeing 787,89.2,FALSE,43,15,430
21056,MDE,BAQ,15:00,Lunes,310,Despejado,Media,Boeing 737,76.1,FALSE,12,23.5,48
22455,MEX,BOG,15:45,Domingo,2700,Nublado,Baja,Boeing 757,86.8,TRUE,49,26.1,244
29071,AMS,GRU,10:15,Sábado,9850,Despejado,Alta,Airbus A350,89.1,FALSE,14,7.2,758
21678,GRU,MIA,15:00,Viernes,7520,Despejado,Media,Airbus A330,46.3,FALSE,45,8.1,599
22010,BAQ,MDE,13:15,Sábado,310,Lluvia,Media,ATR 72,76.6,FALSE,36,25.8,53
18087,MVD,GRU,09:00,Viernes,1550,Lluvia,Baja,Airbus A320neo,69.3,FALSE,33,15.6,144
25995,UIO,PTY,08:30,Viernes,1420,Lluvia,Baja,Boeing 737 MAX,51.8,TRUE,28,5.3,139
10715,BAQ,MDE,07:30,Domingo,310,Despejado,Baja,Embraer E190,80.2,TRUE,34,14.5,69
15668,BOG,CTG,07:00,Miércoles,135,Nublado,Baja,Boeing 737,75.6,TRUE,3,25.9,36
29992,EZE,MDZ,16:45,Viernes,1040,Despejado,Baja,Boeing 737 MAX,50.3,TRUE,42,6.8,117
22536,CTG,BOG,16:15,Domingo,135,Despejado,Media,Airbus A320,58.5,FALSE,23,6.2,51
27300,CCS,PTY,01:15,Miércoles,1010,Despejado,Alta,Embraer E195,56.4,FALSE,3,14.1,96
22645,CLO,MDE,14:45,Miércoles,265,Nublado,Baja,Boeing 737,76.4,TRUE,46,6.5,46
12677,BOG,CLO,08:30,Viernes,300,Tormenta,Alta,Boeing 737,90.4,FALSE,16,4.5,44
26530,AEP,EZE,01:30,Miércoles,35,Despejado,Baja,Airbus A320,58.6,FALSE,32,7.1,35
25552,BOG,PEI,07:15,Domingo,265,Despejado,Baja,ATR 72,52.1,FALSE,1,22.4,67
10007,MDE,LIM,05:00,Viernes,2100,Nublado,Media,Boeing 737 MAX,86.3,TRUE,37,28.2,187
12911,CTG,BOG,05:15,Sábado,135,Nublado,Media,Airbus A320,75.8,TRUE,26,7,31
15633,EZE,NQN,08:30,Viernes,1150,Nublado,Media,Embraer E195,56.7,FALSE,5,15.9,130
21551,PTY,SJO,11:30,Martes,580,Lluvia,Alta,Boeing 737,83.6,TRUE,49,30,67
18349,ASU,EZE,16:15,Viernes,1050,Lluvia,Media,Boeing 757,89.5,TRUE,47,22.8,107
20581,SJO,PTY,15:30,Viernes,580,Tormenta,Media,Embraer E190,50.5,TRUE,12,3.7,83
12555,BAQ,MDE,07:00,Jueves,310,Niebla,Media,ATR 72,60.9,FALSE,4,1.5,68
14547,PTY,UIO,05:15,Martes,1420,Nublado,Alta,Embraer E195,79.8,TRUE,26,20.9,136
24413,MIA,EZE,04:00,Lunes,7720,Despejado,Baja,Boeing 777,27.4,FALSE,40,7.4,619
25913,BGA,MDE,04:45,Viernes,295,Despejado,Media,Embraer E190,70.5,FALSE,32,12.5,45
19896,GRU,BSB,16:30,Jueves,870,Nublado,Media,Embraer E195,68.4,TRUE,18,6.4,88
20720,EZE,PTY,14:15,Jueves,5100,Despejado,Baja,Airbus A350,75.2,TRUE,39,14.4,424
27386,GRU,SSA,00:30,Domingo,1940,Tormenta,Baja,Boeing 737 MAX,63.2,FALSE,6,1.8,170
27017,GRU,CDG,03:45,Domingo,9400,Despejado,Baja,Airbus A350,79.5,TRUE,30,16,731
21936,EZE,CCS,15:30,Domingo,4300,Despejado,Alta,Airbus A350,90.4,TRUE,24,25,346
26986,EZE,MDZ,17:30,Martes,1040,Despejado,Baja,Boeing 737 MAX,89.3,TRUE,19,12.2,113
11024,CWB,GRU,07:00,Miércoles,410,Niebla,Alta,ATR 72,77.2,FALSE,39,1,71
29446,ASU,EZE,22:45,Domingo,1050,Despejado,Media,Boeing 737 MAX,57.1,TRUE,31,8.5,122
25484,BOG,JFK,00:45,Martes,3930,Despejado,Media,Airbus A350,73.1,FALSE,18,22.7,327
29398,GRU,LIM,17:30,Viernes,3620,Despejado,Alta,Boeing 777,67.5,TRUE,11,27.6,306
12248,CTG,MDE,06:30,Lunes,365,Tormenta,Media,ATR 72,66.8,FALSE,31,1.6,71
17286,EZE,IGR,15:00,Sábado,1100,Nublado,Baja,Boeing 757,58.5,TRUE,14,7.4,118
23707,MDZ,EZE,16:00,Sábado,1040,Despejado,Baja,Embraer E195,56.8,TRUE,10,9.8,112
21147,PTY,EZE,14:45,Domingo,5100,Despejado,Baja,Airbus A350,85.1,FALSE,28,12.3,410
23056,IGR,EZE,12:30,Domingo,1100,Despejado,Baja,Boeing 737 MAX,38.6,FALSE,41,28.7,131
21044,ROS,EZE,17:00,Domingo,295,Nublado,Media,Airbus A320,76.4,TRUE,11,19.5,60
14280,JFK,GRU,07:45,Lunes,7680,Nublado,Alta,Boeing 777,77.6,TRUE,21,8.8,608
15360,BOG,CLO,06:45,Domingo,300,Despejado,Media,Boeing 737,85.1,TRUE,27,5.4,57
18154,PTY,LIM,14:45,Martes,2970,Nublado,Baja,Boeing 757,81.8,TRUE,39,27.3,258
16955,EZE,ASU,07:15,Jueves,1050,Despejado,Alta,Airbus A320neo,70.4,TRUE,8,16.3,104
21434,LIM,MDE,15:45,Domingo,2100,Nublado,Media,Boeing 737 MAX,71.5,FALSE,38,15.8,189
24477,SCL,GRU,09:15,Martes,2620,Lluvia,Baja,Boeing 737 MAX,73.6,FALSE,1,10.5,244
24314,SJO,PTY,17:45,Viernes,580,Nublado,Baja,Airbus A320,69.7,TRUE,18,7.9,84
27811,GIG,EZE,10:45,Jueves,1970,Niebla,Alta,Embraer E195,90.1,FALSE,36,0.6,182
19774,EZE,BOG,15:15,Viernes,4650,Lluvia,Baja,Airbus A330,20.2,FALSE,47,20.2,383
12112,BOG,CCS,06:00,Martes,1010,Lluvia,Alta,Boeing 757,51.6,TRUE,35,18.5,101
12877,BOG,UIO,08:45,Martes,730,Despejado,Media,Airbus A320,83.2,FALSE,49,5,92
18507,EZE,ROS,14:15,Domingo,295,Despejado,Media,Embraer E190,85.1,FALSE,14,19.4,63
19730,BOG,BGA,17:00,Domingo,310,Niebla,Media,Embraer E190,96.6,TRUE,46,2,60
13205,MAD,BOG,09:15,Martes,8680,Niebla,Baja,Boeing 787,74.5,FALSE,20,0.5,678
14942,PTY,UIO,10:45,Martes,1420,Tormenta,Alta,Airbus A320neo,61.7,FALSE,15,1.9,132
14464,EZE,IGR,08:30,Domingo,1100,Nublado,Baja,Embraer E195,45.9,FALSE,32,26.3,126
18125,PTY,MDE,16:45,Viernes,715,Nublado,Baja,ATR 72,79.7,FALSE,2,22.8,102
23153,EZE,UIO,13:45,Domingo,3900,Nublado,Alta,Airbus A350,59.8,FALSE,26,6.3,322
10559,GRU,CWB,10:15,Viernes,410,Lluvia,Baja,ATR 72,71.7,FALSE,37,9.6,77
22288,IAH,PTY,15:30,Viernes,2860,Nublado,Baja,Airbus A320neo,80.2,TRUE,22,15.1,262
13618,EZE,UIO,08:30,Viernes,3900,Nublado,Media,Boeing 777,46,FALSE,28,15.7,327
15334,LIM,BOG,09:15,Viernes,1890,Niebla,Baja,Boeing 757,90.1,TRUE,49,0.9,175
23741,MEX,BOG,16:15,Jueves,2700,Niebla,Alta,Airbus A320neo,99.6,FALSE,11,1.6,223
18478,CLO,MDE,17:00,Sábado,265,Lluvia,Baja,Boeing 737,85.3,FALSE,13,25.8,59
14167,MDE,BAQ,08:00,Lunes,310,Despejado,Alta,ATR 72,69.1,FALSE,8,6.3,61
28510,EZE,MVD,22:00,Viernes,210,Despejado,Alta,Airbus A320,59.1,TRUE,39,14.5,52
22142,MDE,PTY,16:45,Lunes,715,Lluvia,Baja,ATR 72,88.4,FALSE,30,30,87
17701,PTY,MEX,14:30,Viernes,2280,Despejado,Baja,Boeing 737 MAX,88.4,FALSE,13,21.1,198
15217,GRU,EZE,08:00,Domingo,1760,Despejado,Baja,Boeing 737 MAX,58.6,FALSE,7,12.8,171
16620,CCS,EZE,08:45,Martes,4300,Nublado,Baja,Boeing 787,71.4,FALSE,8,28.9,350
12797,PTY,EZE,08:30,Viernes,5100,Despejado,Media,Airbus A350,89.5,FALSE,43,17.2,422
25697,SCL,EZE,10:15,Viernes,1140,Despejado,Baja,Boeing 737 MAX,59.8,FALSE,19,23.7,122
22891,MDE,BGA,14:30,Sábado,295,Despejado,Media,ATR 72,92.7,TRUE,14,16.5,60
14154,EZE,MDZ,06:30,Lunes,1040,Despejado,Media,Boeing 737 MAX,62.9,FALSE,47,5.1,114
17627,EZE,AEP,15:30,Lunes,35,Despejado,Alta,Boeing 737,68.4,FALSE,16,10.3,46
29009,BOG,UIO,02:45,Viernes,730,Nublado,Media,Embraer E190,72.8,TRUE,39,5.1,96
27025,PTY,GUA,10:45,Lunes,820,Nublado,Baja,Embraer E195,53.9,FALSE,3,29.2,87
21283,GRU,MEX,14:30,Viernes,7300,Despejado,Media,Airbus A330,79.9,FALSE,30,28.4,589
25101,GRU,GIG,10:45,Sábado,360,Despejado,Baja,Embraer E190,68.7,FALSE,13,12.4,75
14443,PTY,CLT,06:15,Lunes,2890,Lluvia,Baja,Boeing 737 MAX,85.8,FALSE,35,13.4,240
27742,TUC,EZE,09:45,Jueves,1230,Nublado,Baja,Boeing 737 MAX,36.9,TRUE,49,8.3,135
28400,GRU,MIA,18:30,Domingo,7520,Despejado,Baja,Boeing 787,47.3,TRUE,26,5.6,608
19061,MEX,BOG,13:45,Lunes,2700,Despejado,Alta,Boeing 737 MAX,49.5,FALSE,45,21.5,231
22152,BOG,MDE,13:15,Miércoles,235,Nublado,Media,Boeing 737,83.4,FALSE,9,15.8,42
12352,MDE,PEI,09:45,Martes,140,Lluvia,Media,ATR 72,92.2,FALSE,15,21.9,32
29366,JFK,GRU,02:15,Lunes,7680,Despejado,Baja,Boeing 777,77.6,FALSE,10,6.5,601
15338,GRU,MVD,10:30,Jueves,1550,Despejado,Alta,Boeing 737 MAX,75.4,FALSE,13,18.1,159
20970,GIG,GRU,18:00,Miércoles,360,Niebla,Baja,ATR 72,70.5,TRUE,25,1.8,49
16120,BOG,MDE,08:00,Miércoles,235,Nublado,Baja,Boeing 737,77,FALSE,6,12.9,46
12725,BOG,GRU,07:00,Sábado,3940,Lluvia,Media,Boeing 777,88.8,TRUE,29,14.5,320
16591,MDE,BOG,05:30,Lunes,235,Despejado,Media,Airbus A320,72.8,FALSE,28,15.5,47
17650,GRU,BOG,16:15,Jueves,3940,Nublado,Baja,Boeing 787,61.8,FALSE,15,9.3,341
11870,PTY,MEX,09:15,Jueves,2280,Despejado,Baja,Boeing 737 MAX,79.3,FALSE,5,17,216
26902,EZE,TUC,05:30,Domingo,1230,Tormenta,Media,Boeing 757,91.9,TRUE,23,2.8,120
20837,BAQ,BOG,15:15,Viernes,145,Despejado,Baja,ATR 72,72.3,FALSE,13,17.3,53
29375,PTY,MDE,20:15,Jueves,715,Despejado,Media,Airbus A320,77.1,FALSE,2,12.4,83
23295,BAQ,BOG,11:30,Lunes,145,Despejado,Baja,Boeing 737,93.7,FALSE,43,22.6,45
16423,BGA,BOG,05:00,Sábado,310,Nublado,Alta,ATR 72,75.8,TRUE,32,12.7,60
18165,UIO,MDE,13:15,Viernes,960,Nublado,Baja,Boeing 757,89.8,FALSE,49,8.9,120
11200,IGR,EZE,04:15,Jueves,1100,Lluvia,Alta,Boeing 737 MAX,62,TRUE,28,11.5,105
13166,PEI,MDE,09:30,Viernes,140,Nublado,Baja,Embraer E190,91.7,FALSE,12,22.4,48
23882,UIO,MDE,12:30,Martes,960,Lluvia,Baja,Airbus A320neo,77.4,FALSE,3,15.3,111
24426,GRU,MVD,20:15,Lunes,1550,Tormenta,Baja,Embraer E195,72.3,FALSE,34,1.4,160
23845,EZE,MVD,17:45,Miércoles,210,Lluvia,Media,Boeing 737,91.8,FALSE,27,25.1,42
27490,PTY,EZE,07:15,Miércoles,5100,Nublado,Baja,Airbus A330,66.2,FALSE,10,10.9,420
10716,BAQ,BOG,08:30,Jueves,145,Nublado,Baja,ATR 72,92.2,TRUE,30,19.3,43
13636,BSB,GRU,10:30,Miércoles,870,Nublado,Baja,Boeing 737 MAX,39.9,FALSE,21,23.2,107
22981,PEI,MDE,18:30,Miércoles,140,Despejado,Baja,Boeing 737,26.9,TRUE,40,20.1,52
26509,MDE,BOG,13:00,Domingo,235,Despejado,Alta,Boeing 737,66.1,TRUE,26,13.2,40
23902,TUC,EZE,15:30,Miércoles,1230,Tormenta,Baja,Boeing 737 MAX,69.9,FALSE,44,4.3,119
13703,ASU,EZE,07:00,Domingo,1050,Nublado,Media,Boeing 757,75.4,FALSE,20,24.6,117
10362,EZE,IGR,10:00,Martes,1100,Tormenta,Media,Boeing 757,80.8,TRUE,11,1.2,123
13116,EZE,AEP,07:00,Sábado,35,Niebla,Alta,Embraer E190,54.6,TRUE,42,1.1,46
28879,BOG,CCS,13:00,Sábado,1010,Nublado,Baja,Boeing 737 MAX,78.8,FALSE,37,16.5,101
21757,UIO,BOG,14:30,Viernes,730,Despejado,Baja,Airbus A320,44.4,FALSE,28,24.6,94
14297,BOG,MEX,08:45,Jueves,2700,Niebla,Alta,Boeing 757,45.7,TRUE,38,2.9,230
22149,EZE,NQN,15:45,Lunes,1150,Lluvia,Alta,Boeing 757,68,TRUE,47,9.9,110
13490,EZE,LIM,06:15,Sábado,3150,Nublado,Baja,Airbus A330,88.2,FALSE,34,11.6,274
28339,BOG,PEI,00:00,Miércoles,265,Nublado,Media,Airbus A320,78.7,FALSE,5,23.7,55
14246,MDE,PTY,09:00,Domingo,715,Despejado,Media,Embraer E190,78,FALSE,11,7,73
13590,BOG,MDE,07:15,Jueves,235,Tormenta,Baja,Embraer E190,86.1,FALSE,24,3.9,60
12761,MDE,BGA,07:45,Martes,295,Nublado,Baja,Airbus A320,62.6,TRUE,1,24.9,54
18658,EZE,MDZ,13:15,Sábado,1040,Nublado,Media,Boeing 757,79.8,FALSE,41,23.3,98
21797,MVD,GRU,16:30,Lunes,1550,Lluvia,Baja,Boeing 737 MAX,84.7,TRUE,34,17.2,154
17021,EZE,GRU,15:00,Miércoles,1760,Nublado,Baja,Boeing 737 MAX,83.1,FALSE,1,11.8,156
11158,MDE,PTY,08:45,Martes,715,Nublado,Media,Boeing 737,84.7,TRUE,10,13.2,102
14825,GRU,AMS,08:45,Domingo,9850,Despejado,Baja,Boeing 777,62.9,FALSE,17,8.3,774
29644,EZE,AEP,20:00,Viernes,35,Niebla,Baja,Airbus A320,63.5,FALSE,42,2.8,28
10461,BOG,MIA,05:30,Domingo,3160,Lluvia,Baja,Boeing 787,55.3,FALSE,20,15.7,284
24676,GRU,BSB,16:15,Jueves,870,Despejado,Baja,Boeing 737 MAX,38.7,FALSE,8,12.9,95
27943,MVD,GRU,03:00,Miércoles,1550,Nublado,Baja,Boeing 737 MAX,52.7,TRUE,36,5.3,154
16242,BAQ,BOG,07:30,Jueves,145,Lluvia,Baja,Boeing 737,86.7,TRUE,7,7,47
10292,CLO,MDE,07:45,Viernes,265,Nublado,Alta,ATR 72,81.5,FALSE,15,15.2,45
17704,CCS,BOG,11:30,Domingo,1010,Despejado,Media,Boeing 757,83.1,FALSE,7,8.7,107
20871,ROS,EZE,14:00,Domingo,295,Despejado,Baja,Airbus A320,95.5,FALSE,4,28.2,62
16135,BSB,GRU,06:45,Lunes,870,Despejado,Baja,Airbus A320neo,77.5,TRUE,45,23.2,101
27376,MDE,JFK,14:45,Viernes,3560,Lluvia,Baja,Airbus A350,74,FALSE,28,24.8,298
23803,BOG,LIM,13:30,Lunes,1890,Despejado,Alta,Airbus A320neo,73.3,FALSE,47,17.7,186
27753,MIA,PTY,06:00,Miércoles,2200,Despejado,Media,Embraer E195,93.4,FALSE,36,26.6,214
16269,PTY,BOG,08:45,Martes,650,Despejado,Baja,Airbus A320,76.3,FALSE,27,15,74
28386,MIA,MDE,04:45,Martes,2750,Niebla,Baja,Boeing 757,68.7,FALSE,3,0.6,238
14326,BSB,GRU,09:00,Viernes,870,Tormenta,Baja,Airbus A320neo,59.1,TRUE,12,3.3,113
18597,GRU,FLN,16:30,Domingo,690,Despejado,Media,ATR 72,48.7,FALSE,27,13.4,98
24973,EZE,PTY,18:30,Viernes,5100,Tormenta,Media,Boeing 777,74.7,FALSE,45,4.6,422
22658,MDE,BAQ,17:30,Martes,310,Lluvia,Media,Airbus A320,49.7,FALSE,14,18.8,58
12688,PEI,BOG,09:00,Martes,265,Despejado,Media,ATR 72,68.3,FALSE,19,16.1,43
24315,BOG,LIM,09:00,Domingo,1890,Lluvia,Baja,Embraer E195,90.7,TRUE,10,19,166
28653,MDE,CTG,22:45,Lunes,365,Despejado,Media,Embraer E190,66.7,TRUE,44,5.5,75
16247,BOG,CLO,06:00,Domingo,300,Despejado,Media,Boeing 737,46.5,FALSE,37,8.5,49
13683,UIO,EZE,04:15,Viernes,3900,Nublado,Media,Boeing 787,81.4,FALSE,41,26.6,325
27577,BOG,PTY,00:00,Domingo,650,Nublado,Baja,ATR 72,82.8,FALSE,33,11.2,87
23389,BAQ,BOG,12:45,Sábado,145,Despejado,Baja,Embraer E190,60,FALSE,33,12.1,58
12280,MDE,GRU,08:30,Miércoles,4180,Niebla,Media,Boeing 777,81.1,TRUE,48,2.2,351
17649,GRU,MIA,16:00,Miércoles,7520,Despejado,Baja,Airbus A350,87.3,FALSE,41,24.2,609
16194,BOG,BGA,09:30,Jueves,310,Despejado,Media,Airbus A320,69.8,FALSE,28,8.4,51
19653,BRC,EZE,13:15,Domingo,1650,Despejado,Baja,Embraer E195,88.4,FALSE,49,13.5,158
14979,CTG,BOG,09:00,Lunes,135,Despejado,Media,Airbus A320,64.5,TRUE,8,19.6,32
18629,SJO,PTY,14:00,Jueves,580,Despejado,Baja,Boeing 737,84.8,FALSE,38,23.3,68
24506,GRU,MVD,10:15,Domingo,1550,Lluvia,Baja,Embraer E195,90.8,TRUE,24,17.8,151
29400,BRC,EZE,16:30,Martes,1650,Despejado,Media,Embraer E195,68.5,FALSE,38,16.2,166
29494,LIM,PTY,12:00,Sábado,2970,Despejado,Baja,Embraer E195,68.5,FALSE,15,12.4,257
20332,PTY,IAH,18:45,Domingo,2860,Lluvia,Alta,Airbus A320neo,96.1,TRUE,16,27.6,259
10231,NQN,EZE,05:00,Viernes,1150,Despejado,Alta,Embraer E195,33.8,FALSE,2,7.1,135
21823,MEX,GRU,15:30,Martes,7300,Nublado,Media,Airbus A350,15.2,FALSE,38,17.1,576
29764,MAD,GRU,09:00,Domingo,9350,Lluvia,Baja,Boeing 777,82.5,FALSE,37,22.1,749
13257,UIO,MDE,06:15,Miércoles,960,Nublado,Baja,Boeing 737 MAX,40.7,FALSE,36,7.8,106
21456,COR,EZE,13:15,Viernes,695,Despejado,Media,ATR 72,39.3,TRUE,29,28.1,85
28619,MEX,PTY,13:15,Sábado,2280,Tormenta,Media,Boeing 737 MAX,53.9,FALSE,39,2.5,216
22322,UIO,EZE,15:00,Martes,3900,Despejado,Baja,Airbus A350,82.6,FALSE,3,25.4,324
26116,BOG,MDE,22:15,Viernes,235,Niebla,Media,Boeing 737,68.1,TRUE,35,1.6,56
20900,EZE,MVD,14:30,Jueves,210,Lluvia,Alta,ATR 72,79.4,FALSE,8,11.6,38
13411,SCL,GRU,09:45,Sábado,2620,Nublado,Baja,Embraer E195,44.7,FALSE,34,11.8,220
26694,EZE,TUC,11:15,Sábado,1230,Tormenta,Baja,Boeing 737 MAX,82.9,FALSE,37,4.6,115
12617,CTG,MDE,12:30,Miércoles,365,Nublado,Media,ATR 72,59.4,TRUE,27,26.8,51
15886,EZE,AEP,09:15,Jueves,35,Lluvia,Media,ATR 72,82.6,FALSE,4,20.2,36
20597,ROS,EZE,15:15,Jueves,295,Despejado,Media,Airbus A320,58.1,FALSE,27,12.8,45
28880,EZE,BOG,00:15,Lunes,4650,Despejado,Media,Boeing 777,69.4,FALSE,20,16,393
14740,EZE,AEP,07:00,Martes,35,Despejado,Baja,ATR 72,91.5,FALSE,6,22.2,36
24510,UIO,BOG,10:15,Sábado,730,Nublado,Media,Embraer E190,95.6,FALSE,3,9.2,75
26774,BOG,BAQ,12:30,Miércoles,145,Despejado,Baja,Airbus A320,91.1,TRUE,1,20.8,56
16811,BOG,BAQ,07:15,Sábado,145,Despejado,Baja,Boeing 737,35.7,TRUE,24,27.1,50
15204,BOG,MAD,06:30,Miércoles,8680,Lluvia,Baja,Airbus A330,71.7,FALSE,6,20.6,693
29466,CCS,BOG,08:15,Martes,1010,Tormenta,Alta,Boeing 757,48.7,FALSE,31,1.2,111
20171,BOG,EZE,15:30,Miércoles,4650,Lluvia,Media,Boeing 777,93.9,FALSE,45,12.8,384
13288,ROS,EZE,10:30,Sábado,295,Despejado,Media,Boeing 737,88.7,TRUE,16,15.7,62
26000,UIO,PTY,03:00,Domingo,1420,Niebla,Media,Embraer E195,70.9,FALSE,9,1.4,153
23695,EZE,ASU,18:00,Jueves,1050,Despejado,Media,Boeing 737 MAX,60.7,FALSE,39,20.4,100
13708,CLO,MDE,08:45,Jueves,265,Despejado,Media,ATR 72,52.1,TRUE,39,16.1,58
12782,PTY,CLT,06:45,Martes,2890,Lluvia,Baja,Boeing 757,46.7,FALSE,30,13.2,236
14973,BGA,BOG,06:45,Viernes,310,Lluvia,Baja,Embraer E190,80.4,FALSE,43,21.7,67
16867,GRU,MVD,06:15,Sábado,1550,Nublado,Baja,Boeing 737 MAX,83.2,FALSE,22,13.1,147
18526,PTY,CCS,15:00,Jueves,1010,Lluvia,Media,Boeing 737 MAX,56.2,FALSE,2,12.9,122
20228,GRU,EZE,15:15,Domingo,1760,Nublado,Baja,Boeing 737 MAX,88.5,FALSE,35,15.9,178
14463,GRU,EZE,07:15,Miércoles,1760,Tormenta,Baja,Boeing 737 MAX,40.1,FALSE,6,0.9,175
13049,GRU,PTY,08:45,Viernes,4630,Tormenta,Media,Boeing 777,88.5,FALSE,11,1.8,390
19559,EZE,BRC,11:00,Martes,1650,Despejado,Baja,Embraer E195,79.3,FALSE,11,23.2,170
21223,CLT,PTY,16:15,Sábado,2890,Despejado,Baja,Embraer E195,48.9,FALSE,48,26.2,265
28332,LIM,BOG,05:45,Miércoles,1890,Tormenta,Alta,Airbus A320neo,79.7,FALSE,21,4.5,177
19234,MDE,BAQ,18:30,Viernes,310,Despejado,Baja,Airbus A320,77.5,TRUE,16,29.9,59
23079,MDE,CTG,16:15,Domingo,365,Lluvia,Media,ATR 72,73,FALSE,8,13.5,50
18092,PTY,MDE,17:45,Miércoles,715,Nublado,Media,ATR 72,67.9,FALSE,22,18.6,91
23465,GRU,CWB,13:00,Miércoles,410,Despejado,Baja,Boeing 737,92.3,TRUE,44,27.6,71
19540,GRU,GIG,13:45,Martes,360,Despejado,Media,Embraer E190,69.2,FALSE,3,7.6,68
20415,IGR,EZE,18:45,Domingo,1100,Despejado,Baja,Airbus A320neo,87.8,TRUE,12,21,122
18242,UIO,MDE,20:15,Sábado,960,Despejado,Baja,Boeing 757,88,TRUE,45,22.7,110
16832,CTG,BOG,11:45,Sábado,135,Lluvia,Media,Airbus A320,61.5,FALSE,44,8.1,59
23838,PTY,GRU,15:30,Lunes,4630,Despejado,Baja,Boeing 787,81.9,FALSE,18,25.5,396
21947,EZE,LIM,14:00,Miércoles,3150,Despejado,Media,Airbus A350,77,FALSE,43,29,284
29170,GRU,PTY,21:30,Sábado,4630,Lluvia,Baja,Boeing 787,90.4,FALSE,45,14.5,374
21558,EZE,SCL,16:00,Miércoles,1140,Nublado,Baja,Boeing 757,77.6,FALSE,5,9.5,125
23175,CLO,BOG,13:45,Lunes,300,Lluvia,Media,ATR 72,80.9,TRUE,4,26,54
21437,GRU,FLN,17:15,Miércoles,690,Lluvia,Baja,ATR 72,94.6,TRUE,35,19,75
14231,PEI,MDE,06:45,Domingo,140,Lluvia,Media,Airbus A320,88.7,TRUE,21,8.7,52
27684,BOG,LIM,10:15,Domingo,1890,Despejado,Media,Embraer E195,69,FALSE,27,19,176
24773,BOG,BGA,17:00,Jueves,310,Despejado,Baja,Boeing 737,42.6,TRUE,29,25.4,48
28003,LIM,GRU,04:00,Lunes,3620,Despejado,Baja,Boeing 777,78.8,TRUE,15,29,303
11958,BOG,CLO,09:00,Martes,300,Despejado,Alta,Boeing 737,82.9,TRUE,42,8.8,53
10488,GIG,GRU,07:30,Jueves,360,Nublado,Media,ATR 72,57.7,FALSE,25,15.3,71
26948,GRU,GIG,11:00,Sábado,360,Lluvia,Alta,Airbus A320,64.1,FALSE,47,18.3,68
17699,CLO,BOG,16:15,Miércoles,300,Nublado,Baja,Airbus A320,47.5,FALSE,37,28.6,50
12513,PTY,BOG,07:30,Miércoles,650,Despejado,Baja,Boeing 737,75.4,FALSE,26,18.6,83
18452,BOG,CLO,17:45,Martes,300,Lluvia,Baja,ATR 72,79.2,FALSE,42,7.1,61
19792,JFK,EZE,12:30,Miércoles,8530,Nublado,Media,Boeing 787,76.1,TRUE,19,15.9,659
19699,PTY,SJO,14:45,Domingo,580,Despejado,Baja,Boeing 737,65.1,FALSE,18,11.4,90
26688,PTY,GUA,03:45,Lunes,820,Niebla,Baja,Boeing 737 MAX,60.2,TRUE,32,1.6,95
29113,JFK,MDE,21:45,Sábado,3560,Despejado,Media,Boeing 787,83,FALSE,31,19,306
23192,MVD,EZE,13:15,Sábado,210,Nublado,Baja,ATR 72,91.4,FALSE,25,10.9,35
19539,BAQ,BOG,15:00,Domingo,145,Nublado,Media,Boeing 737,68.5,FALSE,33,8.2,38
18859,EZE,LIM,14:00,Jueves,3150,Tormenta,Media,Boeing 777,47.5,FALSE,2,3.5,278
19399,MDE,CTG,16:30,Jueves,365,Nublado,Media,Embraer E190,71,TRUE,13,26.1,64
28962,BGA,MDE,20:00,Jueves,295,Lluvia,Alta,Airbus A320,88.8,FALSE,30,14.6,51
27865,UIO,PTY,08:45,Martes,1420,Despejado,Media,Embraer E195,57.4,FALSE,24,17.2,133
24387,BOG,CLO,18:30,Viernes,300,Nublado,Baja,ATR 72,92.5,TRUE,9,11.1,53
27132,COR,EZE,12:00,Viernes,695,Despejado,Alta,ATR 72,96.2,FALSE,31,19.6,84
11021,BGA,BOG,05:00,Lunes,310,Nublado,Baja,ATR 72,81.9,FALSE,29,29.2,63
25961,MDE,BGA,17:00,Miércoles,295,Despejado,Alta,Boeing 737,75,FALSE,22,8.6,55
15183,MDE,PTY,08:15,Miércoles,715,Despejado,Media,Airbus A320,68.1,TRUE,4,30,73
14849,EZE,ASU,06:15,Domingo,1050,Despejado,Media,Boeing 757,73.9,TRUE,38,20.6,108
20290,EZE,SCL,16:45,Lunes,1140,Tormenta,Baja,Boeing 737 MAX,47.5,FALSE,6,1.1,117
18504,MDE,BGA,18:45,Miércoles,295,Despejado,Baja,ATR 72,79,TRUE,8,23.1,45
19799,ROS,EZE,14:00,Jueves,295,Nublado,Media,Airbus A320,59.6,TRUE,8,11.6,69
24453,JFK,BOG,04:45,Jueves,3930,Lluvia,Baja,Airbus A350,63.8,FALSE,28,29.8,332
16492,POA,GRU,07:30,Domingo,1110,Nublado,Alta,Boeing 737 MAX,45.9,TRUE,38,20.8,105
22104,EZE,LIM,13:00,Martes,3150,Nublado,Baja,Boeing 787,82.5,FALSE,30,19.4,256
25340,AMS,GRU,11:45,Miércoles,9850,Lluvia,Media,Boeing 777,79.8,TRUE,5,18.8,782
25562,AMS,GRU,13:30,Jueves,9850,Despejado,Alta,Boeing 777,37.3,FALSE,43,12.6,773
10135,MDE,LIM,05:00,Jueves,2100,Despejado,Baja,Embraer E195,68.1,FALSE,42,15.6,187
21900,AMS,GRU,15:45,Viernes,9850,Despejado,Media,Airbus A330,55.9,FALSE,22,13.7,771
19163,CTG,BOG,14:15,Domingo,135,Nublado,Alta,Embraer E190,53.9,FALSE,41,19.3,45
16267,AEP,EZE,07:15,Sábado,35,Despejado,Baja,ATR 72,97.2,FALSE,14,23.1,50
14206,TUC,EZE,07:15,Martes,1230,Niebla,Baja,Boeing 757,79.4,FALSE,32,2.3,131
22064,MDE,JFK,12:15,Miércoles,3560,Despejado,Alta,Airbus A330,70.2,TRUE,28,12.2,310
26443,POA,GRU,01:15,Viernes,1110,Nublado,Media,Embraer E195,68.9,FALSE,30,27.8,122
18127,CTG,BOG,09:00,Sábado,135,Despejado,Media,Embraer E190,73.5,FALSE,35,22.7,59
28443,PTY,JFK,11:00,Jueves,3520,Nublado,Baja,Airbus A350,81.2,FALSE,46,11.3,286
25215,TUC,EZE,16:30,Jueves,1230,Despejado,Media,Boeing 737 MAX,59,FALSE,45,28.9,129
28765,GRU,MIA,05:30,Viernes,7520,Lluvia,Media,Boeing 777,70.4,FALSE,39,11.3,591
14681,BSB,GRU,06:30,Martes,870,Despejado,Baja,Airbus A320neo,48.5,FALSE,30,18.9,91
17509,EZE,UIO,12:30,Lunes,3900,Lluvia,Alta,Boeing 777,53,FALSE,17,6.2,341
28029,EZE,JFK,09:15,Viernes,8530,Nublado,Baja,Boeing 787,66.6,TRUE,31,21.5,665
15504,PTY,JFK,08:45,Martes,3520,Tormenta,Baja,Boeing 777,59.3,FALSE,7,3.6,310
10486,GRU,BSB,08:15,Lunes,870,Despejado,Media,Boeing 757,44.5,FALSE,31,25.9,100
21237,UIO,MDE,15:30,Lunes,960,Lluvia,Baja,Embraer E195,81.8,FALSE,19,14.4,101
10968,GRU,BOG,08:15,Jueves,3940,Nublado,Baja,Boeing 777,44.9,FALSE,20,29.4,342
21458,BAQ,BOG,15:45,Viernes,145,Nublado,Media,ATR 72,76.9,FALSE,17,26.7,50
16070,GRU,EZE,05:45,Domingo,1760,Despejado,Baja,Boeing 757,70,TRUE,47,29,161
19454,LIM,PTY,17:00,Jueves,2970,Lluvia,Media,Boeing 737 MAX,42,FALSE,33,16.9,265
15355,MIA,PTY,06:00,Domingo,2200,Despejado,Alta,Embraer E195,79.9,TRUE,45,11.9,210
22095,GRU,EZE,12:45,Jueves,1760,Nublado,Baja,Embraer E195,77.7,FALSE,32,16.7,153
26933,GRU,MAD,16:00,Jueves,9350,Lluvia,Media,Airbus A330,50.1,TRUE,24,7,725
12226,POA,GRU,07:00,Sábado,1110,Lluvia,Alta,Airbus A320neo,94.1,FALSE,15,8,117
23642,BAQ,BOG,14:45,Miércoles,145,Despejado,Alta,ATR 72,72.4,FALSE,18,14.5,33
15759,BGA,MDE,08:15,Miércoles,295,Lluvia,Baja,Boeing 737,84.1,FALSE,44,9.5,47
20147,GRU,EZE,15:00,Sábado,1760,Nublado,Media,Boeing 737 MAX,61.7,FALSE,23,26.6,154
22444,GUA,PTY,14:30,Domingo,820,Tormenta,Baja,Boeing 757,71.6,TRUE,29,1.2,101
23186,BOG,CCS,14:15,Miércoles,1010,Niebla,Media,Boeing 757,65,FALSE,39,0.8,98
16207,PTY,UIO,09:30,Miércoles,1420,Despejado,Media,Boeing 757,60.5,TRUE,41,17.5,151
16057,PEI,BOG,08:15,Lunes,265,Despejado,Alta,Boeing 737,76.3,FALSE,31,9.6,40
16254,MVD,GRU,09:15,Miércoles,1550,Lluvia,Media,Airbus A320neo,75.6,FALSE,16,10.2,144
20535,BOG,MDE,13:15,Martes,235,Despejado,Alta,Embraer E190,69.6,FALSE,46,16.2,41
20348,EZE,AEP,15:30,Sábado,35,Despejado,Alta,Embraer E190,94,FALSE,20,26.5,38
23339,GRU,EZE,14:30,Miércoles,1760,Nublado,Alta,Embraer E195,89,TRUE,10,22,153
15351,MDE,BGA,07:30,Martes,295,Niebla,Media,Airbus A320,39.8,TRUE,45,1.7,45
13965,MDE,PEI,08:00,Lunes,140,Despejado,Alta,Airbus A320,78.6,FALSE,35,7.9,56
22768,CLO,MDE,18:30,Lunes,265,Despejado,Media,ATR 72,64.1,TRUE,12,18,40
25643,MIA,BOG,13:30,Lunes,3160,Nublado,Media,Airbus A330,93.8,TRUE,3,14.3,259
20316,CTG,BOG,14:30,Martes,135,Nublado,Media,ATR 72,76.8,FALSE,15,18,40
27177,MDE,PTY,20:00,Domingo,715,Tormenta,Baja,Embraer E190,85.3,TRUE,39,4.9,100
21141,PEI,BOG,15:15,Sábado,265,Nublado,Baja,Boeing 737,66.7,TRUE,5,16.4,47
13486,UIO,BOG,06:30,Miércoles,730,Niebla,Alta,ATR 72,50.3,FALSE,18,2.2,81
17262,BAQ,MDE,14:45,Martes,310,Nublado,Baja,ATR 72,85.5,FALSE,44,29.5,70
19348,BGA,MDE,15:15,Miércoles,295,Nublado,Baja,Boeing 737,86.5,TRUE,3,13.4,56
16212,BOG,LIM,09:15,Viernes,1890,Tormenta,Alta,Boeing 737 MAX,85.5,TRUE,43,4.9,174
15526,MDE,PTY,06:15,Jueves,715,Lluvia,Alta,Embraer E190,50.6,FALSE,37,11,88
21613,EZE,BRC,18:30,Viernes,1650,Despejado,Media,Boeing 737 MAX,31.4,TRUE,42,25.3,156
26219,JFK,BOG,17:45,Jueves,3930,Despejado,Alta,Boeing 777,89,FALSE,13,24.7,330
10602,JFK,PTY,04:00,Domingo,3520,Lluvia,Alta,Airbus A350,89.2,TRUE,26,21.3,289
13509,BSB,GRU,08:15,Lunes,870,Tormenta,Baja,Airbus A320neo,87.5,TRUE,6,2.7,106
20141,BOG,CLO,16:15,Domingo,300,Lluvia,Media,ATR 72,81.1,FALSE,5,28.7,55
15772,PTY,CCS,04:00,Domingo,1010,Despejado,Baja,Airbus A320neo,93.8,FALSE,3,19.2,120
12857,ROS,EZE,08:45,Lunes,295,Despejado,Baja,ATR 72,76.8,TRUE,18,24.9,57
14955,GIG,EZE,05:15,Martes,1970,Despejado,Media,Boeing 737 MAX,78,FALSE,36,24.9,169
22611,EZE,MIA,11:15,Viernes,7720,Nublado,Alta,Airbus A350,53.7,FALSE,20,13,609
12168,EZE,MDZ,08:30,Miércoles,1040,Nublado,Baja,Boeing 737 MAX,77.9,TRUE,27,23.8,109
12413,AEP,EZE,08:00,Domingo,35,Despejado,Media,Embraer E190,60.3,TRUE,42,10.1,23
17387,EZE,COR,12:15,Viernes,695,Despejado,Baja,Embraer E190,52.1,FALSE,6,8.9,95
27831,MDZ,EZE,11:15,Viernes,1040,Despejado,Media,Airbus A320neo,80.2,TRUE,40,7,114
15101,LIM,GRU,07:15,Domingo,3620,Despejado,Baja,Boeing 787,87,TRUE,22,10.4,300
26047,TUC,EZE,12:30,Lunes,1230,Despejado,Baja,Airbus A320neo,86,TRUE,19,12.6,120
23081,PTY,SJO,13:45,Miércoles,580,Despejado,Media,Boeing 737,79.5,FALSE,42,28.2,73
21592,AEP,EZE,13:00,Martes,35,Niebla,Alta,ATR 72,75.7,FALSE,4,1.2,51
15976,MDE,UIO,05:00,Miércoles,960,Despejado,Baja,Boeing 757,68.7,TRUE,1,19.7,95
10742,BOG,BAQ,07:45,Sábado,145,Despejado,Media,ATR 72,89.3,TRUE,3,22.8,55
10412,JFK,GRU,06:15,Lunes,7680,Despejado,Media,Airbus A350,60.2,FALSE,46,5.5,603
24067,BAQ,MDE,01:30,Sábado,310,Despejado,Baja,Boeing 737,81.3,FALSE,25,24.6,61
26693,EZE,ROS,02:00,Sábado,295,Despejado,Baja,Embraer E190,68.8,TRUE,24,16,58
19410,TUC,EZE,16:30,Miércoles,1230,Despejado,Media,Boeing 737 MAX,79.8,FALSE,24,17.7,128
26638,BOG,MEX,05:30,Sábado,2700,Despejado,Alta,Boeing 737 MAX,94.4,FALSE,1,20.8,249
17502,UIO,PTY,15:45,Lunes,1420,Tormenta,Media,Boeing 737 MAX,65.6,FALSE,36,0.6,144
13231,BGA,BOG,08:15,Miércoles,310,Niebla,Baja,Boeing 737,89.2,TRUE,45,1.7,56
13106,EZE,MVD,08:30,Domingo,210,Nublado,Baja,ATR 72,94,FALSE,12,8,35
13209,LIM,BOG,06:45,Lunes,1890,Despejado,Media,Boeing 757,75.4,FALSE,15,10.3,165
12076,EZE,MVD,10:30,Viernes,210,Lluvia,Media,Boeing 737,78,TRUE,5,26,51
21477,PTY,GRU,13:30,Domingo,4630,Despejado,Baja,Boeing 777,69.4,FALSE,20,25.2,371
13266,BOG,GRU,08:30,Domingo,3940,Nublado,Media,Airbus A350,74.6,TRUE,45,28.4,317
27674,JFK,BOG,15:00,Jueves,3930,Tormenta,Baja,Airbus A350,43.3,TRUE,16,1.3,327
12678,LIM,PTY,08:15,Martes,2970,Nublado,Baja,Boeing 737 MAX,96.9,FALSE,2,29.6,271
21177,EZE,JFK,14:30,Domingo,8530,Niebla,Baja,Boeing 777,84.9,FALSE,9,2.4,659
28769,MDE,BOG,11:15,Domingo,235,Lluvia,Baja,ATR 72,67.3,FALSE,22,9.3,55
14490,MDE,CTG,08:30,Domingo,365,Despejado,Media,Boeing 737,81,FALSE,9,19.1,67
20827,UIO,BOG,13:00,Jueves,730,Despejado,Media,ATR 72,46.2,FALSE,12,9.2,87
27719,MIA,MDE,17:45,Sábado,2750,Lluvia,Alta,Embraer E195,40.3,FALSE,27,23.5,243
10287,MDE,UIO,08:00,Miércoles,960,Despejado,Baja,Airbus A320neo,65.2,FALSE,47,23,102
11324,LIM,BOG,04:30,Viernes,1890,Lluvia,Media,Airbus A320neo,88.7,FALSE,35,27.5,162
12625,GRU,POA,07:45,Miércoles,1110,Lluvia,Baja,Airbus A320neo,66,FALSE,36,22.6,107
20114,PTY,CLT,16:45,Viernes,2890,Lluvia,Baja,Boeing 757,93.3,TRUE,46,5.1,245
12517,AEP,EZE,08:15,Martes,35,Tormenta,Media,Airbus A320,59,FALSE,24,3.8,32
10073,BAQ,BOG,07:15,Martes,145,Despejado,Baja,ATR 72,68.1,TRUE,28,13.9,54
29571,EZE,BRC,16:45,Viernes,1650,Despejado,Media,Airbus A320neo,88.2,FALSE,36,7,155
10411,EZE,GRU,09:45,Jueves,1760,Niebla,Media,Embraer E195,77.9,FALSE,47,0.9,162
17882,CTG,MDE,12:30,Jueves,365,Lluvia,Alta,ATR 72,60.1,TRUE,4,16.7,64
13144,PTY,IAH,09:45,Jueves,2860,Nublado,Baja,Boeing 757,89.8,FALSE,17,7,239
17450,AEP,EZE,12:00,Miércoles,35,Nublado,Baja,ATR 72,65.8,FALSE,33,8.6,30
26357,BOG,BAQ,04:45,Sábado,145,Nublado,Alta,Airbus A320,81.7,TRUE,41,16.9,33
25816,GRU,SSA,02:30,Lunes,1940,Lluvia,Alta,Boeing 737 MAX,76.1,FALSE,35,19.3,176
16917,BOG,CTG,07:15,Miércoles,135,Despejado,Baja,Embraer E190,73.6,FALSE,29,24.2,45
22078,BSB,GRU,19:15,Lunes,870,Lluvia,Baja,Airbus A320neo,78.2,FALSE,35,18.4,104
18388,MDE,BAQ,16:00,Sábado,310,Tormenta,Alta,Boeing 737,73.8,TRUE,19,4.7,60
22017,MDE,PEI,14:15,Martes,140,Despejado,Alta,Airbus A320,87.7,FALSE,5,29.1,53
18671,EZE,MVD,13:15,Martes,210,Lluvia,Media,Boeing 737,84.8,FALSE,25,29.2,35
21353,EZE,MAD,14:45,Lunes,10050,Despejado,Alta,Airbus A350,83.1,FALSE,44,9.1,793
15231,POA,GRU,06:45,Lunes,1110,Despejado,Media,Boeing 757,94.4,FALSE,14,26.1,120
15859,MDE,CLO,08:00,Domingo,265,Despejado,Media,Embraer E190,93.2,TRUE,41,29.9,62
29240,BOG,BAQ,16:30,Miércoles,145,Lluvia,Baja,Airbus A320,85.6,FALSE,40,23.7,53
21250,MDE,CTG,15:45,Domingo,365,Nublado,Baja,Boeing 737,75.6,FALSE,30,24.8,66
18630,MVD,EZE,13:30,Viernes,210,Despejado,Baja,Embraer E190,88.4,TRUE,40,20.1,64
20631,GRU,GIG,19:45,Lunes,360,Nublado,Baja,Embraer E190,56,FALSE,39,9.6,65
28859,MDE,MIA,22:30,Miércoles,2750,Tormenta,Media,Boeing 737 MAX,79.7,FALSE,17,2.1,255
12299,BOG,MIA,07:45,Domingo,3160,Nublado,Media,Boeing 777,68.8,TRUE,40,19.8,284
25300,CWB,GRU,18:00,Sábado,410,Lluvia,Baja,Boeing 737,51,FALSE,6,13.3,76
26414,MIA,BOG,15:15,Jueves,3160,Nublado,Baja,Boeing 787,58.5,TRUE,20,28.5,280
15332,CCS,EZE,07:45,Martes,4300,Lluvia,Media,Boeing 787,62.2,TRUE,45,22.9,368
29667,EZE,CCS,20:30,Sábado,4300,Despejado,Baja,Airbus A350,43.8,TRUE,5,22.6,359
17349,MDE,LIM,15:15,Martes,2100,Despejado,Alta,Embraer E195,53.4,FALSE,20,26.7,200
12586,ROS,EZE,08:15,Viernes,295,Lluvia,Baja,Boeing 737,72.2,FALSE,28,18.3,48
15763,BOG,CTG,06:45,Domingo,135,Niebla,Baja,ATR 72,78.3,TRUE,14,0.6,31
26680,BOG,CTG,13:30,Sábado,135,Despejado,Media,Airbus A320,89.5,FALSE,9,8.8,45
23724,CWB,GRU,15:15,Martes,410,Niebla,Alta,Boeing 737,83.5,TRUE,28,1.3,59
11072,EZE,MVD,06:15,Viernes,210,Despejado,Baja,ATR 72,58,FALSE,31,14.8,54
13756,GRU,CWB,09:30,Sábado,410,Despejado,Baja,ATR 72,47.9,TRUE,9,24.4,79
16229,JFK,MDE,09:45,Viernes,3560,Despejado,Media,Airbus A330,57.9,TRUE,39,8.2,311
25822,EZE,IGR,11:45,Viernes,1100,Despejado,Media,Boeing 737 MAX,88.3,FALSE,18,15,107
20732,BAQ,BOG,16:00,Viernes,145,Despejado,Baja,Boeing 737,84.2,FALSE,32,9.2,56
14772,UIO,MDE,09:30,Miércoles,960,Despejado,Alta,Boeing 737 MAX,68,TRUE,23,18.3,107
28699,AEP,EZE,00:00,Viernes,35,Despejado,Alta,Boeing 737,63.4,FALSE,26,11.6,41
24121,LIM,EZE,14:45,Lunes,3150,Nublado,Media,Airbus A350,94.6,FALSE,14,24.6,282
25268,CWB,GRU,10:30,Sábado,410,Despejado,Baja,Embraer E190,77.9,FALSE,9,11.2,61
19397,IAH,PTY,17:15,Lunes,2860,Despejado,Alta,Embraer E195,90.4,FALSE,29,29.3,262
16731,SCL,GRU,09:45,Martes,2620,Nublado,Baja,Boeing 757,77.3,TRUE,35,23.8,222
13634,BOG,BAQ,08:45,Domingo,145,Tormenta,Media,ATR 72,94.6,FALSE,33,0.6,41
17773,SCL,GRU,14:15,Miércoles,2620,Despejado,Alta,Boeing 757,50.9,FALSE,17,7.9,224
22668,EZE,IGR,14:30,Sábado,1100,Nublado,Media,Airbus A320neo,86.4,FALSE,23,7.4,111
28938,MVD,EZE,02:00,Domingo,210,Tormenta,Media,Embraer E190,57.3,FALSE,4,0.5,64
22406,EZE,GRU,19:30,Viernes,1760,Despejado,Baja,Boeing 737 MAX,83.9,FALSE,43,9.4,159
25809,PTY,MEX,11:45,Sábado,2280,Despejado,Baja,Boeing 737 MAX,71.7,FALSE,43,7.5,196
24238,JFK,BOG,03:00,Domingo,3930,Tormenta,Baja,Boeing 777,70.5,TRUE,39,4.3,316
26821,BOG,CLO,09:45,Viernes,300,Despejado,Baja,Airbus A320,91.7,TRUE,28,19.9,62
21574,EZE,AEP,15:30,Martes,35,Despejado,Media,ATR 72,71.8,TRUE,6,16.1,47
11732,CWB,GRU,08:45,Domingo,410,Nublado,Baja,ATR 72,83,FALSE,28,5.7,79
18240,LIM,BOG,16:15,Jueves,1890,Despejado,Alta,Airbus A320neo,62.3,FALSE,15,24.5,168
29315,BOG,GRU,15:00,Jueves,3940,Despejado,Alta,Airbus A330,43.7,FALSE,43,28.3,326
10698,EZE,TUC,09:45,Sábado,1230,Lluvia,Baja,Boeing 757,77,FALSE,10,28.3,138
11006,AEP,EZE,08:45,Sábado,35,Lluvia,Baja,ATR 72,51.7,FALSE,24,29.3,47
21513,BOG,UIO,15:45,Sábado,730,Despejado,Media,ATR 72,84.9,FALSE,33,25,78
18060,BOG,MDE,10:15,Sábado,235,Despejado,Alta,Boeing 737,84.3,FALSE,1,13.3,55
23020,CLO,BOG,13:30,Viernes,300,Despejado,Media,ATR 72,76.6,FALSE,36,5.6,57
22388,MDE,UIO,14:45,Lunes,960,Despejado,Media,Boeing 757,70.2,TRUE,45,26.4,104
15788,MDE,LIM,08:00,Martes,2100,Despejado,Media,Airbus A320neo,74.8,FALSE,24,19.2,205
22126,SCL,EZE,13:45,Lunes,1140,Despejado,Baja,Boeing 757,95.3,TRUE,17,13.2,117
19173,PEI,MDE,16:00,Jueves,140,Despejado,Media,Embraer E190,90.4,FALSE,25,10.9,44
11030,MDE,EZE,07:00,Jueves,4900,Despejado,Alta,Airbus A330,62.3,TRUE,22,7.7,393
22807,BOG,CCS,15:15,Viernes,1010,Nublado,Baja,Embraer E195,68.9,FALSE,33,28.7,124
17792,BOG,CLO,14:45,Miércoles,300,Despejado,Alta,ATR 72,41,FALSE,23,18.9,66
12936,EZE,COR,09:30,Domingo,695,Nublado,Alta,ATR 72,71.4,FALSE,16,29.2,79
19215,JFK,GRU,16:00,Viernes,7680,Tormenta,Baja,Boeing 777,78.8,TRUE,21,1.1,610
21763,GRU,GIG,15:00,Sábado,360,Tormenta,Baja,Embraer E190,33.1,TRUE,47,2.9,55
23313,BAQ,BOG,13:00,Jueves,145,Nublado,Baja,Airbus A320,67.7,FALSE,17,10,42
22103,CTG,BOG,12:15,Miércoles,135,Nublado,Media,Boeing 737,64.7,TRUE,29,13.8,57
22125,EZE,TUC,17:15,Jueves,1230,Tormenta,Baja,Airbus A320neo,47.6,TRUE,42,3.3,139
26764,MDE,UIO,10:30,Jueves,960,Nublado,Baja,Boeing 737 MAX,55.3,FALSE,43,15.4,98
17429,BOG,BAQ,15:30,Lunes,145,Despejado,Alta,ATR 72,56.6,FALSE,27,7.8,35
27495,PTY,UIO,00:45,Sábado,1420,Despejado,Media,Boeing 757,71.9,FALSE,9,7.8,133
28111,GRU,POA,14:45,Viernes,1110,Despejado,Media,Airbus A320neo,54.4,TRUE,34,27.3,128
20313,EZE,ASU,12:45,Domingo,1050,Tormenta,Media,Boeing 737 MAX,60.4,FALSE,46,4.9,99
12102,EZE,AEP,08:15,Viernes,35,Despejado,Media,Airbus A320,71.8,FALSE,1,13.4,40
25462,CCS,PTY,02:45,Miércoles,1010,Despejado,Media,Embraer E195,98.3,FALSE,48,20.6,97
10102,PEI,BOG,09:30,Domingo,265,Despejado,Alta,ATR 72,81,FALSE,11,26.6,56
21106,PTY,MIA,17:45,Viernes,2200,Nublado,Baja,Airbus A320neo,71.4,FALSE,24,14.3,202
19682,ROS,EZE,15:45,Sábado,295,Despejado,Media,Boeing 737,94.3,FALSE,25,27.8,56
21809,MIA,PTY,10:00,Jueves,2200,Lluvia,Media,Boeing 757,77.2,FALSE,23,14.1,200
14575,EZE,MIA,05:00,Viernes,7720,Despejado,Media,Airbus A330,38.8,FALSE,25,15.2,615
28736,MDE,CLO,03:30,Sábado,265,Despejado,Baja,Boeing 737,59,FALSE,23,15.2,57
17514,BOG,EZE,16:00,Domingo,4650,Nublado,Baja,Airbus A350,68.7,TRUE,16,16.5,382
18280,MEX,PTY,17:00,Lunes,2280,Lluvia,Media,Boeing 737 MAX,74.6,TRUE,29,18.2,210
23374,LIM,PTY,14:15,Jueves,2970,Despejado,Media,Boeing 737 MAX,66.3,TRUE,6,6.8,270
13847,GRU,FLN,07:00,Sábado,690,Niebla,Media,ATR 72,91.6,TRUE,25,0.3,97
11665,MDE,UIO,06:00,Miércoles,960,Despejado,Alta,Boeing 757,61.5,FALSE,37,24,105
29613,BGA,BOG,22:15,Miércoles,310,Despejado,Media,ATR 72,33.2,FALSE,24,9.8,57
23603,EZE,AEP,13:15,Jueves,35,Despejado,Alta,ATR 72,98.7,FALSE,30,19.4,36
11477,SCL,GRU,06:00,Sábado,2620,Lluvia,Alta,Boeing 737 MAX,43.9,FALSE,29,16.6,230
23537,BOG,CTG,13:45,Viernes,135,Despejado,Baja,Embraer E190,62.2,TRUE,11,27.9,43
17810,MDE,BGA,12:30,Martes,295,Despejado,Media,Embraer E190,64.5,FALSE,3,25,43
26937,GRU,MIA,03:30,Martes,7520,Despejado,Baja,Boeing 787,97.5,TRUE,20,26.5,612
10636,PTY,EZE,05:15,Lunes,5100,Despejado,Media,Boeing 777,50.4,TRUE,8,21.5,419
10818,GIG,GRU,08:30,Jueves,360,Niebla,Media,Airbus A320,86,TRUE,2,0.5,72
27481,CCS,PTY,13:00,Jueves,1010,Lluvia,Baja,Embraer E195,53.7,FALSE,12,22.4,119
21454,MDE,CTG,17:45,Jueves,365,Despejado,Baja,Airbus A320,91.8,TRUE,8,18.2,66
29804,CLO,BOG,21:00,Viernes,300,Despejado,Baja,Airbus A320,20.3,FALSE,36,8.4,47
25204,BOG,PTY,03:45,Martes,650,Nublado,Alta,Airbus A320,61.1,FALSE,21,24.1,72
24718,MDE,CLO,10:15,Miércoles,265,Despejado,Media,Boeing 737,18.3,FALSE,48,10,53
26877,EZE,LIM,00:15,Miércoles,3150,Lluvia,Media,Boeing 777,75.2,FALSE,47,24.6,261
14557,EZE,AEP,08:30,Miércoles,35,Despejado,Baja,Airbus A320,57.6,TRUE,37,21.2,37
10708,MDE,GRU,07:15,Martes,4180,Despejado,Media,Airbus A330,57.2,FALSE,15,19.7,338
21935,GRU,CWB,15:30,Domingo,410,Nublado,Baja,Airbus A320,86.5,FALSE,24,8.7,79
17020,GUA,PTY,20:45,Domingo,820,Nublado,Alta,Embraer E195,58.2,FALSE,5,23.3,105
28918,SCL,EZE,04:30,Jueves,1140,Tormenta,Media,Boeing 737 MAX,81.2,TRUE,17,1.7,120
29641,BOG,CTG,14:15,Miércoles,135,Despejado,Media,Airbus A320,76.3,FALSE,10,7.8,54
10725,BOG,PEI,07:30,Viernes,265,Nublado,Media,Boeing 737,82.1,FALSE,22,28.4,54
13579,GRU,CDG,06:15,Miércoles,9400,Despejado,Alta,Boeing 777,63.8,FALSE,22,12.6,750
15702,EZE,TUC,03:00,Sábado,1230,Nublado,Alta,Embraer E195,56.2,FALSE,6,24,114
10837,TUC,EZE,08:00,Sábado,1230,Lluvia,Media,Airbus A320neo,83.9,FALSE,43,7.8,141
23925,GIG,GRU,14:45,Sábado,360,Nublado,Media,Embraer E190,91.4,FALSE,2,14.9,60
17403,MIA,MDE,13:15,Sábado,2750,Despejado,Media,Airbus A320neo,80.7,TRUE,40,9.9,255
19401,AEP,EZE,11:45,Miércoles,35,Nublado,Baja,Embraer E190,66.8,FALSE,42,16.4,35
14903,BOG,CTG,08:15,Miércoles,135,Despejado,Alta,Boeing 737,70.5,TRUE,26,13.6,30
14541,MDE,BGA,08:00,Jueves,295,Despejado,Baja,Boeing 737,75.4,FALSE,21,23.2,69
25366,BOG,LIM,12:00,Jueves,1890,Despejado,Media,Embraer E195,79.7,FALSE,24,29.1,164
25532,GRU,EZE,17:00,Martes,1760,Nublado,Media,Airbus A320neo,90.8,FALSE,9,21.6,166
17322,MVD,EZE,14:30,Miércoles,210,Despejado,Media,Boeing 737,84.2,TRUE,5,27,46
18179,COR,EZE,14:15,Domingo,695,Lluvia,Baja,Boeing 737,52.8,FALSE,33,9.9,82
23550,GRU,PTY,13:15,Martes,4630,Lluvia,Media,Airbus A330,64.9,FALSE,14,14.6,387
17569,BOG,CLO,14:45,Jueves,300,Despejado,Media,ATR 72,85.4,FALSE,5,13.9,48
13234,CCS,PTY,08:15,Miércoles,1010,Lluvia,Media,Embraer E195,83.7,FALSE,22,20.8,112
11159,POA,GRU,09:45,Viernes,1110,Lluvia,Baja,Boeing 737 MAX,36.3,FALSE,16,14,130
21136,GRU,BOG,16:45,Domingo,3940,Despejado,Baja,Airbus A330,71.6,TRUE,20,26,336
23960,PTY,GUA,15:30,Miércoles,820,Nublado,Media,Boeing 737 MAX,69.3,TRUE,16,20,91
14014,NQN,EZE,09:15,Domingo,1150,Despejado,Baja,Boeing 737 MAX,69.4,TRUE,38,8.1,107
22614,BOG,PTY,07:00,Sábado,650,Lluvia,Baja,Boeing 737,83.8,TRUE,47,26.8,74
14149,COR,EZE,08:00,Lunes,695,Despejado,Media,Airbus A320,69.5,FALSE,36,10.2,95
10124,LIM,BOG,08:45,Viernes,1890,Despejado,Baja,Airbus A320neo,74.6,FALSE,46,16.1,185
11248,JFK,PTY,08:45,Lunes,3520,Despejado,Baja,Boeing 787,55.1,FALSE,28,22.7,303
10821,EZE,SCL,08:45,Domingo,1140,Lluvia,Baja,Airbus A320neo,66.1,FALSE,21,6.4,114
27972,BOG,JFK,19:45,Lunes,3930,Lluvia,Alta,Boeing 777,80.1,FALSE,21,10.7,338
23170,UIO,PTY,14:15,Sábado,1420,Lluvia,Media,Boeing 737 MAX,42.9,FALSE,34,16.2,131
14035,EZE,ROS,06:00,Miércoles,295,Lluvia,Media,Airbus A320,52.3,FALSE,38,23.3,42
20163,LIM,GRU,15:15,Domingo,3620,Despejado,Alta,Boeing 777,66.8,FALSE,16,6.5,320
24266,BOG,UIO,16:30,Viernes,730,Lluvia,Media,Embraer E190,59.2,TRUE,11,28.3,82
14412,UIO,BOG,05:15,Sábado,730,Lluvia,Alta,Embraer E190,58.2,TRUE,35,16.3,77
19427,CDG,GRU,16:30,Viernes,9400,Despejado,Baja,Airbus A350,49.3,FALSE,32,17.1,731
28153,EZE,MVD,16:30,Jueves,210,Despejado,Alta,Airbus A320,77.3,FALSE,13,21.7,36
21209,FLN,GRU,12:15,Lunes,690,Tormenta,Alta,Embraer E190,68.1,FALSE,48,3.8,95
16789,BSB,GRU,07:45,Jueves,870,Nublado,Alta,Airbus A320neo,89.4,FALSE,14,21.9,113
20916,BOG,EZE,19:15,Jueves,4650,Lluvia,Baja,Boeing 787,65.2,TRUE,40,29.5,387
28478,BOG,BGA,13:00,Lunes,310,Despejado,Media,Airbus A320,64.6,FALSE,11,20.3,50
13754,GRU,FLN,05:15,Martes,690,Lluvia,Baja,ATR 72,48.7,TRUE,6,16.4,92
12910,GIG,GRU,08:00,Lunes,360,Nublado,Baja,ATR 72,66,FALSE,21,12.9,74
14476,MDE,UIO,07:30,Lunes,960,Despejado,Baja,Embraer E195,55.4,TRUE,10,10.9,104
19586,BOG,MIA,13:15,Lunes,3160,Tormenta,Baja,Airbus A350,54.5,TRUE,8,4.7,259
18440,UIO,PTY,13:30,Jueves,1420,Lluvia,Media,Boeing 757,80.4,TRUE,32,10.2,133
26823,ROS,EZE,10:00,Lunes,295,Lluvia,Baja,Boeing 737,81.1,FALSE,28,28.1,63
16649,PEI,BOG,08:15,Sábado,265,Despejado,Baja,ATR 72,88.9,TRUE,10,19.4,65
18825,POA,GRU,14:15,Martes,1110,Despejado,Media,Embraer E195,77.4,TRUE,9,28.7,103
28533,IGR,EZE,14:30,Martes,1100,Despejado,Baja,Embraer E195,90.2,FALSE,15,6.2,106
10964,GRU,PTY,09:15,Jueves,4630,Despejado,Media,Airbus A350,82.9,FALSE,41,12.8,377
21271,CTG,BOG,14:00,Lunes,135,Lluvia,Media,ATR 72,81.5,TRUE,38,17.8,35
11960,EZE,SCL,08:00,Lunes,1140,Nublado,Media,Boeing 757,55.3,FALSE,10,23.3,120
29941,BOG,LIM,18:00,Martes,1890,Lluvia,Media,Boeing 757,59.8,FALSE,19,23.6,164
28375,GRU,SCL,02:45,Miércoles,2620,Lluvia,Baja,Embraer E195,26,FALSE,6,11.3,242
18992,LIM,EZE,11:45,Martes,3150,Despejado,Baja,Boeing 777,68.5,TRUE,17,11.4,285
17554,MEX,GRU,15:00,Domingo,7300,Despejado,Alta,Airbus A350,70.9,TRUE,21,5.5,571
25222,UIO,MDE,13:45,Lunes,960,Nublado,Baja,Embraer E195,83.2,TRUE,32,28.8,103
15437,PTY,MDE,08:00,Miércoles,715,Nublado,Media,Embraer E190,49.8,TRUE,32,6.7,79
29364,JFK,PTY,12:00,Domingo,3520,Niebla,Media,Boeing 777,66.6,FALSE,49,1.8,308
20841,GRU,FLN,14:30,Miércoles,690,Despejado,Alta,Embraer E190,57.4,TRUE,17,6.3,90
10931,GRU,CWB,09:15,Lunes,410,Nublado,Media,Airbus A320,87.3,FALSE,11,9.4,78
15602,GRU,MEX,05:15,Sábado,7300,Lluvia,Baja,Boeing 777,75.7,TRUE,19,12.8,571
19467,GRU,LIM,15:15,Domingo,3620,Niebla,Media,Boeing 777,81.1,TRUE,3,1.1,312
18969,BOG,LIM,17:15,Martes,1890,Despejado,Media,Embraer E195,84.4,FALSE,4,8.3,177
24077,UIO,EZE,15:45,Martes,3900,Despejado,Media,Airbus A330,82.5,FALSE,16,23.2,325
25352,JFK,BOG,20:30,Martes,3930,Niebla,Baja,Boeing 787,52.7,FALSE,27,2.3,340
12153,MAD,BOG,05:30,Domingo,8680,Lluvia,Alta,Airbus A330,80.2,FALSE,28,28.8,671
23607,GRU,GIG,15:00,Lunes,360,Tormenta,Baja,ATR 72,74.5,FALSE,10,1.9,67
22108,GRU,AMS,14:00,Jueves,9850,Tormenta,Alta,Airbus A330,79.2,FALSE,36,4.1,778
10928,EZE,GRU,10:00,Jueves,1760,Despejado,Media,Boeing 757,60.1,FALSE,1,19.8,166
29431,EZE,SCL,00:15,Miércoles,1140,Despejado,Alta,Boeing 757,92,FALSE,49,17.8,117
13975,UIO,BOG,08:00,Jueves,730,Despejado,Baja,Boeing 737,58.7,TRUE,25,25.5,75
26628,GRU,GIG,15:30,Jueves,360,Despejado,Media,Boeing 737,85.3,FALSE,48,13.5,73
14102,JFK,BOG,07:30,Sábado,3930,Niebla,Media,Airbus A350,60.4,FALSE,39,1,316
12768,IAH,PTY,08:15,Lunes,2860,Lluvia,Alta,Embraer E195,83.8,TRUE,39,21.7,256
13949,PTY,MEX,09:00,Viernes,2280,Tormenta,Media,Boeing 737 MAX,59.1,TRUE,17,1.5,209
28444,MDE,GRU,05:15,Miércoles,4180,Lluvia,Baja,Airbus A330,84.2,FALSE,20,23.5,361
18352,BOG,MDE,15:15,Martes,235,Nublado,Baja,ATR 72,61.6,FALSE,36,26.4,51
17692,BAQ,BOG,15:45,Domingo,145,Despejado,Media,Embraer E190,88,FALSE,4,8.5,50
21722,EZE,MVD,13:30,Martes,210,Despejado,Baja,Boeing 737,63.3,FALSE,48,10.1,37
24546,BAQ,MDE,22:00,Domingo,310,Nublado,Baja,ATR 72,60.4,FALSE,7,15.5,46
25514,SCL,EZE,19:15,Lunes,1140,Tormenta,Baja,Boeing 737 MAX,60.5,TRUE,17,1.3,119
27896,EZE,ASU,15:30,Viernes,1050,Niebla,Baja,Embraer E195,51.6,TRUE,18,1.1,102
19640,BOG,CCS,11:15,Miércoles,1010,Despejado,Media,Airbus A320neo,63.6,FALSE,26,20.1,109
28934,UIO,MDE,18:00,Martes,960,Nublado,Baja,Airbus A320neo,54.1,TRUE,3,18.1,111
25332,MDE,PTY,05:00,Lunes,715,Nublado,Baja,ATR 72,26.5,FALSE,22,29,77
22731,GRU,JFK,14:15,Martes,7680,Despejado,Media,Airbus A350,90.8,TRUE,45,16.4,607
13704,BOG,PEI,04:30,Miércoles,265,Lluvia,Media,Embraer E190,73.8,FALSE,35,11.8,40
14597,MDE,MIA,09:30,Domingo,2750,Lluvia,Media,Boeing 757,70.4,FALSE,11,13.3,231
18827,BOG,BGA,14:15,Lunes,310,Lluvia,Baja,ATR 72,55.6,FALSE,44,5.6,43
27296,BOG,UIO,06:00,Domingo,730,Despejado,Alta,Boeing 737,83.2,TRUE,10,16.3,83
24056,GRU,BSB,12:15,Miércoles,870,Lluvia,Alta,Boeing 757,91.1,FALSE,1,10.8,92
12886,MIA,MDE,07:30,Lunes,2750,Nublado,Baja,Boeing 757,64.9,TRUE,8,23.7,241
14528,MDE,CTG,07:00,Jueves,365,Despejado,Alta,ATR 72,96.1,FALSE,25,24.5,48
13019,LIM,BOG,08:45,Sábado,1890,Despejado,Media,Airbus A320neo,71.2,TRUE,26,13.1,184
18836,MVD,GRU,12:15,Domingo,1550,Nublado,Media,Boeing 757,30.7,TRUE,33,7.7,155
26661,PEI,MDE,03:30,Sábado,140,Nublado,Alta,Embraer E190,87.5,TRUE,11,25.7,39
17822,GIG,EZE,12:45,Jueves,1970,Despejado,Baja,Embraer E195,89.8,TRUE,10,5.9,188
23500,BOG,BGA,14:00,Jueves,310,Despejado,Alta,Embraer E190,89.4,FALSE,6,29.3,55
14610,BGA,MDE,07:45,Viernes,295,Despejado,Alta,ATR 72,93.7,TRUE,14,27.4,56
15208,BOG,BGA,06:45,Sábado,310,Despejado,Alta,ATR 72,55.9,FALSE,26,5.2,55
16224,MDE,BAQ,10:00,Jueves,310,Niebla,Media,Embraer E190,79.8,FALSE,6,1.2,70
25330,EZE,AEP,00:30,Miércoles,35,Nublado,Media,Airbus A320,81.1,TRUE,1,14.4,34
28482,PTY,CLT,08:15,Jueves,2890,Despejado,Baja,Boeing 737 MAX,78.9,TRUE,12,16.9,249
17169,COR,EZE,11:15,Domingo,695,Despejado,Media,ATR 72,55.8,FALSE,40,28.6,95
24214,EZE,IGR,10:45,Viernes,1100,Nublado,Baja,Airbus A320neo,81.7,FALSE,16,29.5,127
14573,PTY,BOG,09:00,Domingo,650,Nublado,Baja,Boeing 737,60,FALSE,29,22.9,80
28292,COR,EZE,19:45,Jueves,695,Lluvia,Media,Embraer E190,83,FALSE,33,6.2,81
21020,BAQ,MDE,12:00,Domingo,310,Nublado,Media,ATR 72,73.1,FALSE,47,24.9,57
16584,BOG,BAQ,06:45,Jueves,145,Despejado,Alta,Embraer E190,66.3,TRUE,35,22.5,41
22287,SSA,GRU,14:15,Viernes,1940,Nublado,Baja,Boeing 757,92.3,FALSE,18,20.9,171
22986,EZE,IGR,15:45,Viernes,1100,Despejado,Baja,Boeing 757,58.5,FALSE,22,9.8,119
25066,BOG,PEI,18:00,Viernes,265,Despejado,Baja,ATR 72,85.9,FALSE,3,22.6,49
18030,EZE,UIO,19:45,Jueves,3900,Nublado,Baja,Airbus A330,59.6,FALSE,49,9.4,316
26550,PTY,CCS,20:30,Miércoles,1010,Nublado,Baja,Boeing 737 MAX,70.3,FALSE,2,9.5,114
25020,BOG,MDE,06:00,Sábado,235,Nublado,Baja,Embraer E190,85.1,FALSE,43,26.5,53
13617,CCS,EZE,07:15,Jueves,4300,Lluvia,Alta,Airbus A350,53.7,FALSE,4,27.6,346
27503,EZE,COR,12:00,Sábado,695,Nublado,Media,ATR 72,53.1,FALSE,43,17,83
19439,EZE,MDZ,13:00,Domingo,1040,Nublado,Baja,Embraer E195,68.5,FALSE,16,26.6,109
21326,GRU,BSB,19:15,Jueves,870,Tormenta,Media,Embraer E195,61.8,FALSE,47,1.5,85
13922,SCL,EZE,06:30,Martes,1140,Lluvia,Baja,Embraer E195,89.1,FALSE,4,24.1,133
23083,BAQ,BOG,16:15,Jueves,145,Despejado,Media,Airbus A320,55.1,FALSE,43,21,52
22148,BAQ,MDE,17:30,Domingo,310,Despejado,Baja,Airbus A320,81.9,FALSE,26,15.2,64
17535,SCL,EZE,14:45,Lunes,1140,Despejado,Media,Airbus A320neo,60.5,FALSE,13,22,132
16736,MDZ,EZE,07:30,Miércoles,1040,Despejado,Alta,Airbus A320neo,75.8,FALSE,5,7.4,114
22224,EZE,NQN,14:15,Domingo,1150,Nublado,Media,Boeing 737 MAX,91.4,FALSE,2,17.1,133
12679,UIO,BOG,07:15,Martes,730,Despejado,Alta,Embraer E190,76.9,TRUE,43,17.1,102
11558,MDE,GRU,07:45,Lunes,4180,Despejado,Baja,Airbus A330,63.1,TRUE,7,29.8,359
28809,MDE,CLO,21:00,Jueves,265,Lluvia,Baja,Boeing 737,69.1,FALSE,35,15.4,58
21767,MDE,UIO,16:30,Miércoles,960,Despejado,Media,Embraer E195,82.8,FALSE,45,5.2,114
21505,GRU,AMS,14:30,Miércoles,9850,Nublado,Baja,Airbus A330,46.5,FALSE,46,6.4,778
18571,PTY,CLT,14:15,Martes,2890,Despejado,Alta,Boeing 737 MAX,71.6,FALSE,25,7.8,259
25231,MDE,BAQ,21:00,Miércoles,310,Despejado,Baja,Airbus A320,91.5,FALSE,29,8.5,57
20128,MDZ,EZE,12:45,Sábado,1040,Nublado,Media,Airbus A320neo,78.2,TRUE,49,18.3,120
19087,EZE,MVD,18:15,Domingo,210,Despejado,Alta,Embraer E190,41.9,TRUE,15,15.7,40
22909,UIO,MDE,15:00,Viernes,960,Despejado,Baja,Embraer E195,82.9,TRUE,7,11.6,95
27055,PTY,MDE,14:15,Miércoles,715,Tormenta,Baja,ATR 72,63.9,TRUE,6,2.9,101
20037,CCS,BOG,14:45,Viernes,1010,Lluvia,Baja,Airbus A320neo,50.5,TRUE,44,5.4,119
20133,BOG,MIA,14:30,Jueves,3160,Despejado,Media,Airbus A330,65.5,FALSE,25,18.5,284
24763,MDE,EZE,14:15,Viernes,4900,Despejado,Alta,Boeing 777,90.3,TRUE,9,17.6,388
21402,CLO,MDE,16:00,Viernes,265,Despejado,Baja,Airbus A320,40.8,FALSE,9,7.2,42
13795,GRU,MAD,07:45,Viernes,9350,Nublado,Baja,Boeing 777,82.9,FALSE,16,5.5,731
24896,AEP,EZE,19:30,Jueves,35,Despejado,Baja,Airbus A320,81.7,FALSE,39,17,40
27776,POA,GRU,03:00,Martes,1110,Nublado,Media,Airbus A320neo,60.8,FALSE,26,9.4,108
29744,GRU,SCL,14:45,Sábado,2620,Nublado,Alta,Airbus A320neo,77.6,FALSE,36,13.1,239
23306,EZE,ROS,15:30,Viernes,295,Lluvia,Baja,Airbus A320,66.2,TRUE,2,29,55
26400,EZE,MAD,10:15,Jueves,10050,Nublado,Media,Boeing 787,52,TRUE,14,25.8,774
24103,GRU,AMS,14:45,Viernes,9850,Tormenta,Alta,Airbus A330,58,FALSE,42,1.4,783
26429,GRU,SSA,01:30,Lunes,1940,Despejado,Alta,Boeing 757,75.1,TRUE,10,10.9,187
21045,POA,GRU,14:30,Lunes,1110,Despejado,Alta,Boeing 737 MAX,46.2,FALSE,49,22,125
21447,ROS,EZE,15:45,Jueves,295,Despejado,Media,Airbus A320,62.5,FALSE,17,9,58
11698,CLT,PTY,05:30,Viernes,2890,Despejado,Alta,Airbus A320neo,89.7,FALSE,42,13.2,247
24330,AEP,EZE,02:30,Domingo,35,Nublado,Alta,Airbus A320,86,FALSE,31,24.7,47
25590,EZE,IGR,15:15,Miércoles,1100,Despejado,Media,Embraer E195,79.6,TRUE,2,12.7,103
27531,PTY,BOG,20:30,Lunes,650,Lluvia,Baja,Embraer E190,82.8,TRUE,28,26.4,70
16443,PTY,UIO,07:15,Lunes,1420,Niebla,Baja,Boeing 757,84.7,FALSE,8,0.6,150
24578,BSB,GRU,07:00,Martes,870,Nublado,Baja,Boeing 737 MAX,68.6,FALSE,43,26.8,94
27633,GRU,LIM,08:00,Viernes,3620,Nublado,Baja,Boeing 787,71.2,FALSE,25,20.7,320
11067,MDE,GRU,07:30,Miércoles,4180,Despejado,Baja,Airbus A330,77,FALSE,23,20.7,340
20664,BAQ,BOG,14:30,Lunes,145,Tormenta,Alta,ATR 72,70.4,TRUE,32,4.1,52
17067,CTG,BOG,15:30,Martes,135,Despejado,Baja,Airbus A320,88.4,FALSE,45,9.5,41
22926,GRU,BOG,14:00,Martes,3940,Nublado,Media,Boeing 777,79.3,FALSE,47,28.6,334
26541,TUC,EZE,01:30,Martes,1230,Despejado,Alta,Boeing 757,60.2,FALSE,14,20.3,121
17396,GRU,EZE,14:45,Lunes,1760,Lluvia,Media,Boeing 757,69.2,FALSE,33,26.7,156
10736,MDE,BAQ,07:00,Sábado,310,Nublado,Alta,Boeing 737,76.4,FALSE,45,20.5,64
12440,GIG,GRU,06:00,Lunes,360,Despejado,Baja,Boeing 737,85.1,FALSE,40,27.6,60
26740,EZE,TUC,05:15,Miércoles,1230,Despejado,Baja,Boeing 757,48.5,FALSE,26,9.2,112
12499,EZE,BOG,07:15,Martes,4650,Nublado,Media,Airbus A350,72.1,TRUE,26,23,380
25143,GRU,FLN,05:15,Jueves,690,Lluvia,Baja,Boeing 737,71.3,FALSE,30,16.8,76
19888,MDE,PTY,15:30,Sábado,715,Despejado,Baja,ATR 72,71.2,FALSE,36,8.2,91
12137,LIM,PTY,07:15,Jueves,2970,Lluvia,Baja,Airbus A320neo,53.3,FALSE,8,8.4,246
11699,BOG,BAQ,05:45,Sábado,145,Despejado,Media,Airbus A320,88.9,FALSE,3,27.9,49
14044,MDE,UIO,09:45,Sábado,960,Despejado,Alta,Embraer E195,63.2,TRUE,16,23.2,113
14519,FLN,GRU,09:45,Jueves,690,Despejado,Media,Airbus A320,62.5,TRUE,15,7,73
12040,BAQ,BOG,06:15,Lunes,145,Nublado,Media,Airbus A320,43.4,TRUE,8,11.8,36
19464,CTG,BOG,19:15,Domingo,135,Niebla,Baja,Embraer E190,83.1,TRUE,35,2.3,49
12361,GRU,GIG,07:00,Jueves,360,Despejado,Media,Boeing 737,74.3,FALSE,19,22.7,74
26196,BOG,CLO,07:30,Miércoles,300,Despejado,Media,Airbus A320,82.5,TRUE,28,9.3,58
14329,CLO,MDE,08:30,Domingo,265,Lluvia,Media,Boeing 737,83.3,FALSE,19,8.5,54
17583,PTY,MEX,18:30,Domingo,2280,Despejado,Media,Boeing 737 MAX,60.7,TRUE,36,26.5,213
24516,JFK,MDE,14:00,Lunes,3560,Despejado,Media,Airbus A330,73.4,FALSE,45,8,311
14752,PTY,MEX,08:00,Domingo,2280,Despejado,Media,Airbus A320neo,36.5,FALSE,17,29.6,205
23431,CTG,MDE,14:15,Domingo,365,Despejado,Baja,ATR 72,72.1,TRUE,39,12.8,61
16341,GIG,GRU,07:00,Lunes,360,Lluvia,Baja,Embraer E190,72.1,FALSE,33,28.3,54
24654,MDE,PEI,18:15,Viernes,140,Lluvia,Alta,Embraer E190,41.4,TRUE,49,16.8,56
25405,SCL,GRU,16:45,Domingo,2620,Despejado,Alta,Embraer E195,89,FALSE,30,27.1,233
16491,SCL,GRU,09:15,Miércoles,2620,Nublado,Media,Airbus A320neo,39.8,FALSE,11,27.2,218
14111,CLO,MDE,08:15,Viernes,265,Despejado,Alta,Boeing 737,93.4,FALSE,12,9.4,52
28908,GUA,PTY,11:00,Jueves,820,Nublado,Media,Airbus A320neo,57.3,TRUE,18,6.3,93
14046,EZE,GRU,07:45,Viernes,1760,Despejado,Media,Boeing 757,93.7,TRUE,39,6.8,168
16914,IAH,PTY,07:30,Martes,2860,Tormenta,Alta,Embraer E195,74.9,FALSE,48,1.9,259
11220,GUA,PTY,07:45,Domingo,820,Nublado,Media,Airbus A320neo,81.1,TRUE,34,5.8,87
14967,BOG,MDE,07:15,Lunes,235,Nublado,Baja,Embraer E190,49.3,FALSE,33,25.3,61
23944,MIA,PTY,17:30,Jueves,2200,Nublado,Alta,Boeing 757,94,TRUE,34,5.6,205
23789,PTY,MDE,18:15,Martes,715,Despejado,Alta,Embraer E190,86.1,FALSE,20,10.7,90
17102,MDE,CLO,15:00,Viernes,265,Despejado,Baja,ATR 72,87.7,FALSE,34,8.3,53
24549,TUC,EZE,06:00,Viernes,1230,Niebla,Alta,Boeing 737 MAX,87.4,FALSE,44,0.2,138
22734,EZE,ROS,15:30,Martes,295,Nublado,Alta,Boeing 737,59.2,TRUE,9,19.4,67
13533,PTY,SJO,07:30,Domingo,580,Despejado,Baja,Embraer E190,89.6,TRUE,1,7,86
26564,PTY,GUA,10:15,Domingo,820,Despejado,Media,Boeing 757,83.9,TRUE,27,23.1,92
15672,MIA,BOG,07:15,Domingo,3160,Nublado,Baja,Airbus A350,31.6,TRUE,26,13.2,279
23219,GRU,MAD,15:45,Sábado,9350,Nublado,Media,Airbus A330,51.5,FALSE,48,17.1,746
20691,GRU,FLN,12:15,Martes,690,Lluvia,Media,ATR 72,97.2,TRUE,39,19.1,98
27231,BOG,MEX,15:45,Jueves,2700,Tormenta,Media,Boeing 737 MAX,74.4,TRUE,39,3,223
23943,BOG,BAQ,15:15,Miércoles,145,Nublado,Media,Embraer E190,91.1,TRUE,41,28.9,59
27597,NQN,EZE,15:00,Jueves,1150,Despejado,Media,Airbus A320neo,49.6,FALSE,5,12.6,126
26949,BOG,BGA,06:45,Domingo,310,Nublado,Media,Airbus A320,51.8,FALSE,49,7.1,52
26946,EZE,AEP,02:00,Jueves,35,Despejado,Baja,ATR 72,85.7,TRUE,26,22.9,51
13126,EZE,AEP,08:00,Viernes,35,Despejado,Baja,Embraer E190,41,TRUE,1,28,22
12047,EZE,AEP,09:45,Martes,35,Despejado,Media,ATR 72,76,TRUE,20,8,26
17682,CDG,GRU,14:45,Jueves,9400,Despejado,Baja,Boeing 787,89.8,FALSE,17,10.1,740
15598,MDE,BOG,06:00,Martes,235,Despejado,Baja,Airbus A320,68,TRUE,42,17.5,58
22260,UIO,BOG,13:00,Domingo,730,Lluvia,Media,Airbus A320,84.8,FALSE,12,14.2,76
29919,MDE,BGA,07:15,Viernes,295,Tormenta,Baja,Boeing 737,78.7,FALSE,48,4.3,70
25023,CTG,MDE,00:15,Jueves,365,Despejado,Alta,ATR 72,58.9,FALSE,7,5.2,50
19684,MDE,CTG,16:15,Viernes,365,Nublado,Baja,Embraer E190,44.9,TRUE,44,29.4,63
27738,GRU,JFK,15:45,Domingo,7680,Despejado,Baja,Boeing 777,78.5,FALSE,6,11.7,618
16347,PTY,GRU,07:15,Miércoles,4630,Despejado,Baja,Boeing 777,89.7,TRUE,2,23.7,367
24609,PTY,EZE,18:45,Viernes,5100,Lluvia,Media,Airbus A330,45.7,FALSE,32,8.1,408
22888,MIA,PTY,18:00,Miércoles,2200,Despejado,Alta,Airbus A320neo,78.6,TRUE,38,8.9,200
14157,BRC,EZE,05:30,Martes,1650,Nublado,Media,Airbus A320neo,58.9,FALSE,14,28,149
14654,PEI,BOG,08:00,Lunes,265,Despejado,Media,Embraer E190,79.1,FALSE,11,17.7,44
14171,EZE,MVD,09:15,Jueves,210,Despejado,Baja,ATR 72,76.5,TRUE,49,16.2,63
24468,GRU,JFK,01:00,Martes,7680,Despejado,Alta,Airbus A330,84.7,FALSE,46,15.8,600
16329,PTY,MDE,08:45,Lunes,715,Despejado,Baja,Boeing 737,72,FALSE,25,30,73
27041,BOG,PEI,19:15,Domingo,265,Despejado,Baja,ATR 72,56.1,FALSE,29,8.1,48
12969,MDE,PEI,06:45,Sábado,140,Nublado,Baja,Boeing 737,96.1,TRUE,49,14.6,38
16021,BAQ,MDE,08:45,Viernes,310,Despejado,Baja,Embraer E190,86,FALSE,32,19,46
15408,CLT,PTY,08:45,Jueves,2890,Despejado,Media,Boeing 757,63.8,FALSE,41,29.1,243
27857,GRU,MVD,08:00,Jueves,1550,Nublado,Baja,Boeing 757,84.3,FALSE,27,21,137
24311,UIO,MDE,15:00,Lunes,960,Despejado,Media,Boeing 737 MAX,73.1,FALSE,41,10.3,103
18404,UIO,BOG,16:00,Miércoles,730,Despejado,Baja,Airbus A320,89.6,FALSE,43,11.9,92
17469,TUC,EZE,15:30,Lunes,1230,Despejado,Media,Airbus A320neo,87.8,FALSE,19,24,133
21291,EZE,MVD,16:45,Viernes,210,Niebla,Media,ATR 72,74.1,FALSE,12,1.2,47
23823,EZE,MIA,14:30,Lunes,7720,Despejado,Alta,Airbus A330,67.3,FALSE,21,15.1,620
11027,GRU,LIM,08:15,Sábado,3620,Nublado,Media,Boeing 777,86.4,TRUE,49,23,318
17139,TUC,EZE,13:00,Domingo,1230,Despejado,Baja,Boeing 737 MAX,82.3,TRUE,33,10.4,121
26872,GRU,AMS,15:45,Sábado,9850,Despejado,Alta,Boeing 787,56.8,FALSE,15,22.2,786
28045,CLT,PTY,13:30,Miércoles,2890,Despejado,Baja,Airbus A320neo,76.6,FALSE,25,23.5,265
24459,CLT,PTY,18:00,Lunes,2890,Despejado,Media,Boeing 737 MAX,37.1,FALSE,45,24.7,250
28887,PEI,BOG,04:45,Sábado,265,Lluvia,Alta,ATR 72,42,FALSE,45,27.5,46
22074,MDE,EZE,14:45,Miércoles,4900,Despejado,Baja,Airbus A330,69.5,TRUE,29,14.5,388
14050,BGA,BOG,07:00,Sábado,310,Despejado,Baja,ATR 72,54.8,FALSE,44,22.4,68
28951,MEX,BOG,14:30,Lunes,2700,Nublado,Baja,Boeing 737 MAX,74.7,FALSE,36,25.4,227
20882,LIM,MDE,16:30,Sábado,2100,Despejado,Baja,Boeing 737 MAX,60.4,FALSE,40,11.1,205
27455,UIO,EZE,15:45,Viernes,3900,Nublado,Baja,Airbus A330,75,TRUE,26,11.8,334
22670,GRU,MEX,17:45,Domingo,7300,Lluvia,Baja,Boeing 787,53.1,FALSE,12,26.4,583
26603,GRU,JFK,08:45,Viernes,7680,Despejado,Baja,Boeing 777,75.4,TRUE,47,20.7,614
29637,LIM,GRU,15:00,Jueves,3620,Tormenta,Media,Airbus A330,55.3,FALSE,37,4.4,300
28041,GRU,SSA,01:30,Martes,1940,Despejado,Media,Airbus A320neo,64.5,TRUE,4,10.3,188
28215,GUA,PTY,00:45,Miércoles,820,Despejado,Baja,Embraer E195,97.7,FALSE,48,20.9,83
20366,EZE,MVD,17:30,Domingo,210,Despejado,Alta,Boeing 737,55.2,TRUE,13,24.7,64
26239,PTY,BOG,13:00,Sábado,650,Nublado,Baja,Airbus A320,65.3,FALSE,37,10.1,75
26451,BOG,CLO,20:30,Sábado,300,Nublado,Alta,Boeing 737,85.5,FALSE,18,18.4,60
21580,BOG,PEI,13:30,Lunes,265,Despejado,Baja,Embraer E190,58.6,FALSE,34,16.9,39
19432,GUA,PTY,16:15,Lunes,820,Lluvia,Baja,Embraer E195,62.9,FALSE,33,24.2,89
28266,BOG,BAQ,12:45,Sábado,145,Nublado,Baja,Airbus A320,73.9,FALSE,45,20.9,33
21180,BGA,BOG,13:30,Martes,310,Despejado,Baja,Embraer E190,44.6,TRUE,34,25.5,43
10632,EZE,CCS,07:45,Viernes,4300,Despejado,Media,Boeing 787,75.2,FALSE,12,21.8,363
27548,PTY,BOG,02:45,Martes,650,Despejado,Baja,ATR 72,54.7,FALSE,27,21.8,69
28342,CCS,BOG,20:45,Miércoles,1010,Despejado,Baja,Boeing 737 MAX,78.5,FALSE,3,13.8,102
11120,CWB,GRU,06:45,Domingo,410,Nublado,Baja,Embraer E190,75.6,FALSE,21,28.9,51
12291,BOG,MIA,07:00,Viernes,3160,Lluvia,Media,Airbus A330,67.7,FALSE,23,25.2,275
25617,BOG,MIA,19:30,Miércoles,3160,Nublado,Media,Boeing 787,80.6,TRUE,25,5.2,260
22982,CLT,PTY,14:15,Domingo,2890,Despejado,Media,Airbus A320neo,58.1,FALSE,32,7,237
15490,EZE,BRC,09:00,Domingo,1650,Nublado,Baja,Airbus A320neo,78.3,FALSE,26,11.3,147
21624,PTY,BOG,11:00,Jueves,650,Despejado,Alta,Boeing 737,50.5,TRUE,31,26.6,90
12185,SJO,PTY,09:45,Martes,580,Despejado,Alta,ATR 72,86.7,FALSE,21,15.6,67
13315,BAQ,MDE,06:30,Martes,310,Niebla,Media,Airbus A320,85.3,FALSE,29,1.5,62
24904,BOG,MDE,03:45,Viernes,235,Nublado,Baja,Airbus A320,80.1,FALSE,45,11.7,56
22417,MVD,EZE,16:15,Jueves,210,Nublado,Baja,Airbus A320,75.5,TRUE,22,25.5,53
26247,FLN,GRU,07:30,Miércoles,690,Despejado,Media,ATR 72,85,FALSE,46,27,75
10275,UIO,BOG,07:45,Miércoles,730,Niebla,Alta,Airbus A320,67.4,TRUE,1,2.1,81
21328,GRU,BOG,14:00,Domingo,3940,Lluvia,Media,Airbus A330,82.3,TRUE,37,20.1,340
24733,MDE,UIO,16:45,Lunes,960,Tormenta,Baja,Boeing 757,76.4,FALSE,7,1.7,107
11805,MDE,GRU,10:45,Viernes,4180,Despejado,Media,Airbus A330,62.9,TRUE,40,24.4,335
16180,MDE,PTY,09:45,Miércoles,715,Tormenta,Baja,ATR 72,89.6,FALSE,3,1.2,93
22164,EZE,MVD,13:15,Sábado,210,Despejado,Baja,ATR 72,93.6,FALSE,15,17,43
21320,UIO,EZE,13:00,Sábado,3900,Niebla,Alta,Airbus A330,74.1,FALSE,26,1.5,326
18887,PTY,BOG,16:30,Miércoles,650,Nublado,Media,Embraer E190,82,FALSE,43,21.5,82
16963,AEP,EZE,07:45,Domingo,35,Despejado,Alta,Boeing 737,50.8,FALSE,30,25.5,50
21424,LIM,GRU,13:00,Jueves,3620,Despejado,Baja,Boeing 787,66.8,FALSE,41,19.5,314
28637,EZE,MVD,10:15,Viernes,210,Nublado,Alta,ATR 72,80.6,TRUE,21,12.6,59
20513,GUA,PTY,16:15,Jueves,820,Despejado,Alta,Boeing 737 MAX,55.3,FALSE,5,29.9,101
11777,BAQ,MDE,07:15,Martes,310,Despejado,Media,Boeing 737,80.1,TRUE,39,29.5,66
24808,CTG,MDE,10:15,Viernes,365,Nublado,Baja,ATR 72,98.4,FALSE,33,7.7,64
22057,MDE,BAQ,17:15,Sábado,310,Despejado,Alta,Embraer E190,61.7,FALSE,48,28,52
12702,PTY,MDE,08:30,Jueves,715,Nublado,Media,Airbus A320,79.5,TRUE,14,20.3,92
19367,MDZ,EZE,14:30,Lunes,1040,Tormenta,Baja,Airbus A320neo,69.8,TRUE,31,4.8,115
16563,PTY,BOG,06:30,Jueves,650,Nublado,Baja,Embraer E190,78.8,FALSE,26,15.7,79
24050,CLO,BOG,16:30,Jueves,300,Lluvia,Media,Embraer E190,76.2,FALSE,1,13.1,68
29109,MIA,BOG,07:00,Lunes,3160,Despejado,Alta,Airbus A330,86,TRUE,3,10.7,275
16468,GRU,FLN,08:30,Jueves,690,Tormenta,Media,Embraer E190,57.8,FALSE,1,1,85
10286,JFK,PTY,08:45,Domingo,3520,Niebla,Media,Boeing 777,58,TRUE,30,0.3,312
14270,EZE,AEP,10:15,Domingo,35,Niebla,Media,Embraer E190,70.9,FALSE,27,2.5,33
14578,MAD,GRU,08:15,Lunes,9350,Despejado,Media,Boeing 787,33.2,FALSE,8,19.2,740
17662,UIO,EZE,14:45,Viernes,3900,Despejado,Media,Airbus A330,67.9,FALSE,5,27,316
21049,GRU,MVD,13:00,Miércoles,1550,Despejado,Alta,Boeing 757,87.1,TRUE,49,15.6,139
25109,MDE,PTY,09:45,Martes,715,Despejado,Media,Embraer E190,80.7,FALSE,32,18.4,101
16368,ROS,EZE,04:30,Sábado,295,Despejado,Baja,Boeing 737,69.4,TRUE,5,18.5,65
28557,EZE,COR,07:30,Jueves,695,Lluvia,Media,Embraer E190,75.2,FALSE,47,13.9,90
10550,MDE,CLO,08:00,Miércoles,265,Nublado,Baja,ATR 72,49.5,FALSE,44,14.1,54
25285,EZE,LIM,19:30,Martes,3150,Tormenta,Baja,Boeing 787,56.3,FALSE,3,2.8,275
28525,GRU,AMS,16:30,Viernes,9850,Nublado,Alta,Airbus A350,65.6,FALSE,10,15.3,759
27777,GRU,SCL,15:30,Lunes,2620,Niebla,Alta,Airbus A320neo,46.6,TRUE,38,2.8,224
16683,ASU,EZE,09:15,Martes,1050,Niebla,Alta,Airbus A320neo,67.5,TRUE,14,2.3,122
24921,POA,GRU,18:30,Sábado,1110,Despejado,Media,Boeing 737 MAX,41.2,FALSE,13,8.5,129
28067,MDE,BGA,02:00,Martes,295,Despejado,Alta,ATR 72,71.1,TRUE,30,26,46
15916,MVD,EZE,07:00,Martes,210,Niebla,Alta,Airbus A320,82.4,FALSE,39,1.6,60
13024,PEI,MDE,08:15,Miércoles,140,Nublado,Baja,ATR 72,84.8,FALSE,27,25.7,50
29587,UIO,PTY,21:15,Lunes,1420,Niebla,Alta,Airbus A320neo,78.8,TRUE,2,1.6,135
15196,MIA,BOG,09:30,Miércoles,3160,Nublado,Baja,Boeing 787,97.5,FALSE,22,11.6,262
28171,AEP,EZE,06:30,Domingo,35,Tormenta,Baja,Embraer E190,65.4,FALSE,38,1,51
21238,EZE,MVD,14:45,Martes,210,Lluvia,Media,ATR 72,58.8,TRUE,48,23.8,39
22155,SJO,PTY,14:00,Miércoles,580,Lluvia,Media,Boeing 737,64.9,TRUE,32,6.3,75
18648,PTY,LIM,18:45,Jueves,2970,Nublado,Media,Airbus A320neo,47.8,FALSE,39,13.6,248
20713,LIM,BOG,14:15,Viernes,1890,Despejado,Media,Embraer E195,44.8,FALSE,5,12.4,162
12068,BGA,BOG,06:15,Lunes,310,Despejado,Alta,Boeing 737,58.6,FALSE,24,11.5,68
23832,MIA,PTY,14:30,Lunes,2200,Lluvia,Media,Boeing 737 MAX,64,FALSE,39,5.8,186
13170,MAD,BOG,07:30,Lunes,8680,Despejado,Media,Airbus A330,61.6,FALSE,4,14.5,676
28679,GUA,PTY,07:45,Jueves,820,Despejado,Media,Boeing 737 MAX,87.4,FALSE,40,8.9,98
19465,PEI,BOG,18:00,Jueves,265,Despejado,Alta,Airbus A320,57,TRUE,46,16.7,43
27805,MDE,GRU,07:45,Lunes,4180,Nublado,Baja,Boeing 777,51.5,TRUE,46,7.6,354
24444,BOG,BGA,00:30,Domingo,310,Despejado,Media,Embraer E190,40.4,TRUE,47,19.3,45
28028,BOG,CLO,06:15,Viernes,300,Despejado,Baja,Boeing 737,66.1,TRUE,43,22.8,42
18620,UIO,BOG,15:30,Miércoles,730,Nublado,Baja,ATR 72,94.3,TRUE,23,29.6,100
23515,PEI,BOG,14:45,Domingo,265,Nublado,Baja,Boeing 737,24.9,FALSE,31,20.5,62
20412,MIA,MDE,15:15,Domingo,2750,Despejado,Baja,Embraer E195,77.5,TRUE,9,8.6,227
26215,PTY,CLT,20:00,Domingo,2890,Nublado,Baja,Airbus A320neo,61.2,TRUE,9,10.6,256
18050,BOG,CCS,13:00,Domingo,1010,Nublado,Media,Embraer E195,72.5,FALSE,26,8.9,110
11359,NQN,EZE,07:00,Viernes,1150,Despejado,Alta,Boeing 757,79.3,FALSE,37,26.8,133
16276,MDZ,EZE,09:30,Martes,1040,Despejado,Alta,Boeing 737 MAX,50.1,TRUE,11,8.1,110
19443,EZE,GIG,14:15,Miércoles,1970,Despejado,Media,Embraer E195,57,FALSE,22,16,186
13395,ROS,EZE,09:30,Domingo,295,Nublado,Baja,Airbus A320,94.8,FALSE,33,5.6,47
27656,GIG,GRU,19:00,Domingo,360,Despejado,Media,ATR 72,75.5,TRUE,28,29.5,69
12256,PTY,MDE,09:15,Domingo,715,Nublado,Alta,Boeing 737,67.5,FALSE,40,19.6,83
13503,NQN,EZE,07:15,Viernes,1150,Nublado,Alta,Airbus A320neo,60.1,TRUE,36,28,118
15082,COR,EZE,07:00,Sábado,695,Lluvia,Baja,Embraer E190,29.2,TRUE,7,7.8,72
15585,SJO,PTY,07:45,Miércoles,580,Despejado,Baja,ATR 72,65.1,FALSE,8,28.3,74
16642,JFK,GRU,08:15,Viernes,7680,Despejado,Alta,Airbus A350,60,TRUE,41,8.6,610
16291,BOG,CCS,07:45,Viernes,1010,Nublado,Baja,Boeing 757,57.8,TRUE,6,28.8,116
19361,CLO,MDE,15:30,Viernes,265,Despejado,Media,Airbus A320,79.9,FALSE,22,6.4,60
22033,UIO,BOG,16:45,Viernes,730,Despejado,Media,Embraer E190,84.3,FALSE,37,27.3,84
20629,EZE,AEP,12:00,Viernes,35,Despejado,Baja,ATR 72,72,FALSE,3,5.7,48
21403,BGA,BOG,13:00,Miércoles,310,Tormenta,Alta,ATR 72,83.1,FALSE,19,0.8,71
15928,GRU,EZE,07:15,Sábado,1760,Despejado,Media,Embraer E195,65.3,TRUE,2,24.6,155
17933,PTY,BOG,16:45,Lunes,650,Nublado,Media,Boeing 737,60,FALSE,21,24.6,97
26893,BOG,BGA,19:15,Lunes,310,Despejado,Baja,Boeing 737,95.2,FALSE,25,12.3,55
18273,MIA,MDE,12:45,Domingo,2750,Lluvia,Baja,Embraer E195,56.4,TRUE,16,21.2,238
25608,SSA,GRU,13:15,Miércoles,1940,Nublado,Media,Embraer E195,94,TRUE,17,29.6,168
23819,CTG,MDE,12:30,Viernes,365,Nublado,Alta,Boeing 737,67.3,TRUE,30,13.5,59
15654,MDE,JFK,07:30,Miércoles,3560,Despejado,Alta,Boeing 787,83,FALSE,18,9.8,298
24782,MDE,JFK,08:00,Domingo,3560,Niebla,Media,Airbus A350,43.3,FALSE,35,2.2,308
16246,NQN,EZE,03:45,Sábado,1150,Despejado,Baja,Airbus A320neo,65.2,TRUE,14,9,118
25594,EZE,BRC,12:30,Martes,1650,Lluvia,Baja,Embraer E195,69,FALSE,32,22.9,170
15573,MIA,BOG,09:00,Viernes,3160,Niebla,Baja,Boeing 787,78.5,FALSE,49,0.9,273
14319,PEI,MDE,07:45,Lunes,140,Despejado,Baja,ATR 72,79.1,FALSE,25,9.5,59
10050,BOG,BAQ,06:30,Viernes,145,Despejado,Media,Embraer E190,65.4,TRUE,35,24.5,31
19493,GRU,CDG,15:00,Sábado,9400,Nublado,Baja,Airbus A330,41.9,TRUE,3,19.4,741
18172,ASU,EZE,14:45,Martes,1050,Nublado,Baja,Embraer E195,46.3,TRUE,26,13.1,115
16625,BGA,BOG,08:15,Viernes,310,Despejado,Baja,Embraer E190,67.5,FALSE,28,13.3,57
16632,MEX,PTY,05:45,Sábado,2280,Lluvia,Alta,Boeing 757,83.3,FALSE,32,19.3,194
14161,MIA,PTY,09:45,Sábado,2200,Nublado,Baja,Boeing 737 MAX,84.7,FALSE,12,29.4,188
18654,CLO,BOG,13:45,Viernes,300,Lluvia,Alta,ATR 72,81.3,FALSE,45,22.8,71
17104,MIA,PTY,16:45,Miércoles,2200,Despejado,Media,Embraer E195,58.7,FALSE,23,14.7,206
11304,BRC,EZE,08:30,Miércoles,1650,Lluvia,Media,Embraer E195,83.7,TRUE,10,14.1,149
28987,BSB,GRU,19:30,Viernes,870,Lluvia,Alta,Boeing 757,61.9,FALSE,1,6.4,100
27337,MDE,PEI,10:30,Lunes,140,Nublado,Media,Airbus A320,61.3,TRUE,37,14.6,31
26184,EZE,MIA,11:00,Miércoles,7720,Lluvia,Media,Airbus A330,75.3,FALSE,35,24.1,602
27142,GRU,LIM,08:00,Martes,3620,Nublado,Baja,Airbus A330,68.5,FALSE,26,10,296
19255,PEI,BOG,16:00,Domingo,265,Nublado,Baja,Embraer E190,62.5,FALSE,19,16.4,57
29314,BAQ,BOG,18:45,Miércoles,145,Nublado,Alta,Boeing 737,83.5,FALSE,3,25.6,31
16292,PTY,MIA,07:45,Domingo,2200,Nublado,Alta,Boeing 757,43.2,TRUE,25,27.4,185
26052,BOG,PEI,10:30,Viernes,265,Despejado,Alta,Boeing 737,61.3,TRUE,44,7.8,49
25497,LIM,PTY,05:00,Sábado,2970,Despejado,Baja,Embraer E195,85.8,FALSE,12,22,261
10427,LIM,MDE,09:30,Martes,2100,Despejado,Baja,Airbus A320neo,81.3,TRUE,26,22.3,205
26825,EZE,ASU,03:45,Martes,1050,Despejado,Baja,Boeing 757,88.7,TRUE,8,17.4,125
19223,BOG,JFK,12:00,Sábado,3930,Nublado,Media,Airbus A330,68.7,FALSE,18,8,323
17661,IAH,PTY,12:15,Martes,2860,Despejado,Baja,Boeing 737 MAX,77.5,FALSE,16,14.2,259
26754,EZE,PTY,00:00,Jueves,5100,Despejado,Alta,Boeing 777,87.2,FALSE,11,9.9,431
24317,BOG,CTG,00:00,Martes,135,Nublado,Media,Airbus A320,84.5,TRUE,37,28.7,32
14374,PTY,BOG,04:45,Viernes,650,Tormenta,Alta,Airbus A320,62.4,TRUE,21,1.8,92
24251,GRU,GIG,14:00,Sábado,360,Lluvia,Baja,Boeing 737,93.7,TRUE,26,22.4,69
25474,GIG,GRU,18:45,Martes,360,Despejado,Baja,Boeing 737,80.6,FALSE,24,23.1,62
28674,PTY,CLT,02:45,Jueves,2890,Lluvia,Media,Boeing 757,79.1,FALSE,6,18.1,262
18687,BOG,PTY,18:45,Miércoles,650,Despejado,Media,ATR 72,76,TRUE,43,23.4,81
24261,CDG,GRU,11:45,Lunes,9400,Nublado,Media,Boeing 787,76.7,FALSE,47,27.5,735
27984,EZE,ROS,17:00,Viernes,295,Niebla,Media,Airbus A320,58.8,FALSE,37,0.6,66
20539,CWB,GRU,16:30,Sábado,410,Tormenta,Baja,ATR 72,88.5,FALSE,7,1.1,70
29926,GRU,BOG,04:30,Sábado,3940,Despejado,Baja,Airbus A350,96.9,TRUE,48,28.8,324
13959,BGA,BOG,11:15,Martes,310,Despejado,Alta,Airbus A320,41.1,TRUE,33,6.1,43
16734,LIM,PTY,09:30,Martes,2970,Despejado,Alta,Boeing 737 MAX,65.8,TRUE,18,22.1,260
21430,EZE,MDZ,16:15,Sábado,1040,Lluvia,Alta,Airbus A320neo,82.2,FALSE,19,18.3,101
25151,EZE,MVD,07:15,Lunes,210,Lluvia,Media,ATR 72,68.4,FALSE,35,5.4,46
19661,SJO,PTY,12:15,Viernes,580,Despejado,Alta,ATR 72,88.1,FALSE,30,21.3,67
10055,MAD,GRU,08:00,Jueves,9350,Tormenta,Media,Boeing 787,86.2,FALSE,35,3.5,739
18252,EZE,AEP,14:30,Jueves,35,Despejado,Baja,Embraer E190,92.5,TRUE,34,16.5,29
28524,CTG,BOG,10:00,Lunes,135,Despejado,Media,Airbus A320,61.2,FALSE,43,12.5,54
29970,GRU,CDG,08:30,Martes,9400,Nublado,Baja,Airbus A350,73.4,FALSE,13,16.5,733
24953,SCL,EZE,04:45,Viernes,1140,Despejado,Media,Boeing 757,57.7,FALSE,37,24.5,116
10402,GRU,GIG,08:45,Viernes,360,Tormenta,Alta,Embraer E190,84.9,FALSE,4,5,72
14990,CLT,PTY,09:30,Lunes,2890,Nublado,Baja,Airbus A320neo,78.8,FALSE,14,11.6,243
23474,PTY,GUA,13:00,Lunes,820,Despejado,Media,Airbus A320neo,74.7,FALSE,47,27.9,88
13078,PTY,BOG,09:45,Domingo,650,Nublado,Baja,Airbus A320,85.9,TRUE,48,28.9,96
15961,PTY,BOG,10:15,Domingo,650,Lluvia,Baja,ATR 72,62.3,TRUE,2,5.4,79
22800,PTY,IAH,14:15,Viernes,2860,Nublado,Media,Boeing 757,49.9,FALSE,38,16.9,244
29538,MDE,LIM,21:15,Viernes,2100,Despejado,Media,Boeing 737 MAX,80.3,FALSE,45,16.3,205
13430,LIM,PTY,09:45,Viernes,2970,Despejado,Alta,Airbus A320neo,74,FALSE,26,14.3,263
24375,POA,GRU,08:30,Lunes,1110,Despejado,Baja,Boeing 757,41,FALSE,35,6,109
14439,BOG,GRU,07:00,Jueves,3940,Nublado,Alta,Boeing 777,70.5,FALSE,2,20.7,338
28597,BRC,EZE,10:30,Domingo,1650,Despejado,Alta,Embraer E195,89.3,TRUE,35,11.2,165
21083,UIO,PTY,13:30,Lunes,1420,Lluvia,Baja,Embraer E195,61.8,TRUE,44,5.1,150
11723,UIO,BOG,07:45,Domingo,730,Niebla,Baja,ATR 72,80.6,FALSE,8,2.2,93
19232,MDE,JFK,12:45,Viernes,3560,Despejado,Baja,Airbus A350,45.8,FALSE,32,8.5,300
10665,BOG,CLO,10:45,Domingo,300,Despejado,Media,Embraer E190,30.4,FALSE,18,26.1,65
26496,AEP,EZE,06:00,Lunes,35,Nublado,Media,ATR 72,69.9,FALSE,15,5.4,43
24923,MDZ,EZE,13:00,Miércoles,1040,Lluvia,Baja,Boeing 737 MAX,79.6,TRUE,34,11.9,103
23577,MDE,PTY,16:15,Sábado,715,Despejado,Media,Boeing 737,80.7,FALSE,30,9.9,99
17345,BGA,BOG,12:45,Viernes,310,Despejado,Baja,Boeing 737,94.5,FALSE,13,11.4,46
28866,PTY,CCS,01:45,Martes,1010,Despejado,Baja,Boeing 737 MAX,77.1,FALSE,49,14,112
15810,MDE,CLO,06:15,Lunes,265,Nublado,Baja,Embraer E190,83.9,TRUE,12,28.1,49
28364,MDE,EZE,20:15,Martes,4900,Despejado,Baja,Boeing 787,72.7,TRUE,3,12.4,400
26789,EZE,GIG,20:00,Lunes,1970,Tormenta,Baja,Boeing 737 MAX,46.9,TRUE,16,3.1,167
14848,EZE,ROS,06:30,Domingo,295,Tormenta,Baja,Boeing 737,69.7,TRUE,44,1.1,52
15567,BOG,BAQ,04:45,Sábado,145,Nublado,Baja,Embraer E190,93.5,FALSE,19,28.4,53
26338,PTY,MDE,20:30,Sábado,715,Lluvia,Media,Boeing 737,45.8,TRUE,36,12.2,88
25209,GRU,BOG,12:15,Jueves,3940,Nublado,Alta,Boeing 787,74.5,FALSE,24,10.2,334
22065,GRU,LIM,17:45,Jueves,3620,Nublado,Alta,Boeing 787,90.3,TRUE,42,23.2,303
19677,MDE,UIO,17:00,Viernes,960,Nublado,Baja,Airbus A320neo,75.3,FALSE,11,5.5,111
18426,BOG,GRU,13:15,Miércoles,3940,Despejado,Baja,Airbus A330,69.7,FALSE,10,7.2,332
29280,FLN,GRU,15:30,Viernes,690,Despejado,Alta,ATR 72,75.9,TRUE,34,25.7,77
17018,ASU,EZE,15:45,Miércoles,1050,Despejado,Baja,Boeing 737 MAX,73.9,TRUE,47,12,119
17677,PTY,MEX,14:45,Miércoles,2280,Despejado,Media,Boeing 737 MAX,54.9,TRUE,44,13.8,219
18239,CTG,BOG,19:00,Domingo,135,Nublado,Media,ATR 72,66.6,TRUE,31,18.6,32
20019,MVD,EZE,16:30,Sábado,210,Despejado,Media,ATR 72,50.8,FALSE,17,23.5,37
28276,BOG,PEI,06:45,Viernes,265,Nublado,Media,Embraer E190,91.9,FALSE,4,16.2,51
10609,MVD,GRU,08:00,Viernes,1550,Despejado,Baja,Embraer E195,92.4,FALSE,19,20,161
14703,BAQ,BOG,06:45,Sábado,145,Nublado,Media,Airbus A320,79.3,FALSE,24,15.5,32
26951,PTY,MDE,21:30,Martes,715,Despejado,Baja,Boeing 737,91.3,TRUE,4,19.5,74
10020,UIO,BOG,09:30,Sábado,730,Nublado,Baja,Embraer E190,94.3,FALSE,11,18.6,91
26109,MIA,BOG,21:45,Domingo,3160,Despejado,Baja,Boeing 787,53.7,TRUE,37,8.7,267
18716,BOG,PEI,14:30,Martes,265,Lluvia,Baja,Airbus A320,75.8,FALSE,12,9.4,68
17746,AEP,EZE,19:00,Miércoles,35,Niebla,Baja,Embraer E190,96.9,TRUE,46,1.3,33
28163,COR,EZE,16:00,Martes,695,Lluvia,Media,Embraer E190,63.8,TRUE,27,12.5,93
20810,BOG,LIM,15:30,Martes,1890,Despejado,Baja,Airbus A320neo,65.1,TRUE,9,20.4,165
29189,MEX,PTY,12:00,Viernes,2280,Despejado,Baja,Embraer E195,23.6,FALSE,15,8.1,199
13048,CCS,BOG,10:30,Martes,1010,Nublado,Baja,Embraer E195,46.9,FALSE,6,8.5,123
27066,PEI,MDE,18:00,Domingo,140,Despejado,Baja,ATR 72,78.7,TRUE,39,9.1,42
12488,MDE,GRU,09:30,Jueves,4180,Nublado,Baja,Boeing 777,66.6,TRUE,41,12.6,355
17809,LIM,EZE,19:45,Martes,3150,Nublado,Media,Airbus A350,70.3,TRUE,21,7,274
24612,BAQ,BOG,05:00,Martes,145,Despejado,Media,Airbus A320,51.5,FALSE,30,23.3,42
24440,BOG,LIM,11:45,Jueves,1890,Lluvia,Baja,Embraer E195,79.1,TRUE,18,25.3,180
24800,PTY,MIA,02:00,Jueves,2200,Despejado,Baja,Boeing 757,87.7,FALSE,6,25.7,204
21380,MDE,MIA,15:30,Viernes,2750,Despejado,Media,Airbus A320neo,88.6,FALSE,42,21.9,253
24512,BOG,MDE,08:00,Jueves,235,Nublado,Baja,Boeing 737,78.9,TRUE,35,14.3,61
15144,CTG,BOG,08:15,Jueves,135,Lluvia,Baja,ATR 72,95,FALSE,27,28.8,40
25164,GIG,EZE,15:15,Viernes,1970,Tormenta,Media,Boeing 737 MAX,72.3,TRUE,38,1.8,191
14141,PTY,MDE,07:15,Miércoles,715,Despejado,Media,Embraer E190,73.2,TRUE,31,29.9,87
13980,LIM,GRU,09:00,Jueves,3620,Despejado,Media,Boeing 787,88.3,FALSE,12,7.9,316
22386,EZE,AEP,14:45,Jueves,35,Tormenta,Baja,Boeing 737,97.1,FALSE,41,3.2,35
18587,JFK,EZE,14:45,Sábado,8530,Niebla,Media,Boeing 777,51.5,TRUE,48,1,687
21214,BRC,EZE,13:30,Jueves,1650,Despejado,Media,Airbus A320neo,59.4,FALSE,18,15.8,156
23807,BAQ,MDE,17:30,Viernes,310,Lluvia,Baja,Airbus A320,63.1,TRUE,16,10.2,54
23206,GRU,GIG,18:00,Martes,360,Tormenta,Media,Boeing 737,62,FALSE,37,3,71
22798,EZE,CCS,12:45,Sábado,4300,Despejado,Media,Airbus A330,63.8,FALSE,23,17.1,367
16542,BOG,MDE,04:45,Jueves,235,Lluvia,Alta,Boeing 737,62.9,FALSE,37,13.4,57
12959,EZE,PTY,05:30,Martes,5100,Despejado,Baja,Boeing 787,38.9,FALSE,33,19,403
24627,BOG,CTG,14:30,Lunes,135,Nublado,Media,Embraer E190,96.7,FALSE,35,16.6,41
17898,BOG,LIM,13:15,Sábado,1890,Lluvia,Baja,Boeing 757,53,FALSE,21,11,164
24254,PTY,GUA,04:15,Lunes,820,Despejado,Media,Boeing 737 MAX,71.1,FALSE,6,22.6,109
16877,EZE,NQN,04:30,Sábado,1150,Lluvia,Alta,Boeing 757,75.1,FALSE,25,29.7,129
27967,CWB,GRU,05:30,Jueves,410,Despejado,Media,Airbus A320,72.4,FALSE,24,16.2,64
29617,EZE,MDZ,16:30,Lunes,1040,Niebla,Baja,Boeing 757,35,TRUE,37,1.8,108
23134,BOG,CLO,13:30,Sábado,300,Nublado,Media,ATR 72,78.3,FALSE,24,18,70
24357,BOG,JFK,12:00,Lunes,3930,Niebla,Baja,Boeing 787,78.5,FALSE,11,1.7,320
27319,MDE,CTG,18:00,Miércoles,365,Despejado,Baja,Airbus A320,83.2,FALSE,11,15.5,56
22418,EZE,AEP,16:15,Sábado,35,Despejado,Media,ATR 72,70.7,FALSE,26,7.6,33
26489,EZE,GRU,22:00,Viernes,1760,Lluvia,Baja,Airbus A320neo,76.7,TRUE,5,18.9,162
21765,GRU,MVD,13:00,Martes,1550,Despejado,Media,Boeing 737 MAX,66.1,FALSE,1,14.9,142
22754,GRU,BOG,12:00,Domingo,3940,Despejado,Alta,Airbus A350,67.8,TRUE,39,8,343
11984,AEP,EZE,10:30,Martes,35,Nublado,Baja,Airbus A320,72.2,TRUE,6,22.5,41
18410,GRU,GIG,17:45,Miércoles,360,Lluvia,Baja,Embraer E190,77.7,FALSE,12,7.2,50
28446,EZE,MIA,17:15,Jueves,7720,Lluvia,Baja,Boeing 787,57.2,FALSE,2,23,607
14116,MIA,MDE,07:00,Sábado,2750,Lluvia,Media,Boeing 737 MAX,91.6,FALSE,38,12,240
14489,GRU,POA,11:00,Viernes,1110,Nublado,Baja,Boeing 757,78,TRUE,44,21.8,109
25542,LIM,MDE,15:00,Jueves,2100,Despejado,Media,Embraer E195,73.5,FALSE,12,8.7,203
16024,GRU,FLN,08:45,Jueves,690,Niebla,Baja,Embraer E190,78.8,FALSE,33,1.9,72
17794,EZE,LIM,14:30,Lunes,3150,Nublado,Baja,Airbus A350,83.2,FALSE,5,7.1,279
10658,BOG,PEI,05:15,Jueves,265,Lluvia,Media,ATR 72,52.3,TRUE,11,5.7,56
23516,PTY,SJO,12:30,Jueves,580,Despejado,Media,Embraer E190,42.7,FALSE,17,20.4,84
10752,GRU,CWB,08:00,Jueves,410,Nublado,Baja,Embraer E190,97,TRUE,32,23.1,56
12082,AEP,EZE,08:45,Jueves,35,Lluvia,Alta,Embraer E190,61.6,FALSE,42,21.3,34
22218,EZE,AEP,13:00,Jueves,35,Lluvia,Baja,Airbus A320,82,FALSE,35,15.3,28
16062,EZE,AEP,09:15,Domingo,35,Despejado,Alta,Boeing 737,78.6,TRUE,39,13.6,28
13342,MEX,PTY,07:30,Domingo,2280,Tormenta,Alta,Embraer E195,69.8,FALSE,36,1.2,207
23038,NQN,EZE,13:30,Miércoles,1150,Lluvia,Alta,Airbus A320neo,87.5,FALSE,2,13.5,113
10844,BOG,MDE,07:00,Jueves,235,Lluvia,Alta,Embraer E190,63.5,FALSE,23,23.3,48
22759,BOG,CTG,13:00,Sábado,135,Lluvia,Media,Boeing 737,75.4,FALSE,13,19.6,44
25288,BAQ,MDE,17:30,Miércoles,310,Nublado,Baja,Boeing 737,83.2,FALSE,13,24.5,53
23563,CTG,BOG,17:30,Miércoles,135,Despejado,Media,Boeing 737,87.2,TRUE,39,5.5,47
20679,ROS,EZE,19:45,Miércoles,295,Nublado,Media,Airbus A320,58.8,FALSE,2,10.2,69
25131,MAD,GRU,07:45,Viernes,9350,Despejado,Alta,Boeing 777,47.4,FALSE,2,10.5,735
20839,BOG,LIM,16:15,Sábado,1890,Niebla,Baja,Airbus A320neo,82.8,TRUE,7,1.8,174
29159,GUA,PTY,20:45,Miércoles,820,Despejado,Baja,Airbus A320neo,81.7,FALSE,14,26.1,92
13512,PTY,GUA,06:00,Miércoles,820,Nublado,Alta,Boeing 757,80.1,FALSE,30,16.6,94
27256,MEX,BOG,20:00,Domingo,2700,Lluvia,Media,Boeing 737 MAX,94.9,FALSE,10,11.1,233
21772,GIG,EZE,14:30,Sábado,1970,Niebla,Media,Embraer E195,60.3,TRUE,17,0.8,173
10554,SJO,PTY,09:00,Sábado,580,Lluvia,Alta,Embraer E190,59.7,TRUE,24,17.1,76
29216,IGR,EZE,05:30,Miércoles,1100,Lluvia,Alta,Boeing 757,42.3,TRUE,27,29.2,126
15884,MVD,EZE,07:45,Martes,210,Lluvia,Media,Airbus A320,84.5,FALSE,39,27.3,63
22120,GRU,MEX,13:45,Sábado,7300,Nublado,Media,Boeing 787,79.8,FALSE,31,13.3,567
25840,COR,EZE,22:15,Miércoles,695,Nublado,Media,Boeing 737,91,FALSE,40,26.8,88
21099,PTY,MIA,16:15,Jueves,2200,Despejado,Media,Embraer E195,83.3,FALSE,9,11.8,195
10577,BGA,BOG,06:30,Miércoles,310,Nublado,Baja,Boeing 737,88,TRUE,46,9.4,60
16875,GRU,CWB,10:15,Domingo,410,Despejado,Alta,Boeing 737,76.6,TRUE,23,5.4,70
14462,PTY,GUA,08:00,Lunes,820,Despejado,Alta,Boeing 737 MAX,56.9,TRUE,45,22.4,92
24786,IGR,EZE,12:15,Jueves,1100,Despejado,Baja,Boeing 737 MAX,54.3,FALSE,15,29.2,117
10048,LIM,MDE,08:15,Miércoles,2100,Nublado,Media,Embraer E195,74.3,FALSE,16,5.4,177
16268,MIA,GRU,08:15,Jueves,7520,Nublado,Media,Boeing 787,90.5,FALSE,5,8.4,612
17579,PTY,CCS,16:45,Miércoles,1010,Nublado,Baja,Embraer E195,28.7,TRUE,19,19.8,116
18553,BOG,CCS,13:00,Lunes,1010,Despejado,Baja,Airbus A320neo,77,FALSE,45,23.7,116
25299,GIG,GRU,06:00,Sábado,360,Tormenta,Media,Airbus A320,53.6,FALSE,44,2.4,65
14853,IGR,EZE,07:30,Lunes,1100,Despejado,Baja,Boeing 757,71.1,TRUE,8,29,116
27390,PTY,IAH,11:00,Jueves,2860,Nublado,Media,Embraer E195,89.8,FALSE,49,23.9,240
11216,PTY,UIO,09:00,Sábado,1420,Nublado,Media,Embraer E195,85.5,FALSE,17,19.8,128
28320,PTY,CCS,04:00,Domingo,1010,Nublado,Media,Airbus A320neo,81.4,FALSE,46,5,113
11945,UIO,PTY,10:30,Martes,1420,Despejado,Alta,Embraer E195,60,FALSE,17,10.2,154
26433,GRU,GIG,00:15,Sábado,360,Despejado,Media,Embraer E190,80,FALSE,32,19,73
11451,GIG,EZE,06:00,Jueves,1970,Despejado,Baja,Embraer E195,62,FALSE,40,21.4,183
26748,BOG,LIM,01:15,Lunes,1890,Despejado,Baja,Boeing 737 MAX,52.7,TRUE,34,16.2,177
15227,POA,GRU,10:00,Lunes,1110,Tormenta,Media,Boeing 737 MAX,77.6,TRUE,41,3.5,109
25175,BOG,CCS,13:00,Viernes,1010,Nublado,Baja,Embraer E195,61.4,FALSE,31,11.2,98
15047,GRU,FLN,09:45,Lunes,690,Nublado,Alta,ATR 72,79.3,FALSE,17,11.1,80
12404,EZE,ASU,07:30,Domingo,1050,Despejado,Alta,Boeing 737 MAX,76.5,FALSE,21,25.7,102
20665,BGA,BOG,16:45,Lunes,310,Despejado,Media,Embraer E190,75.5,FALSE,39,14.1,52
23859,LIM,EZE,16:00,Sábado,3150,Despejado,Media,Boeing 787,82.4,FALSE,29,27.5,284
20437,BOG,BAQ,14:45,Domingo,145,Nublado,Alta,Embraer E190,69.4,FALSE,25,19.7,41
28245,IGR,EZE,03:00,Martes,1100,Nublado,Alta,Airbus A320neo,80.6,FALSE,45,9,105
24322,BOG,MDE,05:45,Sábado,235,Despejado,Baja,Embraer E190,92.3,FALSE,38,21.9,44
25779,LIM,GRU,17:00,Viernes,3620,Niebla,Media,Airbus A330,85.1,FALSE,2,0.7,292
13705,PTY,GUA,10:00,Martes,820,Despejado,Media,Airbus A320neo,73.5,FALSE,14,11.4,100
12169,AEP,EZE,08:30,Domingo,35,Despejado,Alta,Boeing 737,85.2,FALSE,45,22.4,33
18787,LIM,EZE,13:30,Miércoles,3150,Despejado,Alta,Boeing 787,68.7,TRUE,26,5.3,280
19827,BRC,EZE,13:15,Sábado,1650,Niebla,Media,Airbus A320neo,49.8,FALSE,23,1.6,143
29246,COR,EZE,13:15,Jueves,695,Despejado,Baja,ATR 72,64.4,FALSE,3,15,76
16174,PTY,SJO,08:15,Martes,580,Despejado,Media,Airbus A320,61.9,FALSE,29,12.3,79
24087,GRU,FLN,13:30,Miércoles,690,Despejado,Alta,Embraer E190,92.2,TRUE,38,7.5,83
20610,JFK,PTY,14:45,Sábado,3520,Nublado,Baja,Airbus A330,87.5,FALSE,7,27.4,304
25413,MDE,CLO,03:30,Lunes,265,Despejado,Baja,ATR 72,57.4,FALSE,32,9,68
22702,EZE,TUC,15:30,Viernes,1230,Despejado,Baja,Airbus A320neo,80.7,FALSE,15,26.5,116
25158,EZE,GRU,06:00,Lunes,1760,Nublado,Media,Airbus A320neo,74.9,FALSE,29,12,179
11214,MAD,BOG,07:15,Domingo,8680,Nublado,Media,Airbus A330,46,TRUE,23,15,686
26926,MIA,BOG,07:15,Domingo,3160,Despejado,Baja,Boeing 787,28.9,FALSE,16,7.7,257
16671,JFK,GRU,08:30,Domingo,7680,Tormenta,Baja,Boeing 777,78.2,FALSE,17,1,622
23023,BGA,MDE,14:15,Domingo,295,Despejado,Media,Embraer E190,69.3,TRUE,1,12.8,57
27971,BGA,MDE,16:15,Martes,295,Nublado,Media,ATR 72,58.5,TRUE,27,12.2,48
14875,BOG,BAQ,11:30,Viernes,145,Nublado,Media,Embraer E190,75.3,FALSE,26,10.3,51
15460,SCL,EZE,08:30,Sábado,1140,Nublado,Media,Boeing 757,76,TRUE,42,8.4,111
26063,GIG,EZE,22:30,Martes,1970,Lluvia,Alta,Embraer E195,74,TRUE,5,8.7,171
13208,MEX,BOG,07:30,Lunes,2700,Despejado,Baja,Boeing 757,87.4,TRUE,42,14.4,233
14931,BAQ,MDE,08:00,Jueves,310,Lluvia,Media,Boeing 737,81.6,FALSE,45,6.6,63
13354,BOG,PTY,08:45,Domingo,650,Niebla,Baja,Embraer E190,67.5,FALSE,34,2.4,74
10745,PTY,SJO,08:00,Jueves,580,Despejado,Alta,ATR 72,80.1,FALSE,24,14.2,76
20328,BOG,PEI,13:30,Domingo,265,Nublado,Media,Airbus A320,52,FALSE,11,16.6,61
15372,PTY,MEX,06:30,Sábado,2280,Nublado,Media,Boeing 737 MAX,85.9,FALSE,38,7.4,204
19627,IGR,EZE,14:30,Sábado,1100,Despejado,Baja,Embraer E195,83.5,FALSE,43,28.7,124
28185,PTY,UIO,15:15,Martes,1420,Despejado,Alta,Boeing 757,70.5,FALSE,35,6,146
28137,TUC,EZE,04:30,Viernes,1230,Despejado,Baja,Airbus A320neo,97.3,FALSE,36,21.4,138
27183,EZE,MDZ,11:15,Viernes,1040,Nublado,Media,Boeing 737 MAX,63.7,TRUE,27,24,103
14446,UIO,PTY,07:00,Martes,1420,Niebla,Media,Boeing 757,71.4,TRUE,45,1,132
14402,FLN,GRU,10:15,Martes,690,Lluvia,Media,ATR 72,67.7,TRUE,27,20.4,72
28734,BRC,EZE,10:15,Miércoles,1650,Despejado,Baja,Boeing 737 MAX,84.1,FALSE,3,18.4,152
13624,MDE,CTG,10:30,Lunes,365,Despejado,Baja,Embraer E190,88.7,TRUE,47,22.9,55
26636,MDE,PEI,22:30,Viernes,140,Nublado,Media,Airbus A320,82.7,FALSE,33,12.2,38
10730,EZE,JFK,10:00,Lunes,8530,Despejado,Baja,Airbus A330,84.2,TRUE,1,29,671
14548,UIO,BOG,08:30,Sábado,730,Nublado,Media,Airbus A320,54.9,TRUE,32,26.7,89
11641,EZE,NQN,05:00,Lunes,1150,Lluvia,Media,Boeing 757,82.1,TRUE,22,6.9,116
24922,COR,EZE,19:15,Jueves,695,Despejado,Baja,ATR 72,59.7,FALSE,1,14.2,98
24100,SJO,PTY,06:30,Jueves,580,Despejado,Alta,Airbus A320,87.5,TRUE,46,18.2,88
22646,BGA,MDE,15:30,Martes,295,Nublado,Alta,Embraer E190,80.8,FALSE,24,28.5,67
10543,BOG,CCS,09:45,Martes,1010,Tormenta,Alta,Boeing 757,80.3,TRUE,28,3.7,122
28281,EZE,LIM,10:30,Lunes,3150,Nublado,Media,Boeing 777,84.5,TRUE,15,26.8,285
22117,GRU,MEX,13:30,Jueves,7300,Lluvia,Media,Boeing 777,47.7,FALSE,9,5.4,580
19004,MDE,BAQ,12:30,Sábado,310,Despejado,Baja,Boeing 737,77.4,FALSE,33,13.7,44
10147,GUA,PTY,08:15,Martes,820,Despejado,Baja,Embraer E195,87.7,FALSE,10,13.2,110
13483,UIO,PTY,07:15,Domingo,1420,Despejado,Baja,Boeing 757,49.3,TRUE,22,5.7,141
29847,GRU,FLN,03:15,Domingo,690,Despejado,Alta,Embraer E190,77.1,FALSE,49,15.4,99
10242,BOG,MAD,07:00,Martes,8680,Nublado,Media,Boeing 777,83.5,FALSE,33,16.2,684
17503,MEX,BOG,15:00,Jueves,2700,Nublado,Baja,Airbus A320neo,53.5,FALSE,45,17,237
19809,PTY,GUA,14:00,Martes,820,Despejado,Alta,Airbus A320neo,80.1,TRUE,8,20.1,109
28654,MDE,LIM,19:15,Viernes,2100,Niebla,Baja,Embraer E195,79.3,FALSE,20,1.7,197
21189,GRU,POA,14:30,Jueves,1110,Lluvia,Alta,Airbus A320neo,95,FALSE,1,24.6,103
20300,BOG,PEI,16:30,Lunes,265,Despejado,Media,Boeing 737,69.5,TRUE,28,14.7,52
11953,BOG,PTY,08:30,Sábado,650,Nublado,Media,Embraer E190,89.4,FALSE,18,8.4,72
15228,MVD,EZE,06:15,Lunes,210,Nublado,Media,Embraer E190,70.6,TRUE,18,28.2,42
22061,MAD,EZE,20:30,Miércoles,10050,Lluvia,Baja,Airbus A350,81.5,TRUE,25,14.7,780
11595,MIA,GRU,07:15,Lunes,7520,Tormenta,Media,Airbus A350,91.2,FALSE,45,4.1,600
27353,CLO,BOG,01:30,Jueves,300,Nublado,Media,Embraer E190,62.2,FALSE,38,20,61
13920,GIG,EZE,10:30,Martes,1970,Despejado,Alta,Embraer E195,79.4,FALSE,37,29.3,183
15461,SCL,GRU,09:30,Miércoles,2620,Tormenta,Baja,Embraer E195,57.2,FALSE,37,4.9,222
19431,BGA,BOG,09:00,Sábado,310,Lluvia,Baja,ATR 72,37.4,FALSE,12,13.8,54
29541,LIM,BOG,08:45,Jueves,1890,Tormenta,Media,Embraer E195,61.1,FALSE,42,3,171
24439,MEX,BOG,00:30,Miércoles,2700,Lluvia,Media,Boeing 757,72.3,FALSE,8,14.3,237
18823,BOG,PEI,15:45,Martes,265,Tormenta,Alta,ATR 72,92.8,TRUE,44,2.2,49
23689,MDE,BOG,14:45,Sábado,235,Lluvia,Media,Embraer E190,90,TRUE,45,18.5,59
25844,PEI,MDE,17:45,Miércoles,140,Despejado,Baja,Embraer E190,82.3,TRUE,41,25.9,57
12079,BGA,MDE,04:30,Sábado,295,Nublado,Media,Boeing 737,87.6,FALSE,40,16.1,70
26122,EZE,ROS,09:45,Domingo,295,Despejado,Media,Embraer E190,83.6,TRUE,15,25.5,49
19478,BAQ,MDE,14:45,Martes,310,Nublado,Media,Boeing 737,82.6,TRUE,33,14.9,50
24285,EZE,MDZ,16:30,Viernes,1040,Lluvia,Media,Embraer E195,92,TRUE,9,5.8,107
17781,PTY,SJO,16:00,Sábado,580,Niebla,Media,Airbus A320,87.4,TRUE,32,2.1,68
26492,IGR,EZE,16:45,Sábado,1100,Lluvia,Media,Boeing 737 MAX,47.9,FALSE,32,26.8,120
10001,PTY,MIA,07:00,Miércoles,2200,Despejado,Baja,Boeing 737 MAX,64.7,FALSE,8,12.2,205
16410,BAQ,BOG,07:00,Jueves,145,Lluvia,Media,Boeing 737,79.3,FALSE,43,21.2,58
18761,EZE,GRU,15:00,Sábado,1760,Despejado,Alta,Airbus A320neo,78.5,TRUE,43,27.7,167
20194,EZE,ROS,15:00,Sábado,295,Despejado,Alta,Boeing 737,65.1,FALSE,32,11.5,50
22355,BOG,MDE,14:00,Domingo,235,Despejado,Media,Embraer E190,64.1,FALSE,49,24.9,43
12145,BOG,BGA,09:30,Jueves,310,Nublado,Alta,Boeing 737,60.9,FALSE,38,10.2,70
28279,LIM,PTY,02:30,Domingo,2970,Nublado,Media,Boeing 737 MAX,63.5,TRUE,31,21,260
17950,MDE,BOG,13:30,Lunes,235,Despejado,Baja,Embraer E190,79.7,FALSE,42,27.1,37
25757,IGR,EZE,18:15,Martes,1100,Tormenta,Baja,Embraer E195,82.6,FALSE,7,3.6,125
23955,FLN,GRU,11:45,Domingo,690,Nublado,Media,Boeing 737,68.8,TRUE,22,12.7,87
12067,CLO,BOG,07:45,Jueves,300,Niebla,Alta,ATR 72,60.4,TRUE,37,1,64
23031,GRU,CWB,08:00,Jueves,410,Despejado,Media,Embraer E190,61.8,TRUE,40,6.9,71
16892,BOG,CLO,09:30,Domingo,300,Nublado,Baja,Airbus A320,58.3,FALSE,3,16.1,65
13504,MVD,EZE,09:30,Martes,210,Nublado,Media,Boeing 737,59.6,FALSE,7,9.9,47
12272,BOG,EZE,06:30,Miércoles,4650,Despejado,Alta,Airbus A330,90.2,TRUE,10,21.4,397
17328,MEX,GRU,13:00,Sábado,7300,Despejado,Media,Airbus A350,58.6,FALSE,12,22.3,576
15469,LIM,BOG,08:15,Martes,1890,Despejado,Baja,Embraer E195,17.6,TRUE,1,23.4,181
13269,MEX,BOG,07:45,Sábado,2700,Nublado,Media,Boeing 737 MAX,58.1,FALSE,39,25.1,233
26058,CLO,MDE,19:45,Miércoles,265,Niebla,Alta,Airbus A320,48.7,TRUE,13,1.3,42
16138,IAH,PTY,08:15,Viernes,2860,Despejado,Media,Boeing 757,53.2,TRUE,28,17.2,248
22054,EZE,CCS,17:30,Jueves,4300,Despejado,Media,Boeing 777,72.2,TRUE,39,7.8,345
15305,MIA,EZE,07:15,Domingo,7720,Nublado,Baja,Airbus A350,79,TRUE,35,22.5,614
24419,BGA,BOG,08:45,Miércoles,310,Tormenta,Media,Airbus A320,89.6,TRUE,28,0.8,60
29684,MDE,BOG,06:15,Martes,235,Despejado,Alta,Embraer E190,75.8,FALSE,6,20.9,48
25316,PTY,MIA,20:00,Domingo,2200,Despejado,Baja,Airbus A320neo,83.3,FALSE,17,5.2,212
18701,GRU,MVD,12:15,Sábado,1550,Despejado,Baja,Boeing 737 MAX,54.6,FALSE,34,26.2,163
17222,EZE,AEP,12:00,Martes,35,Lluvia,Media,Embraer E190,77,FALSE,9,12.1,29
16662,GRU,SCL,07:45,Martes,2620,Despejado,Baja,Boeing 757,85.9,TRUE,36,20.4,218
22240,GRU,POA,16:30,Martes,1110,Nublado,Media,Airbus A320neo,51.1,FALSE,14,11.9,115
14823,BOG,GRU,08:45,Viernes,3940,Despejado,Alta,Boeing 777,49,FALSE,46,24,341
28350,GRU,GIG,15:45,Lunes,360,Lluvia,Baja,ATR 72,75.9,FALSE,16,18.7,73
16665,MDZ,EZE,08:45,Domingo,1040,Despejado,Alta,Boeing 757,77.4,FALSE,14,20.9,113
13422,BOG,PTY,08:00,Jueves,650,Niebla,Baja,Airbus A320,68,TRUE,25,0.5,86
19072,BOG,UIO,14:00,Sábado,730,Lluvia,Media,ATR 72,80.6,TRUE,40,12.8,76
29626,CTG,MDE,12:00,Sábado,365,Lluvia,Media,ATR 72,29.4,TRUE,1,16.4,47
29281,GRU,MAD,07:30,Miércoles,9350,Despejado,Baja,Boeing 777,81.1,TRUE,3,11.6,733
29325,BOG,PTY,17:15,Lunes,650,Despejado,Media,Airbus A320,62.4,TRUE,45,19.2,89
14253,SCL,GRU,10:30,Viernes,2620,Nublado,Media,Boeing 737 MAX,86.3,FALSE,19,28.4,229
26428,CCS,EZE,01:00,Viernes,4300,Lluvia,Media,Airbus A350,81.7,TRUE,18,7.5,361
27604,BSB,GRU,18:15,Miércoles,870,Despejado,Media,Boeing 757,49.9,FALSE,31,18.3,92
19339,BOG,CCS,16:30,Jueves,1010,Despejado,Media,Boeing 757,67.8,TRUE,43,11.1,111
22760,BOG,MDE,14:15,Domingo,235,Nublado,Baja,Airbus A320,76.5,TRUE,25,11.7,43
27486,BOG,CLO,13:45,Sábado,300,Nublado,Media,Embraer E190,80.7,FALSE,15,6.8,42
26266,PTY,UIO,10:15,Lunes,1420,Nublado,Alta,Boeing 757,73.9,FALSE,2,10,131
13994,BOG,BAQ,05:30,Domingo,145,Nublado,Baja,Airbus A320,48.2,FALSE,30,13.4,57
16613,AEP,EZE,05:00,Domingo,35,Nublado,Media,ATR 72,35.4,TRUE,40,7.8,51
22650,BOG,BAQ,11:30,Miércoles,145,Niebla,Media,ATR 72,55.1,FALSE,27,2.1,59
18162,BOG,CCS,14:30,Domingo,1010,Despejado,Baja,Embraer E195,88.7,FALSE,13,21.7,118
13657,JFK,PTY,07:15,Viernes,3520,Lluvia,Media,Boeing 787,65.9,FALSE,47,20.7,285
16236,BOG,PTY,09:45,Jueves,650,Despejado,Baja,Airbus A320,80.4,FALSE,19,11,91
21649,MDE,BOG,16:45,Martes,235,Despejado,Baja,ATR 72,78.1,TRUE,17,27.6,44
16069,CLT,PTY,08:45,Miércoles,2890,Despejado,Media,Boeing 757,91.3,FALSE,47,17.5,240
17302,PTY,MIA,17:15,Jueves,2200,Despejado,Alta,Embraer E195,87.6,FALSE,32,8.3,193
17277,GIG,GRU,12:15,Domingo,360,Tormenta,Media,Embraer E190,76.3,TRUE,6,3.9,64
14721,AMS,GRU,09:45,Viernes,9850,Despejado,Media,Boeing 777,73.5,FALSE,19,8.1,771
11176,BOG,PTY,07:00,Miércoles,650,Nublado,Baja,ATR 72,90.8,TRUE,21,21.4,97
20520,BOG,MIA,10:30,Sábado,3160,Despejado,Media,Airbus A350,70.6,TRUE,43,15.6,280
24579,PEI,BOG,17:00,Lunes,265,Nublado,Media,Embraer E190,81.9,FALSE,1,18.8,54
22607,MAD,EZE,15:30,Lunes,10050,Lluvia,Media,Airbus A330,73.2,TRUE,41,21.8,790
24573,PTY,IAH,11:30,Miércoles,2860,Despejado,Media,Boeing 757,81.6,FALSE,13,16.8,247
14886,JFK,BOG,05:45,Lunes,3930,Despejado,Media,Boeing 777,89.4,TRUE,47,26.1,338
14872,EZE,GIG,08:15,Domingo,1970,Nublado,Baja,Boeing 737 MAX,58.6,TRUE,22,7.3,187
23974,EZE,MDZ,13:15,Domingo,1040,Nublado,Alta,Airbus A320neo,47.4,FALSE,41,12,103
29758,MDZ,EZE,19:15,Miércoles,1040,Nublado,Baja,Boeing 757,51.9,FALSE,7,18.7,106
20558,MVD,EZE,15:15,Sábado,210,Despejado,Baja,Embraer E190,84.2,FALSE,18,13.4,53
18508,BOG,EZE,16:30,Lunes,4650,Lluvia,Baja,Airbus A330,90.2,FALSE,13,27.9,384
26656,EZE,NQN,11:00,Martes,1150,Despejado,Media,Boeing 757,82.7,FALSE,32,21.9,109
24075,BOG,PEI,15:00,Lunes,265,Despejado,Media,Embraer E190,48.1,FALSE,14,21.9,41
17287,PTY,MIA,13:30,Martes,2200,Despejado,Media,Boeing 737 MAX,95.4,FALSE,18,21.2,203
26843,PTY,MIA,20:15,Lunes,2200,Despejado,Baja,Embraer E195,81.5,FALSE,33,6.5,199
18375,PEI,BOG,12:15,Miércoles,265,Lluvia,Media,Airbus A320,85.9,FALSE,37,24.4,48
18847,EZE,UIO,15:45,Viernes,3900,Despejado,Baja,Boeing 787,43.6,FALSE,1,9,315
14768,EZE,ROS,08:15,Miércoles,295,Despejado,Baja,Boeing 737,79.5,TRUE,46,29.5,64
23975,MDE,UIO,15:00,Domingo,960,Niebla,Alta,Boeing 737 MAX,90.8,TRUE,26,2,99
14606,CCS,EZE,09:15,Sábado,4300,Tormenta,Media,Airbus A350,74.6,TRUE,37,3,369
18844,PTY,MEX,13:15,Martes,2280,Despejado,Baja,Boeing 757,89.7,TRUE,19,27,214
15380,EZE,GIG,06:45,Lunes,1970,Despejado,Media,Airbus A320neo,58.5,FALSE,27,6.4,189
11167,TUC,EZE,07:00,Jueves,1230,Nublado,Baja,Boeing 737 MAX,83.8,TRUE,12,27.7,132
16587,GRU,AMS,11:15,Jueves,9850,Despejado,Baja,Airbus A330,73.2,TRUE,47,13.4,765
17570,BAQ,BOG,17:45,Martes,145,Despejado,Media,Embraer E190,83.3,TRUE,20,25.7,54
13858,BAQ,MDE,07:30,Domingo,310,Despejado,Media,Embraer E190,64.2,FALSE,34,22.4,54
19503,BOG,BGA,16:00,Sábado,310,Nublado,Baja,Boeing 737,57.3,FALSE,28,29.9,66
18159,ASU,EZE,13:45,Domingo,1050,Nublado,Baja,Boeing 737 MAX,48.5,TRUE,22,28.8,112
16813,AEP,EZE,08:00,Domingo,35,Despejado,Baja,ATR 72,90.6,FALSE,37,16,22
15853,BOG,PTY,08:30,Domingo,650,Despejado,Baja,Embraer E190,54.1,FALSE,26,12.4,69
11784,MDZ,EZE,05:15,Sábado,1040,Lluvia,Media,Airbus A320neo,61.6,FALSE,39,26.9,104
11414,IAH,PTY,08:30,Viernes,2860,Despejado,Baja,Embraer E195,92.4,FALSE,43,5.6,248
11131,EZE,MVD,08:15,Miércoles,210,Nublado,Baja,Embraer E190,87.7,TRUE,12,12.8,41
13278,BSB,GRU,06:30,Sábado,870,Despejado,Media,Boeing 737 MAX,79.5,TRUE,6,17.9,109
18632,EZE,IGR,15:00,Domingo,1100,Despejado,Baja,Airbus A320neo,97.7,FALSE,32,10.5,113
23620,BOG,CTG,20:45,Viernes,135,Despejado,Baja,Boeing 737,65.6,FALSE,11,14.8,36
23691,MDE,LIM,14:30,Viernes,2100,Despejado,Baja,Boeing 737 MAX,62.4,FALSE,1,17.1,191
17999,CTG,MDE,13:45,Jueves,365,Lluvia,Baja,Boeing 737,82.8,TRUE,36,9.9,76
28114,AEP,EZE,14:30,Miércoles,35,Niebla,Media,ATR 72,79.7,FALSE,32,1.6,28
20511,EZE,ROS,13:30,Lunes,295,Tormenta,Media,Boeing 737,66.6,TRUE,5,0.8,60
11622,EZE,MVD,06:30,Sábado,210,Tormenta,Baja,Airbus A320,78.2,FALSE,48,2.7,44
15129,MDZ,EZE,09:00,Jueves,1040,Lluvia,Baja,Boeing 737 MAX,31.4,FALSE,41,27.2,123
19423,PTY,CLT,13:45,Jueves,2890,Tormenta,Baja,Boeing 757,39,FALSE,19,3.6,245
16935,EZE,GRU,08:15,Domingo,1760,Niebla,Baja,Boeing 737 MAX,72,FALSE,24,1.6,157
23934,LIM,MDE,12:00,Domingo,2100,Despejado,Media,Airbus A320neo,80.9,FALSE,13,27.9,202
28065,GRU,BOG,11:00,Lunes,3940,Tormenta,Baja,Airbus A330,66.8,FALSE,21,4.4,330
17874,EZE,BOG,17:00,Sábado,4650,Lluvia,Media,Boeing 787,69.7,FALSE,40,25.5,393
20561,GIG,GRU,13:30,Miércoles,360,Despejado,Media,ATR 72,83.8,FALSE,16,25.4,47
15036,EZE,MVD,10:15,Sábado,210,Nublado,Alta,Airbus A320,94,FALSE,38,13.2,43
26198,BGA,MDE,20:15,Miércoles,295,Despejado,Alta,Embraer E190,79.3,TRUE,24,25.1,45
18381,EZE,AEP,13:30,Jueves,35,Niebla,Media,ATR 72,70.6,FALSE,14,0.4,34
29414,MDE,PTY,14:45,Miércoles,715,Nublado,Media,Boeing 737,61.2,FALSE,10,15.5,85
23612,MVD,EZE,16:00,Domingo,210,Tormenta,Media,ATR 72,69.7,TRUE,30,4.7,55
13911,BOG,CLO,10:15,Miércoles,300,Despejado,Media,Boeing 737,65.5,FALSE,23,25.4,51
21902,SCL,GRU,17:00,Viernes,2620,Lluvia,Baja,Embraer E195,77.2,FALSE,17,19.2,235
22540,SCL,EZE,13:45,Viernes,1140,Despejado,Alta,Airbus A320neo,69.3,FALSE,34,23,121
19332,EZE,BOG,14:45,Sábado,4650,Nublado,Media,Airbus A330,53.4,FALSE,11,14.6,372
26097,BGA,MDE,04:00,Jueves,295,Despejado,Baja,Airbus A320,66.8,TRUE,41,19.9,62
19244,BGA,BOG,17:45,Jueves,310,Despejado,Media,Airbus A320,88.4,FALSE,20,29.1,48
24740,IAH,PTY,19:15,Martes,2860,Niebla,Alta,Boeing 737 MAX,84.4,FALSE,30,2.9,248
15733,MDE,PEI,08:30,Sábado,140,Lluvia,Media,Airbus A320,68.8,TRUE,16,16,35
15027,MEX,GRU,09:15,Viernes,7300,Despejado,Media,Boeing 777,80.1,FALSE,42,28.4,590
20155,CLO,MDE,11:30,Sábado,265,Nublado,Baja,Boeing 737,89.2,FALSE,39,14.4,63
26383,PTY,EZE,20:30,Domingo,5100,Nublado,Media,Airbus A350,62,FALSE,32,26.2,407
14401,PTY,MDE,06:00,Viernes,715,Tormenta,Baja,ATR 72,65.9,FALSE,43,0.5,84
27446,EZE,SCL,09:30,Lunes,1140,Despejado,Baja,Boeing 737 MAX,73.8,FALSE,8,6.5,130
24680,SJO,PTY,20:15,Viernes,580,Nublado,Alta,ATR 72,68.6,FALSE,40,25.9,70
25377,MDE,CTG,07:30,Viernes,365,Nublado,Media,Embraer E190,85.8,FALSE,32,12.3,73
25895,UIO,PTY,03:15,Miércoles,1420,Niebla,Alta,Boeing 737 MAX,95.7,TRUE,41,1.2,127
19453,BGA,BOG,14:15,Lunes,310,Tormenta,Media,Boeing 737,83.6,FALSE,20,3.9,55
17686,IGR,EZE,17:15,Domingo,1100,Despejado,Alta,Embraer E195,74.8,TRUE,31,20.9,131
22483,EZE,IGR,16:45,Lunes,1100,Lluvia,Media,Boeing 757,73.7,FALSE,23,15.1,113
17116,MDE,BOG,12:30,Jueves,235,Nublado,Baja,Boeing 737,78.5,TRUE,48,23.9,49
19139,IAH,PTY,14:45,Miércoles,2860,Nublado,Media,Embraer E195,32.1,FALSE,47,29.6,261
23154,LIM,MDE,15:15,Sábado,2100,Despejado,Media,Boeing 737 MAX,88.3,FALSE,19,9,205
19781,SCL,GRU,16:00,Jueves,2620,Despejado,Baja,Boeing 757,27.1,TRUE,25,8.8,222
25894,BOG,CCS,05:00,Sábado,1010,Despejado,Baja,Boeing 757,91.4,FALSE,9,14.2,105
29276,BOG,UIO,00:15,Miércoles,730,Despejado,Media,Embraer E190,89.5,TRUE,45,5.7,77
18786,GRU,CWB,17:15,Martes,410,Despejado,Baja,Embraer E190,30,TRUE,21,16.5,56
18080,PEI,MDE,16:15,Sábado,140,Lluvia,Alta,Boeing 737,96,FALSE,48,12.8,52
19395,GRU,SSA,17:15,Sábado,1940,Nublado,Alta,Boeing 757,75.7,TRUE,34,8,188
24256,MDE,LIM,17:15,Viernes,2100,Nublado,Alta,Embraer E195,77.8,TRUE,42,25.7,184
29629,BAQ,MDE,11:30,Viernes,310,Despejado,Alta,Airbus A320,35.5,FALSE,47,20,58
27926,EZE,MDZ,10:00,Jueves,1040,Tormenta,Media,Airbus A320neo,79.9,FALSE,47,1.6,110
23299,UIO,MDE,17:45,Jueves,960,Despejado,Baja,Airbus A320neo,48.3,FALSE,41,6.9,95
15606,MVD,GRU,07:15,Sábado,1550,Nublado,Media,Boeing 737 MAX,89.4,FALSE,12,19.6,164
20870,JFK,MDE,15:45,Sábado,3560,Despejado,Baja,Boeing 787,87.3,TRUE,42,16.2,309
17357,EZE,PTY,14:15,Miércoles,5100,Despejado,Baja,Airbus A330,69,FALSE,18,12.9,419
28005,GRU,SCL,21:45,Jueves,2620,Despejado,Baja,Boeing 737 MAX,34.5,FALSE,9,25.3,229
17221,UIO,BOG,13:00,Miércoles,730,Lluvia,Media,ATR 72,81.6,TRUE,42,23.7,95
10484,PTY,BOG,05:45,Lunes,650,Despejado,Media,Embraer E190,76.9,TRUE,32,6,68
29135,MDE,BOG,08:45,Jueves,235,Niebla,Baja,Boeing 737,89.6,FALSE,13,1.6,49
11316,PTY,CLT,04:30,Viernes,2890,Despejado,Alta,Airbus A320neo,36.9,FALSE,10,18.9,263
13016,EZE,ROS,09:00,Sábado,295,Despejado,Baja,Boeing 737,73.8,TRUE,26,15.9,53
23440,BOG,CLO,15:00,Lunes,300,Lluvia,Media,Boeing 737,65.4,TRUE,3,11.5,52
28576,CTG,MDE,08:15,Jueves,365,Despejado,Baja,Embraer E190,63,FALSE,36,14.6,59
19098,ASU,EZE,15:45,Viernes,1050,Lluvia,Alta,Boeing 757,69.7,FALSE,20,10.7,107
22770,GIG,GRU,13:45,Domingo,360,Nublado,Media,Boeing 737,41.8,TRUE,47,6.6,69
19900,MDE,BGA,15:00,Sábado,295,Lluvia,Alta,Embraer E190,59.7,TRUE,5,17.4,52
14227,UIO,BOG,09:30,Martes,730,Despejado,Baja,Embraer E190,71.5,FALSE,34,12.2,74
28404,CLO,BOG,02:45,Miércoles,300,Lluvia,Baja,Boeing 737,85.5,FALSE,48,7.1,47
28676,EZE,SCL,04:15,Miércoles,1140,Nublado,Media,Boeing 737 MAX,85.5,TRUE,19,20.4,127
26006,PTY,SJO,12:00,Viernes,580,Despejado,Media,Embraer E190,58.7,TRUE,28,27.3,69
12486,CTG,MDE,07:15,Lunes,365,Niebla,Media,Airbus A320,47,FALSE,43,0.2,66
28433,LIM,EZE,01:15,Lunes,3150,Despejado,Media,Boeing 777,45.3,FALSE,36,6.8,261
18666,CLO,BOG,14:00,Martes,300,Despejado,Media,ATR 72,85.1,FALSE,17,22.8,51
29589,BGA,BOG,00:45,Viernes,310,Lluvia,Baja,ATR 72,78,TRUE,3,15.7,68
20216,MDE,CTG,14:45,Miércoles,365,Lluvia,Media,ATR 72,70.7,FALSE,43,25.3,56
10908,MDE,PEI,07:30,Domingo,140,Despejado,Alta,Embraer E190,85.9,TRUE,25,5.1,37
11577,BOG,CTG,10:00,Martes,135,Despejado,Baja,Embraer E190,42.6,TRUE,49,21.3,37
24176,BOG,CTG,17:15,Martes,135,Despejado,Alta,Airbus A320,73.6,FALSE,24,9.7,32
24884,MIA,MDE,10:15,Lunes,2750,Lluvia,Alta,Embraer E195,86.4,FALSE,25,17.8,248
20361,EZE,ASU,11:30,Martes,1050,Nublado,Baja,Embraer E195,92.1,FALSE,18,6.3,109
11340,MDE,BAQ,07:00,Sábado,310,Lluvia,Baja,ATR 72,94.2,TRUE,15,25.6,69
21721,GRU,GIG,13:45,Lunes,360,Despejado,Baja,Boeing 737,81.2,FALSE,13,26.6,55
25858,UIO,MDE,05:00,Jueves,960,Nublado,Baja,Boeing 737 MAX,74.3,FALSE,11,18.8,110
18686,GIG,EZE,16:15,Lunes,1970,Tormenta,Media,Airbus A320neo,95.6,TRUE,32,2.7,182
15385,BOG,UIO,06:45,Miércoles,730,Despejado,Alta,ATR 72,76.2,FALSE,19,15.9,99
28833,EZE,MDZ,21:45,Miércoles,1040,Despejado,Media,Boeing 737 MAX,39,FALSE,35,24.5,117
16133,PTY,SJO,07:30,Sábado,580,Niebla,Baja,Boeing 737,63.9,FALSE,44,1.6,73
21161,EZE,IGR,14:45,Martes,1100,Nublado,Baja,Boeing 757,76.1,FALSE,9,24.6,125
11990,GRU,BSB,10:30,Jueves,870,Despejado,Media,Embraer E195,96.7,TRUE,28,7,85
24726,AEP,EZE,02:30,Jueves,35,Despejado,Media,Airbus A320,52.8,TRUE,49,17.6,43
17062,GRU,CWB,12:45,Jueves,410,Niebla,Media,Airbus A320,75,FALSE,11,1.6,70
26777,MDE,CTG,10:30,Martes,365,Tormenta,Baja,Embraer E190,72.9,TRUE,32,0.6,62
25793,ROS,EZE,21:30,Domingo,295,Despejado,Baja,Boeing 737,80.6,TRUE,47,22.4,68
26093,MVD,EZE,01:00,Sábado,210,Despejado,Baja,Embraer E190,86.1,FALSE,34,17.7,51
16873,MVD,EZE,10:45,Jueves,210,Despejado,Alta,ATR 72,49.2,FALSE,41,20.1,53
25256,BSB,GRU,11:15,Miércoles,870,Tormenta,Media,Boeing 737 MAX,58.4,FALSE,4,2,112
14986,MDE,PEI,07:45,Viernes,140,Nublado,Media,Airbus A320,78,TRUE,16,15.4,53
24817,EZE,MVD,21:45,Sábado,210,Despejado,Media,Boeing 737,85.4,FALSE,25,23,44
10122,EZE,ROS,04:15,Viernes,295,Niebla,Media,Boeing 737,60.5,FALSE,8,2.2,68
12610,NQN,EZE,07:00,Sábado,1150,Despejado,Media,Boeing 757,65.8,FALSE,36,26.6,127
25868,NQN,EZE,19:30,Domingo,1150,Nublado,Baja,Boeing 737 MAX,54.8,TRUE,37,30,119
29512,MDE,BOG,22:30,Viernes,235,Niebla,Media,ATR 72,83.6,TRUE,9,0.2,51
25759,JFK,GRU,04:30,Viernes,7680,Nublado,Alta,Boeing 777,87.1,FALSE,48,20.3,624
16219,MDE,MIA,07:00,Jueves,2750,Despejado,Media,Airbus A320neo,74.1,FALSE,20,22.3,226
17173,TUC,EZE,16:15,Miércoles,1230,Nublado,Media,Boeing 757,44,TRUE,38,29.9,136
23458,EZE,TUC,17:15,Sábado,1230,Lluvia,Baja,Airbus A320neo,82,TRUE,2,15.3,139
10954,CDG,GRU,08:15,Viernes,9400,Despejado,Alta,Boeing 777,56.2,FALSE,18,20.1,730
26367,BGA,BOG,06:00,Sábado,310,Lluvia,Baja,Embraer E190,59.2,FALSE,16,11,57
26692,GRU,MIA,16:45,Jueves,7520,Niebla,Media,Airbus A330,45.3,FALSE,14,2.1,586
14194,BOG,CCS,04:15,Miércoles,1010,Despejado,Alta,Airbus A320neo,52.1,FALSE,31,22.3,106
16699,GRU,LIM,07:45,Viernes,3620,Niebla,Media,Boeing 787,92.3,FALSE,23,2.5,300
25495,MDE,BAQ,03:00,Miércoles,310,Despejado,Baja,Airbus A320,63.3,FALSE,23,26.7,60
18158,LIM,BOG,12:30,Viernes,1890,Despejado,Alta,Airbus A320neo,77.4,FALSE,1,19,168
14822,PTY,MEX,07:15,Domingo,2280,Despejado,Baja,Boeing 757,72.1,TRUE,29,11.2,196
20326,CLO,MDE,14:15,Miércoles,265,Nublado,Alta,Boeing 737,70.8,FALSE,31,22.1,65
21766,EZE,CCS,17:30,Miércoles,4300,Despejado,Media,Boeing 787,93.4,FALSE,32,16,367
12541,MDE,CTG,08:30,Miércoles,365,Niebla,Baja,Airbus A320,69.2,FALSE,46,2.5,65
15307,BGA,MDE,08:00,Jueves,295,Lluvia,Media,ATR 72,78.4,TRUE,11,28,46
11271,BOG,BAQ,05:00,Miércoles,145,Despejado,Media,Embraer E190,57,FALSE,34,21.8,54
15246,EZE,LIM,09:15,Viernes,3150,Lluvia,Baja,Boeing 787,63.1,TRUE,44,25.3,276
26291,BOG,MDE,12:30,Lunes,235,Nublado,Media,Embraer E190,52.1,FALSE,18,21.5,64
11692,MDE,PEI,09:15,Viernes,140,Despejado,Baja,Airbus A320,60.3,FALSE,48,7.7,57
29669,GRU,MIA,05:15,Martes,7520,Nublado,Baja,Airbus A330,60.6,TRUE,43,17.1,600
28051,BGA,MDE,13:30,Domingo,295,Nublado,Alta,Airbus A320,81.7,FALSE,42,23.8,65
26161,MDE,MIA,06:00,Sábado,2750,Despejado,Baja,Boeing 737 MAX,89.4,FALSE,12,9.9,251
12728,NQN,EZE,09:15,Jueves,1150,Lluvia,Alta,Embraer E195,76.8,FALSE,2,22.3,116
19602,CCS,EZE,13:15,Viernes,4300,Despejado,Baja,Boeing 787,63.3,TRUE,45,25.4,363
28617,GRU,EZE,12:00,Sábado,1760,Despejado,Media,Boeing 737 MAX,63.7,FALSE,44,12.7,172
24432,MDE,BAQ,15:30,Jueves,310,Despejado,Baja,ATR 72,63.1,FALSE,40,5.3,49
23766,PTY,IAH,16:00,Miércoles,2860,Despejado,Alta,Boeing 737 MAX,84.7,FALSE,7,8.7,238
24069,EZE,ROS,18:30,Lunes,295,Nublado,Baja,Airbus A320,70.6,TRUE,40,7,49
12975,CLO,BOG,08:45,Jueves,300,Nublado,Baja,Embraer E190,60.2,FALSE,18,10.4,49
17370,MVD,EZE,19:30,Viernes,210,Despejado,Baja,Embraer E190,78.7,TRUE,46,29.9,62
17975,EZE,JFK,15:45,Jueves,8530,Nublado,Baja,Boeing 787,59.5,TRUE,3,8.7,677
27185,BOG,PEI,17:30,Domingo,265,Despejado,Baja,ATR 72,36.9,TRUE,36,10.1,58
12046,BOG,MDE,05:30,Domingo,235,Niebla,Baja,ATR 72,77.6,FALSE,3,0.8,50
14978,BAQ,MDE,06:00,Sábado,310,Lluvia,Media,Boeing 737,70,TRUE,45,19.6,43
17122,MDE,PEI,16:15,Lunes,140,Despejado,Baja,ATR 72,82.5,FALSE,41,19.6,52
23632,BOG,MAD,17:30,Domingo,8680,Despejado,Media,Boeing 777,42.1,FALSE,2,28.2,696
25547,JFK,PTY,12:30,Domingo,3520,Tormenta,Media,Airbus A330,59.2,TRUE,48,3.7,299
12737,MDE,BAQ,06:30,Lunes,310,Despejado,Alta,Airbus A320,58.4,TRUE,40,13.8,66
27585,EZE,MDZ,22:00,Domingo,1040,Nublado,Media,Embraer E195,29,FALSE,1,19.3,115
11209,MIA,MDE,05:15,Martes,2750,Lluvia,Alta,Embraer E195,69.4,FALSE,30,12.2,252
27061,MIA,BOG,03:30,Lunes,3160,Despejado,Media,Boeing 777,69.9,FALSE,20,10.8,265
18328,JFK,GRU,12:15,Sábado,7680,Despejado,Baja,Airbus A330,44.6,FALSE,11,24.1,607
16849,BAQ,MDE,08:45,Lunes,310,Nublado,Alta,Airbus A320,30.4,FALSE,27,11.3,56
24637,BGA,MDE,04:15,Viernes,295,Nublado,Alta,Embraer E190,62.5,FALSE,39,24.8,46
20419,BOG,JFK,16:45,Sábado,3930,Despejado,Baja,Boeing 777,85.9,FALSE,20,27.9,325
20600,GRU,GIG,14:45,Viernes,360,Nublado,Baja,ATR 72,26,FALSE,20,10.9,52
25506,SJO,PTY,09:30,Lunes,580,Lluvia,Alta,Airbus A320,38.1,FALSE,36,12.9,92
23069,MDE,UIO,15:45,Viernes,960,Despejado,Baja,Embraer E195,90.4,FALSE,40,16,92
11091,GRU,EZE,08:30,Sábado,1760,Despejado,Media,Boeing 757,53.2,FALSE,3,16.1,181
13121,GRU,AMS,08:45,Viernes,9850,Nublado,Baja,Boeing 787,45.5,FALSE,44,21,763
22767,EZE,CCS,12:30,Martes,4300,Nublado,Media,Boeing 787,77.9,TRUE,38,17.2,365
20481,GRU,FLN,17:45,Miércoles,690,Lluvia,Baja,Airbus A320,68.6,TRUE,48,7.3,85
21545,MDE,BOG,13:00,Domingo,235,Despejado,Baja,Embraer E190,78.2,FALSE,16,29.2,45
11534,EZE,IGR,06:30,Martes,1100,Nublado,Media,Boeing 737 MAX,97.9,FALSE,18,24.4,126
18064,BOG,CCS,14:00,Sábado,1010,Despejado,Baja,Boeing 757,86.5,TRUE,4,28.9,98
11412,MAD,EZE,07:00,Sábado,10050,Despejado,Alta,Airbus A330,90.2,FALSE,42,22.8,781
19991,GRU,MIA,12:45,Lunes,7520,Nublado,Alta,Boeing 787,81.9,TRUE,23,15.6,595
17922,EZE,TUC,16:00,Sábado,1230,Tormenta,Baja,Boeing 737 MAX,61.7,FALSE,3,4.5,140
13201,GRU,BSB,08:00,Viernes,870,Nublado,Media,Boeing 737 MAX,58.7,TRUE,16,20.6,89
21051,BOG,CTG,17:45,Jueves,135,Despejado,Media,Airbus A320,83,FALSE,26,20,52
12615,UIO,PTY,07:45,Martes,1420,Despejado,Alta,Embraer E195,80.1,FALSE,13,8.6,148
23720,AEP,EZE,13:30,Miércoles,35,Despejado,Baja,ATR 72,50.8,TRUE,28,6.9,36
26934,MDE,JFK,22:15,Martes,3560,Nublado,Baja,Airbus A330,62.9,FALSE,22,9.5,312
12547,EZE,SCL,11:00,Viernes,1140,Nublado,Media,Embraer E195,48.4,TRUE,42,25.8,109
22595,BOG,PTY,17:00,Sábado,650,Nublado,Media,Boeing 737,88.4,FALSE,49,20.7,91
19738,CWB,GRU,12:00,Lunes,410,Despejado,Media,Boeing 737,69.2,TRUE,22,17.9,78
26399,ROS,EZE,02:00,Sábado,295,Nublado,Alta,Airbus A320,99,FALSE,40,29.4,59
21546,EZE,GIG,13:15,Martes,1970,Tormenta,Baja,Airbus A320neo,55.5,TRUE,44,1.2,192
12665,EZE,COR,06:15,Viernes,695,Nublado,Media,Airbus A320,67.3,FALSE,35,13.5,94
24302,BOG,PEI,07:15,Martes,265,Despejado,Baja,Embraer E190,93.8,FALSE,2,9.8,53
23207,BOG,CTG,16:15,Viernes,135,Tormenta,Baja,Boeing 737,43.9,FALSE,26,0.7,44
20269,GRU,GIG,17:15,Miércoles,360,Despejado,Media,Boeing 737,78.5,TRUE,33,27.7,56
11458,PEI,MDE,05:15,Lunes,140,Despejado,Media,ATR 72,61,FALSE,27,20.3,37
13589,BOG,CTG,06:45,Martes,135,Lluvia,Alta,Boeing 737,79.2,TRUE,15,16,59
17703,EZE,MDZ,11:15,Sábado,1040,Despejado,Media,Boeing 737 MAX,53.3,FALSE,17,18.3,112
26355,CCS,PTY,14:15,Viernes,1010,Despejado,Baja,Embraer E195,87.6,FALSE,18,27.5,106
15549,PTY,JFK,09:00,Viernes,3520,Despejado,Media,Boeing 787,85.7,FALSE,38,11.9,295
29722,TUC,EZE,00:45,Jueves,1230,Tormenta,Media,Boeing 737 MAX,84.8,FALSE,14,2.2,137
16053,PTY,GRU,09:00,Jueves,4630,Despejado,Alta,Boeing 777,82.4,FALSE,8,18.8,383
20697,GRU,BOG,14:30,Viernes,3940,Nublado,Baja,Boeing 787,59.1,TRUE,15,17,326
23618,GRU,MEX,14:15,Miércoles,7300,Despejado,Media,Airbus A350,96.5,FALSE,17,10.8,593
22043,MDE,BGA,17:00,Jueves,295,Despejado,Media,Airbus A320,54.2,FALSE,44,7.4,51
27285,BOG,JFK,06:30,Martes,3930,Lluvia,Baja,Boeing 777,42.4,TRUE,32,25.4,330
20533,UIO,MDE,16:00,Viernes,960,Despejado,Media,Boeing 757,78.7,TRUE,45,22.2,112
28779,CWB,GRU,12:30,Domingo,410,Despejado,Media,Embraer E190,78,TRUE,3,20.8,59
12951,CCS,BOG,06:15,Martes,1010,Nublado,Baja,Embraer E195,62.6,FALSE,49,21.5,103
17860,EZE,MVD,14:45,Domingo,210,Niebla,Baja,Boeing 737,41.3,FALSE,28,2.6,48
11394,EZE,MAD,06:45,Lunes,10050,Despejado,Media,Airbus A330,51.3,TRUE,21,25.9,791
23145,SJO,PTY,13:30,Miércoles,580,Nublado,Media,ATR 72,59.1,TRUE,31,22.5,83
26932,GRU,PTY,09:00,Lunes,4630,Despejado,Media,Airbus A330,95.1,TRUE,21,24.9,376
22105,POA,GRU,14:30,Martes,1110,Nublado,Media,Boeing 737 MAX,92.1,FALSE,27,9.7,115
16848,EZE,UIO,07:00,Miércoles,3900,Despejado,Alta,Airbus A330,54.9,TRUE,11,18,339
17078,GRU,SSA,12:15,Viernes,1940,Lluvia,Alta,Airbus A320neo,77.9,TRUE,24,7.1,176
13015,GRU,GIG,07:00,Miércoles,360,Despejado,Alta,Embraer E190,79.3,TRUE,26,9.7,63
27383,BOG,BAQ,18:45,Viernes,145,Despejado,Baja,Airbus A320,63.8,FALSE,35,19.5,51
26633,SCL,EZE,21:15,Viernes,1140,Despejado,Alta,Boeing 757,75.1,FALSE,42,17.1,116
22278,EZE,AEP,13:30,Jueves,35,Despejado,Baja,Airbus A320,70.6,FALSE,2,21.7,45
28634,BOG,EZE,21:45,Viernes,4650,Niebla,Media,Boeing 787,81.4,FALSE,46,1.9,397
26182,BOG,CTG,18:45,Viernes,135,Nublado,Media,ATR 72,66.6,FALSE,43,18.2,37
15643,BOG,UIO,05:45,Viernes,730,Nublado,Media,Boeing 737,39.8,TRUE,23,18.6,95
23060,AEP,EZE,15:45,Viernes,35,Despejado,Media,Airbus A320,59.4,FALSE,11,22.1,28
15113,MDE,BOG,09:30,Domingo,235,Despejado,Baja,ATR 72,75.4,FALSE,24,25.2,54
23120,TUC,EZE,17:30,Martes,1230,Tormenta,Media,Airbus A320neo,80,FALSE,16,0.8,135
11768,EZE,ROS,08:15,Miércoles,295,Despejado,Media,ATR 72,78,TRUE,49,12.7,42
17901,EZE,BOG,17:00,Martes,4650,Despejado,Baja,Boeing 777,74.3,FALSE,32,22.4,385
27268,MDE,BAQ,09:45,Miércoles,310,Despejado,Media,Boeing 737,63.7,FALSE,31,9.4,63
29877,EZE,GIG,16:30,Domingo,1970,Tormenta,Alta,Airbus A320neo,67.3,TRUE,17,0.5,178
20625,PEI,BOG,14:00,Jueves,265,Despejado,Baja,Embraer E190,69.6,FALSE,8,25.7,41
20449,GIG,GRU,15:45,Miércoles,360,Nublado,Baja,ATR 72,78.7,FALSE,47,12.7,47
25492,BRC,EZE,13:45,Lunes,1650,Despejado,Media,Boeing 757,58,FALSE,28,21.3,145
25905,EZE,MVD,01:00,Domingo,210,Lluvia,Baja,Embraer E190,77.3,FALSE,2,5.8,51
20580,EZE,AEP,18:00,Viernes,35,Despejado,Media,Embraer E190,89.2,FALSE,10,22.9,31
27762,BOG,LIM,02:00,Martes,1890,Despejado,Media,Airbus A320neo,63.1,FALSE,23,29.5,161
26369,EZE,MVD,18:45,Sábado,210,Despejado,Media,Boeing 737,62.7,TRUE,23,11.9,37
29437,GRU,GIG,02:45,Sábado,360,Despejado,Baja,Embraer E190,61,FALSE,5,22.2,50
19708,BOG,JFK,16:30,Viernes,3930,Lluvia,Baja,Airbus A330,46.5,FALSE,27,10.9,334
15467,MDE,CLO,09:15,Sábado,265,Lluvia,Media,Boeing 737,77.6,FALSE,29,18,53
27922,MDE,UIO,13:00,Domingo,960,Nublado,Alta,Boeing 757,43.1,TRUE,19,13.6,109
26181,MEX,BOG,05:00,Miércoles,2700,Despejado,Media,Embraer E195,72.6,TRUE,8,7.1,241
29519,GRU,FLN,20:30,Domingo,690,Despejado,Baja,Boeing 737,64.7,TRUE,45,9.5,95
27757,EZE,IGR,05:45,Lunes,1100,Niebla,Baja,Airbus A320neo,75.8,FALSE,16,2.7,129
25304,CLT,PTY,12:15,Miércoles,2890,Despejado,Baja,Boeing 757,70.9,FALSE,44,17.1,237
27863,TUC,EZE,03:15,Viernes,1230,Despejado,Baja,Boeing 737 MAX,66.9,FALSE,26,5.4,121
23109,GUA,PTY,17:00,Lunes,820,Niebla,Alta,Embraer E195,63.3,FALSE,21,2.9,106
14689,MDE,PEI,08:15,Jueves,140,Nublado,Media,Boeing 737,75.9,FALSE,2,25.8,32
13985,MDE,UIO,08:00,Lunes,960,Despejado,Alta,Boeing 757,46.1,FALSE,31,29.2,113
29395,GRU,CDG,01:15,Jueves,9400,Despejado,Baja,Boeing 777,85.3,TRUE,28,14.7,744
11003,GIG,GRU,09:30,Jueves,360,Despejado,Baja,Embraer E190,74.4,FALSE,20,15.3,60
11062,CTG,MDE,07:15,Sábado,365,Nublado,Media,ATR 72,75,TRUE,9,20.3,69
18622,CCS,PTY,17:30,Lunes,1010,Nublado,Media,Airbus A320neo,60.7,FALSE,12,11,116
24122,NQN,EZE,11:00,Lunes,1150,Despejado,Baja,Embraer E195,57,FALSE,24,16,131
28035,EZE,ASU,21:45,Viernes,1050,Nublado,Alta,Airbus A320neo,74.8,FALSE,16,28.6,98
23798,EZE,MVD,16:15,Sábado,210,Despejado,Media,Embraer E190,79.6,FALSE,19,10.6,47
17140,GRU,MIA,17:00,Lunes,7520,Despejado,Baja,Airbus A330,55.7,FALSE,43,26.1,591
15171,BOG,CTG,07:30,Sábado,135,Nublado,Media,Airbus A320,75.8,FALSE,46,25.2,58
19694,BOG,PEI,12:00,Sábado,265,Lluvia,Media,Embraer E190,75.6,FALSE,47,10.7,53
23797,BOG,CLO,12:15,Martes,300,Despejado,Alta,Embraer E190,67.3,FALSE,7,22,67
21645,GRU,MIA,13:00,Miércoles,7520,Despejado,Media,Boeing 777,81,TRUE,9,29.4,608
14672,PEI,BOG,08:00,Miércoles,265,Nublado,Baja,Airbus A320,83.2,TRUE,25,24.6,41
20787,MDE,BOG,14:30,Miércoles,235,Nublado,Media,ATR 72,62.4,FALSE,7,16,38
14294,MIA,EZE,09:45,Miércoles,7720,Despejado,Media,Airbus A330,70.3,FALSE,42,21.8,601
14166,LIM,MDE,09:45,Miércoles,2100,Lluvia,Media,Boeing 737 MAX,75.5,FALSE,18,26.7,187
25623,PTY,GUA,21:45,Domingo,820,Despejado,Media,Boeing 737 MAX,79.8,FALSE,22,7.9,96
21831,EZE,AEP,14:45,Jueves,35,Tormenta,Media,Embraer E190,43.7,FALSE,15,3.2,29
20744,CTG,MDE,13:45,Jueves,365,Despejado,Baja,ATR 72,82.9,FALSE,36,7.5,70
18930,MDE,MIA,13:15,Domingo,2750,Despejado,Media,Boeing 737 MAX,73.8,TRUE,20,10.3,226
20430,MEX,PTY,11:45,Jueves,2280,Lluvia,Alta,Boeing 737 MAX,70.8,FALSE,20,11.3,192
12147,EZE,GRU,09:15,Lunes,1760,Tormenta,Media,Boeing 757,76.1,TRUE,43,0.8,169
15735,PTY,MIA,09:15,Lunes,2200,Despejado,Baja,Embraer E195,69.9,FALSE,6,22.7,214
29898,EZE,MDZ,20:00,Jueves,1040,Despejado,Alta,Boeing 737 MAX,49.6,TRUE,49,20.3,120
12663,BOG,MDE,09:00,Viernes,235,Tormenta,Baja,Embraer E190,86.8,FALSE,30,1.3,49
24606,EZE,AEP,07:45,Domingo,35,Despejado,Media,Embraer E190,55.6,TRUE,30,20,40
29279,ROS,EZE,01:00,Sábado,295,Despejado,Alta,Embraer E190,72.3,FALSE,24,18.8,54
29033,AEP,EZE,16:00,Lunes,35,Despejado,Media,Boeing 737,83.4,TRUE,9,5.7,27
29408,MDE,BGA,07:00,Sábado,295,Niebla,Media,Embraer E190,71.7,FALSE,30,2.6,55
18361,BOG,MEX,13:30,Sábado,2700,Nublado,Baja,Boeing 737 MAX,70.3,FALSE,30,29.2,232
10587,EZE,GRU,09:00,Sábado,1760,Tormenta,Baja,Airbus A320neo,40.6,FALSE,22,4.5,168
20106,BGA,MDE,18:15,Domingo,295,Nublado,Media,Airbus A320,92.9,TRUE,14,17.1,50
27002,EZE,MDZ,19:15,Lunes,1040,Despejado,Baja,Boeing 737 MAX,67.4,FALSE,29,12.3,113
13195,GRU,CWB,07:45,Sábado,410,Despejado,Media,Embraer E190,40.3,TRUE,46,18,61
27227,BOG,LIM,07:45,Miércoles,1890,Nublado,Baja,Airbus A320neo,95.4,FALSE,31,10.3,183
12954,BOG,MEX,05:30,Sábado,2700,Niebla,Alta,Airbus A320neo,68,TRUE,12,0.4,223
12267,MAD,BOG,10:00,Domingo,8680,Despejado,Media,Boeing 787,58.5,FALSE,42,12.7,699
19445,NQN,EZE,14:30,Miércoles,1150,Despejado,Media,Embraer E195,74.9,FALSE,31,25.6,110
16179,BAQ,MDE,09:00,Jueves,310,Despejado,Baja,ATR 72,68.1,FALSE,47,25.2,68
21305,PTY,BOG,11:30,Martes,650,Tormenta,Baja,ATR 72,81,FALSE,22,4.9,76
21633,MEX,BOG,16:15,Miércoles,2700,Lluvia,Baja,Boeing 757,64.8,FALSE,13,12.4,229
15533,GRU,MIA,04:30,Domingo,7520,Nublado,Media,Airbus A350,70.6,FALSE,47,23.2,609
21344,EZE,AEP,17:45,Martes,35,Despejado,Baja,Airbus A320,81.7,TRUE,16,14.2,36
14510,UIO,BOG,11:45,Jueves,730,Nublado,Alta,Airbus A320,87,TRUE,21,18.7,81
19056,BOG,BAQ,13:45,Sábado,145,Tormenta,Media,Airbus A320,50.6,TRUE,23,4.3,51
29553,JFK,EZE,19:00,Domingo,8530,Lluvia,Media,Boeing 787,59.9,TRUE,7,11,661
14047,BGA,MDE,09:30,Martes,295,Niebla,Baja,Airbus A320,53.8,FALSE,39,2.9,49
23142,CCS,BOG,15:45,Miércoles,1010,Nublado,Media,Airbus A320neo,69.9,TRUE,11,7.1,123
11281,GIG,GRU,07:00,Martes,360,Despejado,Baja,Boeing 737,81.8,TRUE,45,7,57
15218,BOG,EZE,06:00,Miércoles,4650,Despejado,Media,Airbus A330,65.2,TRUE,42,22,382
24760,SCL,GRU,21:30,Miércoles,2620,Despejado,Baja,Airbus A320neo,59.8,TRUE,29,8.9,243
14922,MDE,BOG,09:30,Domingo,235,Despejado,Baja,Airbus A320,80,TRUE,16,7.2,60
19876,SCL,EZE,15:15,Miércoles,1140,Despejado,Baja,Boeing 737 MAX,59.2,FALSE,44,5.7,119
18604,SJO,PTY,12:45,Jueves,580,Niebla,Media,Boeing 737,69.8,TRUE,32,2.3,80
20819,MVD,EZE,17:45,Viernes,210,Despejado,Baja,ATR 72,70.3,FALSE,24,15.4,49
24215,EZE,ROS,08:45,Jueves,295,Despejado,Media,ATR 72,86.5,FALSE,19,24.5,63
23547,LIM,MDE,14:15,Jueves,2100,Despejado,Media,Boeing 757,94.2,FALSE,17,12,200
12639,JFK,GRU,08:30,Lunes,7680,Nublado,Baja,Boeing 787,59.1,TRUE,35,13.6,598
13546,EZE,ASU,09:30,Miércoles,1050,Despejado,Baja,Boeing 737 MAX,81.1,TRUE,16,27.8,104
19667,BOG,CCS,14:30,Miércoles,1010,Lluvia,Media,Airbus A320neo,90.6,FALSE,30,14.9,95
25358,PTY,SJO,02:30,Sábado,580,Lluvia,Alta,Embraer E190,88.3,FALSE,44,27.3,80
25257,CTG,MDE,11:15,Viernes,365,Niebla,Baja,ATR 72,42.2,FALSE,38,2.9,58
15169,MIA,PTY,11:45,Lunes,2200,Nublado,Alta,Boeing 737 MAX,80,FALSE,34,5.4,209
19499,MDE,LIM,15:45,Martes,2100,Lluvia,Media,Boeing 737 MAX,78.4,TRUE,10,19,183
24101,CLO,MDE,14:00,Miércoles,265,Lluvia,Baja,Airbus A320,72.8,TRUE,40,12.9,66
16333,PTY,JFK,08:15,Miércoles,3520,Despejado,Baja,Airbus A350,90.3,FALSE,12,8.5,288
21001,UIO,PTY,11:30,Miércoles,1420,Nublado,Baja,Boeing 737 MAX,83.4,FALSE,19,16,143
26613,MDE,BAQ,21:45,Viernes,310,Nublado,Media,Boeing 737,59.1,FALSE,23,16.9,52
28136,MDE,PEI,18:00,Lunes,140,Despejado,Media,ATR 72,82.6,TRUE,45,20.6,34
18876,CTG,BOG,18:30,Domingo,135,Despejado,Alta,Boeing 737,52,FALSE,16,26.3,56
12443,EZE,AEP,09:00,Domingo,35,Despejado,Baja,ATR 72,33.8,FALSE,15,27.5,32
16075,MDE,CTG,10:45,Viernes,365,Nublado,Media,Airbus A320,51.2,FALSE,15,6.5,53
23239,SSA,GRU,12:30,Viernes,1940,Nublado,Baja,Boeing 737 MAX,93.8,FALSE,8,19,168
18104,MDZ,EZE,20:45,Miércoles,1040,Nublado,Baja,Airbus A320neo,74.8,FALSE,13,8.2,115
24990,BOG,LIM,22:00,Sábado,1890,Despejado,Baja,Embraer E195,92.1,FALSE,9,11.4,189
11571,PTY,GUA,09:30,Lunes,820,Tormenta,Media,Boeing 757,80.2,FALSE,11,4.7,108
11399,MDE,PTY,07:45,Miércoles,715,Lluvia,Media,Embraer E190,76.5,FALSE,11,12.9,84
12282,EZE,GIG,10:30,Lunes,1970,Niebla,Alta,Airbus A320neo,69.6,TRUE,11,1.7,171
18652,MDE,PEI,15:30,Lunes,140,Despejado,Alta,Boeing 737,79.6,TRUE,39,17.9,38
19247,MDE,JFK,15:00,Domingo,3560,Lluvia,Alta,Airbus A350,59.3,FALSE,49,5.4,312
27307,EZE,JFK,16:30,Viernes,8530,Despejado,Media,Airbus A330,27.2,TRUE,8,5.9,660
12022,EZE,BRC,08:30,Miércoles,1650,Despejado,Baja,Boeing 757,69.2,FALSE,14,17.7,162
28708,CWB,GRU,09:45,Jueves,410,Nublado,Media,ATR 72,90.9,FALSE,49,6.2,66
27133,MDE,CTG,15:15,Miércoles,365,Despejado,Alta,Embraer E190,70.6,FALSE,9,7.7,66
13895,PTY,MEX,09:45,Sábado,2280,Despejado,Media,Boeing 757,84.5,TRUE,22,26.7,200
28742,MDE,MIA,10:00,Viernes,2750,Tormenta,Baja,Airbus A320neo,80.4,FALSE,19,1,251
26073,UIO,PTY,05:45,Domingo,1420,Despejado,Baja,Airbus A320neo,62.8,FALSE,36,21.6,144
29634,BOG,CLO,01:00,Lunes,300,Despejado,Media,Airbus A320,81.9,TRUE,32,29,50
14882,ASU,EZE,09:15,Sábado,1050,Tormenta,Baja,Boeing 757,96.9,FALSE,35,2.9,108
19976,MIA,GRU,16:00,Domingo,7520,Tormenta,Alta,Boeing 777,48.8,TRUE,23,4.6,586
12003,AEP,EZE,06:00,Viernes,35,Niebla,Alta,ATR 72,95,FALSE,39,2.2,25
28669,EZE,ROS,02:15,Sábado,295,Lluvia,Baja,Airbus A320,60.7,FALSE,39,16.7,67
12557,BOG,PTY,07:15,Domingo,650,Nublado,Baja,Airbus A320,66.1,TRUE,28,7.8,96
18815,EZE,IGR,15:15,Lunes,1100,Nublado,Media,Airbus A320neo,88.8,FALSE,21,9.5,105
12306,UIO,BOG,08:45,Sábado,730,Despejado,Alta,Boeing 737,76,FALSE,16,27,87
21267,MIA,BOG,16:30,Domingo,3160,Despejado,Baja,Boeing 777,72.2,FALSE,9,29.9,274
23762,EZE,AEP,10:15,Jueves,35,Despejado,Media,Embraer E190,27.2,TRUE,24,27.3,43
22550,EZE,COR,16:30,Domingo,695,Despejado,Media,Boeing 737,65.7,TRUE,5,7.4,78
28252,BOG,BAQ,01:30,Martes,145,Despejado,Alta,Embraer E190,59,FALSE,28,9.6,31
10903,CCS,EZE,07:30,Jueves,4300,Niebla,Alta,Boeing 787,82.1,TRUE,36,0.7,350
26086,ASU,EZE,18:00,Sábado,1050,Despejado,Media,Boeing 757,85.6,FALSE,44,12.1,103
17133,EZE,AEP,15:00,Sábado,35,Despejado,Baja,ATR 72,94.1,TRUE,1,24.7,43
10182,MVD,EZE,08:15,Domingo,210,Nublado,Media,ATR 72,80.9,FALSE,4,22.3,59
11064,PTY,JFK,08:00,Sábado,3520,Despejado,Media,Airbus A350,86.7,FALSE,32,26.3,292
17730,JFK,MDE,12:15,Sábado,3560,Nublado,Alta,Boeing 777,93.8,TRUE,20,19,311
24475,MEX,PTY,12:15,Viernes,2280,Lluvia,Media,Boeing 737 MAX,63.5,FALSE,40,8.5,197
21288,GRU,MIA,13:00,Domingo,7520,Niebla,Media,Boeing 787,52.4,FALSE,47,2.8,611
14773,PTY,SJO,06:45,Jueves,580,Nublado,Media,Boeing 737,83.2,FALSE,24,6,71
11854,PTY,GRU,09:45,Sábado,4630,Despejado,Media,Boeing 787,82.3,FALSE,26,11.7,392
23167,MDE,EZE,16:00,Viernes,4900,Despejado,Baja,Boeing 787,82.2,TRUE,48,21,388
19631,CWB,GRU,16:15,Lunes,410,Despejado,Baja,Boeing 737,66.6,FALSE,4,11.8,77
19688,GRU,BSB,11:00,Martes,870,Tormenta,Media,Boeing 737 MAX,74.5,TRUE,13,3,90
26660,BOG,BAQ,21:15,Sábado,145,Nublado,Baja,ATR 72,65,FALSE,32,14.4,34
18909,LIM,MDE,13:45,Miércoles,2100,Despejado,Media,Boeing 737 MAX,66.6,TRUE,9,22.7,201
15555,BOG,PEI,10:30,Domingo,265,Despejado,Media,Embraer E190,70.8,TRUE,2,29.1,54
23643,MDE,CTG,10:30,Jueves,365,Nublado,Baja,Embraer E190,76.6,FALSE,34,7.9,50
18288,MIA,GRU,14:45,Miércoles,7520,Lluvia,Baja,Boeing 777,80.1,TRUE,38,10.9,603
25029,BOG,MAD,08:00,Viernes,8680,Despejado,Alta,Boeing 787,56.6,FALSE,16,14.8,688
27568,AEP,EZE,17:00,Sábado,35,Lluvia,Media,Airbus A320,85.8,TRUE,30,10.9,28
29402,BOG,BAQ,15:30,Martes,145,Nublado,Alta,Boeing 737,95.2,TRUE,9,23.8,51
28183,UIO,EZE,22:15,Jueves,3900,Tormenta,Baja,Airbus A350,75.7,FALSE,21,1,312
11927,MDE,LIM,08:45,Lunes,2100,Nublado,Media,Airbus A320neo,96.7,TRUE,10,22.4,203
17678,BGA,BOG,15:30,Martes,310,Tormenta,Baja,Embraer E190,64.2,FALSE,9,0.8,60
26672,EZE,AEP,22:00,Jueves,35,Lluvia,Alta,Embraer E190,77.4,FALSE,18,28.1,46
26583,SSA,GRU,17:15,Jueves,1940,Lluvia,Media,Boeing 737 MAX,59.3,FALSE,12,11,165
21753,EZE,COR,14:00,Domingo,695,Despejado,Baja,Airbus A320,67.3,FALSE,41,16.2,80
19186,POA,GRU,12:15,Martes,1110,Nublado,Alta,Embraer E195,85,FALSE,36,8.3,114
10051,MVD,EZE,09:00,Miércoles,210,Nublado,Alta,ATR 72,50.1,FALSE,42,11.7,45
27128,SSA,GRU,10:15,Lunes,1940,Despejado,Media,Airbus A320neo,98.6,TRUE,11,8.5,181
24014,BAQ,BOG,10:45,Lunes,145,Niebla,Media,Boeing 737,33.1,FALSE,20,2.5,51
12498,CLO,BOG,11:30,Martes,300,Niebla,Baja,Airbus A320,90.2,FALSE,21,1.7,70
22405,GRU,EZE,16:15,Miércoles,1760,Despejado,Alta,Boeing 737 MAX,67.9,FALSE,39,22.1,162
25855,MDE,JFK,13:15,Martes,3560,Niebla,Alta,Airbus A330,64.4,TRUE,6,0.5,296
19685,PTY,JFK,13:15,Sábado,3520,Despejado,Baja,Airbus A330,86.7,FALSE,5,20.5,295
16957,MAD,GRU,10:00,Viernes,9350,Despejado,Media,Boeing 777,48.7,FALSE,1,6.6,723
21931,BAQ,BOG,13:00,Viernes,145,Despejado,Media,Airbus A320,91.9,FALSE,6,17.9,32
12459,MDE,BAQ,08:30,Domingo,310,Despejado,Media,Boeing 737,86.2,FALSE,1,6.6,59
25756,GRU,CWB,17:15,Domingo,410,Nublado,Baja,Boeing 737,71.4,FALSE,12,24,52
29936,BOG,MEX,03:45,Viernes,2700,Lluvia,Media,Boeing 737 MAX,52.7,FALSE,4,6.4,229
18443,ROS,EZE,14:15,Domingo,295,Nublado,Alta,ATR 72,31.5,FALSE,2,17.9,57
20414,EZE,BRC,16:15,Miércoles,1650,Despejado,Baja,Boeing 737 MAX,86,FALSE,45,22.7,143
15377,BGA,BOG,09:45,Viernes,310,Tormenta,Baja,Airbus A320,78.6,TRUE,45,2.9,56
29696,AMS,GRU,06:45,Martes,9850,Lluvia,Alta,Airbus A330,75.2,FALSE,35,26.5,777
16758,MDE,PEI,07:30,Sábado,140,Despejado,Media,ATR 72,82.2,FALSE,18,26.3,42
16216,EZE,BOG,09:15,Miércoles,4650,Nublado,Media,Airbus A330,69.6,TRUE,43,23.3,384
13932,GRU,GIG,06:15,Domingo,360,Despejado,Media,ATR 72,78.7,TRUE,9,28.8,76
23954,MIA,BOG,14:45,Sábado,3160,Lluvia,Media,Boeing 787,76.5,FALSE,33,24.2,281
21973,BOG,LIM,16:30,Lunes,1890,Nublado,Baja,Boeing 757,96.2,TRUE,17,10.1,189
23113,MIA,EZE,15:15,Domingo,7720,Nublado,Baja,Airbus A330,35.2,FALSE,40,12.2,623
19470,JFK,EZE,17:30,Miércoles,8530,Despejado,Baja,Airbus A330,87.6,TRUE,5,14.6,669
17402,MIA,GRU,15:00,Martes,7520,Despejado,Baja,Airbus A330,60,FALSE,19,22.1,584
18318,GIG,EZE,14:00,Miércoles,1970,Nublado,Media,Boeing 757,91.1,FALSE,27,23.8,177
22030,MDE,CTG,19:30,Jueves,365,Lluvia,Baja,Airbus A320,69.9,FALSE,28,5.8,59
11098,GIG,EZE,07:00,Miércoles,1970,Nublado,Baja,Boeing 737 MAX,57.9,FALSE,49,7.1,167
18360,COR,EZE,17:15,Sábado,695,Tormenta,Media,ATR 72,78.9,TRUE,15,1,84
19697,JFK,PTY,13:00,Domingo,3520,Despejado,Media,Airbus A330,67.6,FALSE,16,5.3,291
21870,BAQ,BOG,12:45,Domingo,145,Nublado,Media,ATR 72,41.1,FALSE,20,20.8,40
13935,CTG,BOG,06:30,Martes,135,Lluvia,Media,Boeing 737,64.4,FALSE,34,12.1,39
14069,GRU,GIG,07:15,Lunes,360,Despejado,Baja,ATR 72,77,TRUE,19,18.7,48
21559,EZE,MIA,15:00,Lunes,7720,Despejado,Media,Airbus A350,94.4,FALSE,49,17.8,619
17276,CCS,PTY,17:30,Sábado,1010,Tormenta,Baja,Embraer E195,60.1,FALSE,15,1.5,100
10206,CTG,BOG,08:45,Domingo,135,Tormenta,Baja,Airbus A320,90.9,FALSE,2,0.6,51
19626,SJO,PTY,15:00,Miércoles,580,Nublado,Baja,Boeing 737,79.9,FALSE,46,28.2,80
20672,SJO,PTY,15:15,Jueves,580,Nublado,Media,Boeing 737,93.4,TRUE,22,22.9,78
15447,PTY,BOG,07:30,Sábado,650,Tormenta,Baja,Boeing 737,82.8,TRUE,26,4.1,81
12087,MVD,GRU,07:45,Martes,1550,Despejado,Baja,Boeing 737 MAX,86.3,FALSE,4,9.6,151
13669,LIM,MDE,06:15,Lunes,2100,Despejado,Alta,Embraer E195,67.2,TRUE,28,8.5,178
25202,GRU,MEX,12:15,Lunes,7300,Lluvia,Alta,Boeing 777,90.1,FALSE,44,15.8,596
21492,CTG,BOG,18:15,Sábado,135,Nublado,Media,Airbus A320,61.4,TRUE,23,20.2,53
28248,MAD,GRU,02:45,Viernes,9350,Despejado,Media,Boeing 777,59,TRUE,32,29.1,747
29300,SJO,PTY,05:15,Domingo,580,Nublado,Media,Boeing 737,87,FALSE,10,5.1,88
16528,MDE,GRU,07:30,Viernes,4180,Niebla,Baja,Airbus A330,77.3,FALSE,36,2.4,355
28735,BOG,MIA,18:15,Miércoles,3160,Nublado,Media,Airbus A330,73.9,FALSE,34,6.3,262
29780,GRU,MVD,04:15,Jueves,1550,Lluvia,Alta,Airbus A320neo,54.9,FALSE,41,16.1,151
26971,NQN,EZE,01:45,Sábado,1150,Despejado,Alta,Airbus A320neo,83.2,TRUE,37,27.3,129
14919,ASU,EZE,11:00,Domingo,1050,Lluvia,Media,Embraer E195,77.9,TRUE,31,16.3,122
18243,PTY,SJO,13:15,Viernes,580,Despejado,Media,Embraer E190,68.5,FALSE,36,16.5,86
20615,EZE,MAD,15:30,Lunes,10050,Nublado,Media,Boeing 787,77.3,FALSE,33,9.7,788
10432,MAD,EZE,08:00,Miércoles,10050,Despejado,Baja,Airbus A350,84.9,FALSE,38,11.2,786
12534,EZE,TUC,12:30,Miércoles,1230,Nublado,Baja,Embraer E195,82.5,FALSE,47,28.3,112
12203,SSA,GRU,05:30,Miércoles,1940,Despejado,Baja,Boeing 757,71.9,FALSE,39,26.3,184
11573,IGR,EZE,08:15,Jueves,1100,Niebla,Media,Boeing 757,35.7,TRUE,31,1.3,119
18574,GRU,POA,12:00,Sábado,1110,Nublado,Media,Boeing 757,66.1,TRUE,36,16.4,120
20424,EZE,ROS,14:30,Lunes,295,Tormenta,Baja,Boeing 737,63.4,FALSE,19,0.9,62
26448,CLT,PTY,11:15,Domingo,2890,Niebla,Media,Boeing 737 MAX,89.1,FALSE,5,1.6,259
15269,BOG,BGA,08:45,Sábado,310,Nublado,Alta,Embraer E190,58.6,TRUE,10,26.4,60
11278,CLT,PTY,04:45,Sábado,2890,Despejado,Alta,Airbus A320neo,76.7,FALSE,30,5.9,238
16678,GRU,BSB,07:15,Miércoles,870,Despejado,Baja,Airbus A320neo,43,TRUE,44,14.1,91
26621,ROS,EZE,21:30,Martes,295,Tormenta,Media,Airbus A320,65.9,FALSE,21,2.3,58
19527,PTY,GUA,13:30,Lunes,820,Niebla,Baja,Boeing 737 MAX,74.5,FALSE,22,0.5,93
23631,BOG,GRU,12:15,Miércoles,3940,Despejado,Alta,Airbus A350,55.4,TRUE,12,11.5,344
28490,EZE,AEP,13:00,Domingo,35,Despejado,Media,Boeing 737,90.2,FALSE,16,19.7,46
20431,BOG,CCS,17:15,Martes,1010,Despejado,Media,Embraer E195,63.6,TRUE,37,11.5,121
28793,EZE,AEP,02:30,Domingo,35,Nublado,Alta,ATR 72,91.7,FALSE,37,18.3,44
24294,GRU,FLN,14:45,Domingo,690,Despejado,Media,Embraer E190,68.6,TRUE,22,24.4,79
23317,EZE,AEP,15:30,Miércoles,35,Tormenta,Alta,Airbus A320,64.4,FALSE,20,2,51
29200,PTY,MDE,21:45,Sábado,715,Nublado,Baja,Embraer E190,80.1,FALSE,19,22.9,100
28463,MVD,GRU,08:30,Viernes,1550,Despejado,Media,Boeing 737 MAX,63.6,TRUE,33,25.6,158
17639,CTG,BOG,18:45,Sábado,135,Despejado,Alta,ATR 72,52.7,FALSE,11,5.3,35
14731,PTY,JFK,07:30,Sábado,3520,Despejado,Media,Airbus A350,79,FALSE,27,8.3,308
29651,FLN,GRU,17:30,Domingo,690,Lluvia,Alta,Embraer E190,66.3,TRUE,18,25.4,99
11373,CLT,PTY,08:15,Viernes,2890,Despejado,Alta,Boeing 757,55.2,FALSE,14,15.2,247
10885,BOG,CTG,09:45,Jueves,135,Lluvia,Media,Boeing 737,87.2,TRUE,22,18.4,40
21151,BAQ,BOG,14:30,Miércoles,145,Despejado,Media,Airbus A320,52.4,TRUE,11,5.3,32
11040,EZE,NQN,06:00,Miércoles,1150,Tormenta,Alta,Airbus A320neo,82.4,FALSE,41,4.2,124
24272,MDE,PTY,07:45,Viernes,715,Nublado,Baja,Airbus A320,86.9,FALSE,19,27.5,90
11471,NQN,EZE,06:15,Sábado,1150,Nublado,Baja,Boeing 757,70.7,TRUE,32,5.5,130
14505,LIM,EZE,10:45,Sábado,3150,Despejado,Media,Airbus A350,63.9,FALSE,14,27.1,283
10294,MDE,PEI,06:45,Martes,140,Nublado,Media,Embraer E190,90.9,FALSE,28,14.3,30
12446,SCL,EZE,11:30,Jueves,1140,Despejado,Media,Airbus A320neo,83.8,FALSE,16,15.1,128
22559,BOG,GRU,14:15,Martes,3940,Despejado,Baja,Boeing 787,68.2,FALSE,6,6.4,331
22504,SCL,GRU,16:30,Martes,2620,Lluvia,Media,Boeing 737 MAX,80.8,FALSE,48,13.3,219
22523,PEI,BOG,13:00,Martes,265,Despejado,Alta,ATR 72,88,FALSE,25,25.5,62
20792,MIA,EZE,12:00,Miércoles,7720,Despejado,Baja,Airbus A350,52.8,FALSE,18,23.2,625
19741,MIA,BOG,13:45,Miércoles,3160,Despejado,Baja,Boeing 777,39.5,TRUE,48,8.7,278
26894,MDE,LIM,14:30,Domingo,2100,Tormenta,Media,Airbus A320neo,86,FALSE,24,0.8,181
22199,JFK,BOG,15:30,Lunes,3930,Lluvia,Media,Boeing 777,78.9,FALSE,9,8.2,341
26979,BOG,MDE,16:15,Domingo,235,Despejado,Baja,Embraer E190,76.4,FALSE,39,29.8,39
12096,BOG,UIO,08:00,Martes,730,Tormenta,Media,Embraer E190,78.7,FALSE,18,0.8,83
28258,MDE,CTG,03:30,Sábado,365,Despejado,Media,Boeing 737,74.5,TRUE,34,9.6,59
16144,PTY,GUA,07:45,Jueves,820,Despejado,Media,Boeing 757,76.7,FALSE,39,18.8,87
17027,EZE,BRC,14:15,Martes,1650,Niebla,Media,Boeing 737 MAX,96.6,TRUE,28,2.2,145
13478,BAQ,BOG,07:45,Sábado,145,Lluvia,Media,ATR 72,31.2,FALSE,24,20.4,43
15922,GUA,PTY,08:15,Viernes,820,Lluvia,Media,Embraer E195,87.3,TRUE,19,9.1,84
11195,ASU,EZE,07:15,Martes,1050,Despejado,Baja,Boeing 757,93.4,FALSE,8,15.1,110
12637,EZE,BRC,08:30,Lunes,1650,Nublado,Baja,Airbus A320neo,62.9,FALSE,16,18.3,150
11011,BGA,BOG,07:00,Domingo,310,Nublado,Baja,Boeing 737,75.2,FALSE,2,12.6,52
20654,GRU,BOG,12:30,Jueves,3940,Despejado,Media,Airbus A350,64.8,TRUE,5,13.5,338
13653,MDE,BGA,05:30,Miércoles,295,Lluvia,Media,Boeing 737,45.4,FALSE,12,26,71
29971,BOG,MIA,16:00,Sábado,3160,Niebla,Baja,Boeing 777,80.3,FALSE,8,2.9,261
23782,MDE,EZE,14:45,Viernes,4900,Nublado,Baja,Airbus A350,93.8,FALSE,49,16.6,402
13434,GRU,SCL,10:30,Martes,2620,Nublado,Baja,Boeing 757,86.1,TRUE,2,18.3,234
16545,EZE,MVD,07:15,Martes,210,Niebla,Baja,Boeing 737,79.5,TRUE,17,2.5,39
21312,BAQ,MDE,12:45,Miércoles,310,Despejado,Media,ATR 72,81,FALSE,7,18,70
17931,TUC,EZE,13:00,Viernes,1230,Nublado,Baja,Boeing 757,54.6,TRUE,18,19.5,122
18774,BAQ,MDE,14:00,Viernes,310,Lluvia,Media,Embraer E190,52.2,FALSE,17,29.9,66
26812,BOG,CLO,01:30,Viernes,300,Lluvia,Media,Airbus A320,91.9,FALSE,28,19.5,65
15386,MDE,UIO,08:45,Domingo,960,Nublado,Alta,Airbus A320neo,64.2,FALSE,22,21,96
16713,GRU,MEX,06:45,Jueves,7300,Nublado,Baja,Airbus A330,73.1,FALSE,1,29,589
20927,EZE,GIG,15:30,Viernes,1970,Despejado,Alta,Boeing 757,48.8,TRUE,22,14.5,185
10901,BAQ,MDE,07:15,Viernes,310,Despejado,Media,ATR 72,67.5,TRUE,44,27.5,70
23414,MDE,BAQ,15:00,Martes,310,Despejado,Media,Embraer E190,71.6,TRUE,42,21.3,71
10935,AEP,EZE,08:15,Lunes,35,Nublado,Media,Airbus A320,91.1,TRUE,10,25.6,46
16367,MDE,PTY,08:15,Viernes,715,Nublado,Baja,ATR 72,85.4,FALSE,46,7.1,101
23776,BRC,EZE,14:30,Jueves,1650,Lluvia,Baja,Boeing 737 MAX,74.4,TRUE,43,29.9,150
28581,TUC,EZE,08:15,Jueves,1230,Despejado,Baja,Boeing 737 MAX,60.4,FALSE,33,8.7,129
21760,PTY,GUA,14:45,Domingo,820,Lluvia,Baja,Embraer E195,33.8,FALSE,8,6.7,96
20374,SCL,EZE,14:30,Jueves,1140,Despejado,Baja,Boeing 757,95.2,TRUE,18,12.4,123
15577,EZE,COR,07:45,Domingo,695,Despejado,Media,Airbus A320,66.8,TRUE,1,23.4,79
28337,PTY,CCS,04:30,Sábado,1010,Despejado,Baja,Boeing 757,47.1,FALSE,34,8.6,98
13303,CCS,EZE,06:15,Sábado,4300,Despejado,Baja,Boeing 777,45.3,TRUE,12,27.2,364
11344,PTY,BOG,05:45,Martes,650,Despejado,Baja,Embraer E190,84.6,FALSE,12,11.4,89
26898,EZE,ROS,10:45,Jueves,295,Lluvia,Baja,ATR 72,77.3,FALSE,37,6.9,52
10360,SCL,GRU,06:15,Viernes,2620,Lluvia,Alta,Airbus A320neo,52.3,FALSE,46,10.1,222
17919,GRU,MAD,15:00,Miércoles,9350,Despejado,Media,Airbus A350,67.9,FALSE,42,6.7,723
20909,MDE,PTY,13:30,Sábado,715,Nublado,Media,Airbus A320,93,TRUE,42,9.1,90
28395,MAD,GRU,07:15,Viernes,9350,Lluvia,Baja,Boeing 787,58.6,FALSE,20,7.5,736
26969,BOG,EZE,07:45,Miércoles,4650,Despejado,Alta,Airbus A330,76.4,FALSE,1,19.7,394
10960,BOG,BGA,08:00,Viernes,310,Nublado,Media,Embraer E190,63.7,TRUE,11,17,54
20278,BOG,MDE,15:30,Miércoles,235,Despejado,Baja,Embraer E190,44.3,TRUE,31,10.6,60
11149,EZE,SCL,08:45,Sábado,1140,Tormenta,Media,Airbus A320neo,80.9,FALSE,10,2.2,113
12955,FLN,GRU,09:30,Miércoles,690,Nublado,Media,Boeing 737,86.3,FALSE,42,18.7,80
15187,PTY,MDE,07:00,Viernes,715,Nublado,Media,Airbus A320,68.1,TRUE,49,21.4,86
12052,MEX,PTY,07:00,Jueves,2280,Niebla,Baja,Embraer E195,87.3,FALSE,25,1.7,195
29273,UIO,PTY,10:45,Viernes,1420,Despejado,Baja,Boeing 757,79.7,TRUE,10,21.4,139
12055,COR,EZE,08:15,Lunes,695,Lluvia,Baja,Boeing 737,88.6,FALSE,34,24.1,94
21217,LIM,BOG,17:30,Miércoles,1890,Nublado,Media,Boeing 757,73.1,FALSE,26,5.1,161
12502,UIO,PTY,05:30,Jueves,1420,Despejado,Media,Airbus A320neo,51.2,TRUE,33,15.2,131
22458,MDE,CLO,14:15,Viernes,265,Nublado,Baja,ATR 72,48.7,FALSE,9,12.4,42
19073,MDZ,EZE,14:00,Domingo,1040,Nublado,Baja,Embraer E195,82.9,TRUE,28,24,99
19935,MDE,GRU,14:30,Domingo,4180,Despejado,Media,Airbus A350,80.5,FALSE,17,24,345
23454,EZE,MDZ,14:00,Martes,1040,Despejado,Baja,Boeing 757,77.4,FALSE,18,29.6,127
20221,ROS,EZE,15:30,Viernes,295,Despejado,Alta,Airbus A320,71.4,FALSE,25,20.6,61
12324,SJO,PTY,10:45,Martes,580,Nublado,Baja,Embraer E190,47.1,TRUE,42,21.6,74
10223,EZE,NQN,06:45,Jueves,1150,Tormenta,Baja,Embraer E195,81.8,FALSE,32,4.5,135
28309,IGR,EZE,16:30,Martes,1100,Tormenta,Baja,Airbus A320neo,63.3,FALSE,42,4.5,117
28195,EZE,GRU,02:30,Viernes,1760,Tormenta,Alta,Boeing 757,81.6,FALSE,16,3.2,172
15860,CTG,BOG,08:00,Sábado,135,Niebla,Alta,Airbus A320,78.5,TRUE,25,2.7,40
14339,PTY,SJO,08:15,Miércoles,580,Nublado,Alta,Boeing 737,66.8,TRUE,41,27.8,75
18490,MVD,GRU,09:30,Jueves,1550,Despejado,Baja,Airbus A320neo,67.2,TRUE,7,12.6,141
13157,BOG,UIO,06:00,Viernes,730,Lluvia,Baja,Embraer E190,86.9,FALSE,5,18.4,89
10669,LIM,BOG,06:30,Martes,1890,Despejado,Alta,Embraer E195,58.8,FALSE,12,10.1,171
25945,CWB,GRU,19:30,Sábado,410,Despejado,Media,Embraer E190,55.6,FALSE,22,16.8,70
20645,BOG,PEI,13:45,Sábado,265,Despejado,Media,Embraer E190,81.4,FALSE,24,11.8,64
23598,BAQ,MDE,13:45,Lunes,310,Lluvia,Media,Embraer E190,74.7,TRUE,7,17.7,46
20680,GRU,POA,13:30,Martes,1110,Despejado,Baja,Airbus A320neo,56.4,TRUE,30,15,110
24932,PTY,MEX,22:00,Lunes,2280,Nublado,Media,Embraer E195,61.9,FALSE,41,17.4,212
29330,BAQ,MDE,01:00,Sábado,310,Despejado,Media,ATR 72,79.2,FALSE,40,19.8,71
22067,BGA,MDE,16:15,Martes,295,Nublado,Media,Airbus A320,54,FALSE,35,26.2,66
29242,EZE,AEP,06:30,Lunes,35,Nublado,Alta,ATR 72,73.4,TRUE,19,26.1,25
24494,BAQ,BOG,11:00,Martes,145,Tormenta,Baja,Boeing 737,73.7,FALSE,7,1.3,56
13609,BOG,MDE,06:45,Domingo,235,Despejado,Media,ATR 72,68.9,TRUE,33,18.4,49
29012,UIO,BOG,15:45,Viernes,730,Lluvia,Baja,Boeing 737,65.5,FALSE,40,22.2,98
17812,BOG,PTY,09:45,Sábado,650,Nublado,Baja,Embraer E190,71.3,FALSE,49,15.1,96
27512,PTY,GRU,05:00,Viernes,4630,Nublado,Media,Boeing 777,36.1,FALSE,41,21.1,380
22462,MDE,BAQ,12:15,Jueves,310,Lluvia,Alta,Airbus A320,31.8,FALSE,37,26.5,44
20202,CCS,BOG,16:00,Martes,1010,Tormenta,Media,Boeing 737 MAX,95.7,TRUE,31,4.6,124
13844,CLO,MDE,08:00,Martes,265,Despejado,Alta,ATR 72,67.1,TRUE,14,17.6,64
24648,BGA,MDE,13:30,Domingo,295,Lluvia,Baja,Boeing 737,42.2,FALSE,46,23.4,55
18148,GRU,CDG,15:45,Jueves,9400,Despejado,Alta,Boeing 787,96.7,FALSE,18,29.2,728
14692,EZE,LIM,06:00,Jueves,3150,Despejado,Media,Boeing 777,86.7,TRUE,31,6.6,267
15298,SJO,PTY,08:15,Miércoles,580,Nublado,Baja,ATR 72,85.6,TRUE,34,24.6,66
27388,BSB,GRU,06:30,Sábado,870,Lluvia,Media,Boeing 737 MAX,64.5,FALSE,22,6.2,99
25865,SCL,EZE,02:45,Lunes,1140,Lluvia,Baja,Boeing 757,74.1,FALSE,38,20.9,115
25750,PTY,LIM,16:30,Sábado,2970,Despejado,Media,Airbus A320neo,67.5,FALSE,19,13.7,261
17177,PTY,SJO,13:45,Viernes,580,Nublado,Baja,ATR 72,94.9,TRUE,44,7.9,90
25044,PTY,CLT,10:00,Sábado,2890,Despejado,Media,Airbus A320neo,73.6,TRUE,47,17.9,254
15764,EZE,BOG,08:00,Martes,4650,Despejado,Media,Airbus A330,84.6,FALSE,43,23.1,372
19145,EZE,SCL,18:00,Domingo,1140,Despejado,Media,Airbus A320neo,37.2,FALSE,2,29.4,130
23461,GRU,FLN,17:30,Viernes,690,Despejado,Alta,Embraer E190,58.7,FALSE,39,9.6,94
23748,MDE,GRU,18:00,Miércoles,4180,Despejado,Baja,Boeing 787,52.3,FALSE,44,24.4,337
11057,ROS,EZE,07:15,Miércoles,295,Lluvia,Baja,Boeing 737,59.2,FALSE,15,15.8,64
19723,EZE,MDZ,12:15,Viernes,1040,Despejado,Baja,Boeing 737 MAX,50.5,TRUE,29,19.6,126
22167,MEX,PTY,13:15,Sábado,2280,Niebla,Baja,Embraer E195,81.9,TRUE,31,0.8,211
16516,BAQ,BOG,07:00,Lunes,145,Despejado,Alta,Embraer E190,77.4,TRUE,28,13.7,39
12395,MEX,PTY,10:45,Sábado,2280,Despejado,Alta,Embraer E195,67.1,FALSE,5,9.5,210
10460,MDE,PEI,08:45,Jueves,140,Despejado,Baja,Boeing 737,67.3,FALSE,18,28.9,31
27821,PEI,BOG,17:45,Domingo,265,Despejado,Alta,ATR 72,87.7,FALSE,5,26,62
20446,CWB,GRU,15:00,Miércoles,410,Niebla,Media,ATR 72,73.2,TRUE,10,1,64
24186,MDE,PEI,09:30,Sábado,140,Tormenta,Media,Airbus A320,71.4,FALSE,26,3,47
19376,AMS,GRU,17:15,Jueves,9850,Despejado,Alta,Boeing 787,69.2,FALSE,31,7,772
28748,CCS,EZE,04:30,Jueves,4300,Niebla,Baja,Boeing 787,63.1,FALSE,1,1.3,358
22664,MDZ,EZE,14:15,Martes,1040,Lluvia,Media,Boeing 737 MAX,81.1,FALSE,1,22.8,119
22878,EZE,COR,12:45,Lunes,695,Nublado,Baja,Embraer E190,84.7,FALSE,19,29.5,73
26059,MIA,MDE,04:45,Domingo,2750,Nublado,Alta,Boeing 757,79,TRUE,2,20.6,241
15161,PTY,CLT,05:30,Viernes,2890,Despejado,Media,Embraer E195,85.5,FALSE,17,16.6,253
19358,MDE,GRU,12:30,Martes,4180,Despejado,Alta,Airbus A350,45.8,FALSE,7,12.5,359
14529,MDE,JFK,08:30,Miércoles,3560,Nublado,Media,Boeing 787,90.8,TRUE,34,17.4,299
12158,UIO,PTY,05:30,Sábado,1420,Nublado,Media,Embraer E195,86.7,FALSE,31,23.2,138
22546,PTY,IAH,14:00,Viernes,2860,Nublado,Baja,Airbus A320neo,82.5,FALSE,29,22.7,241
20287,MEX,GRU,11:15,Miércoles,7300,Despejado,Baja,Airbus A330,77.2,FALSE,13,16.8,586
19254,PTY,GRU,14:00,Sábado,4630,Despejado,Baja,Boeing 787,65.3,TRUE,33,7.3,370
16165,BOG,BGA,10:00,Jueves,310,Tormenta,Media,Embraer E190,62.2,TRUE,49,2.3,55
13538,CWB,GRU,09:00,Miércoles,410,Tormenta,Baja,Embraer E190,57.7,TRUE,15,4,71
22139,MDE,LIM,12:15,Miércoles,2100,Nublado,Alta,Embraer E195,46.3,FALSE,43,20.7,182
14340,EZE,MVD,07:30,Jueves,210,Despejado,Baja,Airbus A320,56,FALSE,37,23.3,42
26163,PTY,EZE,01:30,Viernes,5100,Lluvia,Media,Airbus A330,66.8,FALSE,40,27.6,410
15889,GRU,PTY,09:45,Viernes,4630,Despejado,Baja,Boeing 787,81.7,TRUE,35,30,387
23438,CLO,BOG,12:45,Lunes,300,Despejado,Media,Embraer E190,91.2,FALSE,37,18.8,68
23725,CWB,GRU,18:45,Viernes,410,Nublado,Baja,Airbus A320,73.4,FALSE,24,10.8,75
12747,BOG,BGA,08:00,Sábado,310,Despejado,Baja,Embraer E190,28.1,TRUE,47,12,62
16154,MDE,PEI,09:15,Sábado,140,Despejado,Alta,ATR 72,63.9,FALSE,10,27.7,59
25368,EZE,AEP,14:15,Miércoles,35,Nublado,Media,Boeing 737,52.9,FALSE,4,23,45
10103,LIM,EZE,09:00,Jueves,3150,Nublado,Alta,Airbus A330,81.3,FALSE,25,26.6,259
15686,UIO,EZE,09:00,Viernes,3900,Despejado,Baja,Airbus A350,77.5,FALSE,22,21.3,330
11662,NQN,EZE,06:45,Sábado,1150,Lluvia,Media,Boeing 737 MAX,74.4,TRUE,39,21.6,110
24651,TUC,EZE,14:30,Martes,1230,Despejado,Baja,Airbus A320neo,86.4,TRUE,12,16.6,140
12685,EZE,MDZ,10:15,Martes,1040,Nublado,Media,Embraer E195,79.3,FALSE,12,6.2,99
19413,BGA,BOG,14:15,Viernes,310,Tormenta,Media,Boeing 737,89.1,FALSE,35,3.3,69
17342,EZE,AEP,16:00,Martes,35,Despejado,Alta,ATR 72,57.6,TRUE,28,11.2,31
24526,PTY,MIA,00:30,Domingo,2200,Niebla,Media,Airbus A320neo,51.2,FALSE,17,0.6,193
29723,MDE,CLO,09:45,Domingo,265,Despejado,Alta,Embraer E190,84.5,FALSE,43,12.2,47
21717,BOG,GRU,14:00,Martes,3940,Niebla,Alta,Airbus A330,89.9,FALSE,39,2.4,331
25155,UIO,PTY,14:15,Domingo,1420,Lluvia,Baja,Boeing 757,44.1,TRUE,16,18.7,143
11695,BOG,CLO,10:30,Lunes,300,Niebla,Alta,Airbus A320,61,TRUE,16,2.2,50
19200,BOG,PTY,16:00,Viernes,650,Despejado,Media,Airbus A320,44.9,TRUE,13,24.4,78
11066,GIG,GRU,05:00,Martes,360,Despejado,Baja,Embraer E190,89.8,TRUE,11,24.6,72
17306,GRU,BOG,18:30,Miércoles,3940,Despejado,Baja,Airbus A350,54.5,TRUE,9,27,318
22810,BOG,CLO,13:45,Jueves,300,Despejado,Baja,ATR 72,45.6,FALSE,30,6.7,57
21732,LIM,EZE,13:00,Domingo,3150,Nublado,Alta,Boeing 777,52.6,FALSE,41,28,280
26608,MDE,LIM,05:00,Viernes,2100,Despejado,Baja,Embraer E195,24.8,FALSE,12,11,184
28520,JFK,GRU,17:45,Lunes,7680,Despejado,Alta,Boeing 787,59.9,FALSE,47,9,623
25351,GRU,PTY,10:15,Martes,4630,Despejado,Baja,Boeing 787,94.1,FALSE,39,21.1,389
15251,MDE,BOG,10:15,Sábado,235,Lluvia,Alta,ATR 72,36.6,FALSE,2,13.6,44
13480,MIA,GRU,08:00,Domingo,7520,Despejado,Baja,Boeing 787,59,TRUE,47,16.3,609
15750,AEP,EZE,06:45,Jueves,35,Despejado,Alta,Airbus A320,76.2,FALSE,45,7,49
27741,UIO,PTY,05:45,Viernes,1420,Despejado,Baja,Boeing 757,71.9,TRUE,5,10.7,141
10721,BOG,CTG,09:30,Viernes,135,Nublado,Alta,Boeing 737,76.5,TRUE,35,25.6,49
13966,COR,EZE,06:45,Lunes,695,Lluvia,Media,Airbus A320,25.3,FALSE,31,26.1,79
10035,POA,GRU,11:15,Martes,1110,Nublado,Baja,Airbus A320neo,49.2,TRUE,9,10.4,105
21563,MDE,BOG,16:45,Jueves,235,Niebla,Media,Embraer E190,80.7,FALSE,1,1.1,38
23176,EZE,GRU,13:45,Jueves,1760,Niebla,Alta,Embraer E195,88.7,TRUE,14,2.2,172
12359,CLO,BOG,06:15,Viernes,300,Niebla,Media,Boeing 737,85.1,FALSE,6,2.9,45
21712,EZE,IGR,14:45,Viernes,1100,Niebla,Alta,Boeing 737 MAX,93.8,FALSE,34,2.1,131
25160,BOG,EZE,04:30,Lunes,4650,Nublado,Baja,Airbus A350,54.8,FALSE,49,15.3,387
18981,GRU,BSB,12:30,Sábado,870,Nublado,Media,Boeing 757,63.8,FALSE,27,21.2,108
12894,PTY,CCS,08:45,Miércoles,1010,Nublado,Alta,Boeing 737 MAX,88.8,FALSE,13,24,104
12609,POA,GRU,08:45,Jueves,1110,Despejado,Baja,Airbus A320neo,50.7,FALSE,38,8.6,120
16293,SSA,GRU,05:15,Sábado,1940,Lluvia,Media,Boeing 737 MAX,46.5,TRUE,48,24.9,182
10938,BOG,EZE,09:30,Viernes,4650,Niebla,Baja,Airbus A330,95.8,FALSE,4,1.1,381
10397,ROS,EZE,09:00,Martes,295,Niebla,Alta,Boeing 737,59.9,FALSE,38,0.4,67
24541,MDE,UIO,19:15,Miércoles,960,Lluvia,Media,Airbus A320neo,92,FALSE,29,10.4,113
27234,GRU,MVD,14:45,Domingo,1550,Despejado,Baja,Boeing 737 MAX,55.8,TRUE,6,12.1,147
27417,AEP,EZE,04:30,Jueves,35,Lluvia,Baja,ATR 72,63.4,FALSE,10,25.4,48
25137,PTY,GRU,13:00,Sábado,4630,Tormenta,Baja,Airbus A330,71.5,FALSE,18,3.6,375
22532,BRC,EZE,15:15,Domingo,1650,Niebla,Media,Boeing 737 MAX,85.1,TRUE,11,1.8,155
12135,IAH,PTY,08:45,Sábado,2860,Lluvia,Baja,Embraer E195,93.5,TRUE,33,29,241
21652,CLO,BOG,15:15,Miércoles,300,Despejado,Media,Boeing 737,62.3,FALSE,30,17.7,71
25293,EZE,AEP,09:45,Viernes,35,Lluvia,Media,ATR 72,68.1,TRUE,43,11.6,24
25365,UIO,PTY,16:45,Domingo,1420,Tormenta,Media,Airbus A320neo,89.9,FALSE,5,3.9,134
17114,PTY,GUA,16:15,Lunes,820,Nublado,Alta,Boeing 757,75.1,FALSE,46,12.6,100
25397,PTY,BOG,17:00,Sábado,650,Nublado,Media,Airbus A320,80.9,FALSE,37,24.1,79
20781,GIG,GRU,15:15,Viernes,360,Lluvia,Alta,Airbus A320,71.8,TRUE,11,7.1,71
28840,PTY,BOG,16:45,Domingo,650,Tormenta,Baja,Boeing 737,57.6,TRUE,38,4.1,69
13120,EZE,NQN,06:00,Sábado,1150,Lluvia,Baja,Boeing 737 MAX,70.4,TRUE,36,29.5,111
23721,TUC,EZE,16:30,Sábado,1230,Lluvia,Baja,Airbus A320neo,29,TRUE,49,29,129
15283,MDE,CTG,10:00,Lunes,365,Niebla,Media,ATR 72,69.4,TRUE,7,1.6,52
11211,EZE,AEP,06:00,Domingo,35,Lluvia,Media,ATR 72,79.2,TRUE,37,22.1,30
14105,BOG,JFK,09:45,Miércoles,3930,Nublado,Media,Boeing 787,85.2,TRUE,3,7.4,315
27266,LIM,GRU,02:45,Sábado,3620,Despejado,Baja,Airbus A330,82.6,TRUE,35,12.2,319
29949,BOG,CTG,02:30,Domingo,135,Despejado,Media,Airbus A320,74.1,FALSE,40,16.4,55
11086,MIA,EZE,05:45,Martes,7720,Despejado,Alta,Airbus A350,95.4,TRUE,3,13.7,614
17889,GRU,PTY,14:00,Martes,4630,Despejado,Alta,Boeing 777,94.7,FALSE,9,25.4,389
18951,EZE,SCL,11:00,Sábado,1140,Lluvia,Baja,Boeing 737 MAX,91.4,FALSE,43,11.5,134
17592,MEX,GRU,16:00,Sábado,7300,Despejado,Baja,Airbus A330,85.7,TRUE,35,25.7,596
16384,SCL,GRU,08:00,Miércoles,2620,Despejado,Alta,Airbus A320neo,76,TRUE,40,26.2,223
29698,GRU,CDG,01:45,Lunes,9400,Despejado,Baja,Airbus A330,87.6,FALSE,49,29.1,741
20280,MIA,GRU,19:45,Martes,7520,Nublado,Baja,Boeing 777,91,FALSE,39,18.7,586
22060,GRU,CWB,13:45,Jueves,410,Despejado,Alta,ATR 72,86.6,TRUE,12,16.5,77
20385,PTY,MEX,15:45,Viernes,2280,Despejado,Baja,Boeing 737 MAX,98,FALSE,17,26.8,194
20830,MEX,PTY,11:15,Domingo,2280,Despejado,Media,Embraer E195,91.9,TRUE,37,25.4,191
27596,MIA,BOG,16:30,Martes,3160,Nublado,Baja,Airbus A350,75.9,FALSE,12,6.9,270
20320,BOG,UIO,18:00,Viernes,730,Despejado,Baja,Embraer E190,62.6,FALSE,1,6.4,89
19210,LIM,MDE,15:00,Miércoles,2100,Despejado,Alta,Embraer E195,89.4,FALSE,8,5.3,202
13380,MDE,PTY,08:45,Sábado,715,Despejado,Baja,ATR 72,93.9,TRUE,28,11.6,92
12636,CLO,BOG,10:45,Jueves,300,Despejado,Baja,Airbus A320,74.3,FALSE,3,13.3,43
20480,POA,GRU,16:30,Viernes,1110,Despejado,Media,Boeing 737 MAX,62.4,FALSE,19,27.4,109
11459,COR,EZE,07:00,Sábado,695,Lluvia,Baja,Boeing 737,88.2,FALSE,15,20.2,75
17923,PTY,IAH,14:00,Lunes,2860,Despejado,Media,Boeing 757,76.7,TRUE,4,27.5,244
11319,GRU,GIG,06:30,Jueves,360,Despejado,Alta,Embraer E190,83.1,FALSE,23,13.8,73
11770,UIO,BOG,06:15,Viernes,730,Despejado,Baja,Boeing 737,69.5,FALSE,11,20.5,77
23024,EZE,ROS,16:45,Martes,295,Despejado,Alta,Airbus A320,86.9,FALSE,29,7.4,53
20570,BOG,CTG,16:30,Jueves,135,Despejado,Alta,ATR 72,84.4,FALSE,22,10.9,54
21699,GRU,GIG,17:45,Lunes,360,Tormenta,Baja,Boeing 737,81.9,FALSE,15,1.5,75
19005,EZE,AEP,15:15,Viernes,35,Lluvia,Baja,Airbus A320,43.9,TRUE,8,5.8,46
18475,BOG,MEX,17:15,Sábado,2700,Despejado,Media,Boeing 737 MAX,49.2,TRUE,20,22.6,225
12584,EZE,AEP,06:00,Jueves,35,Despejado,Alta,Boeing 737,86.3,FALSE,13,15.2,44
21828,FLN,GRU,12:00,Jueves,690,Despejado,Baja,Embraer E190,84.9,FALSE,6,13.8,89
13610,BGA,MDE,11:00,Jueves,295,Despejado,Media,Embraer E190,36.2,FALSE,12,22.9,67
13335,BOG,MDE,08:30,Jueves,235,Tormenta,Baja,ATR 72,69.2,FALSE,19,2.7,38
26257,CLT,PTY,02:15,Martes,2890,Despejado,Alta,Boeing 757,88.9,TRUE,41,5.3,263
13563,MEX,BOG,06:15,Viernes,2700,Despejado,Media,Embraer E195,76.2,FALSE,5,16.7,231
26317,PTY,JFK,19:15,Viernes,3520,Niebla,Alta,Boeing 777,88.4,FALSE,28,2.4,312
11476,EZE,ASU,08:15,Viernes,1050,Despejado,Media,Boeing 737 MAX,72.1,FALSE,26,6.7,109
10131,LIM,PTY,08:45,Martes,2970,Despejado,Media,Boeing 757,59,FALSE,35,25.5,264
19162,BGA,MDE,10:45,Jueves,295,Niebla,Baja,Embraer E190,71.5,TRUE,24,2.6,44
22712,MDE,PEI,16:00,Miércoles,140,Nublado,Media,Embraer E190,60,TRUE,21,19.8,57
15761,PEI,BOG,07:45,Viernes,265,Tormenta,Baja,ATR 72,83.2,TRUE,10,2.1,57
25626,GRU,POA,03:00,Viernes,1110,Nublado,Media,Embraer E195,69,FALSE,37,14.2,114
22111,BAQ,MDE,14:45,Domingo,310,Despejado,Baja,Boeing 737,36.7,TRUE,21,24.6,68
25575,AEP,EZE,07:15,Viernes,35,Despejado,Media,ATR 72,98.4,FALSE,48,26.1,28
23165,EZE,JFK,12:45,Martes,8530,Despejado,Baja,Airbus A330,81.8,FALSE,26,19,674
12752,BOG,BAQ,07:15,Viernes,145,Despejado,Media,Boeing 737,93.3,TRUE,33,9.6,32
15107,EZE,TUC,08:15,Sábado,1230,Despejado,Media,Boeing 757,43.5,FALSE,33,26.9,141
19238,LIM,MDE,17:00,Viernes,2100,Tormenta,Media,Embraer E195,82.7,TRUE,26,2.3,180
16780,GRU,CWB,07:15,Viernes,410,Nublado,Baja,Boeing 737,84.3,FALSE,23,15.7,75
17179,BGA,MDE,17:15,Sábado,295,Despejado,Alta,Embraer E190,75.5,FALSE,48,8.9,64
11826,JFK,BOG,08:30,Jueves,3930,Nublado,Media,Airbus A350,60.5,TRUE,8,19.3,329
25973,BOG,CLO,18:00,Sábado,300,Despejado,Alta,Airbus A320,43.6,TRUE,38,10.4,50
19316,GRU,MIA,15:30,Sábado,7520,Despejado,Media,Airbus A350,90.4,TRUE,28,25.4,604
14011,PTY,BOG,06:30,Domingo,650,Despejado,Baja,Boeing 737,83.9,FALSE,30,24.5,77
10340,NQN,EZE,10:15,Miércoles,1150,Nublado,Media,Airbus A320neo,80.6,TRUE,38,26,117
23755,EZE,AEP,15:30,Sábado,35,Despejado,Media,Airbus A320,80.2,FALSE,3,9.8,47
14418,PTY,BOG,06:45,Jueves,650,Nublado,Baja,Boeing 737,77.9,TRUE,4,15.3,72
21321,NQN,EZE,12:30,Lunes,1150,Despejado,Alta,Embraer E195,45.4,TRUE,1,18.3,127
25721,GRU,FLN,18:45,Martes,690,Nublado,Baja,Airbus A320,93.2,FALSE,15,6.4,88
24245,BOG,CCS,10:30,Domingo,1010,Lluvia,Media,Embraer E195,54.8,TRUE,36,7.9,120
24721,MDZ,EZE,00:00,Viernes,1040,Nublado,Media,Boeing 737 MAX,91.3,TRUE,21,22.2,127
18139,EZE,MDZ,20:15,Miércoles,1040,Lluvia,Baja,Airbus A320neo,63.4,TRUE,47,20.6,106
14129,GUA,PTY,07:45,Martes,820,Despejado,Alta,Boeing 757,63.5,FALSE,41,28.8,100
16742,LIM,BOG,08:30,Miércoles,1890,Despejado,Alta,Airbus A320neo,87.6,FALSE,43,20.8,174
27669,MDE,MIA,08:45,Lunes,2750,Niebla,Alta,Boeing 757,75,TRUE,25,1.9,232
25463,ROS,EZE,05:45,Miércoles,295,Nublado,Baja,Airbus A320,92.1,TRUE,45,18.9,55
12217,EZE,JFK,07:00,Sábado,8530,Lluvia,Baja,Airbus A350,90.7,FALSE,45,25.3,664
19001,BGA,MDE,14:00,Jueves,295,Despejado,Baja,Airbus A320,44.6,TRUE,15,16.2,48
12996,BOG,BAQ,08:30,Jueves,145,Nublado,Baja,Embraer E190,71,FALSE,44,8.5,59
25121,MDE,BOG,05:45,Viernes,235,Lluvia,Media,Boeing 737,82.7,FALSE,16,7.7,44
22430,GRU,MAD,15:30,Sábado,9350,Despejado,Media,Boeing 787,53.7,FALSE,2,5.3,738
29062,BOG,BAQ,19:45,Viernes,145,Despejado,Baja,Embraer E190,51.9,TRUE,5,23.6,33
21115,GRU,CWB,13:45,Domingo,410,Lluvia,Media,Boeing 737,92.5,FALSE,19,27.9,63
16504,BRC,EZE,09:15,Lunes,1650,Tormenta,Baja,Boeing 757,75.5,FALSE,45,2.4,158
29203,BSB,GRU,08:30,Viernes,870,Despejado,Baja,Boeing 737 MAX,63.2,FALSE,17,25.6,90
22335,UIO,PTY,13:45,Viernes,1420,Lluvia,Media,Boeing 737 MAX,52.7,FALSE,37,16.2,149
19452,BOG,PEI,14:00,Domingo,265,Nublado,Baja,Airbus A320,74.4,FALSE,5,18.3,52
15084,FLN,GRU,09:30,Viernes,690,Despejado,Baja,Embraer E190,87.3,TRUE,7,7.2,71
22315,EZE,ROS,15:30,Martes,295,Nublado,Baja,Boeing 737,78.2,TRUE,36,19.8,62
18479,BOG,MDE,16:00,Domingo,235,Nublado,Media,Airbus A320,74.7,TRUE,2,6.5,56
25957,GUA,PTY,10:30,Miércoles,820,Despejado,Alta,Embraer E195,76.1,FALSE,26,13.3,95
26232,MDE,MIA,19:30,Viernes,2750,Nublado,Alta,Boeing 737 MAX,45,FALSE,41,21,241
19625,EZE,NQN,20:30,Viernes,1150,Nublado,Alta,Boeing 737 MAX,78.9,TRUE,41,10.1,124
10656,EZE,MDZ,08:30,Jueves,1040,Despejado,Media,Embraer E195,87.3,FALSE,29,13.8,115
28964,ROS,EZE,10:15,Sábado,295,Tormenta,Baja,ATR 72,65.9,FALSE,9,4.1,42
25419,MDE,PTY,12:00,Jueves,715,Despejado,Alta,Airbus A320,88.7,TRUE,49,10.3,97
12590,AEP,EZE,09:30,Lunes,35,Lluvia,Baja,Boeing 737,50.4,TRUE,9,30,50
25403,POA,GRU,02:00,Miércoles,1110,Despejado,Media,Airbus A320neo,94.3,TRUE,27,12.7,116
15981,BOG,BGA,11:30,Jueves,310,Despejado,Baja,Embraer E190,46.5,FALSE,1,23.5,57
17827,AEP,EZE,14:45,Lunes,35,Despejado,Alta,Boeing 737,90.2,FALSE,48,25.5,45
13351,MIA,MDE,06:30,Lunes,2750,Tormenta,Media,Boeing 757,72,FALSE,46,4.9,231
21734,GUA,PTY,17:15,Domingo,820,Despejado,Baja,Boeing 737 MAX,82.7,FALSE,23,19.6,97
18417,MAD,EZE,13:45,Jueves,10050,Despejado,Alta,Airbus A330,51.6,FALSE,24,6.7,777
16088,BAQ,BOG,08:30,Domingo,145,Lluvia,Media,Embraer E190,62.4,TRUE,1,5.6,32
13224,EZE,SCL,10:30,Domingo,1140,Nublado,Baja,Airbus A320neo,58,FALSE,24,25.5,105
22884,EZE,SCL,13:00,Miércoles,1140,Despejado,Media,Airbus A320neo,70.4,FALSE,16,10.2,129
22336,EZE,AEP,12:15,Martes,35,Tormenta,Baja,ATR 72,29.6,TRUE,29,2.1,38
18366,MDE,BGA,19:00,Sábado,295,Despejado,Media,ATR 72,75.6,TRUE,37,8.2,61
21079,MDE,BGA,15:15,Sábado,295,Despejado,Media,Boeing 737,33.3,FALSE,26,24.2,54
13616,EZE,GIG,08:30,Jueves,1970,Nublado,Baja,Boeing 737 MAX,62.5,FALSE,31,29.4,173
27786,PTY,BOG,05:00,Viernes,650,Despejado,Media,Embraer E190,79.4,FALSE,15,26.2,75
10450,EZE,MVD,06:45,Miércoles,210,Despejado,Baja,Boeing 737,81.2,FALSE,9,16.7,58
24862,BOG,CLO,22:15,Domingo,300,Tormenta,Baja,Airbus A320,58.6,FALSE,37,1.1,57
20045,UIO,MDE,13:00,Viernes,960,Despejado,Media,Boeing 757,56.2,FALSE,7,15,103
21419,GRU,POA,15:30,Domingo,1110,Niebla,Media,Boeing 757,57.7,FALSE,6,3,126
25619,MDE,BAQ,12:15,Lunes,310,Despejado,Baja,Airbus A320,95.2,TRUE,47,16.1,56
16408,BOG,JFK,05:45,Sábado,3930,Despejado,Baja,Airbus A350,92,FALSE,46,23.4,317
18697,MDE,PEI,14:00,Viernes,140,Despejado,Baja,Embraer E190,95.4,TRUE,44,19.8,30
29475,EZE,PTY,15:30,Viernes,5100,Lluvia,Alta,Airbus A330,25.1,TRUE,46,8.2,406
21077,BOG,CTG,13:00,Martes,135,Lluvia,Media,Embraer E190,81.5,FALSE,17,24,47
15816,EZE,ROS,06:30,Miércoles,295,Despejado,Media,Airbus A320,86.3,FALSE,34,10,49
10536,MVD,GRU,07:45,Jueves,1550,Despejado,Alta,Boeing 757,31.4,FALSE,47,22.6,163
19235,GRU,SSA,13:15,Domingo,1940,Despejado,Baja,Airbus A320neo,49.3,FALSE,29,13.3,181
24621,MDE,GRU,14:15,Martes,4180,Despejado,Baja,Boeing 777,44.7,FALSE,9,29.4,353
15427,TUC,EZE,09:30,Sábado,1230,Niebla,Alta,Boeing 757,73.3,FALSE,21,2.4,119
21021,PTY,SJO,13:15,Martes,580,Despejado,Alta,Embraer E190,75.5,FALSE,5,12,84
12426,PTY,MEX,07:45,Domingo,2280,Nublado,Media,Boeing 757,52.1,FALSE,38,23.6,198
11837,CLO,BOG,07:30,Domingo,300,Niebla,Baja,Embraer E190,28,FALSE,15,0.4,49
20355,MDE,PTY,20:00,Sábado,715,Despejado,Baja,Embraer E190,68.7,TRUE,43,10,92
14743,BAQ,MDE,05:30,Lunes,310,Despejado,Baja,Embraer E190,64.6,TRUE,19,27.5,50
20464,PTY,LIM,18:00,Sábado,2970,Despejado,Media,Airbus A320neo,74.8,FALSE,39,18.1,261
17464,PTY,CCS,13:00,Domingo,1010,Nublado,Baja,Airbus A320neo,76.3,FALSE,31,20.7,100
27299,EZE,BRC,22:45,Sábado,1650,Despejado,Baja,Airbus A320neo,80.9,TRUE,5,8.5,166
13464,GRU,FLN,08:15,Jueves,690,Despejado,Media,ATR 72,92.2,TRUE,12,22.2,96
24635,MAD,GRU,22:00,Sábado,9350,Despejado,Alta,Airbus A330,96.3,FALSE,10,21.7,741
12681,EZE,MVD,07:15,Sábado,210,Nublado,Baja,Boeing 737,72.1,FALSE,39,24.8,55
20120,CLO,MDE,13:15,Jueves,265,Nublado,Baja,ATR 72,70.2,FALSE,40,13.3,43
16374,PTY,MDE,07:15,Domingo,715,Nublado,Media,Airbus A320,51.6,FALSE,29,6.4,97
11891,GRU,FLN,09:45,Viernes,690,Nublado,Media,Airbus A320,65.3,FALSE,22,23.5,76
11039,PEI,MDE,07:30,Jueves,140,Despejado,Media,Boeing 737,76.1,FALSE,46,5.8,37
27605,SCL,EZE,05:45,Viernes,1140,Nublado,Media,Boeing 737 MAX,78.5,FALSE,39,17.2,117
22558,BOG,BAQ,12:15,Domingo,145,Lluvia,Baja,Embraer E190,54.3,FALSE,27,11.9,58
14074,ASU,EZE,06:00,Sábado,1050,Despejado,Alta,Embraer E195,72.6,TRUE,15,13.6,99
17443,EZE,GRU,18:30,Domingo,1760,Nublado,Media,Boeing 757,94,FALSE,3,5.9,159
20000,BOG,BAQ,17:15,Jueves,145,Niebla,Alta,Embraer E190,60,FALSE,19,2.4,54
11871,MDE,PEI,06:15,Lunes,140,Despejado,Alta,ATR 72,74.6,TRUE,21,15.7,31
25197,EZE,MVD,00:00,Lunes,210,Despejado,Media,Boeing 737,76.7,FALSE,35,18.4,61
15895,EZE,BOG,10:00,Lunes,4650,Despejado,Media,Airbus A350,92,FALSE,30,6.7,378
13729,MVD,EZE,04:15,Martes,210,Despejado,Alta,Airbus A320,67.3,FALSE,31,14,43
18959,NQN,EZE,14:15,Miércoles,1150,Despejado,Baja,Boeing 757,72.8,FALSE,22,26.3,135
17672,GRU,POA,17:00,Lunes,1110,Lluvia,Media,Boeing 757,72.7,FALSE,28,23,117
16000,EZE,ASU,07:15,Lunes,1050,Despejado,Alta,Boeing 737 MAX,69.6,TRUE,49,21.1,101
15752,EZE,GIG,12:15,Lunes,1970,Despejado,Baja,Airbus A320neo,77.9,TRUE,31,12.3,169
11689,AEP,EZE,07:30,Lunes,35,Lluvia,Media,Boeing 737,60.2,FALSE,22,19.1,27
16837,NQN,EZE,07:45,Viernes,1150,Lluvia,Baja,Boeing 757,84.6,FALSE,8,15.8,118
16537,MDE,PEI,05:45,Viernes,140,Despejado,Baja,Boeing 737,58,FALSE,2,27.7,33
14843,BGA,MDE,09:15,Domingo,295,Tormenta,Baja,ATR 72,84.5,TRUE,44,2.2,45
25845,GRU,CWB,08:45,Martes,410,Lluvia,Media,Boeing 737,68.8,TRUE,12,5.9,73
10197,AEP,EZE,07:15,Domingo,35,Tormenta,Media,Airbus A320,57,FALSE,3,1,22
10519,CWB,GRU,10:45,Sábado,410,Nublado,Baja,Boeing 737,75.3,TRUE,22,5,50
20582,CCS,PTY,18:30,Miércoles,1010,Despejado,Baja,Airbus A320neo,74.4,TRUE,23,14.6,100
23321,ROS,EZE,10:45,Domingo,295,Lluvia,Media,Embraer E190,84.6,FALSE,19,18,64
20791,GUA,PTY,16:45,Sábado,820,Despejado,Baja,Boeing 737 MAX,87.2,FALSE,4,17.6,92
26940,MDE,BGA,21:00,Martes,295,Despejado,Alta,ATR 72,48.3,FALSE,38,22.8,50
10842,MIA,BOG,07:30,Lunes,3160,Nublado,Baja,Boeing 787,66.9,FALSE,23,9.5,263
19508,MDE,BAQ,16:45,Miércoles,310,Nublado,Baja,Boeing 737,51.4,FALSE,2,25.6,50
20483,BOG,PTY,15:00,Jueves,650,Tormenta,Alta,Airbus A320,70.4,TRUE,36,0.9,76
15175,MIA,EZE,07:15,Domingo,7720,Nublado,Media,Airbus A350,98.7,TRUE,30,17.6,616
29947,CLO,MDE,22:15,Sábado,265,Tormenta,Baja,Boeing 737,49.2,TRUE,32,4.2,50
24470,SCL,EZE,13:15,Lunes,1140,Niebla,Baja,Boeing 737 MAX,88.2,FALSE,28,2.2,111
17609,MVD,EZE,13:30,Domingo,210,Lluvia,Media,Airbus A320,60.2,TRUE,49,5.3,51
21265,CDG,GRU,15:15,Sábado,9400,Nublado,Baja,Airbus A350,46.4,TRUE,20,13.7,739
24021,EZE,BRC,03:30,Martes,1650,Despejado,Alta,Boeing 757,92.9,FALSE,37,11.7,160
28602,GRU,JFK,10:00,Viernes,7680,Despejado,Media,Boeing 777,90.9,FALSE,30,11.9,613
29264,EZE,PTY,04:45,Lunes,5100,Nublado,Media,Airbus A350,39.4,FALSE,37,6,414
17098,PTY,UIO,14:15,Viernes,1420,Nublado,Baja,Boeing 737 MAX,61.7,TRUE,43,25.2,155
22597,CTG,BOG,13:30,Miércoles,135,Despejado,Media,ATR 72,90.7,FALSE,32,9.3,35
10455,PEI,MDE,08:30,Jueves,140,Nublado,Baja,Airbus A320,84.1,TRUE,47,7.9,57
28087,IAH,PTY,00:30,Jueves,2860,Despejado,Baja,Embraer E195,46.4,TRUE,8,12.1,249
28221,PEI,BOG,00:45,Sábado,265,Niebla,Media,Embraer E190,74.1,TRUE,40,0.4,61
12863,GIG,GRU,08:45,Viernes,360,Nublado,Alta,Embraer E190,63.3,FALSE,35,24.6,55
27393,EZE,GRU,04:30,Miércoles,1760,Despejado,Media,Embraer E195,71.9,TRUE,44,7.8,163
13853,GRU,MEX,05:30,Miércoles,7300,Lluvia,Baja,Boeing 787,76.8,FALSE,8,15.6,578
24005,GRU,SSA,04:15,Martes,1940,Despejado,Baja,Boeing 757,76.6,FALSE,17,10.5,176
10183,EZE,ROS,07:45,Sábado,295,Lluvia,Media,Airbus A320,50.2,FALSE,49,29.4,46
25128,EZE,MDZ,06:45,Miércoles,1040,Nublado,Media,Airbus A320neo,76.3,FALSE,17,15.7,121
28773,EZE,MVD,08:00,Martes,210,Despejado,Baja,Boeing 737,80.6,FALSE,17,22.2,51
23419,BOG,BAQ,14:15,Viernes,145,Despejado,Media,Boeing 737,71.7,FALSE,14,10.8,43
12523,POA,GRU,07:15,Sábado,1110,Nublado,Baja,Airbus A320neo,77.6,TRUE,33,7.7,126
26261,MDE,BOG,04:30,Domingo,235,Despejado,Alta,Embraer E190,59.1,FALSE,48,14.4,43
14983,BAQ,BOG,06:15,Miércoles,145,Despejado,Media,Embraer E190,77,FALSE,45,27.5,46
26569,PTY,EZE,10:30,Miércoles,5100,Despejado,Media,Boeing 777,77.7,FALSE,23,28.3,409
29447,BOG,CLO,01:45,Sábado,300,Tormenta,Baja,Embraer E190,30.8,TRUE,33,0.7,69
10100,GRU,BOG,08:30,Lunes,3940,Despejado,Media,Airbus A330,45.8,TRUE,1,27.4,343
21033,EZE,GIG,15:30,Lunes,1970,Despejado,Media,Boeing 757,71.8,FALSE,10,23.1,181
20485,BOG,MDE,14:00,Sábado,235,Despejado,Baja,Boeing 737,60.5,FALSE,7,29.7,57
25050,GRU,MAD,00:30,Domingo,9350,Despejado,Media,Boeing 777,77.6,TRUE,17,12.3,729
20929,SJO,PTY,14:45,Martes,580,Despejado,Media,Boeing 737,78.7,TRUE,32,20,63
28501,MEX,PTY,17:00,Jueves,2280,Nublado,Baja,Airbus A320neo,73.2,TRUE,22,22.5,209
22009,GRU,MAD,12:45,Miércoles,9350,Nublado,Alta,Boeing 787,71.4,FALSE,29,22.9,745
28418,EZE,NQN,12:15,Miércoles,1150,Lluvia,Baja,Boeing 737 MAX,87.9,FALSE,8,5.8,129
29622,JFK,BOG,02:15,Viernes,3930,Lluvia,Alta,Airbus A350,82.6,TRUE,30,25.6,335
26482,PEI,BOG,20:00,Jueves,265,Niebla,Media,Embraer E190,77.7,FALSE,5,2.3,45
19189,GRU,FLN,12:30,Jueves,690,Niebla,Media,ATR 72,75.5,FALSE,42,2.4,96
25007,EZE,AEP,08:45,Sábado,35,Lluvia,Media,Boeing 737,87.1,FALSE,14,23.2,39
14742,BOG,JFK,04:30,Jueves,3930,Lluvia,Baja,Airbus A330,71.4,TRUE,42,15.1,323
11708,MAD,EZE,08:45,Domingo,10050,Despejado,Baja,Boeing 787,75.5,FALSE,11,22.6,793
10255,EZE,IGR,09:15,Viernes,1100,Niebla,Baja,Airbus A320neo,42.7,FALSE,21,2.8,111
23545,TUC,EZE,15:45,Domingo,1230,Nublado,Baja,Embraer E195,31.8,FALSE,26,16.1,115
18442,EZE,LIM,18:30,Miércoles,3150,Nublado,Media,Airbus A350,77.5,FALSE,28,12.1,271
11303,GUA,PTY,09:00,Viernes,820,Lluvia,Media,Boeing 737 MAX,67.4,TRUE,8,12.4,105
24442,BAQ,MDE,18:30,Sábado,310,Niebla,Alta,Embraer E190,86.5,FALSE,18,0.4,58
25077,EZE,BRC,00:30,Lunes,1650,Despejado,Media,Boeing 737 MAX,87.1,TRUE,26,6.4,154
29383,PTY,MIA,22:30,Jueves,2200,Despejado,Alta,Airbus A320neo,45.4,TRUE,35,13.9,210
16919,EZE,BRC,05:45,Viernes,1650,Nublado,Media,Boeing 757,92.4,FALSE,16,27.8,164
18455,CWB,GRU,16:45,Miércoles,410,Despejado,Media,Embraer E190,65.8,TRUE,29,7,69
14626,EZE,CCS,11:45,Viernes,4300,Despejado,Baja,Boeing 787,41.4,FALSE,29,20.1,350
13931,MAD,BOG,08:45,Domingo,8680,Lluvia,Media,Boeing 777,74.1,FALSE,47,14.8,687
17181,BAQ,BOG,14:00,Domingo,145,Nublado,Media,Boeing 737,87.5,FALSE,33,5.6,33
29846,PEI,BOG,09:00,Jueves,265,Nublado,Media,Airbus A320,83.7,FALSE,8,17.4,55
18826,EZE,GIG,16:15,Lunes,1970,Despejado,Media,Embraer E195,98,TRUE,46,18,170
10934,EZE,AEP,07:45,Sábado,35,Despejado,Baja,Airbus A320,87.7,TRUE,34,11,22
10260,CCS,EZE,05:45,Lunes,4300,Despejado,Baja,Airbus A350,97.8,FALSE,11,26.5,367
29081,EZE,IGR,03:00,Domingo,1100,Nublado,Media,Airbus A320neo,86.8,TRUE,24,26,124
25875,PTY,CCS,13:45,Jueves,1010,Niebla,Baja,Embraer E195,59.7,TRUE,20,2.3,97
19091,BOG,BAQ,11:45,Lunes,145,Despejado,Baja,Boeing 737,86,FALSE,11,10,30
12519,PTY,LIM,09:30,Domingo,2970,Tormenta,Media,Embraer E195,67.7,FALSE,28,4.9,269
29854,EZE,AEP,05:15,Viernes,35,Nublado,Baja,ATR 72,55.9,FALSE,34,12.7,39
11374,BGA,MDE,07:15,Viernes,295,Niebla,Media,Boeing 737,47.8,TRUE,38,2.6,56
29879,NQN,EZE,22:15,Lunes,1150,Lluvia,Baja,Airbus A320neo,59.5,FALSE,3,23.7,126
14049,UIO,BOG,06:15,Viernes,730,Lluvia,Baja,Embraer E190,59,FALSE,42,12.3,82
16351,GIG,GRU,10:00,Lunes,360,Despejado,Baja,Boeing 737,53.5,FALSE,20,18.3,63
18044,EZE,JFK,12:30,Sábado,8530,Tormenta,Alta,Boeing 787,70.3,FALSE,36,3.4,666
24596,PTY,BOG,03:15,Martes,650,Despejado,Alta,Airbus A320,71.2,FALSE,38,17.5,92
12010,MVD,EZE,08:15,Viernes,210,Despejado,Baja,Boeing 737,87.1,TRUE,18,5.2,45
17807,GUA,PTY,15:30,Sábado,820,Despejado,Baja,Embraer E195,74,FALSE,7,22.1,90
29837,FLN,GRU,15:45,Martes,690,Despejado,Baja,Embraer E190,25.2,TRUE,16,20.3,97
21342,PTY,BOG,13:15,Martes,650,Nublado,Alta,Airbus A320,82.9,FALSE,9,25.9,88
13951,UIO,BOG,08:00,Viernes,730,Nublado,Alta,ATR 72,81.2,FALSE,49,15.3,84
19816,GRU,AMS,14:45,Miércoles,9850,Despejado,Alta,Airbus A350,30.8,TRUE,25,27.3,784
26446,PTY,MIA,06:15,Domingo,2200,Despejado,Media,Embraer E195,86.3,FALSE,16,10.4,210
12913,GRU,CWB,07:45,Viernes,410,Despejado,Alta,ATR 72,67.5,FALSE,28,11,52
26192,PTY,SJO,22:00,Viernes,580,Despejado,Media,Embraer E190,63.9,TRUE,11,10.9,89
12875,BGA,BOG,08:15,Martes,310,Despejado,Media,Airbus A320,54.4,TRUE,42,21.9,48
18307,BOG,PTY,13:45,Sábado,650,Despejado,Media,ATR 72,67,TRUE,11,21.3,81
11038,EZE,GRU,05:30,Viernes,1760,Despejado,Baja,Embraer E195,65.5,TRUE,32,29.8,162
12705,EZE,ASU,07:45,Domingo,1050,Lluvia,Alta,Boeing 737 MAX,51.7,TRUE,32,22.1,120
18109,BAQ,MDE,15:45,Martes,310,Tormenta,Media,Embraer E190,95.5,FALSE,36,4,70
18569,GRU,BSB,13:15,Viernes,870,Despejado,Baja,Boeing 757,66.7,FALSE,36,9.7,96
19576,LIM,EZE,15:45,Sábado,3150,Despejado,Media,Airbus A330,85.4,FALSE,43,24.9,284
23573,BGA,MDE,14:30,Miércoles,295,Despejado,Media,Embraer E190,56.7,TRUE,44,9.3,58
19350,LIM,BOG,18:00,Lunes,1890,Lluvia,Media,Airbus A320neo,93.8,FALSE,23,24.2,167
21845,MVD,GRU,13:30,Domingo,1550,Despejado,Media,Airbus A320neo,77.8,FALSE,36,6.4,154
24986,MIA,MDE,21:15,Jueves,2750,Nublado,Media,Boeing 737 MAX,79.7,FALSE,44,29.2,236
19656,TUC,EZE,14:00,Miércoles,1230,Nublado,Baja,Airbus A320neo,79,TRUE,10,25.9,130
25555,PTY,EZE,09:15,Viernes,5100,Nublado,Alta,Boeing 787,83.1,FALSE,26,27.2,430
25054,MDE,PEI,07:00,Viernes,140,Despejado,Media,Boeing 737,64.3,TRUE,26,28.1,58
20612,BOG,EZE,14:00,Martes,4650,Despejado,Media,Airbus A330,87,TRUE,28,9.9,375
23164,SJO,PTY,14:45,Jueves,580,Despejado,Baja,Airbus A320,79.7,TRUE,8,19.1,66
21860,PTY,MDE,13:30,Lunes,715,Despejado,Baja,Boeing 737,81.9,TRUE,46,15,91
23346,EZE,MIA,15:15,Miércoles,7720,Despejado,Media,Airbus A330,92.4,FALSE,17,12.6,625
25507,EZE,AEP,16:00,Miércoles,35,Nublado,Media,Embraer E190,68.4,FALSE,32,21.9,43
11541,MDE,BOG,07:15,Viernes,235,Nublado,Baja,Embraer E190,47.8,TRUE,19,17.1,41
25679,MDE,BAQ,04:00,Sábado,310,Despejado,Alta,Airbus A320,82.8,FALSE,39,9.5,55
12698,BOG,CLO,08:30,Viernes,300,Despejado,Media,Airbus A320,88.9,TRUE,17,28,43
12287,PTY,LIM,08:30,Sábado,2970,Tormenta,Media,Boeing 757,55.4,FALSE,26,2.3,267
14789,TUC,EZE,05:15,Viernes,1230,Lluvia,Baja,Boeing 737 MAX,75.5,FALSE,13,27.3,138
26031,MAD,GRU,17:00,Domingo,9350,Nublado,Baja,Boeing 787,76.2,FALSE,26,26.7,728
28932,CCS,BOG,21:15,Miércoles,1010,Despejado,Media,Airbus A320neo,72.2,TRUE,19,10,116
23693,BAQ,MDE,14:15,Domingo,310,Lluvia,Alta,Embraer E190,93.9,FALSE,31,16.2,71
27514,BOG,BAQ,11:45,Miércoles,145,Despejado,Baja,ATR 72,95,FALSE,1,27,34
16809,MDE,CLO,07:30,Jueves,265,Tormenta,Baja,Boeing 737,80.7,TRUE,41,1.6,58
29029,ROS,EZE,10:45,Domingo,295,Niebla,Media,Boeing 737,66.2,TRUE,43,2.2,53
18711,GRU,BSB,19:30,Miércoles,870,Despejado,Baja,Boeing 757,78,FALSE,31,26.6,110
23905,BOG,CLO,14:15,Miércoles,300,Nublado,Media,Airbus A320,89.6,TRUE,23,13.5,55
29516,COR,EZE,02:00,Sábado,695,Despejado,Baja,Airbus A320,76.1,TRUE,16,23.8,99
21833,BOG,CCS,15:00,Domingo,1010,Niebla,Media,Boeing 737 MAX,39.9,FALSE,5,1.7,97
25281,BOG,UIO,15:00,Sábado,730,Despejado,Media,Embraer E190,87.5,FALSE,8,11.9,81
20347,PTY,MIA,18:45,Domingo,2200,Despejado,Media,Embraer E195,52.8,FALSE,26,17.8,192
15164,EZE,ROS,08:15,Lunes,295,Niebla,Alta,ATR 72,58.6,FALSE,39,2.9,49
11334,UIO,BOG,05:15,Lunes,730,Nublado,Media,ATR 72,61.5,FALSE,23,24.3,89
15717,PEI,MDE,07:30,Jueves,140,Nublado,Media,Airbus A320,29.2,TRUE,47,25.1,56
24170,GRU,MIA,18:00,Lunes,7520,Lluvia,Media,Boeing 777,63.3,FALSE,21,16.1,603
20009,BGA,MDE,16:00,Martes,295,Despejado,Baja,ATR 72,54.2,TRUE,32,8.3,58
25195,MIA,PTY,14:30,Lunes,2200,Nublado,Media,Boeing 757,61.7,FALSE,44,19.2,187
11985,BAQ,MDE,06:30,Lunes,310,Despejado,Baja,Boeing 737,49.5,FALSE,38,24.5,65
14732,EZE,PTY,07:00,Martes,5100,Despejado,Baja,Boeing 787,29.3,FALSE,1,27.8,422
12436,MVD,EZE,05:00,Jueves,210,Nublado,Baja,ATR 72,81.3,FALSE,21,24.9,55
19484,ROS,EZE,12:00,Lunes,295,Nublado,Baja,Airbus A320,88.7,FALSE,16,7.3,53
20257,MDE,LIM,12:00,Sábado,2100,Niebla,Alta,Boeing 757,90.9,FALSE,26,1.6,179
29350,EZE,TUC,09:30,Martes,1230,Despejado,Media,Boeing 757,86.1,TRUE,32,25.4,120
22847,MDE,UIO,16:45,Martes,960,Despejado,Baja,Boeing 757,88.3,FALSE,11,12.3,99
17802,CTG,MDE,10:15,Martes,365,Nublado,Baja,Embraer E190,88.1,FALSE,1,7.7,59
13921,CCS,BOG,07:30,Jueves,1010,Niebla,Baja,Boeing 757,76.3,TRUE,38,0.9,101
24060,MEX,PTY,19:30,Domingo,2280,Despejado,Baja,Boeing 757,33.5,FALSE,45,7.1,193
19606,PTY,GUA,15:45,Lunes,820,Nublado,Baja,Boeing 737 MAX,63.8,TRUE,11,29,89
15364,PEI,BOG,08:45,Miércoles,265,Despejado,Media,Embraer E190,47.4,FALSE,23,25.3,55
17563,EZE,ASU,17:00,Lunes,1050,Nublado,Baja,Boeing 737 MAX,88.6,FALSE,3,13.3,113
19878,GUA,PTY,14:15,Lunes,820,Lluvia,Media,Embraer E195,74.1,TRUE,43,9.9,85
29142,BOG,PTY,07:30,Martes,650,Despejado,Baja,Airbus A320,45.4,TRUE,3,7.7,74
12814,CTG,MDE,07:00,Jueves,365,Despejado,Alta,Embraer E190,56.1,TRUE,24,13.3,67
17498,FLN,GRU,14:15,Sábado,690,Despejado,Baja,Boeing 737,78.8,FALSE,24,13.7,96
10537,EZE,ASU,08:15,Domingo,1050,Despejado,Alta,Boeing 737 MAX,90.7,FALSE,22,29.6,111
27952,MDE,BGA,10:45,Viernes,295,Niebla,Baja,Boeing 737,71.2,FALSE,8,1.1,55
11140,MDE,CLO,05:45,Martes,265,Lluvia,Alta,ATR 72,67.5,FALSE,6,20.2,47
14117,EZE,ROS,04:15,Sábado,295,Despejado,Media,Boeing 737,73.4,TRUE,46,13.3,42
16096,BOG,JFK,07:15,Sábado,3930,Despejado,Media,Airbus A330,86.7,FALSE,48,13.8,328
26117,BOG,CTG,07:30,Sábado,135,Nublado,Baja,Boeing 737,63.8,FALSE,25,27.3,48
27874,GRU,EZE,14:45,Viernes,1760,Nublado,Baja,Airbus A320neo,88.5,FALSE,2,12.8,162
10618,PEI,MDE,07:30,Domingo,140,Despejado,Baja,Airbus A320,53.3,TRUE,30,6.5,34
11311,EZE,COR,07:45,Lunes,695,Nublado,Baja,Airbus A320,78.7,FALSE,43,13.5,88
25105,MDE,UIO,06:30,Jueves,960,Nublado,Media,Airbus A320neo,93.2,TRUE,41,14.3,121
27024,IAH,PTY,05:15,Lunes,2860,Nublado,Media,Airbus A320neo,86,TRUE,41,13.8,247
13252,BOG,GRU,07:30,Jueves,3940,Lluvia,Alta,Boeing 787,85,TRUE,47,17.5,336
13548,EZE,TUC,05:15,Viernes,1230,Despejado,Baja,Embraer E195,51.3,TRUE,13,16.4,131
28642,PEI,MDE,04:45,Miércoles,140,Despejado,Baja,Airbus A320,87.5,FALSE,37,29,35
21759,BOG,PEI,13:00,Martes,265,Nublado,Media,ATR 72,79.5,FALSE,4,19.1,41
16628,MDE,CLO,08:00,Domingo,265,Despejado,Media,Airbus A320,44.4,FALSE,9,16.2,40
25467,BOG,MDE,15:00,Viernes,235,Despejado,Media,Boeing 737,83.2,FALSE,1,29.9,56
15001,BOG,CCS,11:00,Martes,1010,Despejado,Media,Boeing 737 MAX,69.9,FALSE,37,9.9,118
17717,EZE,MVD,18:45,Viernes,210,Tormenta,Baja,ATR 72,78.5,FALSE,37,3.3,43
17720,MVD,EZE,14:45,Miércoles,210,Tormenta,Baja,Embraer E190,81.3,FALSE,44,2.1,64
17801,GRU,CDG,17:15,Martes,9400,Despejado,Media,Airbus A350,44.4,TRUE,44,21.8,744
20105,BOG,CTG,19:30,Miércoles,135,Despejado,Alta,ATR 72,83.8,TRUE,29,27.9,58
28340,LIM,BOG,09:30,Viernes,1890,Despejado,Media,Boeing 737 MAX,58.7,FALSE,16,14.9,186
11122,GRU,MVD,07:00,Jueves,1550,Despejado,Baja,Embraer E195,86.2,FALSE,10,16.4,148
12657,JFK,PTY,10:30,Viernes,3520,Niebla,Baja,Boeing 787,84.6,FALSE,36,0.8,298
13479,MDE,BOG,07:30,Domingo,235,Niebla,Media,Embraer E190,74.7,FALSE,47,2.9,63
18674,PTY,CCS,14:00,Sábado,1010,Nublado,Media,Boeing 737 MAX,73.7,FALSE,16,13.1,110
27127,EZE,IGR,05:00,Sábado,1100,Lluvia,Baja,Boeing 757,38.6,FALSE,40,25.6,121
26528,EZE,MAD,19:15,Sábado,10050,Nublado,Baja,Airbus A350,90.2,FALSE,2,10.2,793
17034,MDE,PEI,18:00,Viernes,140,Despejado,Media,ATR 72,71.3,TRUE,42,17.9,43
21468,FLN,GRU,15:00,Viernes,690,Nublado,Media,ATR 72,84.4,TRUE,25,9.4,74
29988,EZE,GRU,13:30,Miércoles,1760,Despejado,Alta,Airbus A320neo,79.2,FALSE,11,8.6,162
13527,PTY,CCS,07:45,Sábado,1010,Despejado,Baja,Boeing 757,91.1,TRUE,23,27.4,105
11836,PEI,MDE,07:15,Jueves,140,Niebla,Media,ATR 72,61.8,FALSE,23,1.8,42
18346,MAD,GRU,15:00,Sábado,9350,Despejado,Baja,Boeing 787,92.2,TRUE,15,11.4,746
26465,PTY,BOG,20:45,Miércoles,650,Despejado,Alta,Boeing 737,69.3,FALSE,37,6.1,73
19672,EZE,TUC,12:00,Domingo,1230,Despejado,Baja,Boeing 737 MAX,46.5,TRUE,24,17.1,122
11043,PTY,BOG,05:45,Martes,650,Despejado,Media,Airbus A320,61.5,FALSE,17,8.6,79
19318,BOG,PEI,15:30,Sábado,265,Despejado,Baja,Airbus A320,75.2,FALSE,3,22.1,66
25703,CCS,EZE,20:45,Martes,4300,Tormenta,Baja,Boeing 787,91.2,FALSE,22,4.1,362
10983,AEP,EZE,08:30,Domingo,35,Despejado,Baja,ATR 72,68.9,TRUE,44,9.9,49
19546,MEX,BOG,11:30,Lunes,2700,Despejado,Alta,Boeing 757,81.6,TRUE,29,25.8,251
14405,LIM,MDE,09:30,Jueves,2100,Despejado,Baja,Airbus A320neo,66.1,FALSE,9,17.9,183
28466,GRU,PTY,21:15,Sábado,4630,Niebla,Alta,Airbus A350,83,FALSE,3,1.7,388
28855,GRU,LIM,03:45,Lunes,3620,Nublado,Alta,Airbus A350,67.7,FALSE,46,18.9,310
21801,JFK,PTY,17:30,Lunes,3520,Nublado,Baja,Boeing 777,92.7,TRUE,47,22.4,290
29164,CCS,EZE,10:15,Domingo,4300,Despejado,Media,Boeing 787,67.9,FALSE,13,27.8,349
10378,BOG,MIA,08:30,Domingo,3160,Despejado,Alta,Airbus A330,35.8,FALSE,35,15.2,264
10358,SCL,EZE,08:30,Viernes,1140,Despejado,Baja,Airbus A320neo,90.2,TRUE,47,26.4,111
22623,MDE,PEI,15:30,Jueves,140,Tormenta,Baja,Boeing 737,96.8,TRUE,15,3,33
29743,MEX,GRU,10:00,Viernes,7300,Nublado,Alta,Airbus A350,88.5,TRUE,9,22.8,576
23296,BOG,CCS,15:15,Jueves,1010,Nublado,Baja,Boeing 737 MAX,94.2,FALSE,31,27.8,107
17913,MDE,LIM,17:15,Martes,2100,Despejado,Baja,Embraer E195,74.1,TRUE,8,7.8,190
23215,PTY,MDE,16:00,Lunes,715,Despejado,Media,Airbus A320,49,FALSE,44,10.3,90
19872,BOG,CTG,15:30,Lunes,135,Despejado,Media,ATR 72,76.4,FALSE,36,15.5,53
27962,FLN,GRU,21:30,Lunes,690,Lluvia,Alta,Airbus A320,53.6,FALSE,23,29.1,76
26622,MAD,GRU,17:30,Lunes,9350,Despejado,Media,Boeing 787,59.8,FALSE,8,21.5,726
12235,GRU,POA,08:45,Lunes,1110,Despejado,Baja,Airbus A320neo,50.2,FALSE,38,11.4,108
29188,JFK,BOG,04:15,Miércoles,3930,Tormenta,Media,Boeing 777,47.7,FALSE,20,2.8,321
24465,GRU,BSB,21:30,Domingo,870,Nublado,Baja,Airbus A320neo,66.7,TRUE,39,24.5,103
22223,SCL,EZE,13:45,Martes,1140,Lluvia,Alta,Airbus A320neo,67.2,TRUE,25,23.2,129
29900,LIM,MDE,20:15,Domingo,2100,Lluvia,Media,Embraer E195,66.8,FALSE,8,27.8,198
25732,BOG,MIA,09:30,Jueves,3160,Nublado,Baja,Boeing 777,63.6,FALSE,41,23.9,283
18615,EZE,BRC,15:45,Viernes,1650,Niebla,Baja,Airbus A320neo,69,FALSE,8,1.5,168
17785,MIA,MDE,18:15,Domingo,2750,Tormenta,Baja,Embraer E195,55.3,FALSE,18,4.4,245
27848,EZE,BRC,04:30,Jueves,1650,Despejado,Baja,Embraer E195,91.1,FALSE,19,16.4,165
15486,SCL,EZE,05:45,Sábado,1140,Despejado,Baja,Boeing 737 MAX,93.8,TRUE,39,17,119
17224,BOG,PEI,15:30,Lunes,265,Despejado,Media,Boeing 737,90.2,FALSE,39,7.8,42
14549,EZE,ASU,07:45,Martes,1050,Despejado,Alta,Boeing 737 MAX,68.9,FALSE,25,13.4,100
28933,EZE,SCL,07:45,Lunes,1140,Despejado,Baja,Boeing 737 MAX,61.1,FALSE,24,18.8,115
12719,PTY,GRU,07:00,Viernes,4630,Lluvia,Baja,Boeing 777,87.2,FALSE,12,22.8,371
15848,BOG,JFK,08:00,Lunes,3930,Nublado,Baja,Boeing 787,48.6,FALSE,15,11.7,326
11257,MVD,EZE,09:00,Viernes,210,Despejado,Baja,Airbus A320,47.5,TRUE,31,19.5,53
12641,CCS,PTY,06:30,Viernes,1010,Niebla,Media,Airbus A320neo,65,TRUE,20,2,121
12653,MAD,BOG,09:45,Jueves,8680,Despejado,Baja,Boeing 777,80.5,FALSE,8,12.2,697
17126,EZE,MVD,12:30,Viernes,210,Despejado,Media,ATR 72,57.5,FALSE,21,14.3,63
14414,SSA,GRU,09:45,Domingo,1940,Despejado,Baja,Boeing 737 MAX,92.4,TRUE,12,28.5,166
18754,SJO,PTY,17:00,Miércoles,580,Despejado,Alta,Boeing 737,62.7,TRUE,27,6.3,85
19164,POA,GRU,18:30,Miércoles,1110,Despejado,Media,Embraer E195,50.9,FALSE,22,28.5,120
11337,GRU,EZE,08:15,Sábado,1760,Nublado,Baja,Airbus A320neo,75.9,FALSE,33,23,163
10114,MDE,BOG,07:45,Viernes,235,Lluvia,Baja,Airbus A320,89.8,TRUE,38,11.2,59
25496,PEI,MDE,18:30,Domingo,140,Despejado,Media,Airbus A320,82,TRUE,4,18.8,42
26667,FLN,GRU,09:15,Sábado,690,Niebla,Alta,Boeing 737,66.5,FALSE,1,0.6,72
19160,JFK,PTY,13:45,Sábado,3520,Despejado,Alta,Boeing 787,85.5,FALSE,16,21.4,291
23484,BOG,EZE,14:45,Martes,4650,Despejado,Baja,Boeing 777,75.8,FALSE,46,23.9,373
27758,EZE,MVD,09:45,Sábado,210,Despejado,Media,Boeing 737,57.3,TRUE,14,5.6,40
23105,GRU,EZE,14:00,Sábado,1760,Lluvia,Baja,Airbus A320neo,68,FALSE,46,5.6,166
28327,MDE,MIA,16:15,Martes,2750,Despejado,Baja,Boeing 757,70.6,TRUE,33,9.3,230
22763,EZE,AEP,08:45,Jueves,35,Despejado,Baja,Embraer E190,90.9,TRUE,13,19.6,31
14346,CLO,BOG,07:00,Sábado,300,Niebla,Media,Embraer E190,63.5,TRUE,21,1.7,52
17050,MEX,BOG,12:00,Domingo,2700,Despejado,Alta,Airbus A320neo,64.4,FALSE,27,12.3,229
10381,JFK,GRU,06:45,Martes,7680,Despejado,Media,Boeing 787,75.9,FALSE,13,5.7,609
14844,UIO,PTY,08:00,Sábado,1420,Despejado,Baja,Boeing 757,65,TRUE,23,9.9,147
25142,GRU,SSA,07:30,Sábado,1940,Nublado,Baja,Boeing 737 MAX,82.9,FALSE,27,16.3,190
26368,BOG,MIA,03:45,Sábado,3160,Despejado,Alta,Airbus A350,85.4,TRUE,17,16.4,261
29284,MDE,PEI,03:00,Miércoles,140,Nublado,Alta,ATR 72,40.9,TRUE,29,16.9,30
21104,MDE,CLO,13:30,Viernes,265,Despejado,Media,Embraer E190,78.5,FALSE,47,16.9,68
10136,MAD,EZE,09:30,Viernes,10050,Tormenta,Baja,Airbus A350,85.1,TRUE,42,2.6,777
20420,AEP,EZE,16:15,Jueves,35,Niebla,Baja,Airbus A320,90.3,FALSE,20,2.9,45
20959,EZE,LIM,14:30,Miércoles,3150,Lluvia,Baja,Airbus A350,85.5,FALSE,31,24.3,278
22077,BAQ,MDE,13:45,Lunes,310,Despejado,Media,Boeing 737,59.5,FALSE,12,9.8,53
24755,BOG,PEI,06:30,Domingo,265,Lluvia,Baja,Embraer E190,89.2,FALSE,48,22.9,40
21615,EZE,MVD,16:15,Lunes,210,Despejado,Media,ATR 72,73.8,FALSE,37,25.9,42
15679,ROS,EZE,08:15,Lunes,295,Nublado,Baja,Boeing 737,53.5,FALSE,41,28.4,63
21666,GIG,GRU,14:30,Martes,360,Nublado,Alta,Airbus A320,79.4,FALSE,1,11.8,70
17290,GRU,JFK,15:30,Sábado,7680,Lluvia,Alta,Boeing 777,95.7,FALSE,30,9.9,614
12088,GIG,EZE,06:00,Jueves,1970,Nublado,Media,Boeing 737 MAX,53.7,TRUE,37,8.7,195
19812,LIM,MDE,13:00,Viernes,2100,Despejado,Media,Embraer E195,79.9,FALSE,42,14.3,205
16474,UIO,BOG,06:00,Jueves,730,Lluvia,Baja,Embraer E190,71.4,TRUE,6,26.9,74
28967,GRU,MAD,14:30,Domingo,9350,Nublado,Media,Airbus A330,71.9,TRUE,19,19.7,735
13998,PTY,GUA,07:00,Sábado,820,Niebla,Baja,Airbus A320neo,70.9,TRUE,13,2.9,99
20088,EZE,JFK,14:45,Miércoles,8530,Nublado,Media,Boeing 777,86.6,FALSE,30,16.5,686
24498,CCS,BOG,16:30,Viernes,1010,Niebla,Media,Boeing 757,91.5,FALSE,9,1.3,120
14357,PTY,MDE,07:30,Jueves,715,Nublado,Media,Airbus A320,96.9,FALSE,8,5.9,97
29906,BOG,BAQ,00:45,Lunes,145,Despejado,Media,Boeing 737,74.5,FALSE,46,24.2,49
13289,AEP,EZE,06:00,Jueves,35,Despejado,Alta,Embraer E190,96.5,FALSE,40,22.8,51
19250,UIO,BOG,13:00,Domingo,730,Nublado,Baja,ATR 72,61.8,TRUE,33,9.8,95
10426,MDE,UIO,05:30,Sábado,960,Lluvia,Baja,Boeing 757,43.5,TRUE,12,22.6,110
28010,POA,GRU,02:30,Viernes,1110,Tormenta,Alta,Boeing 757,92,TRUE,17,4.7,132
28612,EZE,PTY,07:00,Sábado,5100,Despejado,Baja,Airbus A330,46.3,TRUE,35,9.7,404
29299,ROS,EZE,12:15,Martes,295,Lluvia,Media,Airbus A320,76,FALSE,28,16.9,70
20896,PTY,EZE,15:30,Viernes,5100,Lluvia,Alta,Airbus A330,49.6,FALSE,40,23.4,430
15509,GRU,GIG,09:15,Sábado,360,Nublado,Alta,Embraer E190,69.4,FALSE,1,13.3,66
26491,EZE,GIG,02:15,Miércoles,1970,Despejado,Baja,Boeing 737 MAX,95.7,TRUE,45,20.8,181
17426,GRU,GIG,15:30,Martes,360,Despejado,Alta,Boeing 737,84.6,FALSE,3,11.8,50
17088,PTY,MIA,17:45,Jueves,2200,Nublado,Media,Boeing 757,86.1,TRUE,44,16.6,185
20150,GRU,CWB,13:15,Martes,410,Nublado,Baja,Boeing 737,85.3,FALSE,39,28.4,67
16978,BGA,BOG,09:45,Martes,310,Tormenta,Alta,Embraer E190,77.1,TRUE,16,0.6,46
17536,BOG,JFK,12:00,Sábado,3930,Despejado,Baja,Airbus A350,86.8,TRUE,49,7.4,339
13215,GRU,CWB,09:45,Sábado,410,Tormenta,Baja,Boeing 737,43.9,FALSE,27,3.6,64
19026,BOG,MIA,15:00,Lunes,3160,Lluvia,Baja,Boeing 777,88.6,FALSE,48,20.4,261
11834,MVD,GRU,05:00,Sábado,1550,Nublado,Baja,Embraer E195,55,FALSE,24,5.8,136
13659,GRU,BOG,07:00,Lunes,3940,Tormenta,Baja,Airbus A330,75.9,TRUE,2,3.6,331
24062,EZE,MVD,14:30,Miércoles,210,Nublado,Media,Airbus A320,93.5,FALSE,47,23.8,54
26376,CWB,GRU,12:45,Domingo,410,Nublado,Baja,ATR 72,92.8,TRUE,34,7,69
28494,EZE,MDZ,13:00,Domingo,1040,Despejado,Baja,Embraer E195,71.6,FALSE,40,6.3,108
25181,GRU,EZE,11:00,Martes,1760,Nublado,Media,Boeing 737 MAX,83.2,TRUE,16,13.5,157
19542,PTY,IAH,13:45,Lunes,2860,Despejado,Alta,Airbus A320neo,86.9,TRUE,49,17,245
22725,EZE,AEP,16:30,Jueves,35,Lluvia,Baja,Airbus A320,67.2,TRUE,20,12.6,38
17489,GUA,PTY,16:00,Sábado,820,Despejado,Alta,Boeing 757,99.1,FALSE,13,25.3,109
24518,MDE,UIO,16:15,Lunes,960,Despejado,Baja,Boeing 757,74.2,FALSE,45,14.5,95
18414,CCS,PTY,17:45,Sábado,1010,Despejado,Media,Embraer E195,58.5,TRUE,9,5.5,98
16511,UIO,EZE,07:30,Jueves,3900,Nublado,Baja,Boeing 787,75.8,FALSE,6,14.9,340
10654,MDE,BGA,05:00,Miércoles,295,Despejado,Media,Boeing 737,72,FALSE,32,23.9,53
18031,UIO,PTY,16:30,Sábado,1420,Despejado,Alta,Boeing 757,38.3,FALSE,36,29.3,154
22039,EZE,ASU,14:15,Sábado,1050,Nublado,Baja,Embraer E195,76.9,FALSE,37,16.3,99
13235,GRU,CWB,08:00,Lunes,410,Despejado,Media,Airbus A320,46.6,FALSE,40,14.8,68
25569,MEX,BOG,10:00,Martes,2700,Niebla,Baja,Boeing 757,79.5,TRUE,13,2.2,251
12727,CLO,MDE,07:45,Lunes,265,Despejado,Media,Boeing 737,54.2,FALSE,36,25,58
11114,EZE,ASU,08:00,Sábado,1050,Despejado,Media,Boeing 737 MAX,64.6,TRUE,38,26.6,105
22138,GRU,MIA,13:30,Jueves,7520,Niebla,Baja,Boeing 787,89.7,FALSE,31,1.8,608
23564,BAQ,BOG,13:15,Viernes,145,Despejado,Media,Airbus A320,93.3,FALSE,45,5.2,42
10374,GUA,PTY,07:45,Viernes,820,Despejado,Baja,Boeing 737 MAX,83.8,FALSE,41,15.8,108
12100,JFK,MDE,09:00,Miércoles,3560,Despejado,Alta,Airbus A330,45.1,FALSE,23,13.2,295
17135,BOG,BAQ,15:00,Viernes,145,Niebla,Alta,Airbus A320,75.6,TRUE,6,2.9,37
12994,BOG,MEX,07:00,Miércoles,2700,Despejado,Baja,Airbus A320neo,60.1,FALSE,1,7.9,230
18171,BOG,PEI,16:45,Lunes,265,Lluvia,Baja,Airbus A320,64.4,FALSE,44,27,67
11276,UIO,MDE,08:45,Martes,960,Despejado,Media,Boeing 737 MAX,72.3,FALSE,46,7.7,99
20255,BAQ,MDE,14:45,Jueves,310,Niebla,Media,Embraer E190,93.5,FALSE,10,2.3,50
14305,CWB,GRU,07:15,Jueves,410,Despejado,Media,Boeing 737,79.6,FALSE,1,29.6,67
19751,BOG,CTG,16:15,Miércoles,135,Lluvia,Media,ATR 72,61.8,FALSE,45,8.2,57
18261,BOG,MDE,16:30,Jueves,235,Lluvia,Alta,Embraer E190,78.1,TRUE,1,17.9,39
19433,SCL,EZE,15:15,Jueves,1140,Despejado,Baja,Embraer E195,44.2,TRUE,7,10.8,109
12133,GRU,MEX,08:15,Miércoles,7300,Tormenta,Media,Boeing 777,80.3,FALSE,9,4.6,578
26602,PTY,MEX,14:00,Sábado,2280,Despejado,Alta,Embraer E195,86.6,FALSE,15,10.4,199
26846,EZE,ASU,09:15,Domingo,1050,Nublado,Baja,Boeing 757,52.6,TRUE,14,20,122
23929,SJO,PTY,14:45,Domingo,580,Tormenta,Media,Airbus A320,76,TRUE,45,1.5,81
27703,MVD,EZE,01:15,Lunes,210,Despejado,Baja,Embraer E190,87,FALSE,30,7.2,50
19067,AEP,EZE,11:15,Sábado,35,Lluvia,Baja,Airbus A320,87,FALSE,8,22.3,45
19669,EZE,SCL,15:15,Domingo,1140,Nublado,Media,Airbus A320neo,38,TRUE,18,15.3,120
16115,IGR,EZE,07:15,Miércoles,1100,Lluvia,Baja,Airbus A320neo,73.3,TRUE,47,19.6,104
20765,EZE,ASU,15:45,Martes,1050,Niebla,Media,Boeing 757,50.5,TRUE,4,0.4,122
23526,BAQ,BOG,14:30,Martes,145,Niebla,Media,Airbus A320,36.3,FALSE,49,1,41
15639,JFK,PTY,06:30,Martes,3520,Despejado,Alta,Airbus A330,81.4,FALSE,17,27.5,300
10863,MIA,PTY,08:15,Jueves,2200,Despejado,Baja,Embraer E195,39,FALSE,10,29,211
17295,SCL,GRU,16:45,Domingo,2620,Nublado,Media,Boeing 757,51.3,FALSE,1,19.8,221
22112,BOG,PEI,12:30,Miércoles,265,Tormenta,Baja,Airbus A320,64.3,TRUE,41,3.1,62
20040,MEX,GRU,16:15,Jueves,7300,Nublado,Baja,Boeing 787,54.9,TRUE,8,5.4,589
17178,BOG,PEI,14:00,Martes,265,Nublado,Alta,ATR 72,78.6,TRUE,13,22.9,45
11721,MDE,CLO,08:45,Viernes,265,Lluvia,Baja,Boeing 737,82,TRUE,32,20.8,56
21687,POA,GRU,13:00,Sábado,1110,Despejado,Baja,Boeing 737 MAX,53.5,TRUE,34,19.3,116
18319,CWB,GRU,16:15,Jueves,410,Despejado,Alta,ATR 72,92.1,TRUE,7,8.9,56
25901,GRU,CWB,05:00,Martes,410,Nublado,Baja,Boeing 737,64.7,FALSE,46,13.9,71
28539,BOG,BGA,11:30,Domingo,310,Nublado,Media,Embraer E190,48.6,FALSE,14,6.6,56
16391,BAQ,MDE,06:30,Lunes,310,Despejado,Baja,Boeing 737,49.6,FALSE,40,8.8,56
10639,BOG,PEI,08:15,Sábado,265,Despejado,Alta,Boeing 737,92.5,TRUE,16,12.7,66
22637,MDE,PEI,16:15,Viernes,140,Nublado,Alta,Embraer E190,27.4,FALSE,33,27.1,36
14133,CLO,BOG,10:00,Miércoles,300,Nublado,Media,Embraer E190,72.3,TRUE,14,21.8,59
10567,AEP,EZE,10:15,Domingo,35,Despejado,Alta,ATR 72,49.5,TRUE,27,21.5,23
19531,MIA,MDE,15:00,Domingo,2750,Despejado,Baja,Boeing 737 MAX,64.2,TRUE,40,18,250
26075,JFK,BOG,20:00,Jueves,3930,Nublado,Baja,Airbus A350,88.9,FALSE,24,15.6,342
21451,MIA,MDE,13:00,Viernes,2750,Tormenta,Media,Boeing 737 MAX,39.7,FALSE,39,1.9,251
11306,MIA,PTY,05:30,Lunes,2200,Niebla,Baja,Embraer E195,73.5,FALSE,24,2,185
29105,EZE,AEP,08:30,Lunes,35,Nublado,Alta,Embraer E190,67,FALSE,45,26.9,22
14304,ASU,EZE,08:45,Viernes,1050,Despejado,Media,Embraer E195,61.2,FALSE,19,12.3,111
18374,TUC,EZE,15:00,Viernes,1230,Despejado,Media,Boeing 757,35.2,FALSE,16,10.3,119
23244,BOG,BAQ,14:00,Jueves,145,Nublado,Media,Airbus A320,82.2,FALSE,9,7.6,45
24558,GRU,PTY,13:00,Sábado,4630,Despejado,Media,Airbus A330,78.2,TRUE,36,26.4,368
24801,MDE,UIO,08:00,Jueves,960,Despejado,Media,Airbus A320neo,39.8,FALSE,26,21,106
20820,GIG,EZE,17:30,Sábado,1970,Tormenta,Alta,Boeing 757,95.7,FALSE,21,4.3,184
20958,LIM,PTY,12:15,Lunes,2970,Despejado,Media,Boeing 737 MAX,74.3,TRUE,8,19.2,270
18305,GRU,CWB,11:15,Lunes,410,Nublado,Alta,Airbus A320,80,FALSE,37,11.6,50
23376,CLO,MDE,17:45,Viernes,265,Despejado,Baja,Embraer E190,75.6,TRUE,39,21.5,49
23338,CCS,BOG,15:15,Viernes,1010,Nublado,Alta,Airbus A320neo,47,TRUE,32,20.8,98
11796,GRU,CWB,06:15,Sábado,410,Despejado,Media,Airbus A320,56.7,FALSE,38,14.4,50
18032,MDE,LIM,16:15,Jueves,2100,Despejado,Media,Embraer E195,61.7,FALSE,10,25.6,179
20471,PTY,GUA,14:00,Domingo,820,Nublado,Media,Boeing 737 MAX,77.9,FALSE,17,27.3,92
11965,EZE,TUC,09:15,Martes,1230,Despejado,Baja,Boeing 757,85,FALSE,33,24.1,127
12630,GUA,PTY,06:30,Lunes,820,Nublado,Baja,Airbus A320neo,70,TRUE,15,29.8,89
18088,MDE,CTG,13:30,Martes,365,Despejado,Media,Embraer E190,50.3,FALSE,5,19.7,76
24321,EZE,GRU,06:15,Lunes,1760,Nublado,Baja,Boeing 737 MAX,73.9,FALSE,9,16.3,154
21100,EZE,AEP,16:30,Viernes,35,Despejado,Baja,Embraer E190,81.8,FALSE,24,22,24
27639,MDE,JFK,06:15,Martes,3560,Lluvia,Baja,Airbus A350,84.7,FALSE,6,14,298
18234,EZE,COR,14:30,Domingo,695,Nublado,Media,Airbus A320,91,FALSE,44,6.2,73
28850,GRU,POA,22:30,Viernes,1110,Niebla,Media,Boeing 737 MAX,78.8,TRUE,1,2.1,106
15611,UIO,PTY,06:15,Martes,1420,Tormenta,Alta,Airbus A320neo,52.9,FALSE,18,1,155
16245,EZE,CCS,07:45,Sábado,4300,Nublado,Alta,Airbus A330,76.3,TRUE,32,10.4,353
22527,BGA,MDE,11:30,Jueves,295,Nublado,Baja,ATR 72,89.7,FALSE,47,20.7,59
16416,PTY,BOG,06:30,Viernes,650,Despejado,Baja,Embraer E190,47,TRUE,1,29.5,90
21010,SCL,EZE,15:15,Sábado,1140,Despejado,Baja,Boeing 737 MAX,68.8,FALSE,27,18.6,105
16007,ROS,EZE,11:30,Sábado,295,Lluvia,Media,Boeing 737,64.7,TRUE,15,24.1,55
12544,BAQ,BOG,10:30,Martes,145,Lluvia,Media,Embraer E190,56.3,FALSE,43,18.3,47
13885,CCS,BOG,07:15,Sábado,1010,Despejado,Media,Boeing 757,85.1,FALSE,49,8.9,103
16014,SCL,GRU,06:30,Lunes,2620,Niebla,Baja,Boeing 757,66.9,FALSE,5,0.7,226
12276,BOG,LIM,04:15,Domingo,1890,Lluvia,Media,Airbus A320neo,84.9,FALSE,21,10.8,187
18464,MDE,BOG,16:30,Domingo,235,Tormenta,Baja,Airbus A320,93.5,FALSE,42,2.3,61
20576,EZE,COR,11:00,Lunes,695,Nublado,Alta,Airbus A320,24.6,FALSE,25,20.8,78
10421,MEX,BOG,08:45,Viernes,2700,Despejado,Alta,Airbus A320neo,89,TRUE,9,21,232
10285,EZE,GIG,06:45,Lunes,1970,Tormenta,Baja,Airbus A320neo,92.5,FALSE,43,2.3,169
10999,EZE,AEP,05:00,Miércoles,35,Lluvia,Alta,Boeing 737,78.7,TRUE,44,13.2,38
27968,MIA,GRU,12:45,Miércoles,7520,Nublado,Alta,Airbus A350,92.9,TRUE,21,22.2,593
13182,GRU,GIG,08:45,Jueves,360,Nublado,Media,Boeing 737,97,FALSE,29,17.3,55
16370,CWB,GRU,08:15,Viernes,410,Despejado,Media,Boeing 737,71.7,TRUE,30,20.5,72
26249,PTY,UIO,00:00,Viernes,1420,Nublado,Media,Airbus A320neo,87.1,FALSE,39,23.2,149
28008,ROS,EZE,06:30,Viernes,295,Lluvia,Alta,Embraer E190,82.9,FALSE,4,12.8,60
13835,MIA,MDE,08:45,Lunes,2750,Despejado,Baja,Boeing 757,81.1,TRUE,21,27.3,248
28287,CCS,PTY,16:30,Viernes,1010,Niebla,Media,Embraer E195,49.6,FALSE,9,1.8,118
13246,PTY,BOG,08:30,Sábado,650,Nublado,Media,ATR 72,54.4,FALSE,25,11.5,95
14282,MDE,CLO,08:45,Domingo,265,Lluvia,Media,Boeing 737,56.4,FALSE,18,28.4,68
21810,SJO,PTY,14:30,Domingo,580,Despejado,Media,Boeing 737,70.3,FALSE,28,11.6,89
28318,LIM,MDE,13:30,Viernes,2100,Niebla,Alta,Boeing 737 MAX,55.4,TRUE,21,1.8,204
18923,LIM,BOG,15:15,Martes,1890,Nublado,Media,Embraer E195,90.5,TRUE,11,13.6,180
22499,IAH,PTY,15:15,Martes,2860,Nublado,Media,Embraer E195,81.9,FALSE,26,9.1,253
18376,BOG,LIM,13:00,Lunes,1890,Tormenta,Media,Boeing 737 MAX,60.2,FALSE,25,3.5,181
27751,PTY,EZE,22:30,Domingo,5100,Lluvia,Media,Airbus A350,46,TRUE,49,16.5,413
19043,BGA,MDE,16:00,Viernes,295,Lluvia,Alta,Airbus A320,86.4,TRUE,38,14.8,66
15419,GRU,MIA,07:15,Miércoles,7520,Lluvia,Alta,Boeing 777,74.9,TRUE,14,16.9,584
27901,CLO,MDE,04:00,Sábado,265,Niebla,Media,Embraer E190,74.8,TRUE,4,0.7,47
26229,EZE,AEP,06:30,Domingo,35,Lluvia,Alta,ATR 72,78,FALSE,17,22.8,29
22598,ASU,EZE,13:30,Domingo,1050,Despejado,Alta,Boeing 737 MAX,77.7,TRUE,28,9.6,125
23556,MDZ,EZE,15:30,Lunes,1040,Despejado,Baja,Embraer E195,84.3,FALSE,6,20.2,107
10683,JFK,BOG,10:15,Lunes,3930,Despejado,Alta,Airbus A350,90,TRUE,26,16.3,335
16030,EZE,SCL,09:30,Sábado,1140,Despejado,Baja,Boeing 737 MAX,63.8,FALSE,25,11,110
22471,GRU,FLN,15:45,Miércoles,690,Despejado,Alta,Airbus A320,77.1,FALSE,12,29.8,75
10151,MDZ,EZE,09:30,Jueves,1040,Despejado,Media,Embraer E195,73.6,FALSE,7,10,114
29409,BGA,MDE,07:30,Miércoles,295,Nublado,Media,Airbus A320,71.8,FALSE,24,23,59
15565,CLT,PTY,07:15,Sábado,2890,Despejado,Baja,Boeing 757,71.5,TRUE,14,8,250
13412,MDE,PEI,06:15,Jueves,140,Nublado,Media,Boeing 737,81.4,FALSE,27,9.8,37
18295,CCS,PTY,14:30,Miércoles,1010,Despejado,Baja,Airbus A320neo,32.3,TRUE,46,10.9,120
24878,COR,EZE,02:45,Viernes,695,Lluvia,Media,ATR 72,79.8,FALSE,24,28.4,100
24837,MDE,PTY,13:30,Viernes,715,Tormenta,Baja,Boeing 737,80.5,TRUE,49,4.6,82
18529,SCL,GRU,17:15,Domingo,2620,Nublado,Alta,Embraer E195,81.6,FALSE,38,9.3,245
19148,PTY,BOG,16:45,Miércoles,650,Despejado,Media,Embraer E190,91.7,FALSE,13,11.5,71
26831,CTG,BOG,03:15,Miércoles,135,Lluvia,Baja,Embraer E190,77.4,FALSE,19,11,47
15459,BOG,MDE,08:30,Miércoles,235,Nublado,Alta,ATR 72,83.5,FALSE,43,7.4,38
16139,JFK,BOG,08:45,Domingo,3930,Lluvia,Media,Boeing 787,89,TRUE,19,22.3,335
14437,EZE,SCL,10:30,Domingo,1140,Lluvia,Media,Boeing 737 MAX,95.9,TRUE,11,25.7,115
24820,EZE,AEP,16:00,Lunes,35,Despejado,Media,Embraer E190,58.9,FALSE,45,20,46
14316,PEI,BOG,09:00,Sábado,265,Despejado,Baja,ATR 72,90.4,FALSE,10,19.7,54
25113,MDE,EZE,07:00,Viernes,4900,Despejado,Baja,Boeing 777,89.2,TRUE,10,28.8,403
12662,BOG,EZE,08:00,Miércoles,4650,Despejado,Baja,Boeing 777,84.4,FALSE,48,20.5,395
27552,FLN,GRU,09:00,Sábado,690,Nublado,Baja,Airbus A320,26.2,TRUE,39,25.7,100
23025,PTY,BOG,13:00,Lunes,650,Nublado,Baja,Boeing 737,70.3,FALSE,47,11.7,73
23864,IAH,PTY,15:45,Viernes,2860,Despejado,Media,Embraer E195,52.4,FALSE,27,26.7,238
13789,GUA,PTY,06:45,Martes,820,Nublado,Media,Boeing 757,42.7,TRUE,33,29.8,104
26135,BSB,GRU,21:30,Lunes,870,Nublado,Media,Airbus A320neo,65,FALSE,22,25.9,104
11277,PTY,MEX,09:00,Lunes,2280,Despejado,Alta,Boeing 737 MAX,95.7,TRUE,23,22.2,199
26331,EZE,MVD,15:15,Sábado,210,Niebla,Alta,Airbus A320,94.7,TRUE,38,0.5,54
15906,GRU,CDG,10:00,Miércoles,9400,Despejado,Baja,Airbus A330,68.3,TRUE,26,25.2,737
15116,EZE,MDZ,06:45,Viernes,1040,Despejado,Media,Embraer E195,59.1,TRUE,11,17,106
22693,IGR,EZE,13:30,Viernes,1100,Nublado,Media,Embraer E195,65.6,FALSE,1,11.6,123
10117,BOG,MDE,06:15,Lunes,235,Nublado,Baja,Embraer E190,62.5,FALSE,43,16.9,47
26269,ROS,EZE,20:00,Miércoles,295,Despejado,Baja,Embraer E190,61.2,FALSE,48,22.4,62
27630,GRU,EZE,00:30,Domingo,1760,Lluvia,Media,Boeing 757,92.7,TRUE,26,18.1,158
28770,GRU,POA,08:15,Sábado,1110,Nublado,Baja,Boeing 757,60.8,FALSE,29,8.3,128
21725,GRU,MEX,12:30,Lunes,7300,Tormenta,Media,Boeing 777,64.2,FALSE,23,4.8,586
11113,MDZ,EZE,09:30,Sábado,1040,Despejado,Media,Airbus A320neo,51.7,FALSE,17,18,118
27399,PEI,MDE,08:15,Sábado,140,Despejado,Baja,Airbus A320,48.4,FALSE,3,15.3,51
29675,EZE,IGR,05:45,Domingo,1100,Nublado,Baja,Boeing 737 MAX,85.4,TRUE,14,7.6,113
25810,PTY,IAH,07:15,Jueves,2860,Despejado,Baja,Embraer E195,91.1,FALSE,22,7.2,263
29561,SCL,GRU,20:00,Domingo,2620,Despejado,Media,Embraer E195,81.5,FALSE,36,24.1,217
28585,ROS,EZE,19:30,Miércoles,295,Despejado,Alta,Embraer E190,76.2,TRUE,34,7.2,54
13652,MIA,EZE,07:15,Jueves,7720,Tormenta,Media,Airbus A350,86.3,FALSE,34,1.7,622
18337,EZE,AEP,13:00,Martes,35,Nublado,Baja,ATR 72,63.3,FALSE,10,18.6,42
11256,BOG,CLO,09:45,Sábado,300,Nublado,Media,Boeing 737,89.2,TRUE,42,8.8,52
13685,LIM,GRU,07:30,Lunes,3620,Lluvia,Media,Airbus A330,94.2,FALSE,28,12.3,312
24025,PEI,BOG,18:00,Lunes,265,Despejado,Alta,Embraer E190,84.1,TRUE,27,18,39
25432,BAQ,BOG,05:30,Domingo,145,Despejado,Alta,Embraer E190,78,FALSE,42,7.5,34
28985,BAQ,BOG,06:45,Sábado,145,Despejado,Alta,ATR 72,62.1,FALSE,6,30,59
23692,PTY,CLT,16:45,Viernes,2890,Despejado,Baja,Boeing 737 MAX,48,FALSE,7,15.9,249
12482,PTY,BOG,07:45,Viernes,650,Nublado,Alta,Embraer E190,91.8,TRUE,13,18.2,70
17859,MVD,EZE,17:30,Miércoles,210,Despejado,Baja,Boeing 737,46.4,FALSE,23,8.2,62
17712,GRU,POA,16:00,Martes,1110,Despejado,Media,Boeing 757,66.3,FALSE,49,21.9,132
20157,GRU,POA,18:45,Jueves,1110,Despejado,Baja,Embraer E195,52.8,FALSE,48,22.7,110
27406,PTY,BOG,14:00,Viernes,650,Nublado,Baja,Airbus A320,69.7,TRUE,11,6.9,87
10830,CTG,MDE,06:30,Sábado,365,Despejado,Baja,Boeing 737,39.2,TRUE,42,17,74
27545,GRU,POA,03:00,Jueves,1110,Nublado,Media,Boeing 757,90.5,FALSE,21,10.4,117
11603,JFK,EZE,07:30,Sábado,8530,Nublado,Baja,Boeing 777,76,FALSE,32,18.6,683
26863,EZE,GIG,01:00,Lunes,1970,Nublado,Baja,Boeing 737 MAX,67.4,FALSE,29,21.5,176
13059,EZE,JFK,12:15,Miércoles,8530,Despejado,Baja,Boeing 787,55.7,FALSE,48,27.2,679
24738,EZE,COR,18:30,Lunes,695,Lluvia,Media,Airbus A320,69.8,FALSE,36,9.6,82
20824,PTY,LIM,16:30,Domingo,2970,Lluvia,Media,Airbus A320neo,60.4,FALSE,7,16.4,264
26050,AEP,EZE,18:15,Viernes,35,Nublado,Baja,ATR 72,77.1,FALSE,15,8.9,47
25950,MDE,LIM,21:15,Miércoles,2100,Despejado,Alta,Airbus A320neo,97,TRUE,20,13.9,188
15260,MAD,GRU,08:45,Domingo,9350,Tormenta,Baja,Airbus A350,44.7,TRUE,36,1.3,724
20462,CCS,PTY,17:45,Viernes,1010,Tormenta,Media,Boeing 757,61.1,FALSE,5,4.3,110
21907,PEI,MDE,15:00,Domingo,140,Niebla,Media,Embraer E190,63.5,TRUE,26,0.2,41
19364,CLO,BOG,15:45,Sábado,300,Despejado,Media,Embraer E190,88.5,FALSE,42,27.9,71
27871,LIM,GRU,13:00,Viernes,3620,Nublado,Baja,Airbus A350,92.7,TRUE,16,21.9,311
23964,MDE,BGA,12:45,Miércoles,295,Despejado,Media,ATR 72,85,FALSE,20,18.6,49
26957,ROS,EZE,06:15,Domingo,295,Lluvia,Baja,Embraer E190,71.6,FALSE,7,20,58
11922,LIM,PTY,08:30,Viernes,2970,Tormenta,Alta,Embraer E195,94.1,TRUE,32,3.8,266
21076,PTY,SJO,20:15,Domingo,580,Tormenta,Media,Boeing 737,69.7,TRUE,21,2.9,69
20779,PTY,BOG,17:15,Martes,650,Despejado,Baja,Embraer E190,62.9,FALSE,12,27.2,87
19521,BOG,MDE,20:30,Miércoles,235,Tormenta,Media,Airbus A320,87.8,TRUE,39,3.9,53
21319,LIM,EZE,13:15,Miércoles,3150,Despejado,Baja,Airbus A330,76.5,TRUE,1,12.5,275
22232,AEP,EZE,17:45,Viernes,35,Lluvia,Baja,Boeing 737,87.1,FALSE,20,23.4,33
17597,BOG,MAD,14:00,Viernes,8680,Tormenta,Media,Airbus A350,68.4,FALSE,24,4.7,691
25346,BOG,BGA,08:00,Viernes,310,Lluvia,Alta,Airbus A320,76.5,FALSE,40,11.5,64
13852,PTY,MDE,08:45,Jueves,715,Tormenta,Media,Embraer E190,79.2,FALSE,47,4.1,89
13939,EZE,AEP,07:30,Miércoles,35,Lluvia,Media,Airbus A320,51.3,TRUE,24,5.7,30
23865,JFK,GRU,15:30,Viernes,7680,Niebla,Media,Boeing 787,67.2,FALSE,16,1.7,624
14497,MDE,CTG,08:30,Jueves,365,Despejado,Media,Boeing 737,67.6,TRUE,21,23.9,57
24157,ROS,EZE,05:00,Miércoles,295,Nublado,Media,Embraer E190,31.1,FALSE,7,23.9,45
17890,MDE,CLO,17:30,Domingo,265,Despejado,Baja,Boeing 737,62.5,FALSE,12,19.7,45
24719,PTY,GRU,22:15,Domingo,4630,Despejado,Baja,Boeing 777,98.5,FALSE,29,28.6,395
24337,SCL,EZE,22:30,Martes,1140,Despejado,Media,Boeing 737 MAX,45,FALSE,49,26.4,118
16536,BOG,CTG,09:00,Sábado,135,Lluvia,Media,Embraer E190,84.7,FALSE,28,18.3,43
13608,MEX,BOG,10:45,Jueves,2700,Nublado,Media,Airbus A320neo,65.1,FALSE,40,18.2,230
23896,EZE,ASU,14:15,Sábado,1050,Nublado,Media,Embraer E195,90.1,TRUE,42,15.9,116
11321,CDG,GRU,10:45,Jueves,9400,Nublado,Baja,Airbus A350,75.9,FALSE,40,16.5,739
22753,PTY,JFK,15:45,Domingo,3520,Niebla,Media,Airbus A350,86.4,FALSE,48,0.4,287
27281,BOG,MIA,09:30,Viernes,3160,Despejado,Alta,Airbus A330,72.3,TRUE,2,15.3,264
23540,LIM,GRU,14:45,Jueves,3620,Niebla,Media,Airbus A350,35.2,FALSE,43,2.1,303
10169,PTY,SJO,09:45,Sábado,580,Despejado,Alta,Airbus A320,38.1,FALSE,14,28.6,73
28390,BOG,LIM,18:00,Lunes,1890,Despejado,Baja,Boeing 737 MAX,82.7,TRUE,17,12.3,162
22500,EZE,GIG,18:30,Viernes,1970,Despejado,Baja,Embraer E195,80.4,FALSE,49,27.4,177
27646,GRU,SSA,19:15,Sábado,1940,Despejado,Media,Airbus A320neo,60,FALSE,12,23.6,186
23350,PEI,BOG,16:45,Lunes,265,Niebla,Baja,Airbus A320,55.5,FALSE,24,1.5,45
22781,PEI,MDE,13:00,Viernes,140,Despejado,Baja,ATR 72,88.8,FALSE,22,13.3,42
24065,PEI,BOG,02:15,Domingo,265,Despejado,Baja,ATR 72,69.1,FALSE,26,18,51
10399,ROS,EZE,08:30,Viernes,295,Tormenta,Media,Boeing 737,51.6,FALSE,5,2.7,71
16028,CTG,BOG,07:30,Domingo,135,Lluvia,Baja,Boeing 737,68.3,FALSE,8,26.3,52
15866,EZE,MDZ,08:45,Viernes,1040,Despejado,Media,Airbus A320neo,46.9,FALSE,39,22.2,114
10150,MDE,MIA,08:30,Miércoles,2750,Despejado,Alta,Airbus A320neo,68.5,FALSE,6,10.3,230
13070,BRC,EZE,07:30,Viernes,1650,Despejado,Baja,Boeing 757,91.1,FALSE,35,28,148
26255,BRC,EZE,21:15,Jueves,1650,Nublado,Baja,Boeing 737 MAX,83.4,TRUE,28,18.9,151
10095,BOG,CLO,07:00,Lunes,300,Despejado,Baja,Embraer E190,81.6,TRUE,13,17,67
27436,GRU,MAD,18:15,Jueves,9350,Lluvia,Alta,Boeing 777,44,FALSE,21,23.1,740
23578,GRU,EZE,11:30,Domingo,1760,Despejado,Media,Boeing 757,81.4,FALSE,17,15.8,172
21959,BOG,PTY,10:00,Lunes,650,Nublado,Baja,Embraer E190,69,FALSE,3,17.2,86
23335,FLN,GRU,19:45,Jueves,690,Nublado,Baja,Airbus A320,99.5,FALSE,48,11.3,76
16068,PEI,BOG,08:00,Viernes,265,Despejado,Media,Airbus A320,83.1,TRUE,15,24.2,44
22819,GRU,MIA,14:15,Sábado,7520,Lluvia,Baja,Airbus A350,43.1,TRUE,32,24.8,591
11497,IGR,EZE,10:15,Lunes,1100,Tormenta,Baja,Boeing 757,65.9,FALSE,28,2.7,109
16661,MVD,GRU,08:15,Domingo,1550,Despejado,Baja,Embraer E195,45.3,TRUE,34,18.8,159
23252,UIO,EZE,13:00,Lunes,3900,Nublado,Alta,Airbus A350,83.9,FALSE,43,12.6,334
16872,PTY,MIA,07:00,Domingo,2200,Nublado,Alta,Embraer E195,63.5,TRUE,16,21.9,207
22216,PTY,CLT,14:15,Miércoles,2890,Despejado,Media,Airbus A320neo,68.8,FALSE,41,12.1,256
17862,SCL,EZE,12:15,Viernes,1140,Nublado,Baja,Airbus A320neo,83,TRUE,30,10.4,116
17145,MIA,BOG,17:45,Lunes,3160,Lluvia,Media,Airbus A330,65.7,FALSE,2,11.6,267
27787,PTY,CCS,20:00,Viernes,1010,Despejado,Alta,Boeing 757,81.8,FALSE,14,22,114
28603,JFK,PTY,20:45,Miércoles,3520,Lluvia,Baja,Boeing 787,96.7,FALSE,10,11.6,309
13747,CLT,PTY,08:00,Domingo,2890,Nublado,Media,Boeing 757,66.6,TRUE,29,7.8,265
22244,MIA,PTY,17:45,Martes,2200,Despejado,Baja,Airbus A320neo,76.6,FALSE,38,11,198
26967,MDE,CLO,12:15,Lunes,265,Niebla,Media,Airbus A320,79.1,FALSE,8,1.2,63
19195,BOG,BAQ,15:15,Sábado,145,Lluvia,Media,Airbus A320,48.7,TRUE,25,10.5,52
29310,GRU,POA,09:15,Sábado,1110,Despejado,Baja,Boeing 757,91.3,FALSE,34,7.1,123
29480,BOG,PTY,06:00,Lunes,650,Nublado,Baja,ATR 72,84.1,TRUE,2,21.9,90
11930,PTY,BOG,09:30,Lunes,650,Tormenta,Media,Embraer E190,95.9,FALSE,44,4.3,75
22831,AEP,EZE,13:45,Martes,35,Niebla,Baja,Boeing 737,77.4,FALSE,11,2.7,46
20440,TUC,EZE,14:30,Sábado,1230,Despejado,Baja,Airbus A320neo,90,FALSE,19,20.2,130
24999,BSB,GRU,17:30,Sábado,870,Niebla,Baja,Boeing 737 MAX,58.5,TRUE,43,1.9,112
11968,GRU,FLN,10:15,Lunes,690,Despejado,Media,Embraer E190,50.5,TRUE,28,11.2,80
19782,EZE,TUC,15:00,Domingo,1230,Despejado,Baja,Embraer E195,61.6,FALSE,17,13.9,134
23253,UIO,MDE,15:45,Martes,960,Lluvia,Media,Boeing 757,47,FALSE,23,27.2,113
11635,GRU,GIG,09:00,Jueves,360,Despejado,Baja,Airbus A320,68.6,TRUE,16,24.2,65
18785,CLO,MDE,12:00,Miércoles,265,Tormenta,Media,ATR 72,80.7,FALSE,4,1.7,52
16614,BAQ,MDE,09:45,Jueves,310,Tormenta,Media,Embraer E190,89.2,TRUE,42,2.7,66
20740,GRU,FLN,17:15,Martes,690,Despejado,Baja,ATR 72,68.5,FALSE,39,13.2,95
17709,BOG,BAQ,16:30,Sábado,145,Niebla,Baja,ATR 72,73,TRUE,27,3,39
29501,EZE,SCL,08:15,Sábado,1140,Despejado,Baja,Boeing 737 MAX,93.2,TRUE,23,22,121
25880,BAQ,BOG,14:45,Domingo,145,Lluvia,Media,Airbus A320,91.7,TRUE,38,21.7,55
21140,EZE,GRU,15:00,Sábado,1760,Despejado,Media,Boeing 737 MAX,74.8,FALSE,10,24.4,171
19353,BOG,CCS,17:15,Lunes,1010,Despejado,Alta,Boeing 757,75.2,FALSE,43,5.5,102
11480,BOG,MIA,08:00,Miércoles,3160,Despejado,Alta,Airbus A330,75.2,FALSE,36,6.4,261
17914,GRU,SCL,17:45,Viernes,2620,Nublado,Baja,Boeing 737 MAX,61.8,FALSE,19,26.5,220
17337,TUC,EZE,10:00,Domingo,1230,Despejado,Alta,Embraer E195,76.5,FALSE,40,16,127
11499,PEI,MDE,07:15,Sábado,140,Nublado,Baja,Embraer E190,93.7,FALSE,44,21.4,37
28384,MDE,PEI,17:30,Sábado,140,Niebla,Alta,Embraer E190,87.8,TRUE,2,0.6,58
18901,MDZ,EZE,15:15,Miércoles,1040,Lluvia,Media,Boeing 757,72.1,FALSE,34,18.1,115
25896,MVD,GRU,16:00,Sábado,1550,Despejado,Media,Embraer E195,43.6,FALSE,14,16.1,161
22617,AEP,EZE,17:30,Viernes,35,Lluvia,Media,Embraer E190,68.9,FALSE,14,5,34
15720,GRU,SSA,08:30,Sábado,1940,Despejado,Baja,Airbus A320neo,69.5,FALSE,38,12.9,193
22289,BOG,GRU,14:15,Martes,3940,Lluvia,Media,Airbus A330,61.4,TRUE,25,28.2,323
11333,MIA,MDE,06:45,Lunes,2750,Nublado,Media,Boeing 737 MAX,79.1,FALSE,42,17.2,229
17271,MVD,EZE,15:45,Sábado,210,Nublado,Media,Embraer E190,72.6,TRUE,35,19.6,40
23846,PEI,MDE,14:45,Sábado,140,Niebla,Media,Airbus A320,47.4,FALSE,39,1.2,56
23166,LIM,BOG,16:45,Jueves,1890,Nublado,Alta,Airbus A320neo,57.4,TRUE,47,29.8,174
12689,SJO,PTY,06:45,Jueves,580,Despejado,Baja,ATR 72,85.7,FALSE,39,7.5,65
11715,GRU,GIG,09:00,Sábado,360,Despejado,Baja,Embraer E190,44.4,TRUE,12,29.3,70
27589,CTG,BOG,01:45,Viernes,135,Lluvia,Media,Embraer E190,42.9,TRUE,39,21.6,43
20614,CLO,BOG,14:00,Martes,300,Lluvia,Media,Boeing 737,87.1,FALSE,18,10,42
25076,MDE,CTG,07:15,Sábado,365,Nublado,Baja,Airbus A320,93.1,FALSE,49,12.6,71
21196,CTG,BOG,10:30,Viernes,135,Lluvia,Alta,ATR 72,69,FALSE,11,21.3,49
25354,CTG,BOG,11:45,Viernes,135,Despejado,Alta,Airbus A320,55.8,TRUE,28,25.4,37
27389,MDE,BAQ,12:00,Miércoles,310,Niebla,Alta,ATR 72,80.1,FALSE,27,1.2,53
13856,BOG,CTG,06:00,Martes,135,Tormenta,Alta,Embraer E190,64.4,TRUE,6,0.7,56
26427,MDE,BGA,16:00,Martes,295,Despejado,Media,Embraer E190,96,FALSE,30,18.3,43
14114,MDE,JFK,07:15,Viernes,3560,Despejado,Baja,Boeing 787,51.7,FALSE,36,6.8,294
18226,PTY,SJO,16:30,Jueves,580,Niebla,Baja,Boeing 737,54.9,TRUE,44,2.3,92
24864,MDE,BGA,01:15,Miércoles,295,Lluvia,Alta,Airbus A320,81.7,FALSE,25,17.4,66
12716,MDE,UIO,07:45,Martes,960,Tormenta,Media,Embraer E195,61.4,FALSE,22,5,103
21371,NQN,EZE,11:30,Lunes,1150,Lluvia,Alta,Airbus A320neo,38.2,FALSE,32,19.3,130
10317,BOG,MDE,08:15,Jueves,235,Niebla,Media,Airbus A320,88,TRUE,23,2.7,52
16979,EZE,TUC,06:15,Viernes,1230,Despejado,Media,Embraer E195,87.1,TRUE,34,29.4,141
25520,GRU,CWB,08:15,Jueves,410,Tormenta,Baja,Airbus A320,56.3,FALSE,9,3.9,60
28486,GRU,SCL,16:30,Lunes,2620,Lluvia,Baja,Airbus A320neo,95.4,FALSE,11,21.8,231
29631,UIO,EZE,09:00,Lunes,3900,Nublado,Alta,Airbus A350,34.8,TRUE,21,25.6,322
25610,BOG,CCS,05:00,Miércoles,1010,Despejado,Alta,Airbus A320neo,82.7,FALSE,19,18.4,107
17008,GRU,GIG,12:45,Viernes,360,Despejado,Media,ATR 72,82.3,TRUE,4,27.3,56
12819,GRU,AMS,05:45,Sábado,9850,Nublado,Media,Airbus A330,84.4,FALSE,18,5.3,782
15501,CLT,PTY,07:45,Domingo,2890,Nublado,Alta,Boeing 737 MAX,65.7,TRUE,14,19.6,254
10951,MAD,EZE,06:45,Viernes,10050,Tormenta,Media,Boeing 787,89.9,FALSE,16,2.5,786
21334,MVD,EZE,13:30,Sábado,210,Despejado,Media,Embraer E190,88.4,FALSE,6,5.9,58
14603,BGA,BOG,08:15,Martes,310,Nublado,Baja,Airbus A320,81.9,FALSE,4,19.2,43
22304,BOG,BAQ,14:30,Martes,145,Lluvia,Media,Airbus A320,35.6,FALSE,3,7.1,33
10031,SCL,EZE,09:45,Martes,1140,Lluvia,Alta,Boeing 757,86.2,FALSE,28,15.9,105
16904,MIA,GRU,07:00,Jueves,7520,Nublado,Media,Airbus A330,92.2,TRUE,20,20.1,590
11640,MIA,MDE,07:00,Sábado,2750,Nublado,Media,Boeing 757,89.2,FALSE,31,29.2,255
16418,BOG,LIM,05:45,Domingo,1890,Nublado,Baja,Embraer E195,62.9,FALSE,41,12.8,171
17977,FLN,GRU,19:15,Jueves,690,Niebla,Media,Embraer E190,83,FALSE,5,0.4,91
24406,CLO,BOG,17:30,Sábado,300,Nublado,Alta,ATR 72,31.4,TRUE,9,27.9,56
14457,BOG,CCS,05:45,Martes,1010,Nublado,Media,Airbus A320neo,86.9,FALSE,13,18.8,105
21829,MDE,BOG,12:30,Miércoles,235,Niebla,Media,Boeing 737,68.2,FALSE,15,0.5,58
25482,BOG,BAQ,19:00,Sábado,145,Despejado,Media,Boeing 737,43.2,FALSE,32,28.5,34
26892,POA,GRU,07:45,Sábado,1110,Nublado,Media,Boeing 757,63.8,TRUE,49,9.4,125
16114,AMS,GRU,07:45,Domingo,9850,Despejado,Baja,Boeing 787,80.6,FALSE,31,13,774
16358,GRU,LIM,08:45,Martes,3620,Niebla,Media,Airbus A350,45.1,FALSE,23,1.4,310
11966,MIA,GRU,07:00,Miércoles,7520,Despejado,Alta,Airbus A350,76.1,TRUE,12,28.6,609
27387,FLN,GRU,11:45,Viernes,690,Despejado,Alta,ATR 72,92,FALSE,17,17,83
11585,MDE,BGA,07:15,Domingo,295,Niebla,Baja,ATR 72,68.1,FALSE,16,1.6,57
12026,PTY,GUA,08:15,Viernes,820,Tormenta,Media,Boeing 757,87.4,FALSE,34,3.3,86
28783,CDG,GRU,22:30,Viernes,9400,Lluvia,Alta,Boeing 787,67.2,TRUE,36,13.8,732
19618,CLO,BOG,13:00,Lunes,300,Nublado,Alta,ATR 72,52.4,FALSE,38,18.2,60
23847,NQN,EZE,12:15,Lunes,1150,Despejado,Alta,Airbus A320neo,82.6,TRUE,34,8.3,123
29695,GRU,CWB,01:45,Jueves,410,Despejado,Baja,Boeing 737,79.7,TRUE,17,14.9,74
25883,BOG,PEI,08:00,Lunes,265,Despejado,Baja,ATR 72,54.8,FALSE,1,16.1,48
24577,MDE,CTG,15:15,Domingo,365,Despejado,Baja,ATR 72,97.5,FALSE,42,8.4,52
28046,EZE,MIA,12:45,Lunes,7720,Nublado,Baja,Boeing 787,62,FALSE,8,16.8,613
12929,GRU,PTY,07:45,Viernes,4630,Despejado,Media,Boeing 787,75.4,FALSE,2,5.8,383
28458,MDE,PTY,17:30,Sábado,715,Nublado,Alta,Embraer E190,88.1,FALSE,43,15,100
21323,BOG,MEX,15:30,Jueves,2700,Lluvia,Media,Boeing 737 MAX,90.3,TRUE,16,28.2,243
18484,PTY,BOG,14:00,Sábado,650,Despejado,Baja,Boeing 737,99.1,TRUE,14,16.2,87
28399,AMS,GRU,00:00,Lunes,9850,Despejado,Baja,Airbus A330,27.2,FALSE,38,14.1,769
24064,MAD,EZE,11:00,Miércoles,10050,Despejado,Media,Boeing 777,79.5,FALSE,18,15.3,776
28497,GRU,MIA,02:00,Miércoles,7520,Tormenta,Baja,Airbus A330,71,FALSE,26,3.1,593
29752,UIO,EZE,09:30,Martes,3900,Despejado,Media,Boeing 787,81.3,TRUE,17,11.8,315
11594,CLO,MDE,08:00,Miércoles,265,Despejado,Alta,ATR 72,49.9,TRUE,5,13,62
19660,GRU,MVD,14:15,Domingo,1550,Despejado,Alta,Embraer E195,89.2,FALSE,48,24.5,143
16533,BOG,PTY,07:00,Domingo,650,Nublado,Media,Embraer E190,52.3,FALSE,36,5.9,84
10701,MDE,BGA,08:45,Viernes,295,Nublado,Baja,Airbus A320,76.4,FALSE,17,18.1,68
23645,EZE,GRU,17:30,Jueves,1760,Tormenta,Media,Embraer E195,56.3,FALSE,37,1.3,164
25426,PTY,MEX,03:00,Martes,2280,Despejado,Media,Boeing 757,87.4,FALSE,1,19.5,197
19129,BOG,PEI,15:00,Viernes,265,Nublado,Alta,Airbus A320,84,TRUE,4,6.3,45
24809,BRC,EZE,22:15,Lunes,1650,Despejado,Media,Boeing 757,85.1,FALSE,2,23.6,158
16199,GIG,GRU,06:30,Sábado,360,Lluvia,Baja,Embraer E190,86,FALSE,28,8.2,54
13996,BOG,CTG,08:15,Viernes,135,Lluvia,Media,Boeing 737,82.4,FALSE,41,24,35
17472,CWB,GRU,13:30,Miércoles,410,Nublado,Media,Embraer E190,70.3,TRUE,29,15.4,53
11315,PTY,CLT,09:45,Miércoles,2890,Despejado,Media,Boeing 757,97,TRUE,15,22.1,242
18740,CTG,BOG,14:30,Sábado,135,Lluvia,Media,ATR 72,84.9,FALSE,24,25.2,45
10765,PTY,SJO,07:00,Viernes,580,Niebla,Baja,Embraer E190,68.1,TRUE,29,1.1,76
27734,GRU,GIG,01:45,Martes,360,Despejado,Baja,Airbus A320,63.6,FALSE,1,12.3,55
14343,MIA,GRU,07:30,Domingo,7520,Niebla,Media,Boeing 777,84.7,TRUE,36,1.1,613
15953,EZE,ROS,06:00,Miércoles,295,Lluvia,Baja,Airbus A320,89,FALSE,39,18.4,46
17320,POA,GRU,16:00,Miércoles,1110,Nublado,Baja,Embraer E195,79.8,FALSE,44,15.4,119
22549,COR,EZE,12:45,Miércoles,695,Despejado,Alta,Boeing 737,75.5,TRUE,23,28.2,91
19836,LIM,GRU,15:45,Jueves,3620,Despejado,Baja,Boeing 787,71.7,FALSE,41,16,306
23989,MDE,GRU,13:15,Jueves,4180,Nublado,Baja,Airbus A350,65.8,FALSE,1,15.3,362
10039,PEI,MDE,06:15,Viernes,140,Tormenta,Media,Embraer E190,55.5,TRUE,46,1.3,49
13614,BOG,BGA,08:45,Martes,310,Despejado,Alta,Embraer E190,93.3,FALSE,10,9.1,46
11456,BAQ,MDE,07:45,Lunes,310,Despejado,Baja,Airbus A320,66.3,FALSE,40,26.8,45
25111,PTY,JFK,17:00,Sábado,3520,Nublado,Alta,Boeing 787,81.5,FALSE,34,12.6,305
23344,MIA,MDE,17:00,Domingo,2750,Despejado,Alta,Embraer E195,81.3,FALSE,21,7.2,234
18140,AMS,GRU,14:45,Martes,9850,Nublado,Media,Boeing 787,97.1,TRUE,47,19.1,766
12895,AEP,EZE,06:30,Jueves,35,Niebla,Baja,Airbus A320,51.2,FALSE,22,2.6,40
23254,BOG,BGA,14:45,Viernes,310,Niebla,Alta,Embraer E190,82.3,FALSE,36,2.9,55
17782,EZE,TUC,14:30,Domingo,1230,Tormenta,Media,Boeing 757,41.4,FALSE,10,0.6,118
15626,BOG,LIM,05:15,Sábado,1890,Lluvia,Baja,Embraer E195,78.6,FALSE,12,20,164
28270,EZE,AEP,19:15,Lunes,35,Despejado,Alta,Airbus A320,37.1,FALSE,35,14.6,25
26919,BOG,BGA,06:00,Martes,310,Nublado,Baja,ATR 72,85.6,FALSE,10,12.2,55
11054,LIM,GRU,07:00,Sábado,3620,Nublado,Media,Airbus A330,86.2,FALSE,46,6.3,294
23696,BOG,BAQ,16:30,Domingo,145,Tormenta,Baja,Airbus A320,73.1,FALSE,18,4.4,46
20334,GRU,SCL,14:45,Martes,2620,Despejado,Media,Airbus A320neo,82.3,FALSE,32,6.2,220
24868,EZE,AEP,18:45,Sábado,35,Despejado,Baja,ATR 72,65.8,TRUE,20,7,43
23962,PEI,MDE,15:00,Jueves,140,Despejado,Baja,Embraer E190,81.4,TRUE,29,12.9,42
22551,EZE,MAD,16:45,Viernes,10050,Nublado,Alta,Airbus A330,56.4,TRUE,29,6.4,786
16146,BOG,MDE,06:30,Sábado,235,Nublado,Media,Airbus A320,64.7,FALSE,20,6.9,40
15949,CWB,GRU,05:15,Jueves,410,Despejado,Baja,Airbus A320,63.7,TRUE,44,19.4,53
12808,PTY,MDE,04:00,Domingo,715,Lluvia,Media,Embraer E190,70,FALSE,20,10.6,73
24158,POA,GRU,03:30,Miércoles,1110,Nublado,Alta,Boeing 737 MAX,79.4,TRUE,44,8.8,110
17557,SCL,GRU,13:45,Sábado,2620,Lluvia,Alta,Airbus A320neo,79.1,FALSE,39,22.4,238
23899,PEI,BOG,16:30,Domingo,265,Nublado,Alta,Embraer E190,56.9,TRUE,3,20.2,53
10305,EZE,TUC,05:00,Domingo,1230,Tormenta,Baja,Airbus A320neo,70.5,TRUE,5,0.7,112
28891,SSA,GRU,01:45,Martes,1940,Lluvia,Media,Embraer E195,74.7,FALSE,38,5.9,188
15225,BOG,EZE,09:15,Jueves,4650,Despejado,Media,Airbus A330,55.8,FALSE,37,13,381
25120,BOG,PEI,22:30,Sábado,265,Despejado,Alta,Embraer E190,86.4,FALSE,43,24.5,67
17729,EZE,MVD,14:00,Viernes,210,Despejado,Alta,ATR 72,71.4,TRUE,3,5.1,61
27203,MDE,PTY,00:00,Sábado,715,Nublado,Media,ATR 72,78.3,TRUE,40,6.4,80
16696,BOG,CCS,06:45,Jueves,1010,Despejado,Media,Boeing 757,59.8,TRUE,15,22,97
25404,MVD,GRU,04:15,Jueves,1550,Lluvia,Media,Airbus A320neo,58.6,FALSE,30,16.2,144
10253,PTY,MEX,06:45,Viernes,2280,Despejado,Media,Boeing 757,37.7,FALSE,32,11.5,206
10512,JFK,MDE,09:00,Viernes,3560,Despejado,Media,Boeing 777,75.1,FALSE,15,5.1,308
27733,EZE,AEP,10:30,Viernes,35,Despejado,Media,ATR 72,78.9,FALSE,9,29.1,51
23001,BGA,MDE,17:30,Lunes,295,Despejado,Media,Embraer E190,39,TRUE,43,15.1,70
25309,TUC,EZE,19:30,Viernes,1230,Despejado,Media,Boeing 737 MAX,78.3,FALSE,32,24.1,129
16970,CTG,MDE,07:15,Martes,365,Despejado,Media,ATR 72,60.1,TRUE,13,29.9,64
28532,MDE,BGA,04:00,Sábado,295,Despejado,Alta,Boeing 737,55.1,FALSE,24,9,66
19359,MDE,CLO,17:45,Viernes,265,Tormenta,Baja,Airbus A320,77.5,TRUE,12,1.5,45
22358,MDE,PTY,16:15,Miércoles,715,Lluvia,Media,Boeing 737,92.5,FALSE,14,5.9,87
28125,GRU,CWB,08:30,Jueves,410,Nublado,Media,Boeing 737,96.3,FALSE,14,9.4,74
10751,EZE,PTY,05:15,Viernes,5100,Tormenta,Baja,Airbus A330,83.5,FALSE,40,1,429
25546,GRU,MVD,00:30,Jueves,1550,Despejado,Media,Airbus A320neo,84.3,FALSE,26,12.4,145
19855,EZE,MAD,15:45,Jueves,10050,Nublado,Media,Airbus A350,92.6,FALSE,25,10.9,795
10743,BOG,MEX,05:30,Lunes,2700,Despejado,Media,Boeing 737 MAX,80.2,TRUE,18,18.4,228
29369,MEX,GRU,07:15,Lunes,7300,Despejado,Media,Boeing 787,48.8,TRUE,39,14.4,567
10177,MAD,EZE,08:30,Sábado,10050,Tormenta,Media,Airbus A350,54.8,FALSE,16,2.6,800
21207,MIA,GRU,17:30,Viernes,7520,Nublado,Baja,Airbus A330,86.1,TRUE,39,28.2,611
18286,MVD,GRU,13:15,Miércoles,1550,Lluvia,Media,Embraer E195,63.5,FALSE,39,13.8,165
27560,MVD,EZE,05:45,Miércoles,210,Nublado,Media,Embraer E190,71.2,FALSE,19,12.7,51
22866,GRU,EZE,14:45,Sábado,1760,Despejado,Baja,Boeing 757,89.9,FALSE,15,18.2,179
19578,MIA,PTY,14:45,Domingo,2200,Niebla,Baja,Embraer E195,95,FALSE,17,2.2,191
18770,UIO,BOG,16:30,Domingo,730,Despejado,Baja,Airbus A320,70.3,TRUE,19,26.9,95
16887,BOG,CLO,05:15,Jueves,300,Despejado,Media,Airbus A320,90.7,FALSE,38,14.1,69
18192,GIG,EZE,12:30,Sábado,1970,Despejado,Baja,Boeing 757,63,TRUE,46,24.9,196
27416,BOG,BAQ,05:15,Domingo,145,Despejado,Baja,Boeing 737,65.7,FALSE,39,13,30
24323,GRU,SCL,14:00,Jueves,2620,Despejado,Media,Boeing 737 MAX,43.1,FALSE,45,23,232
10382,MDE,BGA,06:00,Jueves,295,Despejado,Alta,Airbus A320,49.5,TRUE,22,25,58
24753,MDE,PEI,19:00,Martes,140,Despejado,Baja,Airbus A320,64.3,TRUE,37,26,56
19932,PTY,UIO,13:30,Sábado,1420,Lluvia,Alta,Embraer E195,82,FALSE,34,22.9,147
25887,CWB,GRU,12:45,Viernes,410,Niebla,Media,Embraer E190,92.3,TRUE,15,1.1,74
17202,BOG,MIA,14:45,Miércoles,3160,Despejado,Baja,Airbus A350,66.2,TRUE,22,22.7,275
19746,CCS,EZE,13:00,Martes,4300,Nublado,Baja,Airbus A350,81.5,TRUE,5,26.7,349
24806,CTG,BOG,02:15,Martes,135,Despejado,Baja,Airbus A320,91.6,TRUE,25,24.4,33
18646,GRU,EZE,14:15,Sábado,1760,Despejado,Alta,Airbus A320neo,56.1,FALSE,15,15.3,163
19871,EZE,ROS,19:45,Martes,295,Despejado,Media,Boeing 737,92.8,TRUE,9,21,45
17516,GRU,MEX,15:45,Viernes,7300,Nublado,Baja,Boeing 777,47.1,TRUE,1,26.9,581
16016,MDE,CLO,06:45,Miércoles,265,Tormenta,Baja,ATR 72,57.6,FALSE,10,0.7,68
25808,BAQ,BOG,21:30,Jueves,145,Despejado,Baja,Boeing 737,90.8,FALSE,39,9.2,35
19779,GRU,SSA,13:00,Viernes,1940,Nublado,Baja,Boeing 737 MAX,69.8,FALSE,24,22.7,189
23267,GRU,EZE,14:45,Lunes,1760,Lluvia,Baja,Embraer E195,84.5,FALSE,24,9.1,158
18744,GRU,LIM,14:45,Domingo,3620,Despejado,Media,Boeing 777,76.1,TRUE,14,5.1,310
10985,BOG,BGA,05:30,Viernes,310,Tormenta,Media,Embraer E190,79.2,FALSE,12,4.4,61
10440,GRU,AMS,08:00,Jueves,9850,Nublado,Media,Boeing 777,32,FALSE,36,12.2,767
18399,PTY,CLT,17:00,Sábado,2890,Nublado,Media,Embraer E195,79.6,FALSE,21,15.6,252
13782,PTY,CCS,08:30,Jueves,1010,Nublado,Media,Embraer E195,70.8,TRUE,46,27.7,118
25655,SCL,GRU,12:30,Miércoles,2620,Nublado,Media,Boeing 757,58.3,TRUE,48,23.5,243
22732,UIO,PTY,17:45,Domingo,1420,Despejado,Alta,Embraer E195,89.1,FALSE,48,22.9,135
29531,AEP,EZE,11:45,Martes,35,Despejado,Alta,Airbus A320,87.5,FALSE,37,16.8,48
15473,MDE,CTG,08:45,Lunes,365,Nublado,Alta,ATR 72,84.9,FALSE,23,17.7,58
22197,EZE,PTY,13:30,Viernes,5100,Niebla,Alta,Boeing 777,90.2,FALSE,36,0.6,404
28910,BGA,MDE,02:45,Lunes,295,Lluvia,Alta,Embraer E190,70,FALSE,4,14.3,60
23800,ROS,EZE,19:00,Lunes,295,Despejado,Baja,Embraer E190,51.5,FALSE,27,18.8,51
23189,ROS,EZE,15:15,Viernes,295,Nublado,Media,Boeing 737,90.9,TRUE,4,16.8,47
22510,EZE,GIG,14:30,Sábado,1970,Despejado,Baja,Boeing 737 MAX,88.1,FALSE,45,26.6,178
11227,MEX,PTY,06:45,Lunes,2280,Lluvia,Baja,Embraer E195,66.7,FALSE,40,27.1,193
17986,JFK,EZE,12:30,Domingo,8530,Despejado,Baja,Airbus A330,57.5,TRUE,27,20.1,667
24184,BGA,BOG,18:30,Domingo,310,Despejado,Alta,Embraer E190,75.7,FALSE,27,10.9,57
21634,LIM,MDE,16:45,Domingo,2100,Despejado,Media,Boeing 757,66.4,FALSE,47,7,199
27958,BGA,BOG,09:30,Miércoles,310,Lluvia,Alta,Airbus A320,92.1,FALSE,15,23.8,52
10904,IGR,EZE,07:45,Sábado,1100,Tormenta,Alta,Embraer E195,43.9,FALSE,26,1.3,128
23981,UIO,PTY,20:00,Miércoles,1420,Despejado,Baja,Airbus A320neo,90.3,FALSE,41,15.4,145
25271,EZE,BRC,10:15,Viernes,1650,Despejado,Media,Airbus A320neo,86.1,TRUE,2,15.3,164
18281,CLO,MDE,13:00,Domingo,265,Lluvia,Baja,Boeing 737,57.7,FALSE,13,16.2,49
17108,LIM,PTY,14:45,Domingo,2970,Despejado,Baja,Boeing 737 MAX,89.1,FALSE,23,21.2,252
23343,UIO,EZE,18:00,Viernes,3900,Nublado,Baja,Airbus A330,74.4,FALSE,21,26,340
21009,BOG,EZE,13:00,Martes,4650,Despejado,Media,Boeing 777,91.5,FALSE,8,17.9,379
10367,BOG,CTG,09:15,Martes,135,Nublado,Baja,Airbus A320,79.8,TRUE,37,5.6,33
20135,MDE,CTG,15:00,Viernes,365,Lluvia,Baja,Airbus A320,93.1,FALSE,31,9.3,73
13080,MAD,GRU,06:45,Miércoles,9350,Nublado,Alta,Airbus A330,73.2,TRUE,40,14.6,750
26768,GRU,AMS,11:00,Lunes,9850,Despejado,Media,Boeing 777,87.6,FALSE,33,19.8,767
13017,MDE,LIM,06:15,Domingo,2100,Despejado,Baja,Boeing 737 MAX,22.6,TRUE,23,5,205
16937,GRU,EZE,06:45,Viernes,1760,Tormenta,Alta,Airbus A320neo,69.2,FALSE,19,4.9,166
27994,ROS,EZE,16:15,Sábado,295,Despejado,Media,Embraer E190,98.7,FALSE,28,28.7,51
20747,MDE,PTY,16:15,Sábado,715,Despejado,Baja,Airbus A320,86.6,TRUE,35,25.9,99
11654,GRU,POA,08:30,Sábado,1110,Despejado,Alta,Boeing 737 MAX,76.1,TRUE,1,27.7,108
25924,GRU,MVD,04:30,Jueves,1550,Despejado,Baja,Embraer E195,57.6,FALSE,1,30,162
13423,EZE,NQN,08:30,Domingo,1150,Nublado,Media,Boeing 757,71.9,FALSE,43,21.7,134
23314,MVD,GRU,14:30,Viernes,1550,Despejado,Media,Boeing 737 MAX,53.3,FALSE,18,9.9,139
25869,PTY,SJO,09:30,Miércoles,580,Nublado,Media,Boeing 737,85.5,FALSE,8,29.8,71
18926,SJO,PTY,16:15,Domingo,580,Nublado,Media,Airbus A320,91.1,FALSE,9,9.6,90
23187,EZE,SCL,18:45,Martes,1140,Despejado,Baja,Boeing 757,91.9,TRUE,35,16.2,126
11207,MEX,PTY,09:00,Lunes,2280,Despejado,Media,Airbus A320neo,43.2,FALSE,35,9.2,202
22716,MEX,BOG,14:15,Lunes,2700,Lluvia,Media,Embraer E195,78.9,FALSE,16,9,248
18929,EZE,MDZ,13:45,Miércoles,1040,Tormenta,Media,Airbus A320neo,72.4,FALSE,32,3.6,119
24478,EZE,ASU,01:45,Miércoles,1050,Nublado,Baja,Boeing 757,72.4,TRUE,28,14,125
11487,ROS,EZE,08:30,Viernes,295,Nublado,Baja,Boeing 737,65,FALSE,7,12.9,58
22327,EZE,BOG,13:15,Domingo,4650,Despejado,Media,Airbus A330,60.4,FALSE,49,6.5,391
21960,GUA,PTY,14:15,Domingo,820,Despejado,Baja,Airbus A320neo,90.6,FALSE,11,8.5,109
10086,MDE,MIA,07:15,Martes,2750,Despejado,Alta,Boeing 737 MAX,76.1,TRUE,32,13.6,251
15666,GRU,MEX,07:45,Martes,7300,Despejado,Media,Airbus A350,99.8,TRUE,1,10.3,591
10168,MDE,PEI,06:00,Lunes,140,Lluvia,Baja,Embraer E190,85.3,TRUE,44,28.6,45
15378,IAH,PTY,09:00,Jueves,2860,Niebla,Baja,Boeing 737 MAX,70.3,TRUE,39,2.9,236
25941,UIO,BOG,04:15,Domingo,730,Lluvia,Media,Airbus A320,52.2,TRUE,43,16.1,75
25632,BOG,PEI,01:15,Domingo,265,Despejado,Media,Boeing 737,49.1,FALSE,28,6.2,64
14895,UIO,EZE,05:15,Martes,3900,Lluvia,Baja,Airbus A330,60,TRUE,19,13,313
17204,EZE,ROS,16:00,Jueves,295,Despejado,Baja,ATR 72,31.3,TRUE,27,23,49
28888,EZE,IGR,15:00,Sábado,1100,Despejado,Baja,Boeing 757,84.8,FALSE,11,10.7,118
11419,EZE,COR,08:00,Jueves,695,Despejado,Baja,Boeing 737,84.2,FALSE,48,17.5,82
17749,CLO,MDE,13:30,Jueves,265,Lluvia,Baja,Airbus A320,50.5,FALSE,37,20.3,47
12255,FLN,GRU,09:45,Sábado,690,Niebla,Media,Boeing 737,80,FALSE,48,3,91
14064,BOG,CTG,11:00,Domingo,135,Despejado,Media,Airbus A320,51.4,FALSE,31,28.8,54
18861,BOG,CTG,15:30,Viernes,135,Nublado,Media,Boeing 737,65,FALSE,39,10.4,38
29647,BOG,MIA,16:15,Viernes,3160,Despejado,Alta,Boeing 787,92.8,TRUE,29,11.2,267
19015,EZE,IGR,14:15,Jueves,1100,Despejado,Media,Boeing 737 MAX,84.1,FALSE,5,27.3,120
18395,EZE,SCL,16:00,Lunes,1140,Lluvia,Baja,Boeing 737 MAX,60.6,FALSE,38,14.7,132
20283,GRU,AMS,13:15,Jueves,9850,Despejado,Alta,Boeing 777,78,TRUE,17,7,779
14245,PTY,GRU,08:15,Miércoles,4630,Niebla,Alta,Boeing 787,84.7,TRUE,14,2.3,382
23531,MDZ,EZE,14:30,Sábado,1040,Despejado,Baja,Airbus A320neo,61.6,FALSE,24,28.6,114
12439,PEI,MDE,08:45,Domingo,140,Lluvia,Baja,Embraer E190,80.9,FALSE,9,19.6,39
15141,MAD,GRU,06:00,Domingo,9350,Nublado,Baja,Boeing 787,35.4,FALSE,42,15,749
12070,GRU,SCL,07:30,Sábado,2620,Tormenta,Media,Airbus A320neo,72.8,TRUE,36,1.9,244
25225,MDE,PTY,18:30,Domingo,715,Nublado,Baja,Airbus A320,80.1,FALSE,27,9,98
23106,EZE,NQN,15:15,Jueves,1150,Despejado,Media,Boeing 757,39.3,FALSE,36,23.5,112
27254,ROS,EZE,06:30,Viernes,295,Despejado,Media,ATR 72,91.4,FALSE,43,27.7,48
16668,GRU,MAD,10:15,Viernes,9350,Despejado,Baja,Boeing 787,77.2,FALSE,13,13.1,737
11079,MDE,GRU,08:15,Domingo,4180,Nublado,Media,Boeing 787,88.7,TRUE,1,25.8,362
22833,BOG,CTG,14:45,Viernes,135,Nublado,Baja,ATR 72,72,FALSE,7,12.4,34
12176,MDE,EZE,07:15,Sábado,4900,Nublado,Media,Boeing 777,56.2,FALSE,43,25.8,395
14126,MDE,UIO,07:30,Miércoles,960,Despejado,Media,Airbus A320neo,79.3,FALSE,20,29.6,112
10625,MDE,BAQ,09:15,Sábado,310,Despejado,Media,Embraer E190,69.7,FALSE,22,10.3,64
20537,EZE,IGR,10:45,Sábado,1100,Despejado,Alta,Airbus A320neo,88.3,TRUE,12,5.5,112
26344,UIO,MDE,02:30,Jueves,960,Despejado,Media,Airbus A320neo,56.5,TRUE,12,22,102
14106,GIG,GRU,04:45,Miércoles,360,Despejado,Media,Embraer E190,31.8,TRUE,47,27.2,59
13551,PEI,BOG,08:15,Jueves,265,Despejado,Media,Airbus A320,89.3,TRUE,10,29.9,66
17537,BOG,UIO,15:30,Viernes,730,Lluvia,Alta,Embraer E190,84.3,FALSE,29,24.3,98
23662,GRU,BSB,16:00,Miércoles,870,Nublado,Alta,Boeing 737 MAX,47.4,FALSE,6,20.5,102
10148,EZE,GIG,08:30,Viernes,1970,Nublado,Media,Airbus A320neo,72.1,FALSE,10,25.1,174
16799,EZE,LIM,07:15,Lunes,3150,Despejado,Media,Boeing 777,65.5,FALSE,45,21.1,262
15787,BSB,GRU,07:30,Martes,870,Despejado,Media,Airbus A320neo,70.4,FALSE,25,7.8,93
27886,PTY,MEX,05:00,Sábado,2280,Nublado,Media,Boeing 757,45.1,FALSE,36,26.3,200
11355,BGA,MDE,07:15,Domingo,295,Despejado,Baja,Embraer E190,37.3,TRUE,4,24.6,54
18757,BOG,UIO,14:00,Lunes,730,Nublado,Media,Airbus A320,64.3,FALSE,7,17.4,99
21011,SCL,GRU,19:15,Miércoles,2620,Nublado,Baja,Airbus A320neo,85.7,FALSE,18,15.7,240
28677,PTY,MDE,08:00,Domingo,715,Lluvia,Baja,Boeing 737,58.1,FALSE,4,10.5,83
29064,MVD,GRU,18:00,Domingo,1550,Lluvia,Media,Embraer E195,55.4,FALSE,30,8.2,165
23196,EZE,NQN,14:00,Jueves,1150,Nublado,Media,Boeing 737 MAX,78.1,TRUE,5,12.5,116
26542,PTY,JFK,00:30,Domingo,3520,Lluvia,Baja,Boeing 777,58.2,TRUE,28,7.3,289
26320,BOG,CTG,17:30,Domingo,135,Nublado,Media,Boeing 737,86.2,TRUE,4,10.2,49
24970,MDE,BGA,16:00,Domingo,295,Lluvia,Baja,Airbus A320,71.4,FALSE,19,19.7,54
16307,MDE,BGA,06:45,Lunes,295,Despejado,Media,ATR 72,15.7,FALSE,25,18.2,45
17585,MEX,GRU,14:15,Lunes,7300,Nublado,Alta,Airbus A330,88.1,TRUE,35,22.5,594
26290,UIO,BOG,03:45,Miércoles,730,Despejado,Baja,ATR 72,56.8,FALSE,37,24.5,92
20456,EZE,CCS,19:30,Domingo,4300,Nublado,Baja,Airbus A330,65.8,TRUE,18,5,364
18224,BOG,CLO,14:45,Sábado,300,Lluvia,Media,Embraer E190,92.4,FALSE,5,5.4,64
29968,LIM,BOG,19:00,Martes,1890,Lluvia,Baja,Airbus A320neo,72.5,TRUE,3,13.9,173
26148,MDE,PTY,18:45,Miércoles,715,Despejado,Baja,Embraer E190,84.1,FALSE,15,10.6,89
12448,PEI,BOG,09:15,Miércoles,265,Despejado,Baja,Airbus A320,74.1,FALSE,20,6.7,55
11888,CCS,BOG,05:30,Domingo,1010,Tormenta,Baja,Airbus A320neo,96.7,TRUE,45,5,107
18819,LIM,EZE,16:30,Lunes,3150,Nublado,Baja,Boeing 777,64.8,FALSE,43,13.5,258
24775,AEP,EZE,20:30,Lunes,35,Despejado,Alta,Airbus A320,83.1,FALSE,47,10.6,23
21873,GRU,GIG,14:15,Lunes,360,Despejado,Baja,Boeing 737,67.9,FALSE,44,14.9,68
10906,EZE,MVD,05:15,Jueves,210,Despejado,Alta,Boeing 737,55,FALSE,11,18.6,49
25001,PEI,MDE,12:45,Domingo,140,Despejado,Media,ATR 72,55.6,TRUE,15,25.8,31
27878,GIG,GRU,00:45,Domingo,360,Despejado,Baja,Boeing 737,41.8,FALSE,13,14.4,64
14897,BGA,MDE,07:00,Viernes,295,Despejado,Media,Boeing 737,81.3,FALSE,45,6.3,50
29425,MDE,BGA,21:15,Martes,295,Lluvia,Media,Airbus A320,52.5,TRUE,4,12.1,59
19860,ROS,EZE,13:30,Domingo,295,Lluvia,Baja,Airbus A320,86.1,FALSE,41,29.7,45
22086,BOG,CLO,16:15,Domingo,300,Despejado,Baja,ATR 72,84.4,FALSE,26,25.4,65
24151,GIG,EZE,18:45,Miércoles,1970,Tormenta,Media,Boeing 737 MAX,53.5,FALSE,24,3.1,174
19595,MDE,PTY,19:00,Jueves,715,Tormenta,Alta,Embraer E190,77.9,TRUE,35,3,77
13103,BOG,GRU,09:00,Jueves,3940,Despejado,Baja,Boeing 777,95.7,FALSE,44,19.4,329
22084,EZE,BOG,13:30,Jueves,4650,Tormenta,Alta,Airbus A350,57.9,FALSE,22,0.9,376
10518,PEI,MDE,08:45,Domingo,140,Despejado,Baja,ATR 72,82.2,FALSE,17,26.2,59
25182,GRU,MVD,17:15,Viernes,1550,Nublado,Baja,Boeing 757,56.9,FALSE,3,28,145
16203,BGA,MDE,08:00,Lunes,295,Lluvia,Alta,ATR 72,54.9,FALSE,12,21.6,59
19884,BOG,LIM,16:45,Miércoles,1890,Niebla,Alta,Boeing 737 MAX,25.9,TRUE,19,0.5,173
20303,GUA,PTY,13:15,Viernes,820,Despejado,Media,Embraer E195,88.8,FALSE,44,20,103
22568,EZE,CCS,14:45,Jueves,4300,Nublado,Baja,Boeing 777,58.7,FALSE,33,20.1,370
19196,GRU,CWB,15:30,Miércoles,410,Despejado,Media,Embraer E190,66.1,FALSE,13,24.2,72
20904,UIO,PTY,16:00,Miércoles,1420,Despejado,Media,Embraer E195,74.3,TRUE,10,22.5,150
20613,ROS,EZE,10:45,Sábado,295,Niebla,Baja,Embraer E190,72,TRUE,41,0.8,51
14751,GRU,BOG,08:15,Martes,3940,Niebla,Baja,Airbus A350,61.5,FALSE,45,1.3,331
27712,CWB,GRU,18:15,Lunes,410,Despejado,Media,Boeing 737,72.9,FALSE,36,29.8,56
28151,EZE,AEP,15:45,Lunes,35,Lluvia,Baja,Airbus A320,82.6,TRUE,36,18.3,51
20160,BGA,MDE,13:00,Sábado,295,Lluvia,Baja,Embraer E190,67.1,TRUE,23,18.1,57
25099,BOG,CLO,02:30,Domingo,300,Tormenta,Baja,Embraer E190,53.9,TRUE,43,2.5,57
18207,PTY,MEX,14:15,Jueves,2280,Lluvia,Baja,Boeing 737 MAX,83.9,FALSE,49,10.8,210
24661,EZE,SCL,20:45,Martes,1140,Despejado,Media,Embraer E195,42.3,FALSE,40,8.6,119
29267,MDE,MIA,20:45,Viernes,2750,Nublado,Media,Boeing 757,74.3,TRUE,12,16.3,233
19810,CLO,MDE,15:45,Domingo,265,Despejado,Baja,Boeing 737,57.9,TRUE,23,9.6,48
16926,GRU,SSA,09:30,Domingo,1940,Niebla,Media,Airbus A320neo,51.5,FALSE,6,0.7,194
22300,BOG,BGA,13:00,Viernes,310,Despejado,Baja,Embraer E190,96.8,TRUE,8,7.3,53
13108,PEI,BOG,07:30,Martes,265,Despejado,Media,Boeing 737,90.4,FALSE,37,19.9,58
12007,PEI,BOG,07:15,Jueves,265,Nublado,Baja,Airbus A320,63.9,TRUE,14,13.7,47
24355,MEX,GRU,22:00,Viernes,7300,Despejado,Media,Airbus A330,65.6,FALSE,36,28.4,575
21867,BOG,PEI,15:15,Miércoles,265,Despejado,Media,ATR 72,49,FALSE,1,15.5,57
12734,EZE,GIG,06:15,Martes,1970,Lluvia,Media,Boeing 737 MAX,57,TRUE,46,5.1,182
22168,PTY,UIO,14:15,Jueves,1420,Nublado,Media,Embraer E195,65.7,FALSE,39,12.1,142
27698,AEP,EZE,20:00,Sábado,35,Despejado,Media,Airbus A320,91.2,FALSE,49,20.9,29
11694,GRU,SSA,08:30,Jueves,1940,Despejado,Baja,Airbus A320neo,62.2,FALSE,31,20.9,174
26432,MDE,JFK,19:15,Jueves,3560,Lluvia,Baja,Airbus A350,69.6,FALSE,22,11.6,306
21506,PEI,BOG,12:15,Sábado,265,Lluvia,Alta,Airbus A320,88.6,TRUE,32,23.1,56
14386,GRU,CWB,11:45,Viernes,410,Despejado,Media,Boeing 737,38,FALSE,25,29.5,66
26853,MDE,CTG,09:45,Miércoles,365,Lluvia,Baja,Embraer E190,68.8,FALSE,11,22.6,73
20979,BOG,JFK,14:00,Viernes,3930,Nublado,Media,Airbus A350,85.8,TRUE,49,22.4,314
19385,EZE,MVD,14:30,Lunes,210,Despejado,Media,ATR 72,83.4,FALSE,4,22.8,41
13290,MDE,CLO,08:45,Domingo,265,Nublado,Media,Boeing 737,91.8,FALSE,6,22.7,40
27375,MDE,PEI,09:15,Lunes,140,Despejado,Media,Embraer E190,77.8,TRUE,29,10.8,49
12500,BAQ,MDE,06:15,Miércoles,310,Nublado,Alta,Embraer E190,49.1,FALSE,40,20.4,61
25967,MDE,CTG,11:45,Jueves,365,Despejado,Media,Airbus A320,36.6,FALSE,27,18.2,66
25576,PTY,LIM,11:45,Sábado,2970,Despejado,Media,Boeing 737 MAX,53.3,FALSE,36,5.7,259
29239,AEP,EZE,20:45,Jueves,35,Despejado,Alta,Airbus A320,47.4,FALSE,27,19.3,25
26126,BAQ,MDE,19:45,Martes,310,Tormenta,Media,Embraer E190,70.8,FALSE,42,4.3,54
17984,BOG,MIA,16:30,Viernes,3160,Despejado,Media,Boeing 787,79.5,FALSE,4,15.2,260
23202,ASU,EZE,15:45,Jueves,1050,Nublado,Baja,Boeing 737 MAX,92.7,FALSE,8,26.5,98
25013,GRU,POA,07:15,Viernes,1110,Despejado,Baja,Embraer E195,83.8,TRUE,49,26.4,125
25795,PEI,MDE,09:00,Jueves,140,Niebla,Media,Embraer E190,64.1,FALSE,28,1.5,38
20063,LIM,GRU,14:45,Miércoles,3620,Nublado,Baja,Boeing 777,58.5,FALSE,14,21.3,309
27193,JFK,PTY,18:30,Miércoles,3520,Despejado,Baja,Boeing 787,61.6,FALSE,20,14.3,295
12575,GRU,EZE,07:45,Viernes,1760,Niebla,Media,Boeing 757,78.9,FALSE,36,1.6,158
25614,BOG,MDE,15:30,Lunes,235,Despejado,Media,ATR 72,64.7,FALSE,8,5.4,48
24336,EZE,GIG,10:15,Lunes,1970,Despejado,Alta,Embraer E195,44.9,FALSE,28,7.6,173
14221,GRU,BOG,06:00,Jueves,3940,Despejado,Alta,Boeing 777,67.6,TRUE,36,21.2,327
22695,BSB,GRU,16:00,Jueves,870,Tormenta,Baja,Embraer E195,88.7,FALSE,28,4.8,88
27097,PTY,JFK,04:00,Lunes,3520,Lluvia,Media,Airbus A330,71.6,FALSE,39,27,306
24586,MVD,EZE,09:45,Miércoles,210,Despejado,Baja,Airbus A320,70.3,FALSE,33,17.8,62
26994,EZE,MVD,15:30,Lunes,210,Despejado,Media,Boeing 737,67.6,FALSE,24,17.4,56
23103,PTY,MDE,15:15,Domingo,715,Despejado,Media,ATR 72,48.7,FALSE,45,18.9,90
19240,COR,EZE,16:00,Domingo,695,Despejado,Media,Boeing 737,75.1,FALSE,44,21.8,85
23144,AEP,EZE,11:30,Miércoles,35,Despejado,Media,ATR 72,56.6,TRUE,20,24.7,36
24751,MDE,BGA,09:00,Sábado,295,Lluvia,Alta,Airbus A320,86.8,TRUE,8,17.3,49
14090,PTY,MEX,07:45,Lunes,2280,Nublado,Media,Embraer E195,84.8,TRUE,37,30,196
19516,CLO,BOG,16:00,Miércoles,300,Lluvia,Media,Embraer E190,90.9,TRUE,11,7.5,57
27835,SCL,EZE,10:45,Miércoles,1140,Despejado,Media,Airbus A320neo,40.7,FALSE,39,25.8,116
18342,BOG,CTG,15:45,Miércoles,135,Lluvia,Baja,Embraer E190,81.3,FALSE,23,11.4,48
22470,EZE,AEP,16:00,Lunes,35,Nublado,Baja,Boeing 737,56.5,FALSE,18,10.3,44
17317,EZE,NQN,13:45,Jueves,1150,Despejado,Baja,Airbus A320neo,75,TRUE,47,20,113
13602,CWB,GRU,04:15,Lunes,410,Despejado,Media,ATR 72,91.5,FALSE,26,27,70
17998,PTY,BOG,15:15,Domingo,650,Lluvia,Alta,Airbus A320,57,TRUE,16,23.4,68
28300,GRU,MIA,05:15,Domingo,7520,Lluvia,Media,Airbus A350,73.4,TRUE,34,21.3,595
26387,PTY,MDE,06:00,Viernes,715,Lluvia,Media,Airbus A320,51.5,TRUE,18,14,97
18269,BOG,CCS,13:45,Viernes,1010,Despejado,Baja,Airbus A320neo,45.2,FALSE,15,16.9,102
22286,EZE,ASU,14:30,Miércoles,1050,Despejado,Baja,Boeing 757,88.5,FALSE,39,12.8,106
12924,CLT,PTY,10:45,Sábado,2890,Nublado,Baja,Boeing 757,81.3,FALSE,49,16.2,259
24298,MEX,PTY,20:30,Viernes,2280,Nublado,Baja,Embraer E195,56.9,FALSE,24,26.3,219
11065,MAD,EZE,07:00,Viernes,10050,Tormenta,Alta,Boeing 787,71.7,FALSE,22,2.5,796
26436,FLN,GRU,05:30,Miércoles,690,Tormenta,Alta,Boeing 737,84.6,TRUE,6,1.6,82
23316,AEP,EZE,17:00,Viernes,35,Nublado,Media,Airbus A320,90,FALSE,23,12.4,32
18523,GRU,POA,17:15,Viernes,1110,Despejado,Media,Boeing 757,69.5,FALSE,6,9.2,131
11772,ROS,EZE,08:30,Miércoles,295,Despejado,Alta,Boeing 737,91.5,FALSE,46,18.9,49
10333,CLO,BOG,08:15,Sábado,300,Nublado,Media,Embraer E190,45.1,FALSE,15,22.2,47
13990,BOG,BAQ,09:15,Miércoles,145,Nublado,Alta,Embraer E190,78,FALSE,37,11,38
19116,PEI,MDE,14:45,Jueves,140,Nublado,Baja,Embraer E190,71.3,FALSE,11,24,53
23926,PTY,CCS,16:15,Sábado,1010,Nublado,Alta,Boeing 737 MAX,82.2,FALSE,40,14.2,102
13866,EZE,MDZ,07:30,Viernes,1040,Despejado,Baja,Boeing 757,84.8,FALSE,46,24.6,113
18688,MAD,BOG,17:45,Viernes,8680,Lluvia,Baja,Airbus A330,81.9,FALSE,30,26.3,693
15590,MDE,JFK,07:45,Viernes,3560,Despejado,Baja,Boeing 787,57.2,FALSE,31,23.2,304
29658,BOG,MDE,01:00,Sábado,235,Despejado,Alta,Embraer E190,89,TRUE,17,6.3,65
15632,GRU,MIA,05:15,Jueves,7520,Nublado,Alta,Boeing 777,74.3,TRUE,30,30,588
29821,EZE,SCL,16:00,Lunes,1140,Despejado,Media,Boeing 737 MAX,60.8,FALSE,37,11.2,116
24778,EZE,MAD,17:00,Viernes,10050,Nublado,Media,Airbus A350,49.3,TRUE,15,26.8,784
17835,EZE,AEP,10:15,Sábado,35,Lluvia,Media,Boeing 737,32.5,FALSE,29,18.6,27
25277,BOG,LIM,13:00,Sábado,1890,Despejado,Baja,Boeing 757,68.2,TRUE,42,8.1,182
12300,MVD,EZE,08:00,Lunes,210,Tormenta,Baja,ATR 72,70.6,FALSE,20,4,61
14468,GIG,EZE,09:45,Viernes,1970,Lluvia,Media,Airbus A320neo,55.8,FALSE,10,22.8,195
18256,MDE,PEI,17:30,Viernes,140,Nublado,Baja,ATR 72,81.7,FALSE,4,10.9,46
21844,EZE,AEP,14:45,Miércoles,35,Despejado,Baja,Airbus A320,51.5,FALSE,14,13.4,44
14247,LIM,EZE,08:00,Sábado,3150,Nublado,Media,Airbus A330,63.5,TRUE,8,21.2,283
24486,GUA,PTY,06:00,Sábado,820,Despejado,Media,Boeing 757,55.5,TRUE,7,7.6,92
18355,MIA,BOG,13:00,Viernes,3160,Nublado,Media,Airbus A350,77.2,TRUE,43,15.6,285
23204,GUA,PTY,13:15,Lunes,820,Lluvia,Baja,Boeing 757,62.9,FALSE,21,22.7,94
20756,BAQ,MDE,17:15,Lunes,310,Nublado,Alta,Airbus A320,62.8,FALSE,21,9,44
11684,EZE,UIO,07:00,Jueves,3900,Tormenta,Baja,Airbus A350,81.1,TRUE,1,4.5,314
25690,MVD,EZE,00:15,Jueves,210,Nublado,Alta,Boeing 737,87.6,FALSE,11,12.9,37
29761,GRU,BSB,22:45,Viernes,870,Despejado,Baja,Boeing 737 MAX,46.9,TRUE,14,22.3,86
27789,BAQ,BOG,14:30,Viernes,145,Niebla,Baja,Boeing 737,73.7,FALSE,24,2.2,49
25611,PTY,UIO,17:15,Sábado,1420,Lluvia,Media,Airbus A320neo,92.1,FALSE,6,15.7,144
22201,EZE,MDZ,14:15,Domingo,1040,Nublado,Media,Airbus A320neo,82.2,FALSE,21,24.7,113
10579,MDE,JFK,06:15,Lunes,3560,Nublado,Media,Airbus A330,85.3,TRUE,31,7.9,312
19657,EZE,AEP,15:00,Viernes,35,Despejado,Alta,Boeing 737,90.5,TRUE,46,28.2,47
10335,JFK,GRU,06:15,Miércoles,7680,Lluvia,Alta,Airbus A350,83.6,FALSE,2,25.8,610
24711,MDE,BOG,20:45,Jueves,235,Despejado,Media,Airbus A320,39.2,FALSE,9,29.7,45
27520,LIM,EZE,01:00,Miércoles,3150,Niebla,Alta,Airbus A350,80.7,FALSE,26,1.3,272
19749,BOG,PEI,16:15,Martes,265,Niebla,Media,Boeing 737,75.2,FALSE,28,3,54
14586,GRU,MVD,05:00,Sábado,1550,Nublado,Alta,Boeing 757,71.6,FALSE,20,7.2,137
26704,CCS,EZE,08:45,Domingo,4300,Despejado,Baja,Boeing 787,81.6,TRUE,10,18.3,361
24658,CTG,BOG,00:00,Jueves,135,Despejado,Baja,Airbus A320,35.7,FALSE,34,28,45
20657,MDE,JFK,13:15,Martes,3560,Nublado,Baja,Airbus A330,81.4,TRUE,43,16.2,311
19110,TUC,EZE,12:15,Domingo,1230,Despejado,Alta,Airbus A320neo,63.3,FALSE,31,16.3,135
10677,PTY,CLT,07:15,Jueves,2890,Despejado,Baja,Boeing 737 MAX,74.4,TRUE,12,21.7,253
24382,PEI,MDE,13:00,Viernes,140,Despejado,Media,Embraer E190,86.5,TRUE,6,7.3,43
22420,GIG,GRU,15:30,Jueves,360,Despejado,Baja,ATR 72,71.8,FALSE,23,21.8,59
19863,EZE,AEP,17:30,Domingo,35,Lluvia,Media,ATR 72,69.4,FALSE,48,18,30
10783,EZE,MVD,08:00,Lunes,210,Despejado,Baja,ATR 72,97.9,FALSE,1,20.2,57
23257,PTY,IAH,10:00,Sábado,2860,Despejado,Baja,Boeing 757,90.9,FALSE,44,17.6,254
16299,TUC,EZE,09:15,Viernes,1230,Despejado,Baja,Embraer E195,55.1,FALSE,1,16.9,125
16063,PTY,MDE,10:45,Viernes,715,Despejado,Alta,Boeing 737,57.2,TRUE,15,21,88
11797,TUC,EZE,10:45,Domingo,1230,Nublado,Alta,Boeing 737 MAX,89.6,TRUE,28,12.3,128
23557,MDE,BOG,14:30,Lunes,235,Despejado,Alta,Embraer E190,66.5,TRUE,1,26.4,64
15220,ROS,EZE,07:30,Jueves,295,Nublado,Media,ATR 72,86.1,FALSE,41,22,51
19681,CLO,MDE,17:45,Jueves,265,Nublado,Media,Airbus A320,66,FALSE,33,23.9,53
21737,GRU,CDG,15:15,Domingo,9400,Lluvia,Alta,Boeing 777,60.9,FALSE,10,12.3,727
25698,BOG,PTY,19:30,Martes,650,Tormenta,Media,Embraer E190,88.5,TRUE,6,3.9,96
23682,AEP,EZE,16:15,Viernes,35,Despejado,Alta,Airbus A320,94.7,TRUE,24,20.4,50
25551,PEI,BOG,11:45,Lunes,265,Nublado,Alta,Airbus A320,52.9,FALSE,24,22.6,48
27793,EZE,BRC,12:30,Viernes,1650,Despejado,Media,Boeing 757,67.7,FALSE,17,13.2,163
13167,PTY,SJO,08:15,Martes,580,Tormenta,Baja,Airbus A320,82.1,FALSE,47,1.2,70
14062,CLT,PTY,08:00,Sábado,2890,Despejado,Media,Boeing 737 MAX,71.5,TRUE,34,19.5,245
19419,CLO,MDE,16:15,Viernes,265,Despejado,Baja,Embraer E190,20.9,FALSE,6,29.4,56
20005,EZE,BRC,15:45,Miércoles,1650,Despejado,Baja,Boeing 737 MAX,81.8,FALSE,46,19,171
17031,MEX,BOG,15:00,Martes,2700,Despejado,Baja,Embraer E195,74.7,TRUE,32,8.4,240
20185,PTY,MEX,17:15,Jueves,2280,Nublado,Baja,Airbus A320neo,62.2,FALSE,17,10.7,215
12837,MDE,CTG,06:00,Viernes,365,Nublado,Alta,Boeing 737,64.3,TRUE,3,7.3,76
29706,CLO,MDE,04:15,Lunes,265,Despejado,Baja,Embraer E190,56.8,TRUE,14,27,58
17307,MAD,GRU,14:30,Sábado,9350,Despejado,Alta,Boeing 777,79.4,FALSE,3,29.9,736
11956,BOG,CTG,10:00,Martes,135,Despejado,Baja,Airbus A320,78.7,FALSE,24,25.4,46
23697,MDE,PTY,13:30,Sábado,715,Lluvia,Baja,Airbus A320,87.4,FALSE,1,9.9,90
26521,BRC,EZE,01:15,Miércoles,1650,Nublado,Alta,Embraer E195,87,FALSE,38,20.7,158
24373,BOG,LIM,11:45,Miércoles,1890,Nublado,Media,Boeing 757,98.8,FALSE,40,15,172
23730,GRU,MEX,18:00,Jueves,7300,Despejado,Baja,Airbus A350,77.9,TRUE,30,28.2,582
23174,PTY,LIM,15:00,Viernes,2970,Niebla,Baja,Boeing 737 MAX,76.1,FALSE,25,1.1,249
29099,MAD,EZE,21:00,Sábado,10050,Despejado,Alta,Boeing 787,90,FALSE,41,23.6,795
19813,MDZ,EZE,14:15,Viernes,1040,Despejado,Baja,Airbus A320neo,74.4,FALSE,41,20.5,118
10534,EZE,BOG,07:00,Viernes,4650,Despejado,Media,Boeing 777,64.4,FALSE,1,15.9,380
23648,PTY,BOG,14:00,Miércoles,650,Despejado,Baja,Embraer E190,94.1,TRUE,19,9.1,83
10470,BOG,BAQ,08:30,Miércoles,145,Despejado,Media,ATR 72,70.3,FALSE,13,6.4,35
28937,PTY,CCS,00:00,Lunes,1010,Nublado,Media,Embraer E195,71.5,TRUE,16,20,105
19490,MIA,MDE,13:30,Sábado,2750,Lluvia,Baja,Embraer E195,65.2,FALSE,39,22.4,226
15917,EZE,MVD,10:45,Miércoles,210,Nublado,Media,Airbus A320,58.7,FALSE,44,6.9,36
13762,EZE,AEP,06:00,Sábado,35,Nublado,Media,Boeing 737,67.9,FALSE,10,11,45
15479,BOG,UIO,08:00,Lunes,730,Despejado,Baja,Embraer E190,49.6,TRUE,40,27.4,80
15806,BOG,PTY,08:45,Miércoles,650,Despejado,Media,ATR 72,80,FALSE,19,20.4,91
20085,BOG,CLO,13:30,Viernes,300,Despejado,Media,ATR 72,88.3,FALSE,2,12.6,59
23495,BGA,MDE,14:15,Jueves,295,Tormenta,Alta,Airbus A320,71.8,TRUE,10,2.3,61