id_cliente,cluster
0,0
1,2
2,2
3,1
4,1
5,2
6,1
7,1
8,2
9,1
10,1
11,2
12,2
13,1
14,2
15,2
16,2
17,2
18,0
19,2
20,1
21,2
22,1
23,1
24,2
25,1
26,2
27,0
28,0
29,1
30,1
31,2
32,0
33,2
34,1
35,0
36,0
37,1
38,0
39,2
40,1
41,0
42,2
43,2
44,2
45,2
46,1
47,1
48,2
49,2
50,2
51,2
52,0
53,2
54,2
55,2
56,2
57,0
58,2
59,1
60,0
61,2
62,2
63,1
64,2
65,0
66,1
67,1
68,2
69,2
70,0
71,1
72,2
73,1
74,2
75,2
76,2
77,1
78,1
79,1
80,2
81,1
82,2
83,1
84,0
85,2
86,1
87,2
88,1
89,1
90,0
91,2
92,2
93,1
94,2
95,2
96,2
97,2
98,1
99,1
100,0
101,1
102,1
103,2
104,2
105,0
106,1
107,0
108,1
109,0
110,1
111,2
112,0
113,2
114,0
115,2
116,2
117,2
118,1
119,1
120,1
121,0
122,2
123,0
124,1
125,2
126,1
127,1
128,1
129,2
130,2
131,2
132,2
133,1
134,2
135,1
136,0
137,1
138,1
139,1
140,2
141,2
142,1
143,2
144,2
145,2
146,0
147,2
148,2
149,2
150,1
151,2
152,0
153,1
154,2
155,1
156,1
157,2
158,2
159,2
160,2
161,1
162,2
163,2
164,2
165,2
166,2
167,1
168,1
169,1
170,2
171,1
172,2
173,0
174,1
175,2
176,1
177,2
178,1
179,2
180,2
181,1
182,2
183,2
184,1
185,2
186,0
187,1
188,1
189,2
190,1
191,2
192,2
193,2
194,2
195,1
196,0
197,2
198,0
199,0
200,1
201,2
202,1
203,1
204,0
205,2
206,0
207,0
208,1
209,1
210,2
211,1
212,2
213,2
214,2
215,0
216,2
217,0
218,2
219,1
220,2
221,1
222,1
223,1
224,0
225,2
226,1
227,1
228,2
229,2
230,0
231,1
232,2
233,2
234,0
235,1
236,2
237,1
238,2
239,2
240,2
241,0
242,1
243,1
244,2
245,1
246,1
247,1
248,2
249,1
250,2
251,1
252,1
253,1
254,1
255,1
256,2
257,1
258,2
259,1
260,2
261,1
262,2
263,1
264,2
265,0
266,0
267,2
268,0
269,2
270,1
271,0
272,2
273,2
274,0
275,2
276,2
277,2
278,2
279,1
280,1
281,0
282,2
283,1
284,1
285,1
286,1
287,1
288,1
289,1
290,2
291,1
292,1
293,2
294,0
295,2
296,1
297,2
298,1
299,2
300,1
301,1
302,0
303,2
304,2
305,1
306,1
307,2
308,2
309,0
310,1
311,0
312,2
313,2
314,1
315,2
316,2
317,2
318,0
319,1
320,1
321,2
322,1
323,2
324,1
325,0
326,2
327,0
328,2
329,1
330,0
331,1
332,2
333,1
334,1
335,2
336,2
337,1
338,2
339,1
340,2
341,2
342,1
343,0
344,1
345,1
346,1
347,0
348,2
349,1
350,1
351,2
352,2
353,2
354,1
355,1
356,1
357,1
358,2
359,2
360,1
361,2
362,1
363,0
364,2
365,1
366,1
367,1
368,2
369,2
370,1
371,2
372,1
373,2
374,1
375,0
376,1
377,1
378,2
379,1
380,1
381,1
382,2
383,2
384,1
385,2
386,1
387,0
388,2
389,2
390,2
391,2
392,2
393,1
394,2
395,2
396,2
397,1
398,0
399,2
400,2
401,2
402,1
403,2
404,2
405,2
406,1
407,1
408,1
409,1
410,2
411,1
412,2
413,2
414,2
415,0
416,1
417,1
418,2
419,1
420,2
421,0
422,2
423,0
424,2
425,2
426,2
427,2
428,2
429,1
430,1
431,2
432,2
433,1
434,2
435,2
436,0
437,2
438,2
439,1
440,1
441,1
442,1
443,1
444,2
445,0
446,2
447,2
448,2
449,2
450,2
451,2
452,2
453,1
454,1
455,1
456,2
457,2
458,1
459,2
460,1
461,2
462,2
463,2
464,1
465,1
466,0
467,1
468,0
469,2
470,2
471,2
472,2
473,0
474,0
475,1
476,0
477,2
478,0
479,2
480,2
481,1
482,1
483,1
484,1
485,2
486,2
487,1
488,2
489,1
490,1
491,0
492,2
493,2
494,2
495,1
496,2
497,1
498,2
499,2
500,2
501,1
502,2
503,1
504,1
505,2
506,2
507,1
508,1
509,2
510,2
511,2
512,0
513,2
514,0
515,2
516,1
517,2
518,1
519,0
520,1
521,2
522,2
523,1
524,1
525,2
526,1
527,2
528,2
529,2
530,1
531,2
532,2
533,2
534,1
535,2
536,1
537,2
538,1
539,2
540,2
541,2
542,2
543,2
544,2
545,0
546,0
547,2
548,1
549,0
550,1
551,0
552,2
553,2
554,2
555,0
556,1
557,0
558,2
559,2
560,2
561,1
562,2
563,1
564,1
565,2
566,1
567,2
568,1
569,1
570,2
571,2
572,1
573,1
574,1
575,0
576,2
577,1
578,2
579,0
580,0
581,2
582,0
583,1
584,2
585,1
586,2
587,1
588,1
589,2
590,1
591,2
592,2
593,2
594,2
595,2
596,1
597,2
598,2
599,1
600,0
601,2
602,0
603,2
604,1
605,1
606,1
607,0
608,2
609,2
610,1
611,1
612,2
613,2
614,1
615,2
616,2
617,1
618,2
619,2
620,2
621,1
622,2
623,2
624,0
625,0
626,2
627,2
628,2
629,2
630,0
631,1
632,1
633,2
634,2
635,1
636,2
637,2
638,2
639,2
640,0
641,1
642,2
643,1
644,0
645,2
646,2
647,0
648,2
649,2
650,1
651,1
652,2
653,1
654,1
655,1
656,2
657,1
658,2
659,1
660,0
661,0
662,2
663,2
664,1
665,2
666,2
667,0
668,2
669,0
670,1
671,2
672,0
673,2
674,0
675,1
676,2
677,1
678,1
679,1
680,1
681,1
682,1
683,2
684,1
685,2
686,2
687,0
688,1
689,2
690,1
691,1
692,0
693,2
694,1
695,1
696,0
697,2
698,1
699,1
700,2
701,2
702,1
703,2
704,1
705,0
706,1
707,2
708,1
709,1
710,1
711,2
712,0
713,1
714,1
715,1
716,2
717,1
718,2
719,0
720,2
721,2
722,1
723,2
724,2
725,1
726,0
727,1
728,1
729,2
730,1
731,2
732,2
733,0
734,1
735,1
736,2
737,1
738,2
739,2
740,1
741,1
742,2
743,2
744,2
745,2
746,1
747,1
748,1
749,2
750,0
751,2
752,0
753,1
754,2
755,2
756,1
757,1
758,1
759,2
760,1
761,1
762,1
763,1
764,2
765,2
766,1
767,1
768,1
769,2
770,2
771,1
772,1
773,2
774,2
775,2
776,2
777,1
778,1
779,1
780,0
781,2
782,1
783,0
784,2
785,2
786,1
787,1
788,1
789,1
790,1
791,2
792,1
793,2
794,2
795,2
796,2
797,2
798,2
799,1
800,1
801,2
802,2
803,1
804,2
805,2
806,2
807,1
808,2
809,2
810,0
811,1
812,0
813,0
814,2
815,1
816,1
817,1
818,0
819,1
820,2
821,2
822,2
823,2
824,2
825,1
826,2
827,0
828,0
829,0
830,1
831,2
832,1
833,2
834,2
835,1
836,0
837,2
838,2
839,2
840,1
841,0
842,1
843,2
844,2
845,1
846,2
847,2
848,2
849,1
850,1
851,2
852,2
853,2
854,1
855,2
856,0
857,0
858,2
859,1
860,1
861,1
862,2
863,2
864,1
865,0
866,1
867,2
868,2
869,2
870,0
871,0
872,0
873,0
874,2
875,2
876,2
877,2
878,1
879,0
880,2
881,1
882,1
883,1
884,2
885,1
886,2
887,1
888,2
889,1
890,1
891,2
892,2
893,0
894,1
895,2
896,1
897,1
898,1
899,1
900,1
901,1
902,2
903,0
904,2
905,1
906,0
907,1
908,2
909,1
910,0
911,2
912,2
913,0
914,1
915,2
916,2
917,2
918,2
919,2
920,0
921,2
922,2
923,2
924,1
925,2
926,2
927,1
928,2
929,0
930,1
931,0
932,0
933,0
934,1
935,1
936,2
937,1
938,1
939,2
940,2
941,2
942,2
943,1
944,2
945,1
946,1
947,2
948,0
949,2
950,2
951,2
952,0
953,0
954,2
955,2
956,2
957,1
958,2
959,2
960,1
961,1
962,2
963,1
964,2
965,2
966,0
967,2
968,0
969,1
970,2
971,2
972,1
973,2
974,2
975,2
976,2
977,1
978,2
979,1
980,2
981,2
982,2
983,1
984,1
985,2
986,2
987,2
988,1
989,1
990,0
991,0
992,2
993,2
994,1
995,1
996,0
997,1
998,2
999,1
1000,0
1001,2
1002,0
1003,1
1004,2
1005,0
1006,2
1007,2
1008,1
1009,2
1010,1
1011,2
1012,2
1013,2
1014,0
1015,1
1016,2
1017,2
1018,1
1019,2
1020,0
1021,1
1022,2
1023,2
1024,1
1025,2
1026,1
1027,0
1028,2
1029,2
1030,2
1031,1
1032,1
1033,1
1034,2
1035,2
1036,0
1037,2
1038,2
1039,2
1040,2
1041,1
1042,2
1043,2
1044,1
1045,2
1046,2
1047,1
1048,0
1049,1
1050,2
1051,2
1052,1
1053,1
1054,1
1055,2
1056,2
1057,1
1058,2
1059,1
1060,1
1061,2
1062,1
1063,2
1064,1
1065,1
1066,2
1067,2
1068,2
1069,0
1070,2
1071,1
1072,1
1073,1
1074,2
1075,2
1076,2
1077,1
1078,1
1079,2
1080,1
1081,1
1082,1
1083,2
1084,2
1085,0
1086,1
1087,1
1088,1
1089,2
1090,2
1091,1
1092,2
1093,2
1094,2
1095,0
1096,2
1097,1
1098,1
1099,1
1100,0
1101,1
1102,1
1103,2
1104,2
1105,0
1106,1
1107,0
1108,1
1109,2
1110,1
1111,1
1112,1
1113,2
1114,1
1115,1
1116,0
1117,2
1118,2
1119,2
1120,1
1121,0
1122,2
1123,2
1124,2
1125,2
1126,2
1127,2
1128,1
1129,0
1130,2
1131,2
1132,2
1133,2
1134,1
1135,1
1136,1
1137,0
1138,2
1139,2
1140,2
1141,2
1142,2
1143,2
1144,1
1145,1
1146,0
1147,2
1148,1
1149,1
1150,0
1151,2
1152,2
1153,2
1154,0
1155,2
1156,2
1157,2
1158,2
1159,2
1160,2
1161,2
1162,2
1163,1
1164,1
1165,2
1166,2
1167,2
1168,1
1169,2
1170,1
1171,0
1172,1
1173,2
1174,1
1175,2
1176,2
1177,2
1178,2
1179,2
1180,2
1181,2
1182,1
1183,1
1184,2
1185,2
1186,0
1187,2
1188,1
1189,2
1190,2
1191,2
1192,0
1193,2
1194,2
1195,1
1196,2
1197,2
1198,2
1199,0
1200,2
1201,2
1202,2
1203,2
1204,2
1205,1
1206,2
1207,1
1208,2
1209,1
1210,1
1211,1
1212,2
1213,1
1214,1
1215,2
1216,2
1217,1
1218,1
1219,0
1220,2
1221,1
1222,2
1223,2
1224,1
1225,2
1226,2
1227,2
1228,2
1229,2
1230,1
1231,0
1232,1
1233,2
1234,1
1235,2
1236,0
1237,1
1238,0
1239,0
1240,2
1241,1
1242,1
1243,1
1244,0
1245,1
1246,2
1247,2
1248,2
1249,1
1250,2
1251,2
1252,1
1253,2
1254,0
1255,2
1256,2
1257,2
1258,2
1259,2
1260,2
1261,2
1262,1
1263,1
1264,2
1265,2
1266,0
1267,0
1268,1
1269,1
1270,2
1271,2
1272,2
1273,0
1274,2
1275,1
1276,0
1277,2
1278,2
1279,2
1280,2
1281,2
1282,1
1283,2
1284,2
1285,0
1286,1
1287,2
1288,1
1289,1
1290,1
1291,2
1292,2
1293,2
1294,0
1295,2
1296,2
1297,2
1298,2
1299,2
1300,1
1301,2
1302,1
1303,1
1304,2
1305,2
1306,0
1307,1
1308,2
1309,2
1310,1
1311,2
1312,2
1313,1
1314,2
1315,2
1316,2
1317,2
1318,1
1319,2
1320,1
1321,2
1322,2
1323,1
1324,2
1325,2
1326,0
1327,1
1328,1
1329,2
1330,2
1331,1
1332,2
1333,1
1334,2
1335,2
1336,1
1337,2
1338,1
1339,0
1340,2
1341,0
1342,2
1343,2
1344,0
1345,0
1346,1
1347,1
1348,2
1349,0
1350,1
1351,1
1352,1
1353,2
1354,1
1355,0
1356,1
1357,1
1358,2
1359,2
1360,2
1361,2
1362,2
1363,2
1364,1
1365,1
1366,1
1367,1
1368,0
1369,2
1370,2
1371,2
1372,2
1373,1
1374,2
1375,1
1376,0
1377,1
1378,1
1379,1
1380,1
1381,2
1382,2
1383,1
1384,0
1385,2
1386,1
1387,2
1388,2
1389,0
1390,0
1391,0
1392,0
1393,2
1394,1
1395,2
1396,2
1397,0
1398,1
1399,1
1400,1
1401,2
1402,1
1403,0
1404,2
1405,1
1406,2
1407,2
1408,2
1409,1
1410,1
1411,2
1412,2
1413,2
1414,1
1415,2
1416,2
1417,1
1418,1
1419,2
1420,2
1421,0
1422,1
1423,1
1424,0
1425,0
1426,2
1427,2
1428,2
1429,0
1430,1
1431,0
1432,2
1433,1
1434,1
1435,0
1436,2
1437,2
1438,0
1439,2
1440,0
1441,1
1442,1
1443,2
1444,1
1445,2
1446,2
1447,2
1448,1
1449,2
1450,2
1451,1
1452,0
1453,2
1454,1
1455,0
1456,1
1457,2
1458,2
1459,2
1460,1
1461,2
1462,2
1463,1
1464,1
1465,1
1466,1
1467,2
1468,1
1469,1
1470,1
1471,2
1472,2
1473,2
1474,2
1475,0
1476,0
1477,0
1478,2
1479,0
1480,0
1481,2
1482,2
1483,2
1484,2
1485,2
1486,1
1487,1
1488,2
1489,2
1490,1
1491,2
1492,2
1493,1
1494,1
1495,2
1496,1
1497,2
1498,1
1499,1
1500,1
1501,1
1502,2
1503,0
1504,0
1505,1
1506,2
1507,2
1508,1
1509,1
1510,2
1511,1
1512,0
1513,2
1514,0
1515,1
1516,2
1517,1
1518,2
1519,1
1520,0
1521,0
1522,1
1523,1
1524,1
1525,1
1526,2
1527,1
1528,1
1529,1
1530,2
1531,2
1532,2
1533,0
1534,1
1535,2
1536,2
1537,1
1538,1
1539,1
1540,2
1541,1
1542,2
1543,1
1544,2
1545,1
1546,1
1547,2
1548,1
1549,1
1550,2
1551,2
1552,2
1553,1
1554,1
1555,2
1556,2
1557,2
1558,0
1559,1
1560,1
1561,1
1562,2
1563,1
1564,2
1565,2
1566,2
1567,2
1568,1
1569,1
1570,1
1571,0
1572,2
1573,1
1574,1
1575,1
1576,0
1577,2
1578,2
1579,2
1580,1
1581,1
1582,2
1583,1
1584,0
1585,0
1586,1
1587,2
1588,0
1589,2
1590,2
1591,1
1592,1
1593,1
1594,2
1595,2
1596,0
1597,1
1598,2
1599,2
1600,1
1601,1
1602,2
1603,2
1604,1
1605,1
1606,0
1607,0
1608,1
1609,0
1610,2
1611,2
1612,1
1613,2
1614,1
1615,2
1616,0
1617,0
1618,2
1619,2
1620,0
1621,1
1622,2
1623,2
1624,2
1625,1
1626,2
1627,1
1628,1
1629,1
1630,2
1631,2
1632,2
1633,1
1634,1
1635,0
1636,1
1637,2
1638,1
1639,2
1640,2
1641,2
1642,2
1643,1
1644,2
1645,1
1646,2
1647,1
1648,1
1649,2
1650,1
1651,1
1652,1
1653,0
1654,2
1655,2
1656,1
1657,1
1658,1
1659,2
1660,0
1661,2
1662,1
1663,2
1664,1
1665,2
1666,2
1667,2
1668,2
1669,1
1670,2
1671,2
1672,2
1673,2
1674,2
1675,0
1676,1
1677,2
1678,1
1679,2
1680,1
1681,2
1682,2
1683,2
1684,2
1685,0
1686,2
1687,2
1688,2
1689,2
1690,1
1691,2
1692,2
1693,2
1694,2
1695,0
1696,2
1697,1
1698,0
1699,2
1700,2
1701,1
1702,2
1703,0
1704,2
1705,1
1706,2
1707,2
1708,1
1709,2
1710,2
1711,1
1712,0
1713,2
1714,2
1715,1
1716,0
1717,2
1718,2
1719,1
1720,2
1721,1
1722,2
1723,2
1724,1
1725,0
1726,1
1727,2
1728,2
1729,0
1730,2
1731,2
1732,1
1733,0
1734,1
1735,0
1736,0
1737,2
1738,2
1739,1
1740,1
1741,1
1742,2
1743,0
1744,0
1745,2
1746,1
1747,2
1748,2
1749,1
1750,1
1751,2
1752,2
1753,1
1754,1
1755,2
1756,2
1757,2
1758,1
1759,2
1760,2
1761,1
1762,2
1763,2
1764,2
1765,2
1766,1
1767,1
1768,2
1769,2
1770,2
1771,2
1772,1
1773,2
1774,1
1775,2
1776,2
1777,2
1778,1
1779,0
1780,0
1781,2
1782,1
1783,2
1784,1
1785,1
1786,1
1787,2
1788,1
1789,1
1790,1
1791,2
1792,1
1793,1
1794,1
1795,1
1796,2
1797,2
1798,2
1799,1
1800,2
1801,1
1802,2
1803,2
1804,0
1805,0
1806,2
1807,2
1808,2
1809,2
1810,2
1811,2
1812,1
1813,1
1814,1
1815,1
1816,2
1817,1
1818,0
1819,2
1820,2
1821,1
1822,1
1823,2
1824,2
1825,1
1826,1
1827,0
1828,2
1829,1
1830,1
1831,2
1832,0
1833,2
1834,1
1835,1
1836,1
1837,2
1838,2
1839,2
1840,2
1841,0
1842,1
1843,1
1844,1
1845,2
1846,2
1847,1
1848,2
1849,0
1850,2
1851,0
1852,2
1853,2
1854,2
1855,2
1856,1
1857,2
1858,1
1859,1
1860,2
1861,2
1862,2
1863,2
1864,1
1865,1
1866,2
1867,0
1868,1
1869,2
1870,1
1871,0
1872,2
1873,2
1874,1
1875,2
1876,2
1877,2
1878,2
1879,1
1880,2
1881,1
1882,2
1883,0
1884,0
1885,2
1886,2
1887,2
1888,2
1889,2
1890,2
1891,2
1892,0
1893,1
1894,2
1895,2
1896,2
1897,1
1898,2
1899,2
1900,2
1901,1
1902,2
1903,2
1904,2
1905,1
1906,2
1907,2
1908,2
1909,2
1910,2
1911,1
1912,2
1913,1
1914,2
1915,2
1916,1
1917,2
1918,2
1919,2
1920,2
1921,2
1922,1
1923,2
1924,1
1925,2
1926,1
1927,2
1928,1
1929,2
1930,1
1931,0
1932,0
1933,2
1934,0
1935,2
1936,1
1937,2
1938,1
1939,2
1940,1
1941,2
1942,0
1943,1
1944,0
1945,1
1946,2
1947,1
1948,1
1949,2
1950,2
1951,2
1952,2
1953,2
1954,2
1955,2
1956,1
1957,2
1958,1
1959,2
1960,1
1961,0
1962,0
1963,1
1964,0
1965,2
1966,2
1967,1
1968,2
1969,2
1970,2
1971,1
1972,1
1973,1
1974,2
1975,2
1976,1
1977,1
1978,1
1979,1
1980,1
1981,0
1982,0
1983,1
1984,1
1985,1
1986,0
1987,2
1988,2
1989,1
1990,1
1991,0
1992,0
1993,2
1994,2
1995,0
1996,2
1997,0
1998,2
1999,1
2000,2
2001,1
2002,2
2003,2
2004,1
2005,2
2006,2
2007,1
2008,1
2009,2
2010,2
2011,2
2012,2
2013,2
2014,2
2015,1
2016,2
2017,2
2018,1
2019,2
2020,1
2021,1
2022,2
2023,1
2024,0
2025,2
2026,2
2027,2
2028,2
2029,2
2030,1
2031,2
2032,2
2033,1
2034,1
2035,2
2036,1
2037,2
2038,2
2039,1
2040,2
2041,2
2042,2
2043,1
2044,2
2045,1
2046,1
2047,1
2048,2
2049,1
2050,2
2051,2
2052,0
2053,1
2054,2
2055,2
2056,2
2057,2
2058,1
2059,2
2060,1
2061,2
2062,1
2063,0
2064,2
2065,1
2066,1
2067,2
2068,1
2069,1
2070,2
2071,1
2072,1
2073,0
2074,1
2075,2
2076,2
2077,2
2078,2
2079,2
2080,2
2081,1
2082,0
2083,2
2084,2
2085,1
2086,1
2087,1
2088,2
2089,2
2090,2
2091,0
2092,1
2093,1
2094,2
2095,2
2096,2
2097,0
2098,1
2099,2
2100,1
2101,2
2102,2
2103,2
2104,1
2105,1
2106,2
2107,2
2108,2
2109,2
2110,2
2111,2
2112,0
2113,2
2114,2
2115,2
2116,2
2117,2
2118,1
2119,1
2120,1
2121,2
2122,2
2123,1
2124,0
2125,2
2126,1
2127,2
2128,1
2129,2
2130,2
2131,2
2132,0
2133,0
2134,1
2135,2
2136,2
2137,0
2138,1
2139,2
2140,2
2141,1
2142,0
2143,2
2144,2
2145,1
2146,0
2147,2
2148,0
2149,2
2150,1
2151,2
2152,1
2153,2
2154,1
2155,2
2156,0
2157,2
2158,1
2159,2
2160,2
2161,0
2162,1
2163,1
2164,0
2165,1
2166,1
2167,1
2168,0
2169,2
2170,2
2171,1
2172,1
2173,2
2174,2
2175,2
2176,2
2177,2
2178,0
2179,1
2180,1
2181,2
2182,1
2183,0
2184,2
2185,1
2186,2
2187,2
2188,2
2189,0
2190,2
2191,2
2192,1
2193,2
2194,1
2195,1
2196,2
2197,1
2198,0
2199,2
2200,1
2201,2
2202,2
2203,2
2204,2
2205,0
2206,2
2207,1
2208,1
2209,2
2210,2
2211,2
2212,2
2213,1
2214,2
2215,1
2216,1
2217,1
2218,1
2219,0
2220,2
2221,1
2222,2
2223,1
2224,1
2225,2
2226,2
2227,1
2228,1
2229,1
2230,2
2231,1
2232,2
2233,2
2234,2
2235,0
2236,2
2237,2
2238,1
2239,2
2240,0
2241,2
2242,2
2243,2
2244,2
2245,2
2246,2
2247,2
2248,1
2249,1
2250,0
2251,2
2252,1
2253,2
2254,1
2255,1
2256,1
2257,2
2258,0
2259,2
2260,2
2261,1
2262,2
2263,1
2264,2
2265,2
2266,2
2267,2
2268,2
2269,2
2270,2
2271,2
2272,0
2273,1
2274,2
2275,2
2276,2
2277,1
2278,2
2279,0
2280,2
2281,2
2282,1
2283,1
2284,1
2285,2
2286,2
2287,1
2288,2
2289,2
2290,2
2291,2
2292,0
2293,2
2294,1
2295,2
2296,2
2297,1
2298,2
2299,1
2300,1
2301,2
2302,2
2303,2
2304,1
2305,1
2306,1
2307,1
2308,1
2309,0
2310,2
2311,1
2312,2
2313,0
2314,1
2315,1
2316,2
2317,2
2318,2
2319,2
2320,2
2321,2
2322,2
2323,2
2324,2
2325,2
2326,1
2327,1
2328,1
2329,2
2330,2
2331,2
2332,2
2333,2
2334,0
2335,1
2336,0
2337,2
2338,2
2339,1
2340,2
2341,2
2342,2
2343,1
2344,1
2345,2
2346,2
2347,0
2348,1
2349,1
2350,1
2351,2
2352,2
2353,1
2354,1
2355,1
2356,1
2357,1
2358,1
2359,0
2360,2
2361,1
2362,0
2363,2
2364,0
2365,1
2366,1
2367,1
2368,1
2369,1
2370,1
2371,0
2372,1
2373,2
2374,1
2375,0
2376,2
2377,2
2378,1
2379,1
2380,1
2381,0
2382,1
2383,2
2384,0
2385,1
2386,2
2387,1
2388,1
2389,2
2390,2
2391,2
2392,2
2393,2
2394,2
2395,0
2396,1
2397,2
2398,2
2399,1
2400,2
2401,2
2402,2
2403,2
2404,2
2405,2
2406,1
2407,2
2408,2
2409,0
2410,0
2411,2
2412,2
2413,2
2414,0
2415,2
2416,2
2417,1
2418,2
2419,2
2420,2
2421,0
2422,2
2423,0
2424,1
2425,2
2426,0
2427,1
2428,2
2429,1
2430,2
2431,2
2432,2
2433,0
2434,1
2435,0
2436,1
2437,2
2438,2
2439,2
2440,2
2441,0
2442,1
2443,1
2444,2
2445,2
2446,2
2447,1
2448,0
2449,1
2450,2
2451,1
2452,2
2453,1
2454,2
2455,1
2456,1
2457,2
2458,2
2459,2
2460,2
2461,1
2462,1
2463,1
2464,1
2465,1
2466,2
2467,1
2468,1
2469,0
2470,2
2471,1
2472,0
2473,2
2474,2
2475,0
2476,0
2477,2
2478,2
2479,2
2480,1
2481,2
2482,1
2483,1
2484,1
2485,0
2486,1
2487,2
2488,2
2489,0
2490,2
2491,2
2492,1
2493,2
2494,2
2495,2
2496,1
2497,1
2498,1
2499,1
2500,1
2501,1
2502,2
2503,2
2504,2
2505,2
2506,1
2507,1
2508,1
2509,2
2510,1
2511,1
2512,1
2513,2
2514,2
2515,2
2516,1
2517,2
2518,2
2519,2
2520,2
2521,1
2522,2
2523,1
2524,2
2525,2
2526,2
2527,0
2528,0
2529,2
2530,2
2531,2
2532,1
2533,2
2534,1
2535,1
2536,1
2537,2
2538,2
2539,2
2540,2
2541,1
2542,1
2543,0
2544,2
2545,1
2546,2
2547,2
2548,2
2549,2
2550,2
2551,1
2552,1
2553,1
2554,1
2555,1
2556,0
2557,1
2558,2
2559,1
2560,2
2561,1
2562,1
2563,1
2564,0
2565,2
2566,2
2567,2
2568,1
2569,1
2570,1
2571,1
2572,2
2573,1
2574,2
2575,2
2576,0
2577,1
2578,2
2579,1
2580,1
2581,0
2582,1
2583,1
2584,2
2585,1
2586,2
2587,0
2588,1
2589,2
2590,2
2591,1
2592,1
2593,1
2594,2
2595,2
2596,2
2597,1
2598,1
2599,1
2600,1
2601,1
2602,1
2603,1
2604,1
2605,0
2606,1
2607,2
2608,1
2609,1
2610,2
2611,2
2612,0
2613,1
2614,1
2615,2
2616,2
2617,1
2618,2
2619,1
2620,2
2621,1
2622,1
2623,2
2624,0
2625,2
2626,2
2627,2
2628,2
2629,2
2630,1
2631,1
2632,2
2633,2
2634,2
2635,2
2636,2
2637,1
2638,2
2639,2
2640,1
2641,0
2642,2
2643,0
2644,1
2645,2
2646,1
2647,2
2648,2
2649,1
2650,2
2651,1
2652,0
2653,1
2654,0
2655,2
2656,2
2657,1
2658,0
2659,2
2660,2
2661,0
2662,0
2663,1
2664,2
2665,1
2666,2
2667,2
2668,2
2669,2
2670,2
2671,2
2672,1
2673,1
2674,2
2675,1
2676,2
2677,2
2678,1
2679,1
2680,0
2681,2
2682,2
2683,0
2684,2
2685,0
2686,2
2687,1
2688,1
2689,2
2690,2
2691,2
2692,2
2693,1
2694,2
2695,0
2696,1
2697,1
2698,2
2699,2
2700,1
2701,2
2702,1
2703,1
2704,2
2705,2
2706,2
2707,1
2708,1
2709,2
2710,1
2711,0
2712,2
2713,2
2714,1
2715,1
2716,2
2717,1
2718,1
2719,1
2720,2
2721,1
2722,1
2723,2
2724,2
2725,2
2726,2
2727,1
2728,2
2729,2
2730,0
2731,1
2732,2
2733,1
2734,1
2735,2
2736,2
2737,2
2738,1
2739,2
2740,1
2741,2
2742,0
2743,0
2744,2
2745,0
2746,2
2747,2
2748,0
2749,1
2750,1
2751,2
2752,1
2753,2
2754,2
2755,2
2756,1
2757,0
2758,1
2759,2
2760,1
2761,1
2762,1
2763,1
2764,1
2765,1
2766,2
2767,2
2768,1
2769,1
2770,1
2771,0
2772,2
2773,0
2774,2
2775,2
2776,2
2777,2
2778,2
2779,1
2780,2
2781,2
2782,2
2783,2
2784,1
2785,2
2786,1
2787,2
2788,0
2789,2
2790,2
2791,1
2792,1
2793,1
2794,2
2795,2
2796,1
2797,1
2798,1
2799,2
2800,1
2801,0
2802,1
2803,0
2804,2
2805,2
2806,2
2807,2
2808,1
2809,1
2810,2
2811,2
2812,0
2813,2
2814,1
2815,0
2816,1
2817,1
2818,0
2819,0
2820,2
2821,2
2822,2
2823,2
2824,1
2825,0
2826,0
2827,2
2828,1
2829,1
2830,2
2831,1
2832,2
2833,1
2834,0
2835,2
2836,2
2837,2
2838,2
2839,1
2840,2
2841,2
2842,2
2843,1
2844,1
2845,1
2846,2
2847,0
2848,0
2849,2
2850,1
2851,2
2852,1
2853,2
2854,2
2855,2
2856,1
2857,0
2858,1
2859,2
2860,1
2861,2
2862,2
2863,2
2864,2
2865,2
2866,2
2867,2
2868,1
2869,1
2870,2
2871,2
2872,0
2873,2
2874,2
2875,2
2876,2
2877,2
2878,2
2879,2
2880,2
2881,2
2882,2
2883,1
2884,1
2885,2
2886,2
2887,2
2888,2
2889,2
2890,2
2891,1
2892,2
2893,2
2894,2
2895,2
2896,1
2897,2
2898,1
2899,2
2900,1
2901,2
2902,2
2903,2
2904,1
2905,0
2906,0
2907,2
2908,1
2909,0
2910,2
2911,1
2912,2
2913,2
2914,2
2915,2
2916,2
2917,2
2918,2
2919,1
2920,2
2921,1
2922,2
2923,2
2924,1
2925,2
2926,2
2927,1
2928,2
2929,2
2930,1
2931,1
2932,1
2933,1
2934,2
2935,1
2936,2
2937,1
2938,1
2939,2
2940,0
2941,2
2942,2
2943,2
2944,0
2945,2
2946,0
2947,2
2948,2
2949,2
2950,2
2951,2
2952,2
2953,1
2954,0
2955,2
2956,1
2957,2
2958,1
2959,1
2960,2
2961,1
2962,2
2963,2
2964,2
2965,1
2966,1
2967,1
2968,2
2969,2
2970,1
2971,2
2972,2
2973,1
2974,1
2975,1
2976,2
2977,2
2978,0
2979,2
2980,1
2981,2
2982,2
2983,0
2984,2
2985,1
2986,2
2987,1
2988,2
2989,2
2990,1
2991,2
2992,2
2993,2
2994,2
2995,1
2996,2
2997,0
2998,0
2999,0
3000,1
3001,2
3002,2
3003,1
3004,2
3005,1
3006,0
3007,2
3008,1
3009,1
3010,1
3011,1
3012,2
3013,1
3014,2
3015,0
3016,1
3017,2
3018,1
3019,2
3020,0
3021,2
3022,1
3023,2
3024,2
3025,2
3026,1
3027,0
3028,2
3029,1
3030,1
3031,2
3032,2
3033,1
3034,1
3035,1
3036,1
3037,2
3038,1
3039,1
3040,1
3041,2
3042,2
3043,1
3044,2
3045,2
3046,2
3047,1
3048,2
3049,1
3050,2
3051,1
3052,2
3053,2
3054,2
3055,2
3056,2
3057,1
3058,2
3059,0
3060,1
3061,1
3062,2
3063,2
3064,0
3065,0
3066,1
3067,1
3068,2
3069,2
3070,0
3071,1
3072,1
3073,1
3074,2
3075,2
3076,2
3077,2
3078,0
3079,2
3080,2
3081,2
3082,2
3083,1
3084,1
3085,0
3086,1
3087,1
3088,2
3089,2
3090,2
3091,1
3092,1
3093,1
3094,0
3095,2
3096,2
3097,2
3098,2
3099,1
3100,1
3101,0
3102,1
3103,1
3104,1
3105,2
3106,2
3107,2
3108,1
3109,2
3110,2
3111,2
3112,1
3113,2
3114,2
3115,0
3116,1
3117,2
3118,2
3119,1
3120,1
3121,2
3122,2
3123,1
3124,2
3125,2
3126,2
3127,2
3128,1
3129,1
3130,1
3131,1
3132,1
3133,2
3134,1
3135,1
3136,2
3137,2
3138,2
3139,0
3140,2
3141,1
3142,2
3143,1
3144,0
3145,2
3146,2
3147,1
3148,2
3149,0
3150,2
3151,1
3152,2
3153,1
3154,1
3155,1
3156,2
3157,2
3158,2
3159,1
3160,2
3161,1
3162,2
3163,2
3164,2
3165,2
3166,2
3167,2
3168,2
3169,1
3170,2
3171,2
3172,2
3173,2
3174,1
3175,1
3176,1
3177,1
3178,2
3179,0
3180,1
3181,1
3182,0
3183,2
3184,1
3185,2
3186,1
3187,0
3188,2
3189,1
3190,1
3191,2
3192,2
3193,2
3194,2
3195,2
3196,1
3197,1
3198,0
3199,1
3200,1
3201,2
3202,2
3203,0
3204,2
3205,1
3206,1
3207,1
3208,2
3209,0
3210,1
3211,2
3212,1
3213,1
3214,2
3215,2
3216,1
3217,2
3218,2
3219,2
3220,2
3221,0
3222,2
3223,2
3224,1
3225,2
3226,1
3227,2
3228,2
3229,1
3230,0
3231,2
3232,2
3233,2
3234,2
3235,2
3236,1
3237,1
3238,2
3239,2
3240,2
3241,2
3242,2
3243,2
3244,2
3245,2
3246,1
3247,2
3248,2
3249,2
3250,2
3251,1
3252,0
3253,1
3254,2
3255,0
3256,2
3257,0
3258,2
3259,1
3260,0
3261,0
3262,2
3263,0
3264,2
3265,2
3266,2
3267,2
3268,1
3269,2
3270,2
3271,1
3272,1
3273,1
3274,1
3275,2
3276,2
3277,2
3278,2
3279,0
3280,2
3281,2
3282,2
3283,2
3284,2
3285,1
3286,0
3287,0
3288,1
3289,1
3290,2
3291,1
3292,2
3293,2
3294,2
3295,1
3296,2
3297,2
3298,2
3299,2
3300,2
3301,1
3302,0
3303,1
3304,0
3305,0
3306,1
3307,1
3308,2
3309,2
3310,2
3311,2
3312,1
3313,2
3314,1
3315,2
3316,1
3317,2
3318,2
3319,1
3320,2
3321,2
3322,2
3323,1
3324,0
3325,2
3326,1
3327,1
3328,0
3329,2
3330,1
3331,1
3332,2
3333,2
3334,2
3335,0
3336,1
3337,2
3338,2
3339,1
3340,2
3341,0
3342,1
3343,2
3344,2
3345,2
3346,1
3347,1
3348,1
3349,0
3350,1
3351,1
3352,2
3353,2
3354,1
3355,2
3356,1
3357,2
3358,1
3359,1
3360,1
3361,2
3362,1
3363,1
3364,1
3365,2
3366,1
3367,0
3368,1
3369,2
3370,2
3371,2
3372,2
3373,2
3374,2
3375,2
3376,2
3377,1
3378,1
3379,1
3380,2
3381,0
3382,2
3383,2
3384,1
3385,1
3386,2
3387,2
3388,2
3389,0
3390,2
3391,2
3392,1
3393,2
3394,1
3395,2
3396,1
3397,1
3398,2
3399,2
3400,1
3401,1
3402,2
3403,2
3404,2
3405,0
3406,0
3407,0
3408,1
3409,1
3410,2
3411,2
3412,1
3413,0
3414,0
3415,1
3416,2
3417,2
3418,2
3419,1
3420,2
3421,2
3422,2
3423,2
3424,2
3425,1
3426,2
3427,1
3428,1
3429,1
3430,1
3431,1
3432,2
3433,2
3434,0
3435,0
3436,2
3437,1
3438,2
3439,1
3440,2
3441,2
3442,2
3443,1
3444,2
3445,1
3446,1
3447,2
3448,2
3449,2
3450,1
3451,0
3452,2
3453,1
3454,2
3455,1
3456,2
3457,1
3458,1
3459,2
3460,2
3461,2
3462,2
3463,2
3464,1
3465,2
3466,0
3467,2
3468,2
3469,2
3470,1
3471,2
3472,2
3473,0
3474,0
3475,1
3476,1
3477,2
3478,2
3479,2
3480,2
3481,0
3482,1
3483,0
3484,0
3485,1
3486,0
3487,2
3488,0
3489,2
3490,2
3491,2
3492,2
3493,1
3494,2
3495,2
3496,2
3497,2
3498,2
3499,2
3500,2
3501,1
3502,1
3503,0
3504,2
3505,1
3506,2
3507,2
3508,2
3509,0
3510,2
3511,0
3512,2
3513,2
3514,2
3515,1
3516,2
3517,0
3518,2
3519,1
3520,2
3521,2
3522,2
3523,0
3524,2
3525,2
3526,0
3527,2
3528,1
3529,2
3530,2
3531,2
3532,1
3533,2
3534,2
3535,1
3536,1
3537,1
3538,0
3539,0
3540,1
3541,1
3542,1
3543,1
3544,1
3545,2
3546,2
3547,1
3548,1
3549,2
3550,2
3551,2
3552,1
3553,1
3554,1
3555,2
3556,1
3557,1
3558,2
3559,1
3560,2
3561,1
3562,0
3563,2
3564,2
3565,0
3566,2
3567,2
3568,2
3569,2
3570,1
3571,0
3572,0
3573,2
3574,2
3575,2
3576,2
3577,2
3578,2
3579,1
3580,0
3581,2
3582,1
3583,2
3584,2
3585,2
3586,1
3587,0
3588,2
3589,0
3590,2
3591,2
3592,1
3593,2
3594,2
3595,1
3596,1
3597,2
3598,2
3599,2
3600,0
3601,1
3602,2
3603,2
3604,0
3605,2
3606,1
3607,1
3608,2
3609,2
3610,2
3611,2
3612,2
3613,2
3614,1
3615,2
3616,1
3617,2
3618,1
3619,1
3620,1
3621,0
3622,0
3623,0
3624,0
3625,1
3626,2
3627,0
3628,2
3629,1
3630,2
3631,2
3632,2
3633,2
3634,2
3635,2
3636,0
3637,2
3638,2
3639,2
3640,1
3641,1
3642,1
3643,2
3644,2
3645,2
3646,2
3647,1
3648,1
3649,2
3650,1
3651,0
3652,1
3653,1
3654,1
3655,2
3656,1
3657,1
3658,1
3659,2
3660,2
3661,1
3662,1
3663,1
3664,1
3665,1
3666,2
3667,2
3668,0
3669,0
3670,1
3671,2
3672,1
3673,1
3674,0
3675,2
3676,1
3677,2
3678,2
3679,2
3680,2
3681,1
3682,2
3683,0
3684,2
3685,2
3686,2
3687,0
3688,2
3689,1
3690,0
3691,2
3692,1
3693,1
3694,2
3695,1
3696,1
3697,2
3698,2
3699,0
3700,1
3701,2
3702,2
3703,2
3704,2
3705,2
3706,1
3707,0
3708,1
3709,2
3710,2
3711,2
3712,1
3713,1
3714,2
3715,2
3716,2
3717,1
3718,2
3719,2
3720,2
3721,2
3722,2
3723,0
3724,1
3725,0
3726,0
3727,1
3728,1
3729,1
3730,2
3731,1
3732,2
3733,1
3734,2
3735,0
3736,1
3737,0
3738,0
3739,0
3740,0
3741,2
3742,2
3743,1
3744,0
3745,2
3746,0
3747,2
3748,1
3749,2
3750,1
3751,2
3752,2
3753,0
3754,1
3755,1
3756,0
3757,0
3758,1
3759,2
3760,0
3761,2
3762,1
3763,2
3764,1
3765,2
3766,1
3767,2
3768,2
3769,2
3770,2
3771,2
3772,1
3773,2
3774,0
3775,1
3776,2
3777,1
3778,1
3779,2
3780,2
3781,1
3782,2
3783,2
3784,1
3785,2
3786,1
3787,0
3788,1
3789,1
3790,0
3791,2
3792,1
3793,2
3794,1
3795,2
3796,0
3797,1
3798,0
3799,1
3800,1
3801,1
3802,1
3803,2
3804,2
3805,2
3806,2
3807,2
3808,1
3809,2
3810,0
3811,2
3812,1
3813,0
3814,2
3815,0
3816,2
3817,0
3818,1
3819,1
3820,0
3821,2
3822,2
3823,1
3824,2
3825,2
3826,1
3827,2
3828,1
3829,2
3830,0
3831,1
3832,2
3833,2
3834,1
3835,1
3836,0
3837,1
3838,2
3839,1
3840,2
3841,2
3842,1
3843,0
3844,1
3845,2
3846,0
3847,0
3848,1
3849,1
3850,0
3851,2
3852,2
3853,2
3854,2
3855,1
3856,1
3857,2
3858,1
3859,2
3860,1
3861,2
3862,2
3863,2
3864,2
3865,2
3866,1
3867,2
3868,2
3869,2
3870,2
3871,1
3872,2
3873,1
3874,1
3875,2
3876,1
3877,1
3878,2
3879,2
3880,2
3881,2
3882,2
3883,2
3884,2
3885,1
3886,2
3887,0
3888,1
3889,0
3890,2
3891,2
3892,1
3893,2
3894,1
3895,0
3896,2
3897,2
3898,2
3899,1
3900,2
3901,1
3902,2
3903,2
3904,2
3905,2
3906,2
3907,2
3908,1
3909,1
3910,2
3911,1
3912,1
3913,1
3914,2
3915,1
3916,1
3917,2
3918,1
3919,1
3920,1
3921,1
3922,2
3923,2
3924,2
3925,2
3926,2
3927,1
3928,1
3929,1
3930,2
3931,0
3932,0
3933,1
3934,2
3935,2
3936,0
3937,1
3938,2
3939,1
3940,2
3941,1
3942,2
3943,2
3944,2
3945,1
3946,0
3947,2
3948,1
3949,1
3950,1
3951,1
3952,1
3953,1
3954,2
3955,1
3956,2
3957,2
3958,1
3959,2
3960,2
3961,2
3962,2
3963,0
3964,2
3965,1
3966,1
3967,1
3968,0
3969,2
3970,0
3971,1
3972,2
3973,0
3974,1
3975,2
3976,2
3977,0
3978,2
3979,2
3980,2
3981,1
3982,1
3983,2
3984,1
3985,2
3986,2
3987,1
3988,2
3989,2
3990,1
3991,1
3992,2
3993,2
3994,0
3995,0
3996,1
3997,0
3998,2
3999,1
4000,0
4001,1
4002,2
4003,0
4004,1
4005,0
4006,2
4007,1
4008,2
4009,0
4010,0
4011,2
4012,2
4013,1
4014,1
4015,2
4016,2
4017,0
4018,1
4019,1
4020,1
4021,1
4022,2
4023,2
4024,2
4025,1
4026,1
4027,2
4028,2
4029,2
4030,2
4031,1
4032,2
4033,2
4034,2
4035,2
4036,2
4037,2
4038,1
4039,2
4040,2
4041,1
4042,1
4043,1
4044,2
4045,1
4046,2
4047,2
4048,2
4049,2
4050,0
4051,2
4052,2
4053,1
4054,1
4055,2
4056,2
4057,1
4058,0
4059,2
4060,1
4061,1
4062,0
4063,1
4064,1
4065,2
4066,2
4067,1
4068,2
4069,1
4070,2
4071,2
4072,2
4073,0
4074,1
4075,2
4076,1
4077,1
4078,1
4079,0
4080,1
4081,2
4082,1
4083,2
4084,2
4085,2
4086,2
4087,2
4088,0
4089,2
4090,1
4091,2
4092,2
4093,1
4094,1
4095,1
4096,1
4097,2
4098,2
4099,1
4100,2
4101,2
4102,2
4103,0
4104,1
4105,2
4106,1
4107,2
4108,2
4109,2
4110,2
4111,2
4112,2
4113,2
4114,0
4115,2
4116,2
4117,2
4118,2
4119,1
4120,0
4121,2
4122,1
4123,1
4124,1
4125,0
4126,1
4127,2
4128,1
4129,0
4130,2
4131,1
4132,2
4133,2
4134,1
4135,1
4136,2
4137,2
4138,1
4139,1
4140,0
4141,1
4142,0
4143,2
4144,1
4145,1
4146,1
4147,2
4148,2
4149,2
4150,0
4151,1
4152,2
4153,1
4154,1
4155,2
4156,1
4157,1
4158,1
4159,0
4160,2
4161,1
4162,1
4163,2
4164,1
4165,1
4166,2
4167,1
4168,2
4169,0
4170,0
4171,2
4172,1
4173,1
4174,1
4175,0
4176,0
4177,2
4178,1
4179,2
4180,0
4181,0
4182,2
4183,1
4184,2
4185,0
4186,2
4187,2
4188,0
4189,0
4190,2
4191,1
4192,2
4193,1
4194,2
4195,2
4196,1
4197,0
4198,1
4199,0
4200,0
4201,2
4202,1
4203,2
4204,1
4205,0
4206,2
4207,1
4208,0
4209,1
4210,2
4211,1
4212,2
4213,1
4214,1
4215,2
4216,2
4217,0
4218,1
4219,2
4220,2
4221,1
4222,1
4223,2
4224,2
4225,2
4226,1
4227,2
4228,2
4229,2
4230,2
4231,1
4232,1
4233,0
4234,0
4235,2
4236,1
4237,2
4238,1
4239,0
4240,2
4241,2
4242,2
4243,0
4244,1
4245,2
4246,2
4247,1
4248,1
4249,0
4250,2
4251,2
4252,1
4253,1
4254,2
4255,2
4256,0
4257,2
4258,1
4259,2
4260,2
4261,2
4262,1
4263,2
4264,1
4265,2
4266,2
4267,2
4268,2
4269,2
4270,2
4271,2
4272,0
4273,2
4274,2
4275,1
4276,1
4277,2
4278,1
4279,1
4280,1
4281,0
4282,1
4283,1
4284,1
4285,2
4286,2
4287,1
4288,2
4289,2
4290,0
4291,1
4292,2
4293,1
4294,2
4295,2
4296,1
4297,2
4298,1
4299,0
4300,2
4301,0
4302,2
4303,2
4304,1
4305,2
4306,2
4307,2
4308,1
4309,0
4310,1
4311,2
4312,2
4313,1
4314,2
4315,0
4316,2
4317,2
4318,1
4319,0
4320,2
4321,2
4322,2
4323,2
4324,0
4325,0
4326,2
4327,1
4328,2
4329,1
4330,2
4331,2
4332,1
4333,2
4334,2
4335,2
4336,2
4337,2
4338,2
4339,2
4340,0
4341,2
4342,2
4343,2
4344,1
4345,1
4346,2
4347,1
4348,1
4349,2
4350,1
4351,2
4352,2
4353,1
4354,1
4355,2
4356,0
4357,1
4358,2
4359,2
4360,0
4361,1
4362,2
4363,2
4364,1
4365,2
4366,0
4367,2
4368,0
4369,0
4370,1
4371,1
4372,0
4373,2
4374,1
4375,1
4376,1
4377,1
4378,2
4379,1
4380,1
4381,2
4382,1
4383,2
4384,1
4385,0
4386,2
4387,2
4388,1
4389,2
4390,2
4391,1
4392,2
4393,0
4394,1
4395,2
4396,1
4397,1
4398,2
4399,2
4400,1
4401,1
4402,0
4403,2
4404,2
4405,1
4406,1
4407,1
4408,1
4409,0
4410,0
4411,2
4412,2
4413,2
4414,1
4415,0
4416,1
4417,1
4418,2
4419,1
4420,1
4421,2
4422,1
4423,2
4424,0
4425,1
4426,1
4427,2
4428,0
4429,1
4430,0
4431,1
4432,1
4433,2
4434,2
4435,2
4436,2
4437,0
4438,2
4439,0
4440,1
4441,0
4442,1
4443,2
4444,0
4445,1
4446,2
4447,2
4448,1
4449,1
4450,2
4451,1
4452,0
4453,1
4454,1
4455,0
4456,1
4457,2
4458,1
4459,2
4460,1
4461,1
4462,0
4463,1
4464,1
4465,1
4466,0
4467,1
4468,2
4469,1
4470,2
4471,2
4472,2
4473,2
4474,0
4475,0
4476,1
4477,2
4478,2
4479,0
4480,1
4481,1
4482,1
4483,1
4484,1
4485,2
4486,2
4487,2
4488,0
4489,1
4490,0
4491,2
4492,1
4493,2
4494,2
4495,2
4496,0
4497,1
4498,1
4499,1
4500,0
4501,2
4502,1
4503,2
4504,1
4505,2
4506,2
4507,1
4508,0
4509,2
4510,2
4511,2
4512,2
4513,2
4514,2
4515,2
4516,2
4517,1
4518,2
4519,0
4520,2
4521,2
4522,1
4523,2
4524,2
4525,2
4526,1
4527,2
4528,2
4529,1
4530,1
4531,1
4532,1
4533,2
4534,1
4535,1
4536,1
4537,1
4538,1
4539,0
4540,2
4541,1
4542,0
4543,1
4544,1
4545,0
4546,1
4547,2
4548,2
4549,1
4550,2
4551,2
4552,2
4553,0
4554,2
4555,2
4556,2
4557,2
4558,2
4559,2
4560,2
4561,1
4562,2
4563,1
4564,1
4565,1
4566,1
4567,2
4568,0
4569,1
4570,1
4571,2
4572,1
4573,0
4574,2
4575,2
4576,1
4577,1
4578,2
4579,2
4580,2
4581,2
4582,1
4583,1
4584,2
4585,1
4586,2
4587,2
4588,2
4589,2
4590,2
4591,1
4592,2
4593,1
4594,1
4595,0
4596,2
4597,1
4598,0
4599,2
4600,1
4601,0
4602,1
4603,2
4604,1
4605,2
4606,2
4607,0
4608,2
4609,2
4610,2
4611,2
4612,0
4613,1
4614,1
4615,1
4616,1
4617,2
4618,2
4619,2
4620,1
4621,2
4622,1
4623,2
4624,1
4625,2
4626,1
4627,1
4628,2
4629,0
4630,2
4631,1
4632,2
4633,2
4634,0
4635,1
4636,2
4637,1
4638,2
4639,2
4640,1
4641,1
4642,1
4643,2
4644,2
4645,1
4646,1
4647,2
4648,0
4649,0
4650,2
4651,1
4652,2
4653,1
4654,1
4655,0
4656,2
4657,1
4658,1
4659,2
4660,2
4661,1
4662,1
4663,1
4664,1
4665,1
4666,2
4667,0
4668,2
4669,1
4670,2
4671,2
4672,1
4673,2
4674,2
4675,2
4676,1
4677,2
4678,2
4679,2
4680,1
4681,1
4682,1
4683,2
4684,2
4685,2
4686,1
4687,1
4688,2
4689,2
4690,1
4691,1
4692,1
4693,0
4694,2
4695,2
4696,1
4697,1
4698,0
4699,0
4700,1
4701,2
4702,2
4703,0
4704,1
4705,2
4706,2
4707,1
4708,2
4709,1
4710,0
4711,1
4712,0
4713,1
4714,2
4715,2
4716,1
4717,0
4718,1
4719,2
4720,1
4721,2
4722,1
4723,2
4724,2
4725,1
4726,0
4727,0
4728,2
4729,2
4730,1
4731,1
4732,1
4733,1
4734,0
4735,1
4736,2
4737,2
4738,2
4739,0
4740,2
4741,2
4742,2
4743,2
4744,2
4745,2
4746,2
4747,2
4748,2
4749,0
4750,1
4751,1
4752,0
4753,1
4754,2
4755,2
4756,1
4757,2
4758,1
4759,2
4760,2
4761,1
4762,1
4763,1
4764,2
4765,2
4766,2
4767,2
4768,2
4769,1
4770,1
4771,2
4772,0
4773,2
4774,2
4775,2
4776,0
4777,1
4778,2
4779,2
4780,2
4781,1
4782,2
4783,2
4784,2
4785,1
4786,2
4787,1
4788,2
4789,1
4790,2
4791,1
4792,2
4793,2
4794,2
4795,0
4796,2
4797,2
4798,1
4799,2
4800,1
4801,2
4802,2
4803,2
4804,2
4805,2
4806,2
4807,2
4808,2
4809,2
4810,2
4811,0
4812,2
4813,2
4814,2
4815,1
4816,1
4817,2
4818,2
4819,1
4820,0
4821,1
4822,0
4823,1
4824,1
4825,1
4826,2
4827,2
4828,1
4829,0
4830,2
4831,2
4832,2
4833,2
4834,1
4835,2
4836,2
4837,2
4838,2
4839,2
4840,0
4841,1
4842,2
4843,2
4844,1
4845,0
4846,2
4847,2
4848,1
4849,0
4850,2
4851,1
4852,1
4853,1
4854,2
4855,0
4856,2
4857,1
4858,0
4859,2
4860,0
4861,0
4862,2
4863,2
4864,2
4865,2
4866,2
4867,0
4868,1
4869,2
4870,2
4871,2
4872,2
4873,2
4874,1
4875,2
4876,1
4877,1
4878,1
4879,2
4880,1
4881,1
4882,2
4883,1
4884,2
4885,1
4886,1
4887,1
4888,1
4889,0
4890,2
4891,1
4892,2
4893,1
4894,2
4895,0
4896,1
4897,2
4898,2
4899,1
4900,2
4901,1
4902,2
4903,2
4904,1
4905,1
4906,1
4907,2
4908,2
4909,1
4910,1
4911,1
4912,1
4913,2
4914,0
4915,2
4916,1
4917,2
4918,1
4919,0
4920,2
4921,1
4922,2
4923,1
4924,0
4925,2
4926,2
4927,2
4928,0
4929,2
4930,2
4931,2
4932,1
4933,2
4934,1
4935,1
4936,2
4937,2
4938,2
4939,2
4940,0
4941,0
4942,1
4943,0
4944,1
4945,2
4946,2
4947,1
4948,2
4949,1
4950,2
4951,2
4952,2
4953,2
4954,2
4955,2
4956,1
4957,2
4958,2
4959,2
4960,0
4961,1
4962,1
4963,2
4964,2
4965,1
4966,2
4967,1
4968,0
4969,2
4970,0
4971,1
4972,2
4973,1
4974,1
4975,2
4976,2
4977,2
4978,1
4979,1
4980,2
4981,0
4982,1
4983,1
4984,2
4985,1
4986,2
4987,1
4988,2
4989,2
4990,2
4991,2
4992,0
4993,2
4994,2
4995,2
4996,1
4997,2
4998,2
4999,0
5000,1
5001,1
5002,2
5003,2
5004,1
5005,1
5006,2
5007,0
5008,2
5009,2
5010,2
5011,0
5012,0
5013,1
5014,1
5015,2
5016,2
5017,1
5018,1
5019,2
5020,2
5021,0
5022,2
5023,1
5024,2
5025,2
5026,1
5027,0
5028,2
5029,2
5030,2
5031,1
5032,1
5033,1
5034,2
5035,2
5036,2
5037,2
5038,0
5039,2
5040,2
5041,1
5042,2
5043,2
5044,1
5045,2
5046,2
5047,1
5048,2
5049,1
5050,2
5051,1
5052,1
5053,2
5054,0
5055,1
5056,2
5057,1
5058,2
5059,2
5060,2
5061,2
5062,1
5063,0
5064,2
5065,2
5066,1
5067,0
5068,2
5069,1
5070,2
5071,0
5072,2
5073,2
5074,2
5075,1
5076,2
5077,1
5078,1
5079,1
5080,1
5081,2
5082,2
5083,2
5084,0
5085,1
5086,1
5087,1
5088,2
5089,2
5090,1
5091,1
5092,1
5093,1
5094,1
5095,2
5096,1
5097,2
5098,2
5099,1
5100,2
5101,1
5102,1
5103,1
5104,2
5105,1
5106,1
5107,1
5108,1
5109,2
5110,1
5111,1
5112,0
5113,2
5114,1
5115,2
5116,0
5117,2
5118,1
5119,1
5120,2
5121,2
5122,2
5123,2
5124,1
5125,2
5126,2
5127,1
5128,2
5129,2
5130,0
5131,1
5132,0
5133,2
5134,1
5135,1
5136,2
5137,1
5138,0
5139,1
5140,1
5141,1
5142,1
5143,2
5144,1
5145,2
5146,2
5147,2
5148,1
5149,2
5150,0
5151,2
5152,1
5153,1
5154,1
5155,0
5156,1
5157,1
5158,1
5159,0
5160,1
5161,2
5162,2
5163,2
5164,1
5165,1
5166,1
5167,1
5168,2
5169,1
5170,1
5171,1
5172,0
5173,1
5174,1
5175,1
5176,1
5177,2
5178,1
5179,2
5180,0
5181,1
5182,0
5183,0
5184,0
5185,2
5186,2
5187,0
5188,1
5189,2
5190,1
5191,1
5192,2
5193,2
5194,2
5195,2
5196,1
5197,0
5198,2
5199,0
5200,2
5201,1
5202,0
5203,0
5204,2
5205,0
5206,1
5207,1
5208,2
5209,2
5210,1
5211,2
5212,1
5213,2
5214,0
5215,2
5216,1
5217,2
5218,1
5219,2
5220,1
5221,2
5222,2
5223,0
5224,2
5225,0
5226,2
5227,1
5228,1
5229,2
5230,2
5231,1
5232,1
5233,1
5234,2
5235,2
5236,0
5237,1
5238,0
5239,2
5240,0
5241,2
5242,0
5243,2
5244,0
5245,1
5246,2
5247,0
5248,1
5249,1
5250,1
5251,2
5252,1
5253,2
5254,0
5255,1
5256,1
5257,2
5258,2
5259,2
5260,2
5261,2
5262,1
5263,2
5264,1
5265,2
5266,2
5267,1
5268,1
5269,0
5270,1
5271,1
5272,1
5273,2
5274,2
5275,1
5276,1
5277,2
5278,0
5279,1
5280,1
5281,2
5282,2
5283,1
5284,0
5285,2
5286,0
5287,2
5288,2
5289,0
5290,2
5291,1
5292,1
5293,1
5294,1
5295,2
5296,2
5297,2
5298,2
5299,1
5300,1
5301,1
5302,1
5303,2
5304,1
5305,1
5306,1
5307,1
5308,2
5309,1
5310,1
5311,2
5312,2
5313,1
5314,1
5315,1
5316,0
5317,2
5318,2
5319,2
5320,1
5321,1
5322,2
5323,1
5324,2
5325,2
5326,1
5327,1
5328,2
5329,2
5330,1
5331,1
5332,1
5333,1
5334,1
5335,1
5336,0
5337,2
5338,0
5339,0
5340,1
5341,2
5342,2
5343,2
5344,2
5345,1
5346,0
5347,1
5348,2
5349,1
5350,2
5351,2
5352,1
5353,1
5354,2
5355,2
5356,2
5357,2
5358,0
5359,1
5360,2
5361,1
5362,2
5363,2
5364,2
5365,2
5366,2
5367,1
5368,1
5369,2
5370,2
5371,1
5372,1
5373,1
5374,1
5375,1
5376,2
5377,1
5378,1
5379,2
5380,2
5381,1
5382,1
5383,1
5384,1
5385,1
5386,1
5387,1
5388,2
5389,1
5390,0
5391,2
5392,2
5393,2
5394,1
5395,2
5396,2
5397,1
5398,1
5399,0
5400,0
5401,2
5402,1
5403,1
5404,2
5405,1
5406,0
5407,2
5408,1
5409,2
5410,1
5411,1
5412,2
5413,1
5414,2
5415,2
5416,2
5417,2
5418,1
5419,2
5420,2
5421,2
5422,2
5423,1
5424,0
5425,2
5426,1
5427,2
5428,1
5429,1
5430,2
5431,0
5432,2
5433,0
5434,1
5435,1
5436,2
5437,2
5438,2
5439,2
5440,2
5441,2
5442,0
5443,2
5444,1
5445,2
5446,1
5447,0
5448,2
5449,1
5450,2
5451,2
5452,2
5453,1
5454,2
5455,1
5456,2
5457,2
5458,2
5459,2
5460,1
5461,2
5462,1
5463,1
5464,2
5465,2
5466,2
5467,1
5468,2
5469,1
5470,1
5471,2
5472,2
5473,1
5474,2
5475,1
5476,2
5477,2
5478,1
5479,2
5480,1
5481,1
5482,2
5483,2
5484,0
5485,2
5486,2
5487,1
5488,2
5489,2
5490,1
5491,0
5492,0
5493,2
5494,1
5495,1
5496,1
5497,2
5498,2
5499,2
5500,2
5501,1
5502,2
5503,1
5504,2
5505,2
5506,1
5507,2
5508,1
5509,2
5510,0
5511,2
5512,1
5513,2
5514,0
5515,1
5516,1
5517,2
5518,1
5519,2
5520,1
5521,0
5522,2
5523,2
5524,1
5525,1
5526,0
5527,1
5528,2
5529,1
5530,2
5531,2
5532,2
5533,1
5534,2
5535,1
5536,2
5537,2
5538,1
5539,1
5540,2
5541,1
5542,1
5543,2
5544,1
5545,2
5546,0
5547,2
5548,1
5549,0
5550,0
5551,2
5552,0
5553,2
5554,1
5555,2
5556,0
5557,0
5558,2
5559,1
5560,1
5561,0
5562,1
5563,2
5564,2
5565,0
5566,1
5567,1
5568,2
5569,1
5570,2
5571,0
5572,2
5573,2
5574,2
5575,2
5576,2
5577,1
5578,1
5579,2
5580,0
5581,2
5582,2
5583,2
5584,0
5585,1
5586,2
5587,2
5588,2
5589,1
5590,2
5591,2
5592,1
5593,2
5594,2
5595,2
5596,1
5597,1
5598,1
5599,2
5600,1
5601,1
5602,0
5603,2
5604,2
5605,1
5606,2
5607,1
5608,2
5609,2
5610,2
5611,2
5612,2
5613,2
5614,1
5615,2
5616,1
5617,2
5618,2
5619,1
5620,2
5621,1
5622,1
5623,2
5624,1
5625,1
5626,0
5627,1
5628,0
5629,0
5630,2
5631,1
5632,2
5633,1
5634,2
5635,1
5636,2
5637,2
5638,2
5639,1
5640,1
5641,2
5642,0
5643,1
5644,0
5645,2
5646,1
5647,2
5648,0
5649,1
5650,2
5651,1
5652,2
5653,2
5654,0
5655,2
5656,2
5657,2
5658,2
5659,0
5660,0
5661,2
5662,1
5663,2
5664,2
5665,2
5666,2
5667,2
5668,1
5669,1
5670,2
5671,2
5672,2
5673,2
5674,0
5675,2
5676,2
5677,0
5678,1
5679,2
5680,2
5681,2
5682,0
5683,2
5684,2
5685,1
5686,2
5687,2
5688,0
5689,1
5690,2
5691,2
5692,2
5693,2
5694,1
5695,0
5696,0
5697,1
5698,1
5699,0
5700,2
5701,1
5702,1
5703,2
5704,2
5705,1
5706,0
5707,2
5708,2
5709,1
5710,1
5711,0
5712,1
5713,1
5714,2
5715,0
5716,0
5717,1
5718,1
5719,1
5720,1
5721,1
5722,2
5723,2
5724,1
5725,0
5726,1
5727,2
5728,1
5729,1
5730,1
5731,2
5732,1
5733,2
5734,2
5735,0
5736,2
5737,2
5738,1
5739,2
5740,0
5741,2
5742,1
5743,1
5744,2
5745,2
5746,0
5747,0
5748,2
5749,1
5750,1
5751,2
5752,1
5753,0
5754,1
5755,2
5756,1
5757,2
5758,2
5759,2
5760,2
5761,2
5762,2
5763,2
5764,2
5765,2
5766,2
5767,1
5768,1
5769,1
5770,0
5771,2
5772,1
5773,0
5774,1
5775,0
5776,1
5777,2
5778,2
5779,2
5780,2
5781,2
5782,2
5783,2
5784,2
5785,2
5786,2
5787,2
5788,1
5789,2
5790,0
5791,2
5792,2
5793,2
5794,2
5795,2
5796,0
5797,1
5798,2
5799,0
5800,1
5801,2
5802,2
5803,2
5804,2
5805,2
5806,2
5807,1
5808,2
5809,2
5810,2
5811,1
5812,2
5813,0
5814,0
5815,1
5816,2
5817,2
5818,1
5819,2
5820,0
5821,2
5822,2
5823,2
5824,2
5825,2
5826,2
5827,2
5828,1
5829,0
5830,1
5831,2
5832,1
5833,2
5834,2
5835,2
5836,1
5837,1
5838,1
5839,1
5840,1
5841,2
5842,0
5843,1
5844,1
5845,1
5846,1
5847,1
5848,1
5849,2
5850,2
5851,1
5852,1
5853,1
5854,0
5855,2
5856,2
5857,0
5858,2
5859,1
5860,2
5861,1
5862,2
5863,2
5864,2
5865,0
5866,2
5867,1
5868,2
5869,1
5870,1
5871,2
5872,1
5873,1
5874,2
5875,2
5876,1
5877,1
5878,2
5879,0
5880,1
5881,0
5882,2
5883,2
5884,0
5885,2
5886,1
5887,2
5888,1
5889,2
5890,0
5891,1
5892,0
5893,2
5894,1
5895,1
5896,2
5897,2
5898,1
5899,1
5900,2
5901,2
5902,1
5903,2
5904,1
5905,2
5906,1
5907,2
5908,0
5909,1
5910,0
5911,0
5912,2
5913,0
5914,1
5915,0
5916,0
5917,1
5918,2
5919,0
5920,1
5921,2
5922,1
5923,1
5924,1
5925,1
5926,2
5927,0
5928,2
5929,1
5930,2
5931,2
5932,2
5933,1
5934,2
5935,1
5936,2
5937,0
5938,1
5939,1
5940,2
5941,0
5942,2
5943,1
5944,2
5945,1
5946,2
5947,2
5948,1
5949,0
5950,0
5951,2
5952,2
5953,2
5954,2
5955,0
5956,1
5957,0
5958,1
5959,2
5960,2
5961,2
5962,0
5963,0
5964,2
5965,1
5966,2
5967,2
5968,2
5969,1
5970,2
5971,2
5972,2
5973,1
5974,2
5975,0
5976,1
5977,2
5978,2
5979,2
5980,1
5981,1
5982,1
5983,1
5984,2
5985,2
5986,0
5987,2
5988,2
5989,0
5990,2
5991,0
5992,2
5993,1
5994,0
5995,1
5996,0
5997,1
5998,2
5999,1
6000,1
6001,1
6002,1
6003,2
6004,2
6005,2
6006,1
6007,2
6008,0
6009,2
6010,2
6011,2
6012,1
6013,1
6014,1
6015,1
6016,1
6017,2
6018,1
6019,1
6020,2
6021,2
6022,1
6023,2
6024,2
6025,1
6026,0
6027,1
6028,2
6029,1
6030,2
6031,0
6032,1
6033,2
6034,0
6035,2
6036,0
6037,1
6038,1
6039,1
6040,0
6041,2
6042,1
6043,2
6044,1
6045,2
6046,2
6047,1
6048,2
6049,0
6050,1
6051,1
6052,2
6053,1
6054,2
6055,1
6056,2
6057,2
6058,1
6059,2
6060,1
6061,1
6062,1
6063,2
6064,2
6065,2
6066,2
6067,1
6068,2
6069,0
6070,0
6071,2
6072,1
6073,2
6074,1
6075,2
6076,1
6077,2
6078,2
6079,0
6080,2
6081,2
6082,0
6083,1
6084,2
6085,0
6086,1
6087,1
6088,2
6089,1
6090,0
6091,2
6092,2
6093,1
6094,0
6095,1
6096,2
6097,2
6098,1
6099,2
6100,2
6101,2
6102,1
6103,2
6104,1
6105,2
6106,1
6107,1
6108,1
6109,2
6110,1
6111,1
6112,2
6113,2
6114,1
6115,1
6116,1
6117,0
6118,0
6119,2
6120,2
6121,1
6122,1
6123,0
6124,1
6125,1
6126,2
6127,0
6128,1
6129,1
6130,0
6131,2
6132,2
6133,1
6134,1
6135,1
6136,2
6137,1
6138,1
6139,2
6140,0
6141,1
6142,0
6143,2
6144,1
6145,0
6146,2
6147,0
6148,1
6149,2
6150,0
6151,2
6152,2
6153,2
6154,2
6155,1
6156,1
6157,0
6158,2
6159,1
6160,1
6161,2
6162,2
6163,2
6164,2
6165,1
6166,2
6167,2
6168,2
6169,2
6170,2
6171,2
6172,2
6173,2
6174,2
6175,2
6176,0
6177,1
6178,2
6179,0
6180,1
6181,1
6182,2
6183,1
6184,1
6185,0
6186,1
6187,2
6188,1
6189,2
6190,2
6191,1
6192,1
6193,1
6194,1
6195,0
6196,1
6197,2
6198,2
6199,2
6200,1
6201,2
6202,2
6203,2
6204,2
6205,2
6206,1
6207,0
6208,1
6209,2
6210,0
6211,1
6212,1
6213,2
6214,2
6215,1
6216,1
6217,2
6218,1
6219,1
6220,2
6221,2
6222,1
6223,2
6224,1
6225,1
6226,2
6227,2
6228,2
6229,1
6230,1
6231,2
6232,2
6233,2
6234,1
6235,2
6236,1
6237,1
6238,2
6239,2
6240,1
6241,2
6242,2
6243,1
6244,2
6245,1
6246,2
6247,1
6248,2
6249,0
6250,2
6251,1
6252,0
6253,2
6254,2
6255,1
6256,2
6257,2
6258,2
6259,1
6260,2
6261,2
6262,1
6263,1
6264,1
6265,2
6266,2
6267,2
6268,2
6269,2
6270,2
6271,1
6272,1
6273,0
6274,2
6275,1
6276,2
6277,2
6278,2
6279,2
6280,2
6281,2
6282,1
6283,2
6284,0
6285,2
6286,2
6287,2
6288,1
6289,2
6290,2
6291,1
6292,1
6293,2
6294,0
6295,2
6296,1
6297,1
6298,2
6299,1
6300,1
6301,1
6302,0
6303,1
6304,2
6305,1
6306,1
6307,2
6308,0
6309,1
6310,2
6311,2
6312,2
6313,1
6314,0
6315,2
6316,1
6317,1
6318,0
6319,2
6320,1
6321,2
6322,0
6323,1
6324,1
6325,1
6326,2
6327,2
6328,2
6329,2
6330,1
6331,2
6332,2
6333,2
6334,1
6335,1
6336,1
6337,1
6338,1
6339,0
6340,1
6341,2
6342,1
6343,0
6344,2
6345,1
6346,2
6347,1
6348,1
6349,1
6350,0
6351,2
6352,1
6353,1
6354,2
6355,2
6356,1
6357,1
6358,1
6359,1
6360,1
6361,0
6362,2
6363,2
6364,1
6365,2
6366,1
6367,1
6368,0
6369,0
6370,1
6371,1
6372,2
6373,1
6374,0
6375,1
6376,0
6377,2
6378,2
6379,1
6380,0
6381,2
6382,1
6383,2
6384,1
6385,1
6386,2
6387,2
6388,1
6389,2
6390,0
6391,2
6392,2
6393,2
6394,2
6395,1
6396,0
6397,0
6398,0
6399,1
6400,1
6401,2
6402,2
6403,1
6404,1
6405,2
6406,2
6407,1
6408,1
6409,2
6410,2
6411,0
6412,2
6413,2
6414,2
6415,2
6416,1
6417,1
6418,2
6419,2
6420,2
6421,1
6422,2
6423,0
6424,0
6425,2
6426,1
6427,2
6428,1
6429,1
6430,1
6431,2
6432,2
6433,2
6434,1
6435,2
6436,1
6437,1
6438,2
6439,2
6440,1
6441,2
6442,2
6443,0
6444,1
6445,2
6446,1
6447,2
6448,0
6449,1
6450,2
6451,2
6452,2
6453,0
6454,2
6455,0
6456,2
6457,1
6458,2
6459,1
6460,1
6461,1
6462,2
6463,2
6464,1
6465,2
6466,2
6467,2
6468,2
6469,2
6470,1
6471,2
6472,0
6473,2
6474,1
6475,2
6476,2
6477,1
6478,2
6479,1
6480,2
6481,0
6482,0
6483,2
6484,2
6485,1
6486,2
6487,2
6488,2
6489,0
6490,1
6491,0
6492,2
6493,2
6494,2
6495,2
6496,2
6497,1
6498,1
6499,2
6500,2
6501,2
6502,2
6503,2
6504,2
6505,2
6506,2
6507,2
6508,1
6509,1
6510,2
6511,2
6512,2
6513,2
6514,2
6515,2
6516,2
6517,0
6518,2
6519,1
6520,1
6521,1
6522,2
6523,1
6524,2
6525,2
6526,1
6527,2
6528,0
6529,2
6530,2
6531,1
6532,2
6533,0
6534,2
6535,2
6536,2
6537,2
6538,2
6539,0
6540,1
6541,2
6542,0
6543,2
6544,2
6545,1
6546,0
6547,2
6548,0
6549,2
6550,1
6551,1
6552,2
6553,1
6554,0
6555,1
6556,2
6557,2
6558,1
6559,1
6560,2
6561,2
6562,2
6563,2
6564,1
6565,1
6566,1
6567,0
6568,1
6569,1
6570,1
6571,2
6572,0
6573,2
6574,0
6575,2
6576,2
6577,2
6578,1
6579,2
6580,2
6581,2
6582,2
6583,2
6584,2
6585,1
6586,2
6587,2
6588,1
6589,1
6590,1
6591,1
6592,1
6593,1
6594,0
6595,1
6596,2
6597,2
6598,1
6599,1
6600,0
6601,2
6602,1
6603,1
6604,2
6605,2
6606,2
6607,1
6608,1
6609,1
6610,1
6611,2
6612,2
6613,2
6614,0
6615,1
6616,2
6617,1
6618,1
6619,0
6620,1
6621,0
6622,0
6623,2
6624,2
6625,2
6626,1
6627,2
6628,2
6629,0
6630,2
6631,2
6632,2
6633,2
6634,2
6635,1
6636,1
6637,2
6638,2
6639,2
6640,1
6641,2
6642,2
6643,2
6644,1
6645,1
6646,1
6647,1
6648,1
6649,1
6650,0
6651,0
6652,1
6653,2
6654,1
6655,1
6656,2
6657,1
6658,1
6659,2
6660,0
6661,0
6662,2
6663,1
6664,2
6665,2
6666,2
6667,1
6668,2
6669,1
6670,2
6671,1
6672,2
6673,2
6674,2
6675,2
6676,2
6677,1
6678,1
6679,2
6680,1
6681,2
6682,2
6683,1
6684,2
6685,1
6686,2
6687,1
6688,2
6689,1
6690,2
6691,2
6692,2
6693,1
6694,2
6695,2
6696,1
6697,2
6698,2
6699,2
6700,1
6701,1
6702,2
6703,2
6704,1
6705,1
6706,1
6707,1
6708,2
6709,0
6710,0
6711,1
6712,0
6713,0
6714,2
6715,2
6716,2
6717,0
6718,1
6719,0
6720,0
6721,1
6722,1
6723,2
6724,2
6725,1
6726,1
6727,2
6728,2
6729,1
6730,2
6731,2
6732,2
6733,0
6734,0
6735,2
6736,1
6737,2
6738,0
6739,1
6740,2
6741,1
6742,2
6743,0
6744,2
6745,2
6746,0
6747,1
6748,2
6749,2
6750,2
6751,2
6752,2
6753,1
6754,2
6755,2
6756,2
6757,1
6758,2
6759,2
6760,2
6761,0
6762,2
6763,2
6764,1
6765,0
6766,2
6767,2
6768,1
6769,1
6770,2
6771,1
6772,2
6773,2
6774,2
6775,1
6776,1
6777,2
6778,0
6779,1
6780,0
6781,1
6782,2
6783,2
6784,1
6785,2
6786,2
6787,1
6788,0
6789,2
6790,2
6791,2
6792,1
6793,2
6794,0
6795,1
6796,1
6797,1
6798,2
6799,2
6800,2
6801,2
6802,1
6803,2
6804,2
6805,1
6806,2
6807,2
6808,2
6809,2
6810,1
6811,1
6812,2
6813,2
6814,2
6815,1
6816,2
6817,2
6818,0
6819,0
6820,2
6821,1
6822,1
6823,2
6824,2
6825,2
6826,1
6827,1
6828,1
6829,1
6830,2
6831,2
6832,0
6833,1
6834,2
6835,1
6836,0
6837,1
6838,2
6839,2
6840,2
6841,0
6842,2
6843,2
6844,1
6845,2
6846,1
6847,2
6848,2
6849,2
6850,2
6851,2
6852,1
6853,0
6854,2
6855,2
6856,2
6857,1
6858,0
6859,0
6860,2
6861,1
6862,1
6863,2
6864,1
6865,1
6866,0
6867,2
6868,2
6869,1
6870,2
6871,2
6872,2
6873,1
6874,2
6875,2
6876,2
6877,1
6878,2
6879,1
6880,2
6881,1
6882,2
6883,1
6884,1
6885,1
6886,1
6887,1
6888,1
6889,1
6890,2
6891,2
6892,1
6893,2
6894,1
6895,2
6896,1
6897,2
6898,1
6899,1
6900,1
6901,2
6902,1
6903,0
6904,1
6905,2
6906,2
6907,1
6908,1
6909,1
6910,2
6911,2
6912,1
6913,1
6914,2
6915,1
6916,0
6917,2
6918,2
6919,1
6920,0
6921,1
6922,2
6923,1
6924,0
6925,1
6926,2
6927,1
6928,1
6929,1
6930,2
6931,1
6932,2
6933,2
6934,2
6935,0
6936,0
6937,0
6938,1
6939,0
6940,1
6941,2
6942,2
6943,2
6944,1
6945,0
6946,2
6947,2
6948,2
6949,2
6950,1
6951,2
6952,1
6953,1
6954,1
6955,1
6956,1
6957,2
6958,2
6959,2
6960,2
6961,1
6962,1
6963,1
6964,1
6965,2
6966,1
6967,2
6968,0
6969,2
6970,2
6971,1
6972,2
6973,2
6974,0
6975,1
6976,1
6977,1
6978,0
6979,0
6980,2
6981,1
6982,0
6983,2
6984,1
6985,1
6986,2
6987,0
6988,2
6989,2
6990,1
6991,1
6992,2
6993,1
6994,1
6995,2
6996,1
6997,1
6998,0
6999,2
7000,1
7001,1
7002,2
7003,2
7004,2
7005,1
7006,1
7007,2
7008,1
7009,2
7010,1
7011,2
7012,1
7013,2
7014,0
7015,1
7016,2
7017,0
7018,1
7019,1
7020,0
7021,2
7022,1
7023,0
7024,1
7025,1
7026,1
7027,2
7028,1
7029,1
7030,2
7031,2
7032,1
7033,0
7034,1
7035,1
7036,2
7037,1
7038,0
7039,1
7040,2
7041,2
7042,0
7043,2
7044,2
7045,0
7046,1
7047,2
7048,1
7049,1
7050,2
7051,2
7052,1
7053,2
7054,1
7055,1
7056,1
7057,1
7058,2
7059,2
7060,2
7061,1
7062,2
7063,2
7064,1
7065,0
7066,1
7067,1
7068,2
7069,2
7070,2
7071,2
7072,2
7073,0
7074,1
7075,2
7076,2
7077,2
7078,1
7079,2
7080,1
7081,1
7082,2
7083,2
7084,0
7085,1
7086,2
7087,2
7088,1
7089,2
7090,1
7091,2
7092,2
7093,2
7094,2
7095,0
7096,1
7097,2
7098,2
7099,2
7100,2
7101,1
7102,2
7103,2
7104,2
7105,2
7106,2
7107,2
7108,1
7109,0
7110,2
7111,1
7112,2
7113,2
7114,2
7115,2
7116,2
7117,2
7118,2
7119,2
7120,2
7121,2
7122,1
7123,1
7124,1
7125,1
7126,2
7127,0
7128,2
7129,2
7130,1
7131,2
7132,2
7133,0
7134,1
7135,0
7136,2
7137,1
7138,0
7139,2
7140,1
7141,0
7142,2
7143,2
7144,0
7145,0
7146,0
7147,2
7148,2
7149,1
7150,1
7151,2
7152,2
7153,2
7154,2
7155,1
7156,0
7157,2
7158,1
7159,1
7160,2
7161,0
7162,0
7163,1
7164,1
7165,0
7166,1
7167,1
7168,2
7169,2
7170,2
7171,2
7172,1
7173,1
7174,1
7175,2
7176,1
7177,1
7178,1
7179,2
7180,2
7181,2
7182,2
7183,2
7184,1
7185,2
7186,0
7187,2
7188,1
7189,2
7190,2
7191,1
7192,2
7193,1
7194,2
7195,2
7196,2
7197,2
7198,0
7199,2
7200,1
7201,2
7202,1
7203,2
7204,1
7205,2
7206,1
7207,1
7208,2
7209,1
7210,2
7211,1
7212,0
7213,2
7214,1
7215,1
7216,1
7217,1
7218,1
7219,0
7220,1
7221,2
7222,2
7223,2
7224,1
7225,0
7226,1
7227,2
7228,2
7229,2
7230,1
7231,2
7232,0
7233,1
7234,1
7235,0
7236,1
7237,0
7238,2
7239,2
7240,2
7241,2
7242,1
7243,2
7244,1
7245,2
7246,0
7247,2
7248,1
7249,1
7250,1
7251,2
7252,2
7253,2
7254,2
7255,1
7256,2
7257,1
7258,2
7259,1
7260,2
7261,2
7262,1
7263,1
7264,2
7265,0
7266,2
7267,2
7268,2
7269,2
7270,2
7271,1
7272,2
7273,1
7274,2
7275,2
7276,1
7277,2
7278,1
7279,2
7280,1
7281,1
7282,1
7283,1
7284,2
7285,2
7286,0
7287,2
7288,2
7289,0
7290,2
7291,2
7292,1
7293,2
7294,1
7295,2
7296,1
7297,1
7298,0
7299,2
7300,1
7301,1
7302,2
7303,1
7304,2
7305,1
7306,1
7307,1
7308,1
7309,1
7310,1
7311,2
7312,1
7313,2
7314,0
7315,2
7316,0
7317,1
7318,2
7319,0
7320,2
7321,2
7322,2
7323,1
7324,2
7325,2
7326,2
7327,1
7328,1
7329,0
7330,1
7331,1
7332,1
7333,2
7334,1
7335,0
7336,1
7337,1
7338,1
7339,2
7340,1
7341,0
7342,1
7343,2
7344,0
7345,2
7346,2
7347,2
7348,2
7349,1
7350,2
7351,1
7352,2
7353,0
7354,2
7355,1
7356,2
7357,1
7358,1
7359,0
7360,2
7361,2
7362,0
7363,2
7364,2
7365,2
7366,1
7367,1
7368,2
7369,2
7370,2
7371,1
7372,2
7373,2
7374,1
7375,2
7376,1
7377,2
7378,0
7379,1
7380,1
7381,0
7382,1
7383,1
7384,1
7385,1
7386,2
7387,1
7388,2
7389,1
7390,1
7391,1
7392,2
7393,1
7394,2
7395,1
7396,2
7397,1
7398,2
7399,2
7400,1
7401,2
7402,2
7403,1
7404,2
7405,1
7406,1
7407,2
7408,2
7409,1
7410,2
7411,1
7412,1
7413,2
7414,2
7415,1
7416,1
7417,1
7418,2
7419,2
7420,2
7421,0
7422,2
7423,1
7424,1
7425,2
7426,2
7427,1
7428,1
7429,1
7430,2
7431,2
7432,2
7433,0
7434,1
7435,2
7436,2
7437,2
7438,2
7439,1
7440,1
7441,2
7442,2
7443,1
7444,2
7445,0
7446,2
7447,2
7448,2
7449,1
7450,0
7451,2
7452,2
7453,1
7454,1
7455,1
7456,2
7457,1
7458,0
7459,2
7460,1
7461,2
7462,2
7463,1
7464,1
7465,2
7466,2
7467,1
7468,1
7469,2
7470,0
7471,1
7472,2
7473,0
7474,1
7475,1
7476,2
7477,0
7478,2
7479,0
7480,1
7481,2
7482,2
7483,1
7484,1
7485,0
7486,2
7487,2
7488,1
7489,0
7490,2
7491,1
7492,2
7493,2
7494,0
7495,2
7496,1
7497,1
7498,2
7499,1
7500,2
7501,1
7502,1
7503,1
7504,2
7505,2
7506,1
7507,0
7508,1
7509,2
7510,2
7511,2
7512,2
7513,1
7514,1
7515,2
7516,1
7517,1
7518,1
7519,2
7520,1
7521,1
7522,0
7523,2
7524,2
7525,2
7526,1
7527,2
7528,1
7529,2
7530,2
7531,1
7532,2
7533,1
7534,0
7535,2
7536,2
7537,0
7538,2
7539,2
7540,1
7541,1
7542,0
7543,2
7544,1
7545,1
7546,1
7547,1
7548,1
7549,2
7550,1
7551,2
7552,2
7553,2
7554,2
7555,1
7556,1
7557,2
7558,1
7559,2
7560,2
7561,2
7562,1
7563,2
7564,2
7565,1
7566,2
7567,2
7568,2
7569,2
7570,1
7571,2
7572,1
7573,2
7574,0
7575,0
7576,2
7577,1
7578,1
7579,1
7580,2
7581,1
7582,2
7583,2
7584,2
7585,2
7586,1
7587,1
7588,2
7589,2
7590,1
7591,1
7592,1
7593,2
7594,2
7595,1
7596,1
7597,2
7598,2
7599,1
7600,1
7601,2
7602,0
7603,1
7604,1
7605,2
7606,1
7607,0
7608,1
7609,1
7610,2
7611,1
7612,1
7613,2
7614,1
7615,2
7616,1
7617,2
7618,2
7619,1
7620,1
7621,2
7622,2
7623,1
7624,2
7625,1
7626,2
7627,1
7628,2
7629,2
7630,1
7631,1
7632,1
7633,2
7634,2
7635,2
7636,2
7637,1
7638,1
7639,1
7640,1
7641,1
7642,2
7643,2
7644,2
7645,2
7646,1
7647,1
7648,0
7649,1
7650,1
7651,1
7652,2
7653,1
7654,2
7655,2
7656,2
7657,0
7658,1
7659,1
7660,0
7661,0
7662,2
7663,2
7664,2
7665,2
7666,1
7667,2
7668,1
7669,2
7670,2
7671,2
7672,2
7673,2
7674,1
7675,1
7676,1
7677,0
7678,2
7679,2
7680,2
7681,2
7682,2
7683,2
7684,1
7685,2
7686,2
7687,1
7688,0
7689,2
7690,1
7691,2
7692,2
7693,0
7694,0
7695,1
7696,1
7697,2
7698,2
7699,1
7700,2
7701,0
7702,2
7703,0
7704,2
7705,2
7706,0
7707,2
7708,0
7709,1
7710,2
7711,1
7712,2
7713,2
7714,2
7715,2
7716,2
7717,2
7718,2
7719,0
7720,2
7721,1
7722,2
7723,2
7724,2
7725,2
7726,1
7727,0
7728,1
7729,0
7730,0
7731,1
7732,2
7733,2
7734,1
7735,1
7736,1
7737,2
7738,1
7739,1
7740,1
7741,2
7742,1
7743,1
7744,1
7745,1
7746,2
7747,0
7748,2
7749,0
7750,0
7751,1
7752,1
7753,1
7754,0
7755,1
7756,0
7757,1
7758,1
7759,1
7760,1
7761,0
7762,2
7763,1
7764,2
7765,2
7766,1
7767,0
7768,2
7769,2
7770,0
7771,2
7772,2
7773,2
7774,1
7775,2
7776,2
7777,1
7778,2
7779,2
7780,0
7781,0
7782,0
7783,2
7784,2
7785,2
7786,0
7787,2
7788,2
7789,1
7790,2
7791,2
7792,2
7793,2
7794,2
7795,1
7796,2
7797,2
7798,2
7799,2
7800,1
7801,2
7802,2
7803,2
7804,1
7805,2
7806,2
7807,2
7808,0
7809,1
7810,2
7811,0
7812,2
7813,2
7814,2
7815,1
7816,1
7817,2
7818,1
7819,2
7820,1
7821,2
7822,2
7823,0
7824,2
7825,1
7826,2
7827,2
7828,1
7829,2
7830,1
7831,1
7832,1
7833,0
7834,1
7835,1
7836,1
7837,1
7838,1
7839,0
7840,2
7841,0
7842,1
7843,0
7844,1
7845,1
7846,2
7847,2
7848,2
7849,2
7850,2
7851,0
7852,2
7853,1
7854,2
7855,0
7856,1
7857,2
7858,2
7859,2
7860,1
7861,2
7862,2
7863,2
7864,2
7865,2
7866,2
7867,0
7868,1
7869,0
7870,1
7871,2
7872,2
7873,1
7874,1
7875,1
7876,0
7877,1
7878,0
7879,2
7880,1
7881,2
7882,0
7883,2
7884,0
7885,2
7886,1
7887,0
7888,1
7889,2
7890,1
7891,1
7892,2
7893,1
7894,2
7895,2
7896,1
7897,1
7898,2
7899,1
7900,1
7901,2
7902,2
7903,1
7904,2
7905,2
7906,2
7907,2
7908,2
7909,2
7910,2
7911,1
7912,2
7913,2
7914,2
7915,2
7916,1
7917,2
7918,2
7919,2
7920,0
7921,2
7922,1
7923,1
7924,2
7925,2
7926,1
7927,2
7928,2
7929,1
7930,0
7931,2
7932,2
7933,2
7934,2
7935,1
7936,2
7937,2
7938,2
7939,1
7940,2
7941,2
7942,2
7943,1
7944,2
7945,2
7946,0
7947,1
7948,2
7949,2
7950,1
7951,1
7952,1
7953,2
7954,2
7955,1
7956,2
7957,2
7958,0
7959,0
7960,1
7961,2
7962,2
7963,2
7964,2
7965,1
7966,1
7967,2
7968,1
7969,2
7970,2
7971,1
7972,2
7973,1
7974,1
7975,1
7976,0
7977,0
7978,1
7979,2
7980,2
7981,0
7982,2
7983,0
7984,2
7985,2
7986,2
7987,2
7988,2
7989,0
7990,2
7991,0
7992,2
7993,0
7994,0
7995,2
7996,1
7997,2
7998,0
7999,2
8000,1
8001,2
8002,2
8003,2
8004,1
8005,2
8006,2
8007,2
8008,2
8009,0
8010,2
8011,1
8012,1
8013,0
8014,2
8015,1
8016,2
8017,0
8018,2
8019,1
8020,0
8021,2
8022,2
8023,0
8024,2
8025,0
8026,2
8027,1
8028,1
8029,2
8030,0
8031,2
8032,1
8033,1
8034,2
8035,2
8036,2
8037,1
8038,2
8039,0
8040,1
8041,1
8042,0
8043,1
8044,0
8045,2
8046,1
8047,2
8048,1
8049,0
8050,1
8051,1
8052,1
8053,1
8054,2
8055,1
8056,2
8057,1
8058,0
8059,1
8060,2
8061,1
8062,2
8063,2
8064,1
8065,1
8066,0
8067,1
8068,2
8069,0
8070,2
8071,2
8072,1
8073,1
8074,2
8075,2
8076,2
8077,2
8078,2
8079,2
8080,2
8081,2
8082,2
8083,1
8084,1
8085,2
8086,2
8087,2
8088,2
8089,2
8090,2
8091,1
8092,2
8093,2
8094,2
8095,0
8096,1
8097,2
8098,2
8099,2
8100,2
8101,2
8102,1
8103,1
8104,2
8105,2
8106,2
8107,0
8108,1
8109,1
8110,1
8111,1
8112,0
8113,0
8114,2
8115,1
8116,1
8117,1
8118,2
8119,2
8120,0
8121,1
8122,2
8123,2
8124,2
8125,2
8126,1
8127,2
8128,2
8129,2
8130,1
8131,2
8132,1
8133,2
8134,2
8135,2
8136,1
8137,2
8138,2
8139,2
8140,2
8141,2
8142,2
8143,2
8144,0
8145,0
8146,0
8147,2
8148,1
8149,2
8150,2
8151,2
8152,2
8153,1
8154,2
8155,2
8156,2
8157,2
8158,1
8159,1
8160,2
8161,0
8162,1
8163,2
8164,2
8165,2
8166,2
8167,1
8168,1
8169,0
8170,2
8171,2
8172,1
8173,0
8174,2
8175,2
8176,2
8177,2
8178,0
8179,2
8180,2
8181,2
8182,2
8183,2
8184,1
8185,2
8186,1
8187,1
8188,0
8189,2
8190,2
8191,1
8192,1
8193,2
8194,2
8195,2
8196,1
8197,1
8198,2
8199,1
8200,1
8201,1
8202,1
8203,1
8204,1
8205,2
8206,2
8207,1
8208,2
8209,0
8210,1
8211,1
8212,1
8213,2
8214,1
8215,2
8216,0
8217,0
8218,1
8219,0
8220,2
8221,1
8222,1
8223,1
8224,1
8225,2
8226,2
8227,2
8228,1
8229,1
8230,2
8231,1
8232,2
8233,1
8234,2
8235,0
8236,1
8237,1
8238,0
8239,2
8240,2
8241,1
8242,1
8243,1
8244,1
8245,2
8246,2
8247,1
8248,0
8249,0
8250,1
8251,2
8252,2
8253,2
8254,1
8255,0
8256,2
8257,2
8258,2
8259,1
8260,0
8261,1
8262,1
8263,2
8264,0
8265,0
8266,2
8267,2
8268,2
8269,1
8270,2
8271,1
8272,1
8273,2
8274,1
8275,1
8276,1
8277,0
8278,2
8279,0
8280,1
8281,2
8282,2
8283,2
8284,1
8285,2
8286,2
8287,2
8288,2
8289,0
8290,0
8291,2
8292,2
8293,0
8294,2
8295,1
8296,2
8297,1
8298,0
8299,1
8300,1
8301,2
8302,2
8303,0
8304,1
8305,2
8306,2
8307,2
8308,2
8309,2
8310,1
8311,1
8312,2
8313,2
8314,1
8315,2
8316,1
8317,2
8318,1
8319,1
8320,1
8321,0
8322,2
8323,1
8324,1
8325,0
8326,2
8327,2
8328,2
8329,1
8330,1
8331,1
8332,1
8333,2
8334,1
8335,1
8336,2
8337,1
8338,0
8339,2
8340,1
8341,1
8342,2
8343,1
8344,1
8345,1
8346,2
8347,2
8348,0
8349,2
8350,2
8351,0
8352,0
8353,1
8354,2
8355,2
8356,1
8357,1
8358,2
8359,1
8360,1
8361,1
8362,2
8363,2
8364,2
8365,0
8366,2
8367,1
8368,2
8369,2
8370,2
8371,1
8372,0
8373,1
8374,1
8375,2
8376,2
8377,2
8378,2
8379,1
8380,2
8381,1
8382,1
8383,1
8384,1
8385,2
8386,2
8387,2
8388,1
8389,2
8390,2
8391,1
8392,1
8393,2
8394,0
8395,1
8396,0
8397,2
8398,0
8399,2
8400,2
8401,1
8402,1
8403,1
8404,0
8405,1
8406,2
8407,2
8408,2
8409,0
8410,0
8411,2
8412,1
8413,2
8414,0
8415,0
8416,1
8417,2
8418,1
8419,0
8420,2
8421,0
8422,2
8423,2
8424,2
8425,0
8426,2
8427,2
8428,1
8429,1
8430,2
8431,1
8432,1
8433,1
8434,2
8435,2
8436,0
8437,0
8438,1
8439,2
8440,0
8441,1
8442,0
8443,2
8444,1
8445,1
8446,2
8447,1
8448,0
8449,2
8450,1
8451,1
8452,2
8453,2
8454,2
8455,2
8456,2
8457,1
8458,0
8459,2
8460,1
8461,1
8462,2
8463,0
8464,2
8465,2
8466,1
8467,2
8468,0
8469,1
8470,1
8471,1
8472,1
8473,2
8474,2
8475,1
8476,2
8477,2
8478,2
8479,2
8480,1
8481,0
8482,1
8483,1
8484,1
8485,0
8486,2
8487,2
8488,2
8489,1
8490,0
8491,1
8492,1
8493,2
8494,1
8495,1
8496,2
8497,2
8498,1
8499,1
8500,2
8501,0
8502,2
8503,1
8504,1
8505,1
8506,0
8507,2
8508,1
8509,1
8510,2
8511,0
8512,2
8513,2
8514,2
8515,1
8516,1
8517,1
8518,1
8519,2
8520,0
8521,1
8522,2
8523,1
8524,2
8525,2
8526,2
8527,2
8528,1
8529,2
8530,2
8531,1
8532,2
8533,2
8534,1
8535,0
8536,2
8537,2
8538,1
8539,2
8540,2
8541,1
8542,1
8543,1
8544,1
8545,0
8546,1
8547,2
8548,0
8549,2
8550,2
8551,2
8552,0
8553,1
8554,1
8555,2
8556,1
8557,2
8558,1
8559,1
8560,1
8561,2
8562,2
8563,2
8564,2
8565,1
8566,1
8567,1
8568,2
8569,2
8570,2
8571,2
8572,1
8573,1
8574,2
8575,2
8576,2
8577,2
8578,1
8579,2
8580,0
8581,1
8582,2
8583,2
8584,1
8585,2
8586,2
8587,2
8588,2
8589,1
8590,1
8591,1
8592,2
8593,2
8594,0
8595,2
8596,2
8597,2
8598,1
8599,1
8600,1
8601,2
8602,1
8603,1
8604,0
8605,2
8606,2
8607,2
8608,2
8609,2
8610,1
8611,2
8612,1
8613,1
8614,0
8615,2
8616,2
8617,2
8618,2
8619,1
8620,1
8621,1
8622,2
8623,2
8624,1
8625,2
8626,1
8627,0
8628,2
8629,1
8630,1
8631,2
8632,1
8633,2
8634,2
8635,0
8636,1
8637,0
8638,2
8639,2
8640,0
8641,2
8642,1
8643,2
8644,2
8645,2
8646,2
8647,2
8648,2
8649,2
8650,2
8651,2
8652,2
8653,1
8654,1
8655,2
8656,2
8657,1
8658,1
8659,1
8660,1
8661,2
8662,2
8663,2
8664,2
8665,1
8666,1
8667,2
8668,2
8669,2
8670,1
8671,1
8672,2
8673,0
8674,2
8675,2
8676,2
8677,0
8678,2
8679,2
8680,2
8681,2
8682,2
8683,1
8684,1
8685,0
8686,1
8687,1
8688,1
8689,2
8690,2
8691,0
8692,2
8693,2
8694,2
8695,1
8696,2
8697,0
8698,2
8699,2
8700,2
8701,2
8702,2
8703,1
8704,2
8705,1
8706,1
8707,2
8708,1
8709,2
8710,2
8711,2
8712,2
8713,1
8714,1
8715,2
8716,0
8717,2
8718,0
8719,2
8720,1
8721,2
8722,1
8723,1
8724,0
8725,2
8726,2
8727,1
8728,2
8729,1
8730,1
8731,1
8732,1
8733,2
8734,2
8735,2
8736,2
8737,2
8738,1
8739,1
8740,1
8741,2
8742,2
8743,2
8744,2
8745,2
8746,1
8747,2
8748,1
8749,2
8750,2
8751,0
8752,1
8753,2
8754,2
8755,1
8756,1
8757,1
8758,2
8759,1
8760,2
8761,2
8762,2
8763,0
8764,2
8765,1
8766,2
8767,2
8768,2
8769,2
8770,1
8771,2
8772,0
8773,2
8774,1
8775,1
8776,0
8777,2
8778,2
8779,2
8780,2
8781,1
8782,2
8783,2
8784,2
8785,2
8786,2
8787,2
8788,2
8789,2
8790,1
8791,1
8792,2
8793,0
8794,2
8795,2
8796,2
8797,1
8798,2
8799,2
8800,2
8801,2
8802,2
8803,2
8804,2
8805,2
8806,0
8807,1
8808,1
8809,1
8810,1
8811,0
8812,0
8813,1
8814,2
8815,0
8816,2
8817,2
8818,2
8819,1
8820,1
8821,1
8822,2
8823,1
8824,2
8825,1
8826,1
8827,2
8828,1
8829,2
8830,0
8831,0
8832,1
8833,2
8834,2
8835,1
8836,2
8837,1
8838,2
8839,2
8840,0
8841,2
8842,2
8843,2
8844,2
8845,2
8846,1
8847,2
8848,1
8849,2
8850,2
8851,2
8852,2
8853,1
8854,0
8855,2
8856,2
8857,2
8858,2
8859,1
8860,1
8861,1
8862,2
8863,2
8864,1
8865,1
8866,2
8867,1
8868,1
8869,2
8870,2
8871,2
8872,0
8873,1
8874,2
8875,1
8876,2
8877,2
8878,1
8879,0
8880,1
8881,2
8882,1
8883,2
8884,2
8885,1
8886,2
8887,0
8888,1
8889,2
8890,0
8891,0
8892,1
8893,1
8894,1
8895,2
8896,1
8897,0
8898,1
8899,0
8900,1
8901,1
8902,2
8903,1
8904,2
8905,2
8906,1
8907,2
8908,1
8909,2
8910,0
8911,2
8912,1
8913,2
8914,2
8915,2
8916,2
8917,0
8918,0
8919,1
8920,2
8921,1
8922,2
8923,2
8924,1
8925,2
8926,1
8927,2
8928,2
8929,2
8930,2
8931,1
8932,0
8933,0
8934,0
8935,2
8936,2
8937,1
8938,2
8939,2
8940,2
8941,2
8942,2
8943,0
8944,1
8945,1
8946,1
8947,2
8948,2
8949,1
8950,1
8951,1
8952,2
8953,2
8954,2
8955,1
8956,0
8957,2
8958,0
8959,1
8960,0
8961,1
8962,2
8963,2
8964,2
8965,0
8966,1
8967,1
8968,2
8969,2
8970,1
8971,2
8972,2
8973,1
8974,1
8975,2
8976,2
8977,2
8978,1
8979,1
8980,1
8981,2
8982,1
8983,0
8984,2
8985,2
8986,1
8987,2
8988,2
8989,2
8990,0
8991,2
8992,1
8993,2
8994,2
8995,2
8996,2
8997,2
8998,0
8999,2
9000,0
9001,1
9002,2
9003,1
9004,1
9005,2
9006,0
9007,2
9008,1
9009,1
9010,1
9011,2
9012,1
9013,2
9014,2
9015,2
9016,1
9017,0
9018,2
9019,2
9020,1
9021,2
9022,2
9023,0
9024,1
9025,1
9026,0
9027,2
9028,1
9029,1
9030,2
9031,2
9032,1
9033,2
9034,1
9035,2
9036,2
9037,2
9038,1
9039,2
9040,1
9041,1
9042,2
9043,2
9044,2
9045,0
9046,2
9047,2
9048,0
9049,1
9050,2
9051,1
9052,2
9053,2
9054,2
9055,0
9056,1
9057,0
9058,2
9059,0
9060,2
9061,1
9062,2
9063,1
9064,0
9065,1
9066,2
9067,1
9068,2
9069,2
9070,2
9071,1
9072,0
9073,2
9074,2
9075,2
9076,1
9077,1
9078,1
9079,2
9080,2
9081,1
9082,2
9083,2
9084,1
9085,1
9086,2
9087,2
9088,2
9089,2
9090,2
9091,1
9092,0
9093,2
9094,2
9095,2
9096,2
9097,2
9098,2
9099,1
9100,2
9101,2
9102,0
9103,2
9104,2
9105,2
9106,1
9107,1
9108,2
9109,1
9110,2
9111,2
9112,1
9113,2
9114,2
9115,2
9116,0
9117,1
9118,1
9119,2
9120,2
9121,1
9122,2
9123,1
9124,1
9125,2
9126,0
9127,1
9128,1
9129,1
9130,2
9131,2
9132,0
9133,2
9134,0
9135,2
9136,1
9137,1
9138,2
9139,1
9140,1
9141,1
9142,1
9143,0
9144,2
9145,2
9146,0
9147,2
9148,2
9149,1
9150,1
9151,2
9152,2
9153,1
9154,2
9155,1
9156,1
9157,2
9158,2
9159,0
9160,2
9161,1
9162,2
9163,2
9164,2
9165,1
9166,2
9167,2
9168,2
9169,1
9170,1
9171,1
9172,2
9173,2
9174,1
9175,2
9176,1
9177,1
9178,2
9179,2
9180,0
9181,0
9182,1
9183,2
9184,2
9185,2
9186,1
9187,1
9188,1
9189,2
9190,1
9191,2
9192,2
9193,1
9194,1
9195,2
9196,1
9197,0
9198,2
9199,1
9200,2
9201,2
9202,2
9203,2
9204,2
9205,2
9206,1
9207,1
9208,0
9209,1
9210,0
9211,2
9212,2
9213,2
9214,2
9215,2
9216,0
9217,0
9218,0
9219,1
9220,0
9221,2
9222,1
9223,1
9224,2
9225,1
9226,2
9227,2
9228,1
9229,1
9230,2
9231,1
9232,2
9233,2
9234,2
9235,1
9236,1
9237,2
9238,1
9239,2
9240,1
9241,1
9242,0
9243,1
9244,0
9245,1
9246,0
9247,2
9248,2
9249,2
9250,1
9251,0
9252,1
9253,1
9254,2
9255,1
9256,2
9257,0
9258,2
9259,1
9260,1
9261,2
9262,0
9263,2
9264,2
9265,2
9266,2
9267,2
9268,0
9269,2
9270,2
9271,2
9272,2
9273,2
9274,2
9275,1
9276,2
9277,1
9278,2
9279,2
9280,0
9281,1
9282,0
9283,1
9284,1
9285,2
9286,2
9287,1
9288,0
9289,0
9290,0
9291,0
9292,1
9293,1
9294,1
9295,2
9296,2
9297,1
9298,1
9299,2
9300,2
9301,2
9302,1
9303,2
9304,2
9305,1
9306,1
9307,2
9308,2
9309,1
9310,2
9311,1
9312,2
9313,2
9314,2
9315,1
9316,2
9317,2
9318,0
9319,1
9320,2
9321,1
9322,1
9323,2
9324,1
9325,1
9326,1
9327,1
9328,1
9329,0
9330,2
9331,2
9332,1
9333,2
9334,1
9335,1
9336,1
9337,2
9338,1
9339,1
9340,2
9341,2
9342,1
9343,2
9344,0
9345,2
9346,1
9347,1
9348,0
9349,1
9350,2
9351,1
9352,1
9353,2
9354,0
9355,0
9356,2
9357,1
9358,2
9359,2
9360,2
9361,2
9362,2
9363,2
9364,0
9365,2
9366,1
9367,1
9368,1
9369,2
9370,0
9371,2
9372,1
9373,2
9374,1
9375,2
9376,2
9377,2
9378,0
9379,2
9380,2
9381,1
9382,1
9383,1
9384,1
9385,2
9386,2
9387,0
9388,2
9389,1
9390,2
9391,1
9392,0
9393,1
9394,1
9395,1
9396,2
9397,0
9398,2
9399,1
9400,2
9401,2
9402,1
9403,1
9404,2
9405,1
9406,0
9407,1
9408,2
9409,2
9410,0
9411,0
9412,2
9413,2
9414,2
9415,2
9416,2
9417,1
9418,2
9419,2
9420,1
9421,1
9422,0
9423,1
9424,1
9425,1
9426,2
9427,0
9428,1
9429,2
9430,1
9431,0
9432,2
9433,1
9434,2
9435,1
9436,1
9437,2
9438,2
9439,2
9440,1
9441,1
9442,2
9443,0
9444,0
9445,1
9446,2
9447,2
9448,2
9449,2
9450,1
9451,0
9452,2
9453,1
9454,2
9455,2
9456,2
9457,0
9458,1
9459,1
9460,2
9461,0
9462,2
9463,1
9464,0
9465,2
9466,1
9467,2
9468,1
9469,1
9470,2
9471,1
9472,1
9473,1
9474,2
9475,2
9476,0
9477,1
9478,1
9479,2
9480,2
9481,1
9482,1
9483,2
9484,2
9485,2
9486,1
9487,0
9488,2
9489,2
9490,2
9491,0
9492,2
9493,2
9494,1
9495,1
9496,2
9497,2
9498,0
9499,2
9500,1
9501,1
9502,2
9503,1
9504,1
9505,2
9506,2
9507,2
9508,2
9509,2
9510,2
9511,1
9512,2
9513,2
9514,1
9515,2
9516,2
9517,1
9518,1
9519,2
9520,2
9521,2
9522,2
9523,2
9524,1
9525,1
9526,1
9527,2
9528,2
9529,1
9530,2
9531,2
9532,2
9533,1
9534,2
9535,2
9536,2
9537,2
9538,1
9539,2
9540,2
9541,2
9542,2
9543,2
9544,0
9545,2
9546,2
9547,1
9548,1
9549,1
9550,1
9551,2
9552,2
9553,2
9554,1
9555,2
9556,1
9557,2
9558,2
9559,2
9560,2
9561,0
9562,2
9563,2
9564,1
9565,0
9566,2
9567,2
9568,1
9569,1
9570,1
9571,1
9572,2
9573,1
9574,1
9575,2
9576,2
9577,1
9578,2
9579,0
9580,2
9581,1
9582,0
9583,1
9584,1
9585,2
9586,1
9587,2
9588,0
9589,1
9590,0
9591,2
9592,2
9593,2
9594,1
9595,0
9596,2
9597,2
9598,2
9599,2
9600,2
9601,1
9602,2
9603,1
9604,0
9605,1
9606,2
9607,2
9608,2
9609,2
9610,2
9611,1
9612,2
9613,2
9614,2
9615,1
9616,2
9617,2
9618,0
9619,2
9620,2
9621,2
9622,0
9623,2
9624,0
9625,2
9626,2
9627,1
9628,2
9629,1
9630,1
9631,0
9632,1
9633,2
9634,2
9635,2
9636,2
9637,2
9638,2
9639,1
9640,2
9641,2
9642,2
9643,2
9644,2
9645,1
9646,1
9647,2
9648,2
9649,2
9650,1
9651,2
9652,2
9653,1
9654,2
9655,0
9656,2
9657,1
9658,1
9659,2
9660,2
9661,1
9662,2
9663,1
9664,2
9665,2
9666,1
9667,2
9668,2
9669,1
9670,1
9671,2
9672,2
9673,2
9674,2
9675,2
9676,0
9677,2
9678,1
9679,0
9680,1
9681,2
9682,1
9683,1
9684,2
9685,1
9686,2
9687,1
9688,2
9689,2
9690,2
9691,1
9692,2
9693,2
9694,1
9695,1
9696,2
9697,2
9698,2
9699,1
9700,1
9701,2
9702,0
9703,2
9704,0
9705,1
9706,2
9707,1
9708,2
9709,1
9710,1
9711,0
9712,1
9713,0
9714,1
9715,1
9716,1
9717,2
9718,2
9719,0
9720,1
9721,1
9722,2
9723,2
9724,2
9725,2
9726,0
9727,2
9728,2
9729,1
9730,2
9731,2
9732,2
9733,2
9734,1
9735,2
9736,2
9737,2
9738,1
9739,2
9740,1
9741,1
9742,2
9743,2
9744,1
9745,1
9746,1
9747,2
9748,2
9749,1
9750,1
9751,1
9752,2
9753,2
9754,2
9755,0
9756,1
9757,1
9758,2
9759,2
9760,2
9761,1
9762,1
9763,2
9764,1
9765,2
9766,2
9767,1
9768,2
9769,2
9770,1
9771,0
9772,1
9773,2
9774,2
9775,1
9776,1
9777,0
9778,2
9779,2
9780,2
9781,2
9782,1
9783,1
9784,1
9785,2
9786,0
9787,1
9788,2
9789,1
9790,1
9791,2
9792,1
9793,1
9794,2
9795,2
9796,2
9797,0
9798,0
9799,0
9800,2
9801,2
9802,2
9803,2
9804,2
9805,1
9806,2
9807,1
9808,2
9809,2
9810,1
9811,1
9812,2
9813,0
9814,2
9815,1
9816,2
9817,2
9818,0
9819,2
9820,2
9821,2
9822,0
9823,1
9824,2
9825,1
9826,1
9827,2
9828,2
9829,1
9830,2
9831,1
9832,1
9833,2
9834,0
9835,0
9836,1
9837,2
9838,1
9839,1
9840,2
9841,2
9842,2
9843,1
9844,1
9845,2
9846,1
9847,1
9848,2
9849,1
9850,1
9851,1
9852,2
9853,2
9854,2
9855,2
9856,1
9857,0
9858,2
9859,1
9860,1
9861,2
9862,2
9863,1
9864,2
9865,1
9866,1
9867,2
9868,2
9869,2
9870,2
9871,1
9872,1
9873,0
9874,2
9875,2
9876,2
9877,2
9878,2
9879,2
9880,2
9881,1
9882,2
9883,0
9884,1
9885,2
9886,0
9887,2
9888,1
9889,0
9890,2
9891,2
9892,0
9893,2
9894,2
9895,2
9896,2
9897,1
9898,1
9899,0
9900,1
9901,2
9902,1
9903,2
9904,1
9905,2
9906,2
9907,1
9908,0
9909,1
9910,2
9911,2
9912,2
9913,0
9914,2
9915,1
9916,2
9917,2
9918,1
9919,0
9920,2
9921,2
9922,2
9923,1
9924,0
9925,2
9926,2
9927,1
9928,1
9929,1
9930,1
9931,1
9932,1
9933,1
9934,1
9935,1
9936,1
9937,2
9938,1
9939,1
9940,1
9941,2
9942,1
9943,2
9944,1
9945,2
9946,2
9947,0
9948,2
9949,1
9950,1
9951,1
9952,2
9953,2
9954,0
9955,2
9956,2
9957,2
9958,2
9959,1
9960,1
9961,1
9962,2
9963,1
9964,1
9965,2
9966,1
9967,2
9968,1
9969,2
9970,2
9971,2
9972,2
9973,2
9974,1
9975,2
9976,1
9977,2
9978,1
9979,2
9980,2
9981,2
9982,1
9983,2
9984,2
9985,2
9986,2
9987,0
9988,1
9989,2
9990,1
9991,2
9992,1
9993,0
9994,0
9995,1
9996,2
9997,2
9998,2
9999,2
10000,2
10001,1
10002,2
10003,0
10004,2
10005,1
10006,2
10007,0
10008,0
10009,2
10010,2
10011,2
10012,2
10013,1
10014,0
10015,1
10016,0
10017,2
10018,0
10019,1
10020,1
10021,1
10022,2
10023,1
10024,1
10025,1
10026,1
10027,1
10028,2
10029,2
10030,2
10031,1
10032,2
10033,1
10034,0
10035,2
10036,1
10037,2
10038,2
10039,1
10040,1
10041,1
10042,0
10043,2
10044,1
10045,1
10046,1
10047,2
10048,2
10049,2
10050,2
10051,1
10052,1
10053,1
10054,2
10055,1
10056,1
10057,2
10058,2
10059,2
10060,1
10061,2
10062,1
10063,0
10064,1
10065,2
10066,1
10067,1
10068,2
10069,1
10070,2
10071,1
10072,2
10073,0
10074,2
10075,1
10076,2
10077,2
10078,1
10079,1
10080,2
10081,2
10082,1
10083,0
10084,1
10085,2
10086,2
10087,2
10088,1
10089,0
10090,2
10091,2
10092,1
10093,0
10094,1
10095,1
10096,1
10097,2
10098,1
10099,1
10100,2
10101,2
10102,0
10103,1
10104,1
10105,1
10106,1
10107,0
10108,1
10109,2
10110,2
10111,1
10112,2
10113,2
10114,0
10115,1
10116,2
10117,2
10118,1
10119,2
10120,2
10121,2
10122,2
10123,2
10124,2
10125,2
10126,2
10127,1
10128,2
10129,2
10130,0
10131,1
10132,1
10133,2
10134,1
10135,0
10136,2
10137,2
10138,2
10139,2
10140,1
10141,2
10142,2
10143,1
10144,2
10145,2
10146,1
10147,1
10148,2
10149,1
10150,1
10151,2
10152,2
10153,2
10154,1
10155,2
10156,2
10157,2
10158,2
10159,1
10160,1
10161,1
10162,2
10163,0
10164,1
10165,1
10166,2
10167,2
10168,2
10169,2
10170,0
10171,2
10172,1
10173,2
10174,1
10175,1
10176,1
10177,1
10178,1
10179,2
10180,1
10181,0
10182,2
10183,0
10184,1
10185,1
10186,2
10187,0
10188,1
10189,0
10190,2
10191,0
10192,1
10193,2
10194,0
10195,1
10196,0
10197,1
10198,2
10199,2
10200,1
10201,0
10202,2
10203,2
10204,2
10205,2
10206,1
10207,2
10208,2
10209,2
10210,2
10211,2
10212,1
10213,1
10214,2
10215,2
10216,2
10217,1
10218,2
10219,2
10220,1
10221,1
10222,1
10223,1
10224,2
10225,2
10226,1
10227,2
10228,1
10229,1
10230,1
10231,2
10232,2
10233,1
10234,1
10235,1
10236,2
10237,2
10238,2
10239,2
10240,1
10241,2
10242,2
10243,2
10244,2
10245,1
10246,1
10247,2
10248,0
10249,2
10250,2
10251,2
10252,1
10253,1
10254,2
10255,2
10256,2
10257,1
10258,1
10259,0
10260,2
10261,1
10262,1
10263,2
10264,0
10265,1
10266,2
10267,0
10268,2
10269,1
10270,2
10271,0
10272,2
10273,2
10274,2
10275,1
10276,2
10277,2
10278,1
10279,2
10280,2
10281,2
10282,2
10283,2
10284,2
10285,2
10286,0
10287,2
10288,2
10289,0
10290,2
10291,0
10292,2
10293,2
10294,2
10295,2
10296,1
10297,1
10298,2
10299,2
10300,1
10301,2
10302,2
10303,1
10304,2
10305,0
10306,1
10307,2
10308,1
10309,2
10310,2
10311,2
10312,1
10313,2
10314,0
10315,1
10316,0
10317,2
10318,1
10319,2
10320,2
10321,2
10322,1
10323,2
10324,1
10325,1
10326,1
10327,2
10328,1
10329,1
10330,2
10331,1
10332,2
10333,1
10334,2
10335,0
10336,0
10337,2
10338,1
10339,2
10340,1
10341,1
10342,2
10343,2
10344,2
10345,2
10346,1
10347,0
10348,2
10349,1
10350,1
10351,0
10352,2
10353,0
10354,1
10355,2
10356,1
10357,1
10358,2
10359,1
10360,2
10361,1
10362,0
10363,0
10364,1
10365,1
10366,2
10367,2
10368,2
10369,0
10370,2
10371,0
10372,0
10373,2
10374,1
10375,1
10376,2
10377,2
10378,2
10379,2
10380,0
10381,2
10382,1
10383,0
10384,2
10385,2
10386,1
10387,1
10388,1
10389,1
10390,2
10391,1
10392,2
10393,2
10394,2
10395,2
10396,2
10397,2
10398,1
10399,2
10400,0
10401,2
10402,1
10403,2
10404,1
10405,2
10406,2
10407,0
10408,1
10409,1
10410,2
10411,0
10412,2
10413,1
10414,2
10415,2
10416,0
10417,1
10418,2
10419,1
10420,1
10421,2
10422,2
10423,1
10424,1
10425,0
10426,2
10427,0
10428,2
10429,1
10430,2
10431,2
10432,1
10433,1
10434,1
10435,1
10436,2
10437,1
10438,2
10439,1
10440,0
10441,1
10442,2
10443,2
10444,0
10445,2
10446,1
10447,0
10448,1
10449,2
10450,1
10451,1
10452,2
10453,1
10454,1
10455,1
10456,2
10457,2
10458,2
10459,2
10460,2
10461,1
10462,2
10463,0
10464,2
10465,2
10466,2
10467,2
10468,1
10469,2
10470,2
10471,2
10472,2
10473,2
10474,1
10475,1
10476,1
10477,2
10478,1
10479,2
10480,1
10481,2
10482,1
10483,2
10484,0
10485,2
10486,2
10487,0
10488,1
10489,1
10490,2
10491,2
10492,2
10493,1
10494,2
10495,1
10496,2
10497,1
10498,0
10499,2
10500,0
10501,2
10502,1
10503,2
10504,2
10505,2
10506,2
10507,2
10508,2
10509,2
10510,1
10511,1
10512,1
10513,2
10514,2
10515,1
10516,1
10517,2
10518,2
10519,1
10520,1
10521,2
10522,1
10523,1
10524,2
10525,2
10526,1
10527,1
10528,1
10529,0
10530,1
10531,1
10532,2
10533,1
10534,0
10535,2
10536,0
10537,2
10538,1
10539,2
10540,2
10541,0
10542,0
10543,1
10544,1
10545,2
10546,1
10547,2
10548,0
10549,0
10550,2
10551,2
10552,0
10553,2
10554,2
10555,1
10556,2
10557,0
10558,1
10559,0
10560,1
10561,2
10562,1
10563,1
10564,2
10565,2
10566,1
10567,2
10568,0
10569,1
10570,1
10571,1
10572,1
10573,0
10574,0
10575,2
10576,0
10577,1
10578,1
10579,1
10580,2
10581,2
10582,2
10583,2
10584,1
10585,1
10586,0
10587,2
10588,0
10589,2
10590,1
10591,1
10592,1
10593,1
10594,2
10595,2
10596,2
10597,2
10598,2
10599,0
10600,1
10601,1
10602,2
10603,2
10604,2
10605,2
10606,0
10607,1
10608,1
10609,1
10610,2
10611,2
10612,2
10613,2
10614,1
10615,2
10616,1
10617,2
10618,1
10619,2
10620,2
10621,1
10622,1
10623,2
10624,1
10625,1
10626,0
10627,1
10628,1
10629,2
10630,2
10631,2
10632,1
10633,2
10634,0
10635,1
10636,2
10637,2
10638,2
10639,2
10640,2
10641,1
10642,1
10643,2
10644,0
10645,1
10646,1
10647,1
10648,2
10649,0
10650,1
10651,1
10652,0
10653,2
10654,1
10655,2
10656,2
10657,2
10658,2
10659,1
10660,2
10661,1
10662,0
10663,2
10664,1
10665,1
10666,1
10667,1
10668,2
10669,1
10670,2
10671,2
10672,2
10673,1
10674,0
10675,2
10676,2
10677,2
10678,2
10679,1
10680,1
10681,0
10682,2
10683,1
10684,2
10685,0
10686,1
10687,0
10688,0
10689,2
10690,2
10691,2
10692,0
10693,0
10694,1
10695,2
10696,2
10697,2
10698,1
10699,1
10700,2
10701,1
10702,2
10703,1
10704,1
10705,1
10706,2
10707,2
10708,1
10709,0
10710,1
10711,2
10712,2
10713,2
10714,2
10715,1
10716,1
10717,1
10718,1
10719,1
10720,0
10721,0
10722,2
10723,2
10724,2
10725,1
10726,1
10727,1
10728,2
10729,1
10730,2
10731,2
10732,2
10733,0
10734,1
10735,1
10736,2
10737,0
10738,0
10739,1
10740,2
10741,2
10742,1
10743,1
10744,2
10745,1
10746,0
10747,1
10748,1
10749,1
10750,2
10751,0
10752,1
10753,1
10754,1
10755,2
10756,2
10757,2
10758,2
10759,2
10760,1
10761,2
10762,1
10763,2
10764,0
10765,2
10766,2
10767,2
10768,2
10769,2
10770,1
10771,1
10772,0
10773,1
10774,2
10775,2
10776,0
10777,1
10778,2
10779,2
10780,2
10781,2
10782,2
10783,1
10784,2
10785,2
10786,0
10787,1
10788,0
10789,2
10790,1
10791,2
10792,0
10793,2
10794,1
10795,0
10796,2
10797,2
10798,2
10799,0
10800,1
10801,1
10802,2
10803,0
10804,2
10805,0
10806,0
10807,2
10808,2
10809,0
10810,0
10811,1
10812,2
10813,2
10814,1
10815,1
10816,1
10817,1
10818,1
10819,1
10820,1
10821,2
10822,1
10823,2
10824,2
10825,1
10826,2
10827,1
10828,2
10829,2
10830,2
10831,1
10832,2
10833,2
10834,1
10835,1
10836,1
10837,1
10838,0
10839,2
10840,2
10841,2
10842,0
10843,2
10844,1
10845,1
10846,1
10847,2
10848,2
10849,1
10850,2
10851,1
10852,2
10853,1
10854,0
10855,2
10856,2
10857,2
10858,1
10859,2
10860,2
10861,1
10862,1
10863,0
10864,1
10865,2
10866,2
10867,0
10868,0
10869,0
10870,1
10871,2
10872,1
10873,2
10874,1
10875,1
10876,1
10877,1
10878,1
10879,2
10880,2
10881,1
10882,2
10883,2
10884,2
10885,2
10886,2
10887,1
10888,0
10889,2
10890,2
10891,2
10892,1
10893,1
10894,1
10895,1
10896,1
10897,0
10898,1
10899,2
10900,1
10901,1
10902,1
10903,2
10904,0
10905,1
10906,2
10907,2
10908,1
10909,2
10910,1
10911,0
10912,2
10913,2
10914,2
10915,1
10916,1
10917,1
10918,2
10919,2
10920,2
10921,2
10922,1
10923,2
10924,2
10925,2
10926,2
10927,2
10928,2
10929,2
10930,1
10931,2
10932,2
10933,1
10934,2
10935,1
10936,2
10937,1
10938,2
10939,2
10940,2
10941,2
10942,2
10943,2
10944,2
10945,1
10946,2
10947,1
10948,2
10949,0
10950,2
10951,1
10952,2
10953,1
10954,1
10955,1
10956,2
10957,2
10958,1
10959,1
10960,2
10961,1
10962,1
10963,2
10964,2
10965,0
10966,2
10967,2
10968,2
10969,2
10970,2
10971,1
10972,2
10973,2
10974,0
10975,1
10976,2
10977,2
10978,0
10979,1
10980,2
10981,1
10982,2
10983,2
10984,2
10985,0
10986,1
10987,2
10988,2
10989,2
10990,2
10991,0
10992,1
10993,1
10994,2
10995,2
10996,1
10997,2
10998,1
10999,0
11000,2
11001,2
11002,1
11003,1
11004,1
11005,2
11006,1
11007,2
11008,1
11009,2
11010,1
11011,0
11012,1
11013,2
11014,2
11015,0
11016,1
11017,2
11018,1
11019,1
11020,1
11021,2
11022,0
11023,2
11024,2
11025,1
11026,2
11027,0
11028,1
11029,2
11030,2
11031,1
11032,1
11033,1
11034,2
11035,0
11036,2
11037,2
11038,2
11039,2
11040,0
11041,0
11042,2
11043,2
11044,1
11045,1
11046,0
11047,1
11048,2
11049,1
11050,1
11051,0
11052,2
11053,2
11054,2
11055,2
11056,1
11057,1
11058,2
11059,2
11060,1
11061,1
11062,2
11063,2
11064,2
11065,1
11066,1
11067,0
11068,1
11069,0
11070,2
11071,1
11072,0
11073,1
11074,1
11075,2
11076,0
11077,0
11078,1
11079,2
11080,1
11081,1
11082,2
11083,0
11084,2
11085,2
11086,1
11087,2
11088,2
11089,2
11090,2
11091,2
11092,2
11093,0
11094,2
11095,0
11096,1
11097,0
11098,0
11099,2
11100,1
11101,2
11102,1
11103,2
11104,0
11105,0
11106,1
11107,2
11108,2
11109,2
11110,1
11111,1
11112,2
11113,1
11114,0
11115,1
11116,2
11117,1
11118,1
11119,1
11120,1
11121,1
11122,1
11123,2
11124,0
11125,2
11126,1
11127,1
11128,1
11129,1
11130,1
11131,0
11132,2
11133,1
11134,1
11135,1
11136,2
11137,2
11138,2
11139,2
11140,2
11141,2
11142,2
11143,2
11144,1
11145,2
11146,1
11147,1
11148,2
11149,2
11150,2
11151,2
11152,0
11153,2
11154,1
11155,2
11156,2
11157,0
11158,2
11159,0
11160,2
11161,2
11162,2
11163,1
11164,2
11165,2
11166,1
11167,1
11168,1
11169,2
11170,1
11171,1
11172,2
11173,2
11174,1
11175,1
11176,2
11177,1
11178,2
11179,2
11180,1
11181,1
11182,1
11183,1
11184,1
11185,0
11186,2
11187,1
11188,1
11189,2
11190,2
11191,1
11192,2
11193,2
11194,2
11195,2
11196,2
11197,1
11198,1
11199,2
11200,0
11201,2
11202,1
11203,1
11204,1
11205,2
11206,1
11207,1
11208,2
11209,1
11210,2
11211,2
11212,2
11213,2
11214,2
11215,2
11216,2
11217,1
11218,1
11219,1
11220,0
11221,1
11222,1
11223,2
11224,0
11225,1
11226,2
11227,1
11228,0
11229,2
11230,2
11231,1
11232,2
11233,2
11234,2
11235,1
11236,1
11237,1
11238,2
11239,1
11240,1
11241,1
11242,2
11243,2
11244,1
11245,0
11246,2
11247,1
11248,2
11249,2
11250,2
11251,1
11252,1
11253,0
11254,2
11255,2
11256,2
11257,1
11258,2
11259,2
11260,2
11261,2
11262,1
11263,1
11264,1
11265,2
11266,2
11267,2
11268,1
11269,2
11270,0
11271,1
11272,2
11273,0
11274,0
11275,1
11276,1
11277,2
11278,1
11279,0
11280,2
11281,1
11282,2
11283,1
11284,2
11285,1
11286,2
11287,2
11288,2
11289,2
11290,1
11291,2
11292,1
11293,2
11294,0
11295,0
11296,2
11297,1
11298,2
11299,2
11300,2
11301,1
11302,2
11303,1
11304,1
11305,2
11306,1
11307,2
11308,1
11309,2
11310,2
11311,1
11312,1
11313,1
11314,2
11315,2
11316,2
11317,1
11318,0
11319,1
11320,2
11321,2
11322,2
11323,2
11324,1
11325,1
11326,2
11327,2
11328,2
11329,1
11330,2
11331,2
11332,2
11333,2
11334,1
11335,2
11336,1
11337,1
11338,1
11339,0
11340,0
11341,2
11342,1
11343,2
11344,1
11345,2
11346,2
11347,1
11348,2
11349,2
11350,2
11351,0
11352,1
11353,2
11354,1
11355,2
11356,1
11357,0
11358,2
11359,0
11360,2
11361,0
11362,2
11363,1
11364,2
11365,0
11366,2
11367,2
11368,0
11369,2
11370,1
11371,2
11372,2
11373,1
11374,2
11375,2
11376,0
11377,2
11378,2
11379,2
11380,0
11381,2
11382,2
11383,2
11384,1
11385,2
11386,2
11387,0
11388,1
11389,2
11390,2
11391,1
11392,2
11393,2
11394,2
11395,1
11396,2
11397,2
11398,2
11399,2
11400,1
11401,2
11402,1
11403,2
11404,0
11405,1
11406,1
11407,2
11408,2
11409,1
11410,2
11411,2
11412,0
11413,2
11414,2
11415,2
11416,2
11417,1
11418,2
11419,0
11420,2
11421,1
11422,1
11423,1
11424,2
11425,2
11426,0
11427,2
11428,1
11429,0
11430,2
11431,1
11432,1
11433,1
11434,1
11435,2
11436,1
11437,2
11438,2
11439,2
11440,2
11441,2
11442,1
11443,1
11444,1
11445,2
11446,2
11447,0
11448,2
11449,1
11450,0
11451,2
11452,2
11453,1
11454,1
11455,2
11456,1
11457,2
11458,2
11459,2
11460,2
11461,2
11462,0
11463,1
11464,2
11465,1
11466,2
11467,1
11468,2
11469,2
11470,2
11471,2
11472,2
11473,2
11474,1
11475,0
11476,1
11477,2
11478,0
11479,2
11480,2
11481,1
11482,1
11483,0
11484,2
11485,2
11486,1
11487,2
11488,0
11489,2
11490,2
11491,1
11492,0
11493,1
11494,2
11495,2
11496,1
11497,0
11498,2
11499,2
11500,2
11501,1
11502,2
11503,2
11504,1
11505,2
11506,1
11507,2
11508,1
11509,1
11510,0
11511,1
11512,2
11513,2
11514,2
11515,1
11516,2
11517,2
11518,2
11519,2
11520,1
11521,1
11522,0
11523,1
11524,2
11525,1
11526,2
11527,2
11528,1
11529,2
11530,2
11531,2
11532,2
11533,2
11534,0
11535,1
11536,1
11537,0
11538,2
11539,1
11540,1
11541,1
11542,1
11543,1
11544,1
11545,0
11546,0
11547,2
11548,0
11549,1
11550,2
11551,2
11552,2
11553,2
11554,0
11555,1
11556,2
11557,1
11558,0
11559,0
11560,0
11561,1
11562,2
11563,1
11564,1
11565,0
11566,2
11567,2
11568,2
11569,2
11570,1
11571,0
11572,2
11573,2
11574,1
11575,2
11576,2
11577,1
11578,2
11579,1
11580,1
11581,2
11582,2
11583,2
11584,2
11585,1
11586,0
11587,2
11588,1
11589,1
11590,2
11591,2
11592,2
11593,0
11594,2
11595,2
11596,1
11597,1
11598,2
11599,2
11600,1
11601,0
11602,1
11603,1
11604,0
11605,1
11606,2
11607,2
11608,2
11609,1
11610,1
11611,2
11612,2
11613,2
11614,0
11615,2
11616,1
11617,2
11618,1
11619,2
11620,1
11621,1
11622,0
11623,1
11624,1
11625,2
11626,0
11627,2
11628,0
11629,2
11630,1
11631,1
11632,1
11633,2
11634,2
11635,1
11636,1
11637,2
11638,1
11639,1
11640,2
11641,2
11642,1
11643,1
11644,2
11645,2
11646,2
11647,1
11648,2
11649,2
11650,2
11651,0
11652,2
11653,1
11654,2
11655,1
11656,0
11657,1
11658,2
11659,0
11660,2
11661,1
11662,1
11663,1
11664,2
11665,2
11666,2
11667,1
11668,1
11669,2
11670,2
11671,2
11672,2
11673,1
11674,2
11675,2
11676,1
11677,1
11678,2
11679,1
11680,2
11681,2
11682,2
11683,2
11684,0
11685,1
11686,2
11687,1
11688,1
11689,2
11690,1
11691,2
11692,2
11693,1
11694,2
11695,0
11696,1
11697,0
11698,1
11699,1
11700,2
11701,1
11702,0
11703,2
11704,1
11705,1
11706,0
11707,0
11708,1
11709,1
11710,2
11711,1
11712,2
11713,2
11714,2
11715,2
11716,2
11717,1
11718,2
11719,1
11720,0
11721,0
11722,1
11723,2
11724,2
11725,1
11726,1
11727,2
11728,2
11729,0
11730,2
11731,0
11732,1
11733,2
11734,2
11735,2
11736,2
11737,2
11738,0
11739,0
11740,1
11741,1
11742,2
11743,1
11744,2
11745,1
11746,2
11747,2
11748,2
11749,2
11750,2
11751,2
11752,0
11753,1
11754,2
11755,2
11756,1
11757,1
11758,0
11759,1
11760,1
11761,2
11762,2
11763,0
11764,1
11765,1
11766,2
11767,2
11768,0
11769,2
11770,1
11771,1
11772,1
11773,1
11774,2
11775,1
11776,2
11777,1
11778,2
11779,1
11780,1
11781,1
11782,1
11783,2
11784,2
11785,0
11786,2
11787,1
11788,1
11789,1
11790,2
11791,2
11792,0
11793,2
11794,2
11795,1
11796,0
11797,2
11798,1
11799,1
11800,0
11801,2
11802,2
11803,2
11804,1
11805,2
11806,2
11807,2
11808,1
11809,2
11810,1
11811,2
11812,0
11813,1
11814,2
11815,2
11816,2
11817,0
11818,0
11819,1
11820,2
11821,0
11822,2
11823,0
11824,2
11825,1
11826,2
11827,2
11828,0
11829,0
11830,1
11831,1
11832,2
11833,0
11834,2
11835,2
11836,1
11837,2
11838,2
11839,2
11840,1
11841,0
11842,2
11843,1
11844,1
11845,1
11846,2
11847,0
11848,2
11849,0
11850,1
11851,2
11852,2
11853,0
11854,1
11855,0
11856,2
11857,2
11858,2
11859,1
11860,2
11861,2
11862,2
11863,1
11864,2
11865,2
11866,0
11867,1
11868,2
11869,2
11870,2
11871,1
11872,2
11873,0
11874,2
11875,2
11876,1
11877,1
11878,2
11879,2
11880,0
11881,1
11882,1
11883,2
11884,1
11885,2
11886,1
11887,2
11888,2
11889,1
11890,2
11891,1
11892,2
11893,1
11894,2
11895,1
11896,2
11897,2
11898,2
11899,2
11900,2
11901,2
11902,0
11903,2
11904,1
11905,2
11906,2
11907,1
11908,2
11909,2
11910,2
11911,2
11912,1
11913,1
11914,1
11915,1
11916,2
11917,2
11918,1
11919,2
11920,2
11921,2
11922,2
11923,1
11924,2
11925,1
11926,2
11927,2
11928,0
11929,2
11930,2
11931,1
11932,0
11933,2
11934,2
11935,0
11936,0
11937,0
11938,2
11939,2
11940,0
11941,0
11942,1
11943,1
11944,1
11945,1
11946,2
11947,1
11948,2
11949,0
11950,2
11951,1
11952,1
11953,1
11954,0
11955,1
11956,2
11957,2
11958,2
11959,1
11960,2
11961,2
11962,2
11963,1
11964,0
11965,2
11966,2
11967,1
11968,0
11969,2
11970,0
11971,2
11972,2
11973,2
11974,2
11975,2
11976,2
11977,1
11978,1
11979,1
11980,1
11981,2
11982,2
11983,0
11984,2
11985,2
11986,0
11987,2
11988,2
11989,1
11990,2
11991,1
11992,2
11993,1
11994,2
11995,1
11996,2
11997,2
11998,2
11999,0
12000,2
12001,2
12002,2
12003,2
12004,2
12005,2
12006,0
12007,2
12008,1
12009,2
12010,1
12011,2
12012,1
12013,1
12014,0
12015,0
12016,0
12017,2
12018,2
12019,1
12020,1
12021,1
12022,1
12023,1
12024,1
12025,1
12026,0
12027,2
12028,1
12029,1
12030,2
12031,0
12032,2
12033,2
12034,0
12035,2
12036,1
12037,0
12038,2
12039,1
12040,1
12041,2
12042,2
12043,0
12044,0
12045,1
12046,2
12047,2
12048,1
12049,0
12050,2
12051,2
12052,1
12053,1
12054,1
12055,2
12056,0
12057,1
12058,2
12059,2
12060,2
12061,1
12062,1
12063,1
12064,2
12065,2
12066,1
12067,1
12068,1
12069,2
12070,2
12071,2
12072,2
12073,2
12074,2
12075,1
12076,2
12077,1
12078,2
12079,1
12080,1
12081,2
12082,2
12083,1
12084,1
12085,2
12086,1
12087,0
12088,0
12089,2
12090,2
12091,2
12092,2
12093,1
12094,0
12095,2
12096,2
12097,1
12098,2
12099,1
12100,1
12101,2
12102,2
12103,2
12104,0
12105,2
12106,0
12107,1
12108,2
12109,0
12110,1
12111,1
12112,0
12113,2
12114,2
12115,2
12116,1
12117,2
12118,1
12119,2
12120,2
12121,2
12122,2
12123,0
12124,1
12125,1
12126,1
12127,2
12128,0
12129,2
12130,2
12131,1
12132,0
12133,2
12134,2
12135,2
12136,2
12137,0
12138,1
12139,1
12140,0
12141,2
12142,0
12143,1
12144,0
12145,1
12146,2
12147,1
12148,2
12149,0
12150,2
12151,2
12152,1
12153,2
12154,2
12155,1
12156,0
12157,2
12158,2
12159,2
12160,2
12161,1
12162,2
12163,1
12164,1
12165,1
12166,2
12167,2
12168,2
12169,1
12170,1
12171,1
12172,2
12173,2
12174,1
12175,2
12176,2
12177,1
12178,0
12179,0
12180,2
12181,2
12182,1
12183,1
12184,2
12185,0
12186,2
12187,0
12188,2
12189,2
12190,2
12191,1
12192,1
12193,2
12194,2
12195,2
12196,2
12197,2
12198,0
12199,2
12200,1
12201,1
12202,1
12203,2
12204,2
12205,1
12206,2
12207,1
12208,2
12209,1
12210,0
12211,1
12212,2
12213,2
12214,1
12215,1
12216,2
12217,1
12218,2
12219,1
12220,2
12221,1
12222,1
12223,2
12224,1
12225,2
12226,1
12227,2
12228,2
12229,1
12230,2
12231,2
12232,2
12233,2
12234,0
12235,2
12236,2
12237,2
12238,1
12239,0
12240,0
12241,0
12242,2
12243,2
12244,2
12245,1
12246,1
12247,2
12248,2
12249,0
12250,0
12251,1
12252,0
12253,1
12254,2
12255,2
12256,0
12257,1
12258,1
12259,1
12260,1
12261,1
12262,2
12263,2
12264,2
12265,1
12266,2
12267,1
12268,0
12269,2
12270,1
12271,0
12272,1
12273,0
12274,2
12275,0
12276,1
12277,1
12278,2
12279,2
12280,1
12281,1
12282,1
12283,0
12284,1
12285,2
12286,1
12287,2
12288,1
12289,0
12290,1
12291,1
12292,2
12293,2
12294,0
12295,2
12296,2
12297,2
12298,0
12299,1
12300,0
12301,0
12302,2
12303,1
12304,2
12305,2
12306,2
12307,1
12308,2
12309,2
12310,2
12311,2
12312,2
12313,2
12314,2
12315,2
12316,1
12317,1
12318,1
12319,1
12320,0
12321,0
12322,1
12323,2
12324,2
12325,2
12326,0
12327,1
12328,1
12329,1
12330,2
12331,0
12332,1
12333,2
12334,2
12335,2
12336,2
12337,1
12338,0
12339,2
12340,1
12341,2
12342,2
12343,1
12344,0
12345,2
12346,1
12347,1
12348,2
12349,1
12350,1
12351,1
12352,0
12353,2
12354,0
12355,2
12356,1
12357,1
12358,1
12359,2
12360,0
12361,1
12362,2
12363,1
12364,2
12365,2
12366,0
12367,2
12368,2
12369,1
12370,2
12371,1
12372,2
12373,0
12374,2
12375,1
12376,2
12377,2
12378,1
12379,2
12380,2
12381,0
12382,1
12383,2
12384,2
12385,2
12386,1
12387,1
12388,2
12389,2
12390,1
12391,1
12392,1
12393,2
12394,2
12395,2
12396,2
12397,1
12398,2
12399,1
12400,1
12401,2
12402,1
12403,2
12404,2
12405,2
12406,0
12407,2
12408,1
12409,1
12410,1
12411,0
12412,2
12413,2
12414,2
12415,0
12416,2
12417,2
12418,2
12419,2
12420,1
12421,1
12422,1
12423,2
12424,1
12425,2
12426,2
12427,2
12428,2
12429,2
12430,2
12431,1
12432,1
12433,2
12434,2
12435,2
12436,0
12437,1
12438,1
12439,1
12440,1
12441,2
12442,2
12443,2
12444,0
12445,1
12446,1
12447,1
12448,2
12449,1
12450,2
12451,0
12452,2
12453,1
12454,2
12455,0
12456,1
12457,2
12458,2
12459,2
12460,2
12461,1
12462,2
12463,1
12464,1
12465,1
12466,0
12467,2
12468,2
12469,1
12470,0
12471,1
12472,1
12473,1
12474,2
12475,0
12476,0
12477,0
12478,2
12479,2
12480,1
12481,2
12482,1
12483,2
12484,2
12485,2
12486,0
12487,1
12488,2
12489,2
12490,1
12491,1
12492,2
12493,0
12494,2
12495,2
12496,2
12497,2
12498,2
12499,0
12500,1
12501,1
12502,1
12503,1
12504,2
12505,2
12506,1
12507,0
12508,2
12509,2
12510,1
12511,1
12512,1
12513,1
12514,0
12515,1
12516,1
12517,2
12518,1
12519,2
12520,2
12521,0
12522,2
12523,1
12524,1
12525,2
12526,2
12527,2
12528,2
12529,2
12530,0
12531,2
12532,2
12533,2
12534,0
12535,1
12536,1
12537,1
12538,1
12539,2
12540,0
12541,2
12542,2
12543,2
12544,2
12545,2
12546,2
12547,1
12548,2
12549,0
12550,1
12551,1
12552,2
12553,1
12554,2
12555,2
12556,1
12557,0
12558,1
12559,2
12560,1
12561,1
12562,2
12563,0
12564,0
12565,1
12566,1
12567,1
12568,1
12569,2
12570,1
12571,1
12572,2
12573,2
12574,0
12575,0
12576,1
12577,1
12578,1
12579,0
12580,2
12581,2
12582,1
12583,2
12584,2
12585,2
12586,0
12587,0
12588,2
12589,1
12590,2
12591,1
12592,1
12593,1
12594,2
12595,2
12596,2
12597,2
12598,1
12599,2
12600,1
12601,1
12602,1
12603,1
12604,0
12605,1
12606,2
12607,1
12608,2
12609,1
12610,2
12611,1
12612,1
12613,2
12614,2
12615,1
12616,2
12617,1
12618,1
12619,2
12620,1
12621,1
12622,2
12623,1
12624,1
12625,2
12626,1
12627,1
12628,2
12629,0
12630,2
12631,2
12632,2
12633,1
12634,1
12635,1
12636,2
12637,1
12638,1
12639,2
12640,1
12641,2
12642,1
12643,1
12644,1
12645,1
12646,2
12647,2
12648,2
12649,1
12650,2
12651,2
12652,2
12653,2
12654,1
12655,1
12656,0
12657,2
12658,2
12659,0
12660,0
12661,2
12662,0
12663,1
12664,0
12665,0
12666,2
12667,0
12668,2
12669,1
12670,1
12671,2
12672,1
12673,2
12674,2
12675,2
12676,2
12677,0
12678,1
12679,2
12680,0
12681,1
12682,0
12683,1
12684,1
12685,2
12686,2
12687,1
12688,1
12689,2
12690,2
12691,2
12692,2
12693,2
12694,2
12695,1
12696,2
12697,1
12698,2
12699,2
12700,1
12701,1
12702,1
12703,0
12704,0
12705,2
12706,1
12707,0
12708,1
12709,1
12710,2
12711,1
12712,1
12713,2
12714,2
12715,2
12716,1
12717,2
12718,1
12719,2
12720,0
12721,2
12722,2
12723,1
12724,2
12725,1
12726,2
12727,1
12728,2
12729,0
12730,2
12731,2
12732,1
12733,2
12734,1
12735,1
12736,0
12737,1
12738,2
12739,1
12740,2
12741,2
12742,2
12743,1
12744,2
12745,0
12746,1
12747,2
12748,0
12749,2
12750,2
12751,2
12752,2
12753,2
12754,2
12755,2
12756,2
12757,2
12758,2
12759,1
12760,2
12761,1
12762,2
12763,1
12764,2
12765,1
12766,0
12767,1
12768,1
12769,2
12770,1
12771,1
12772,2
12773,1
12774,0
12775,1
12776,1
12777,1
12778,2
12779,2
12780,1
12781,2
12782,2
12783,2
12784,2
12785,1
12786,1
12787,0
12788,0
12789,0
12790,1
12791,1
12792,1
12793,2
12794,1
12795,2
12796,1
12797,0
12798,2
12799,0
12800,2
12801,1
12802,1
12803,2
12804,2
12805,2
12806,2
12807,1
12808,2
12809,1
12810,1
12811,2
12812,1
12813,2
12814,1
12815,0
12816,2
12817,2
12818,1
12819,2
12820,1
12821,1
12822,1
12823,1
12824,2
12825,1
12826,1
12827,2
12828,2
12829,1
12830,1
12831,2
12832,1
12833,1
12834,1
12835,1
12836,2
12837,2
12838,0
12839,1
12840,1
12841,1
12842,2
12843,2
12844,1
12845,1
12846,2
12847,2
12848,2
12849,2
12850,1
12851,1
12852,2
12853,2
12854,1
12855,2
12856,1
12857,1
12858,1
12859,1
12860,1
12861,1
12862,1
12863,0
12864,0
12865,1
12866,0
12867,0
12868,1
12869,2
12870,1
12871,1
12872,2
12873,1
12874,0
12875,1
12876,2
12877,2
12878,2
12879,2
12880,2
12881,2
12882,2
12883,1
12884,2
12885,1
12886,2
12887,0
12888,1
12889,2
12890,2
12891,1
12892,2
12893,2
12894,1
12895,2
12896,2
12897,1
12898,0
12899,1
12900,2
12901,1
12902,1
12903,1
12904,1
12905,1
12906,1
12907,1
12908,1
12909,2
12910,2
12911,0
12912,0
12913,2
12914,2
12915,2
12916,2
12917,2
12918,0
12919,1
12920,1
12921,1
12922,1
12923,1
12924,2
12925,2
12926,2
12927,0
12928,2
12929,2
12930,2
12931,2
12932,2
12933,1
12934,0
12935,1
12936,1
12937,1
12938,1
12939,1
12940,1
12941,2
12942,2
12943,0
12944,0
12945,0
12946,0
12947,2
12948,2
12949,2
12950,2
12951,2
12952,1
12953,1
12954,1
12955,2
12956,1
12957,0
12958,1
12959,1
12960,2
12961,2
12962,2
12963,2
12964,2
12965,2
12966,2
12967,2
12968,1
12969,1
12970,0
12971,1
12972,2
12973,0
12974,2
12975,1
12976,0
12977,1
12978,2
12979,1
12980,1
12981,2
12982,2
12983,0
12984,2
12985,0
12986,2
12987,2
12988,1
12989,1
12990,1
12991,1
12992,0
12993,2
12994,2
12995,1
12996,1
12997,2
12998,2
12999,1
13000,2
13001,2
13002,1
13003,1
13004,2
13005,1
13006,2
13007,0
13008,1
13009,1
13010,1
13011,1
13012,0
13013,1
13014,2
13015,2
13016,2
13017,1
13018,1
13019,2
13020,2
13021,2
13022,2
13023,1
13024,1
13025,1
13026,2
13027,2
13028,2
13029,2
13030,1
13031,2
13032,2
13033,1
13034,2
13035,2
13036,2
13037,2
13038,1
13039,1
13040,1
13041,1
13042,2
13043,2
13044,1
13045,2
13046,1
13047,2
13048,1
13049,1
13050,2
13051,2
13052,2
13053,2
13054,1
13055,2
13056,1
13057,1
13058,1
13059,1
13060,2
13061,1
13062,2
13063,2
13064,0
13065,1
13066,0
13067,1
13068,1
13069,2
13070,2
13071,2
13072,1
13073,1
13074,1
13075,0
13076,1
13077,1
13078,1
13079,1
13080,1
13081,2
13082,0
13083,2
13084,2
13085,2
13086,2
13087,1
13088,0
13089,1
13090,1
13091,2
13092,2
13093,1
13094,2
13095,1
13096,1
13097,1
13098,2
13099,2
13100,2
13101,0
13102,2
13103,2
13104,1
13105,0
13106,1
13107,1
13108,1
13109,0
13110,1
13111,0
13112,2
13113,0
13114,1
13115,1
13116,2
13117,2
13118,2
13119,1
13120,1
13121,1
13122,1
13123,2
13124,1
13125,2
13126,1
13127,1
13128,0
13129,1
13130,1
13131,1
13132,0
13133,2
13134,1
13135,2
13136,2
13137,2
13138,1
13139,1
13140,2
13141,2
13142,2
13143,2
13144,2
13145,2
13146,2
13147,2
13148,2
13149,2
13150,1
13151,1
13152,2
13153,1
13154,0
13155,2
13156,0
13157,2
13158,2
13159,1
13160,1
13161,2
13162,2
13163,2
13164,2
13165,0
13166,2
13167,1
13168,1
13169,0
13170,2
13171,1
13172,2
13173,1
13174,1
13175,1
13176,2
13177,1
13178,2
13179,2
13180,1
13181,2
13182,1
13183,2
13184,1
13185,0
13186,2
13187,0
13188,2
13189,2
13190,2
13191,1
13192,2
13193,2
13194,1
13195,1
13196,1
13197,2
13198,1
13199,0
13200,0
13201,2
13202,1
13203,2
13204,1
13205,1
13206,2
13207,1
13208,0
13209,0
13210,2
13211,2
13212,0
13213,0
13214,1
13215,1
13216,1
13217,0
13218,2
13219,2
13220,2
13221,1
13222,1
13223,1
13224,1
13225,1
13226,1
13227,2
13228,0
13229,1
13230,2
13231,2
13232,2
13233,1
13234,2
13235,2
13236,0
13237,1
13238,2
13239,0
13240,2
13241,0
13242,2
13243,2
13244,2
13245,2
13246,0
13247,2
13248,0
13249,1
13250,2
13251,1
13252,2
13253,1
13254,2
13255,2
13256,2
13257,2
13258,2
13259,2
13260,1
13261,2
13262,1
13263,2
13264,1
13265,2
13266,0
13267,2
13268,1
13269,2
13270,1
13271,2
13272,0
13273,2
13274,2
13275,2
13276,0
13277,1
13278,0
13279,2
13280,1
13281,2
13282,2
13283,2
13284,2
13285,1
13286,2
13287,2
13288,1
13289,2
13290,2
13291,2
13292,2
13293,2
13294,2
13295,2
13296,1
13297,1
13298,1
13299,2
13300,2
13301,1
13302,2
13303,1
13304,1
13305,1
13306,0
13307,1
13308,1
13309,2
13310,2
13311,2
13312,1
13313,2
13314,2
13315,1
13316,0
13317,2
13318,2
13319,1
13320,2
13321,0
13322,1
13323,1
13324,1
13325,1
13326,1
13327,1
13328,1
13329,2
13330,2
13331,2
13332,2
13333,2
13334,0
13335,0
13336,2
13337,2
13338,2
13339,2
13340,0
13341,2
13342,2
13343,2
13344,2
13345,1
13346,2
13347,2
13348,2
13349,2
13350,1
13351,2
13352,2
13353,2
13354,1
13355,2
13356,2
13357,2
13358,2
13359,2
13360,2
13361,1
13362,2
13363,2
13364,1
13365,2
13366,0
13367,2
13368,2
13369,2
13370,2
13371,1
13372,2
13373,0
13374,2
13375,0
13376,1
13377,1
13378,2
13379,2
13380,1
13381,1
13382,0
13383,2
13384,2
13385,1
13386,1
13387,2
13388,2
13389,2
13390,2
13391,2
13392,1
13393,2
13394,1
13395,2
13396,1
13397,2
13398,2
13399,2
13400,0
13401,2
13402,2
13403,1
13404,2
13405,1
13406,0
13407,2
13408,2
13409,2
13410,2
13411,1
13412,0
13413,1
13414,1
13415,1
13416,2
13417,1
13418,1
13419,2
13420,2
13421,0
13422,1
13423,0
13424,1
13425,1
13426,1
13427,1
13428,2
13429,2
13430,2
13431,2
13432,0
13433,1
13434,1
13435,2
13436,2
13437,1
13438,2
13439,1
13440,2
13441,0
13442,2
13443,2
13444,1
13445,2
13446,1
13447,1
13448,2
13449,2
13450,2
13451,1
13452,0
13453,2
13454,1
13455,2
13456,1
13457,1
13458,1
13459,1
13460,1
13461,2
13462,2
13463,2
13464,1
13465,1
13466,2
13467,2
13468,2
13469,1
13470,2
13471,1
13472,2
13473,2
13474,2
13475,0
13476,0
13477,2
13478,1
13479,2
13480,2
13481,1
13482,1
13483,2
13484,2
13485,1
13486,1
13487,2
13488,1
13489,2
13490,1
13491,1
13492,0
13493,2
13494,2
13495,1
13496,1
13497,1
13498,2
13499,2
13500,2
13501,0
13502,1
13503,2
13504,2
13505,2
13506,1
13507,0
13508,0
13509,0
13510,2
13511,2
13512,2
13513,1
13514,2
13515,2
13516,2
13517,1
13518,0
13519,2
13520,2
13521,2
13522,2
13523,1
13524,1
13525,1
13526,2
13527,2
13528,1
13529,2
13530,2
13531,2
13532,2
13533,1
13534,2
13535,1
13536,2
13537,2
13538,1
13539,2
13540,0
13541,1
13542,2
13543,2
13544,2
13545,0
13546,2
13547,2
13548,1
13549,1
13550,1
13551,1
13552,1
13553,0
13554,1
13555,1
13556,1
13557,1
13558,1
13559,2
13560,1
13561,1
13562,2
13563,2
13564,2
13565,2
13566,2
13567,2
13568,2
13569,1
13570,1
13571,1
13572,2
13573,2
13574,1
13575,2
13576,1
13577,1
13578,1
13579,0
13580,1
13581,0
13582,2
13583,1
13584,2
13585,1
13586,1
13587,2
13588,2
13589,2
13590,0
13591,1
13592,2
13593,2
13594,0
13595,1
13596,2
13597,1
13598,1
13599,1
13600,1
13601,2
13602,2
13603,1
13604,2
13605,0
13606,2
13607,1
13608,2
13609,1
13610,0
13611,2
13612,2
13613,0
13614,1
13615,2
13616,2
13617,0
13618,2
13619,2
13620,1
13621,1
13622,2
13623,1
13624,2
13625,1
13626,2
13627,0
13628,2
13629,2
13630,2
13631,1
13632,2
13633,0
13634,2
13635,2
13636,2
13637,0
13638,1
13639,0
13640,2
13641,2
13642,1
13643,2
13644,2
13645,1
13646,1
13647,1
13648,2
13649,2
13650,1
13651,2
13652,2
13653,1
13654,0
13655,2
13656,2
13657,1
13658,2
13659,1
13660,1
13661,1
13662,1
13663,1
13664,2
13665,1
13666,0
13667,2
13668,1
13669,2
13670,1
13671,1
13672,1
13673,1
13674,1
13675,2
13676,2
13677,2
13678,2
13679,2
13680,0
13681,1
13682,2
13683,0
13684,2
13685,1
13686,1
13687,1
13688,2
13689,1
13690,1
13691,1
13692,2
13693,2
13694,2
13695,0
13696,2
13697,2
13698,1
13699,1
13700,2
13701,2
13702,2
13703,2
13704,2
13705,2
13706,2
13707,2
13708,0
13709,2
13710,2
13711,1
13712,2
13713,2
13714,1
13715,2
13716,1
13717,1
13718,2
13719,2
13720,2
13721,1
13722,1
13723,1
13724,1
13725,0
13726,0
13727,2
13728,1
13729,2
13730,2
13731,1
13732,1
13733,2
13734,2
13735,2
13736,2
13737,0
13738,2
13739,1
13740,1
13741,1
13742,2
13743,2
13744,0
13745,1
13746,2
13747,1
13748,2
13749,0
13750,1
13751,2
13752,1
13753,2
13754,2
13755,2
13756,2
13757,0
13758,1
13759,1
13760,0
13761,2
13762,2
13763,1
13764,2
13765,0
13766,1
13767,1
13768,2
13769,2
13770,2
13771,1
13772,2
13773,2
13774,2
13775,1
13776,2
13777,2
13778,1
13779,0
13780,2
13781,2
13782,0
13783,2
13784,1
13785,1
13786,0
13787,0
13788,2
13789,1
13790,1
13791,1
13792,2
13793,2
13794,0
13795,2
13796,0
13797,2
13798,2
13799,2
13800,0
13801,2
13802,2
13803,2
13804,0
13805,1
13806,0
13807,2
13808,0
13809,2
13810,0
13811,2
13812,2
13813,1
13814,2
13815,2
13816,1
13817,1
13818,1
13819,2
13820,2
13821,1
13822,2
13823,1
13824,1
13825,1
13826,1
13827,1
13828,1
13829,1
13830,1
13831,2
13832,1
13833,2
13834,2
13835,1
13836,2
13837,1
13838,2
13839,1
13840,1
13841,2
13842,2
13843,0
13844,1
13845,1
13846,2
13847,2
13848,1
13849,2
13850,0
13851,1
13852,1
13853,0
13854,1
13855,2
13856,1
13857,2
13858,2
13859,1
13860,2
13861,1
13862,2
13863,1
13864,2
13865,2
13866,1
13867,1
13868,1
13869,2
13870,2
13871,2
13872,1
13873,1
13874,0
13875,2
13876,2
13877,2
13878,2
13879,2
13880,2
13881,2
13882,1
13883,2
13884,0
13885,1
13886,2
13887,1
13888,2
13889,2
13890,2
13891,2
13892,1
13893,2
13894,1
13895,1
13896,2
13897,1
13898,0
13899,1
13900,2
13901,2
13902,1
13903,0
13904,2
13905,2
13906,1
13907,1
13908,2
13909,2
13910,2
13911,1
13912,1
13913,1
13914,1
13915,2
13916,1
13917,0
13918,1
13919,2
13920,1
13921,0
13922,1
13923,2
13924,2
13925,2
13926,2
13927,2
13928,0
13929,2
13930,1
13931,1
13932,2
13933,0
13934,2
13935,2
13936,2
13937,1
13938,2
13939,1
13940,2
13941,2
13942,1
13943,2
13944,1
13945,1
13946,2
13947,2
13948,2
13949,1
13950,1
13951,2
13952,1
13953,1
13954,1
13955,2
13956,2
13957,2
13958,1
13959,1
13960,2
13961,0
13962,2
13963,0
13964,1
13965,1
13966,0
13967,1
13968,2
13969,1
13970,0
13971,1
13972,1
13973,2
13974,0
13975,1
13976,1
13977,2
13978,1
13979,1
13980,1
13981,1
13982,1
13983,1
13984,1
13985,1
13986,1
13987,2
13988,2
13989,1
13990,0
13991,0
13992,2
13993,0
13994,1
13995,1
13996,2
13997,1
13998,2
13999,2
14000,1
14001,1
14002,0
14003,0
14004,2
14005,1
14006,1
14007,0
14008,1
14009,2
14010,2
14011,1
14012,1
14013,2
14014,2
14015,0
14016,2
14017,1
14018,2
14019,1
14020,2
14021,1
14022,1
14023,1
14024,0
14025,2
14026,2
14027,1
14028,1
14029,0
14030,2
14031,0
14032,2
14033,2
14034,2
14035,1
14036,2
14037,1
14038,2
14039,1
14040,2
14041,2
14042,1
14043,2
14044,1
14045,2
14046,2
14047,2
14048,1
14049,2
14050,1
14051,2
14052,2
14053,0
14054,1
14055,1
14056,0
14057,1
14058,1
14059,2
14060,2
14061,1
14062,0
14063,2
14064,2
14065,1
14066,1
14067,1
14068,2
14069,2
14070,2
14071,2
14072,1
14073,1
14074,2
14075,1
14076,2
14077,1
14078,1
14079,2
14080,0
14081,1
14082,2
14083,1
14084,1
14085,1
14086,1
14087,2
14088,0
14089,2
14090,2
14091,2
14092,2
14093,0
14094,2
14095,1
14096,2
14097,1
14098,2
14099,1
14100,1
14101,1
14102,1
14103,2
14104,2
14105,2
14106,2
14107,2
14108,2
14109,0
14110,1
14111,2
14112,2
14113,1
14114,0
14115,2
14116,2
14117,2
14118,2
14119,2
14120,1
14121,1
14122,2
14123,2
14124,2
14125,2
14126,0
14127,2
14128,1
14129,2
14130,2
14131,2
14132,2
14133,2
14134,1
14135,1
14136,1
14137,2
14138,1
14139,1
14140,2
14141,2
14142,2
14143,2
14144,2
14145,2
14146,1
14147,2
14148,2
14149,2
14150,2
14151,2
14152,2
14153,1
14154,2
14155,2
14156,1
14157,0
14158,2
14159,2
14160,1
14161,2
14162,2
14163,2
14164,2
14165,0
14166,2
14167,2
14168,0
14169,2
14170,2
14171,2
14172,2
14173,2
14174,2
14175,0
14176,0
14177,1
14178,2
14179,1
14180,2
14181,1
14182,0
14183,1
14184,0
14185,2
14186,2
14187,2
14188,2
14189,0
14190,0
14191,2
14192,2
14193,2
14194,1
14195,1
14196,2
14197,2
14198,0
14199,2
14200,2
14201,2
14202,2
14203,1
14204,2
14205,1
14206,2
14207,2
14208,2
14209,1
14210,2
14211,2
14212,0
14213,0
14214,0
14215,0
14216,0
14217,2
14218,2
14219,1
14220,1
14221,1
14222,2
14223,2
14224,2
14225,1
14226,1
14227,1
14228,2
14229,0
14230,2
14231,2
14232,2
14233,2
14234,1
14235,1
14236,1
14237,1
14238,0
14239,2
14240,1
14241,2
14242,0
14243,1
14244,2
14245,2
14246,2
14247,2
14248,2
14249,2
14250,0
14251,2
14252,1
14253,1
14254,2
14255,2
14256,2
14257,0
14258,2
14259,2
14260,2
14261,2
14262,2
14263,2
14264,2
14265,2
14266,1
14267,1
14268,1
14269,2
14270,1
14271,1
14272,2
14273,1
14274,2
14275,2
14276,2
14277,2
14278,1
14279,2
14280,1
14281,1
14282,2
14283,2
14284,1
14285,2
14286,0
14287,2
14288,2
14289,1
14290,2
14291,2
14292,2
14293,1
14294,2
14295,1
14296,2
14297,2
14298,2
14299,1
14300,1
14301,2
14302,2
14303,1
14304,2
14305,2
14306,2
14307,2
14308,2
14309,1
14310,1
14311,2
14312,0
14313,1
14314,1
14315,2
14316,1
14317,1
14318,1
14319,2
14320,2
14321,1
14322,2
14323,2
14324,2
14325,2
14326,1
14327,0
14328,2
14329,2
14330,1
14331,1
14332,0
14333,2
14334,2
14335,2
14336,2
14337,2
14338,1
14339,2
14340,1
14341,1
14342,2
14343,1
14344,2
14345,0
14346,1
14347,1
14348,1
14349,1
14350,2
14351,1
14352,2
14353,0
14354,0
14355,2
14356,1
14357,2
14358,1
14359,0
14360,2
14361,1
14362,2
14363,2
14364,1
14365,1
14366,2
14367,1
14368,0
14369,2
14370,0
14371,2
14372,1
14373,1
14374,0
14375,2
14376,0
14377,2
14378,0
14379,2
14380,0
14381,0
14382,2
14383,1
14384,2
14385,2
14386,2
14387,2
14388,1
14389,2
14390,2
14391,2
14392,2
14393,0
14394,2
14395,2
14396,2
14397,2
14398,2
14399,1
14400,2
14401,2
14402,2
14403,2
14404,1
14405,2
14406,2
14407,1
14408,0
14409,2
14410,1
14411,1
14412,0
14413,1
14414,2
14415,2
14416,1
14417,0
14418,2
14419,2
14420,2
14421,1
14422,1
14423,2
14424,2
14425,2
14426,2
14427,2
14428,2
14429,1
14430,1
14431,1
14432,2
14433,2
14434,1
14435,2
14436,2
14437,1
14438,2
14439,2
14440,1
14441,1
14442,2
14443,0
14444,0
14445,2
14446,1
14447,0
14448,1
14449,0
14450,0
14451,1
14452,1
14453,2
14454,2
14455,1
14456,2
14457,2
14458,1
14459,1
14460,2
14461,2
14462,1
14463,2
14464,0
14465,0
14466,1
14467,0
14468,1
14469,1
14470,1
14471,2
14472,0
14473,2
14474,1
14475,2
14476,1
14477,2
14478,0
14479,0
14480,2
14481,2
14482,1
14483,1
14484,1
14485,1
14486,2
14487,1
14488,2
14489,1
14490,2
14491,2
14492,2
14493,2
14494,2
14495,1
14496,2
14497,2
14498,2
14499,2
14500,2
14501,0
14502,2
14503,0
14504,1
14505,1
14506,2
14507,2
14508,2
14509,1
14510,2
14511,1
14512,0
14513,2
14514,1
14515,2
14516,2
14517,1
14518,2
14519,0
14520,2
14521,0
14522,2
14523,1
14524,2
14525,1
14526,1
14527,0
14528,2
14529,1
14530,1
14531,1
14532,0
14533,1
14534,1
14535,1
14536,2
14537,2
14538,1
14539,2
14540,2
14541,2
14542,1
14543,2
14544,2
14545,1
14546,1
14547,0
14548,1
14549,1
14550,1
14551,1
14552,1
14553,2
14554,2
14555,2
14556,2
14557,2
14558,1
14559,1
14560,2
14561,2
14562,2
14563,1
14564,2
14565,2
14566,2
14567,1
14568,2
14569,1
14570,0
14571,2
14572,2
14573,0
14574,2
14575,2
14576,2
14577,2
14578,0
14579,2
14580,2
14581,1
14582,2
14583,1
14584,1
14585,1
14586,1
14587,1
14588,0
14589,2
14590,2
14591,2
14592,1
14593,1
14594,2
14595,0
14596,2
14597,1
14598,1
14599,1
14600,2
14601,2
14602,0
14603,0
14604,1
14605,1
14606,1
14607,2
14608,2
14609,2
14610,1
14611,0
14612,2
14613,2
14614,1
14615,2
14616,2
14617,1
14618,2
14619,0
14620,2
14621,1
14622,1
14623,2
14624,1
14625,1
14626,2
14627,1
14628,1
14629,0
14630,2
14631,1
14632,2
14633,1
14634,1
14635,2
14636,1
14637,2
14638,2
14639,1
14640,0
14641,2
14642,2
14643,1
14644,2
14645,2
14646,1
14647,2
14648,0
14649,2
14650,2
14651,2
14652,0
14653,2
14654,1
14655,1
14656,1
14657,1
14658,0
14659,1
14660,2
14661,2
14662,1
14663,1
14664,1
14665,0
14666,1
14667,1
14668,2
14669,2
14670,2
14671,2
14672,1
14673,1
14674,2
14675,2
14676,2
14677,2
14678,0
14679,1
14680,2
14681,2
14682,0
14683,0
14684,0
14685,2
14686,2
14687,2
14688,2
14689,0
14690,1
14691,2
14692,2
14693,2
14694,0
14695,2
14696,0
14697,2
14698,1
14699,2
14700,0
14701,1
14702,1
14703,0
14704,2
14705,2
14706,2
14707,2
14708,2
14709,1
14710,2
14711,2
14712,1
14713,2
14714,2
14715,2
14716,2
14717,2
14718,1
14719,2
14720,2
14721,2
14722,2
14723,1
14724,2
14725,2
14726,2
14727,1
14728,2
14729,0
14730,1
14731,1
14732,2
14733,1
14734,0
14735,2
14736,1
14737,1
14738,0
14739,2
14740,2
14741,0
14742,2
14743,2
14744,2
14745,2
14746,2
14747,2
14748,2
14749,2
14750,0
14751,2
14752,1
14753,1
14754,2
14755,2
14756,0
14757,2
14758,1
14759,2
14760,2
14761,2
14762,1
14763,0
14764,2
14765,2
14766,2
14767,2
14768,1
14769,2
14770,1
14771,1
14772,0
14773,2
14774,2
14775,1
14776,2
14777,0
14778,2
14779,2
14780,1
14781,2
14782,1
14783,2
14784,2
14785,2
14786,0
14787,1
14788,1
14789,2
14790,1
14791,1
14792,1
14793,2
14794,2
14795,1
14796,2
14797,2
14798,1
14799,2
14800,1
14801,2
14802,2
14803,2
14804,2
14805,2
14806,0
14807,1
14808,2
14809,0
14810,2
14811,1
14812,0
14813,2
14814,0
14815,2
14816,1
14817,1
14818,2
14819,1
14820,1
14821,0
14822,2
14823,2
14824,2
14825,2
14826,0
14827,2
14828,0
14829,2
14830,2
14831,1
14832,2
14833,0
14834,2
14835,2
14836,1
14837,1
14838,1
14839,2
14840,2
14841,1
14842,1
14843,2
14844,2
14845,0
14846,2
14847,2
14848,2
14849,2
14850,1
14851,2
14852,1
14853,1
14854,2
14855,1
14856,1
14857,2
14858,2
14859,1
14860,0
14861,1
14862,2
14863,1
14864,2
14865,2
14866,2
14867,1
14868,1
14869,2
14870,2
14871,2
14872,2
14873,2
14874,2
14875,2
14876,2
14877,0
14878,2
14879,2
14880,2
14881,2
14882,1
14883,1
14884,1
14885,2
14886,0
14887,1
14888,0
14889,1
14890,2
14891,1
14892,0
14893,2
14894,2
14895,0
14896,2
14897,2
14898,1
14899,0
14900,1
14901,2
14902,1
14903,2
14904,1
14905,2
14906,0
14907,2
14908,2
14909,0
14910,0
14911,1
14912,2
14913,2
14914,2
14915,1
14916,2
14917,1
14918,1
14919,2
14920,1
14921,2
14922,2
14923,2
14924,2
14925,2
14926,2
14927,1
14928,1
14929,2
14930,1
14931,0
14932,2
14933,1
14934,2
14935,2
14936,2
14937,1
14938,2
14939,1
14940,0
14941,2
14942,1
14943,2
14944,2
14945,1
14946,0
14947,2
14948,2
14949,1
14950,1
14951,2
14952,2
14953,2
14954,1
14955,1
14956,2
14957,2
14958,2
14959,1
14960,1
14961,1
14962,0
14963,1
14964,1
14965,2
14966,2
14967,2
14968,1
14969,2
14970,0
14971,0
14972,0
14973,1
14974,2
14975,1
14976,1
14977,1
14978,2
14979,1
14980,2
14981,2
14982,2
14983,1
14984,0
14985,2
14986,1
14987,2
14988,2
14989,1
14990,2
14991,2
14992,2
14993,1
14994,2
14995,0
14996,1
14997,1
14998,1
14999,2
15000,1
15001,2
15002,1
15003,2
15004,2
15005,2
15006,2
15007,1
15008,2
15009,2
15010,2
15011,1
15012,2
15013,1
15014,0
15015,1
15016,0
15017,1
15018,2
15019,2
15020,2
15021,1
15022,2
15023,2
15024,0
15025,2
15026,2
15027,1
15028,0
15029,2
15030,2
15031,2
15032,1
15033,1
15034,0
15035,0
15036,2
15037,2
15038,2
15039,1
15040,0
15041,2
15042,2
15043,1
15044,0
15045,2
15046,0
15047,1
15048,1
15049,2
15050,0
15051,1
15052,2
15053,1
15054,1
15055,0
15056,2
15057,2
15058,1
15059,1
15060,0
15061,2
15062,2
15063,2
15064,2
15065,2
15066,1
15067,1
15068,2
15069,0
15070,1
15071,1
15072,0
15073,2
15074,2
15075,1
15076,2
15077,2
15078,1
15079,2
15080,1
15081,1
15082,2
15083,2
15084,0
15085,1
15086,1
15087,2
15088,2
15089,0
15090,1
15091,2
15092,0
15093,0
15094,2
15095,1
15096,1
15097,1
15098,2
15099,0
15100,2
15101,2
15102,1
15103,1
15104,0
15105,2
15106,2
15107,1
15108,0
15109,1
15110,2
15111,2
15112,2
15113,1
15114,0
15115,2
15116,2
15117,2
15118,0
15119,1
15120,2
15121,1
15122,1
15123,1
15124,2
15125,1
15126,2
15127,2
15128,2
15129,2
15130,2
15131,1
15132,0
15133,2
15134,0
15135,2
15136,2
15137,1
15138,1
15139,0
15140,2
15141,2
15142,1
15143,1
15144,1
15145,2
15146,2
15147,2
15148,2
15149,0
15150,1
15151,1
15152,2
15153,0
15154,2
15155,2
15156,1
15157,2
15158,2
15159,2
15160,2
15161,2
15162,2
15163,1
15164,1
15165,2
15166,2
15167,2
15168,0
15169,2
15170,2
15171,2
15172,2
15173,1
15174,1
15175,2
15176,2
15177,1
15178,2
15179,2
15180,2
15181,0
15182,1
15183,2
15184,1
15185,0
15186,2
15187,2
15188,2
15189,2
15190,1
15191,2
15192,2
15193,2
15194,1
15195,0
15196,1
15197,1
15198,2
15199,2
15200,0
15201,0
15202,2
15203,2
15204,1
15205,2
15206,1
15207,1
15208,2
15209,2
15210,1
15211,1
15212,1
15213,2
15214,1
15215,1
15216,1
15217,2
15218,1
15219,2
15220,2
15221,0
15222,2
15223,1
15224,2
15225,1
15226,2
15227,1
15228,2
15229,0
15230,2
15231,0
15232,1
15233,2
15234,0
15235,1
15236,2
15237,2
15238,2
15239,2
15240,2
15241,1
15242,0
15243,1
15244,2
15245,2
15246,0
15247,0
15248,2
15249,0
15250,0
15251,2
15252,2
15253,2
15254,0
15255,0
15256,2
15257,2
15258,2
15259,2
15260,2
15261,2
15262,2
15263,1
15264,1
15265,2
15266,1
15267,2
15268,2
15269,1
15270,1
15271,1
15272,1
15273,1
15274,2
15275,2
15276,0
15277,2
15278,2
15279,1
15280,1
15281,2
15282,0
15283,1
15284,1
15285,2
15286,1
15287,1
15288,1
15289,1
15290,0
15291,2
15292,2
15293,1
15294,2
15295,1
15296,1
15297,1
15298,1
15299,2
15300,2
15301,2
15302,1
15303,0
15304,2
15305,2
15306,1
15307,2
15308,2
15309,1
15310,2
15311,2
15312,1
15313,2
15314,2
15315,2
15316,2
15317,2
15318,1
15319,1
15320,2
15321,2
15322,1
15323,2
15324,0
15325,2
15326,1
15327,1
15328,0
15329,2
15330,2
15331,1
15332,2
15333,2
15334,0
15335,1
15336,1
15337,0
15338,2
15339,0
15340,2
15341,1
15342,1
15343,1
15344,2
15345,2
15346,2
15347,2
15348,1
15349,1
15350,2
15351,1
15352,1
15353,2
15354,2
15355,2
15356,1
15357,2
15358,2
15359,2
15360,2
15361,2
15362,1
15363,1
15364,1
15365,1
15366,2
15367,2
15368,2
15369,2
15370,2
15371,2
15372,2
15373,2
15374,2
15375,2
15376,1
15377,1
15378,0
15379,1
15380,1
15381,0
15382,0
15383,1
15384,1
15385,0
15386,0
15387,2
15388,1
15389,2
15390,1
15391,0
15392,2
15393,1
15394,2
15395,1
15396,1
15397,1
15398,2
15399,1
15400,2
15401,2
15402,2
15403,1
15404,2
15405,1
15406,1
15407,1
15408,0
15409,2
15410,1
15411,0
15412,2
15413,2
15414,1
15415,1
15416,2
15417,2
15418,2
15419,0
15420,2
15421,2
15422,1
15423,2
15424,1
15425,2
15426,2
15427,2
15428,1
15429,1
15430,2
15431,1
15432,2
15433,2
15434,1
15435,2
15436,2
15437,0
15438,1
15439,2
15440,2
15441,1
15442,2
15443,2
15444,0
15445,2
15446,2
15447,1
15448,2
15449,2
15450,2
15451,2
15452,1
15453,1
15454,2
15455,2
15456,2
15457,2
15458,0
15459,1
15460,1
15461,0
15462,0
15463,2
15464,0
15465,1
15466,1
15467,1
15468,2
15469,2
15470,2
15471,1
15472,2
15473,0
15474,2
15475,0
15476,1
15477,2
15478,2
15479,1
15480,0
15481,1
15482,2
15483,0
15484,1
15485,1
15486,1
15487,1
15488,2
15489,1
15490,2
15491,1
15492,2
15493,0
15494,1
15495,1
15496,0
15497,2
15498,2
15499,2
15500,1
15501,1
15502,2
15503,0
15504,2
15505,0
15506,0
15507,2
15508,2
15509,2
15510,2
15511,1
15512,2
15513,0
15514,1
15515,1
15516,1
15517,1
15518,2
15519,2
15520,2
15521,1
15522,0
15523,1
15524,2
15525,1
15526,2
15527,2
15528,2
15529,0
15530,1
15531,2
15532,1
15533,0
15534,1
15535,2
15536,1
15537,0
15538,2
15539,2
15540,2
15541,2
15542,1
15543,1
15544,0
15545,0
15546,1
15547,0
15548,2
15549,2
15550,2
15551,1
15552,1
15553,1
15554,1
15555,2
15556,2
15557,2
15558,1
15559,0
15560,2
15561,0
15562,2
15563,2
15564,2
15565,1
15566,1
15567,1
15568,2
15569,2
15570,2
15571,0
15572,2
15573,1
15574,2
15575,1
15576,2
15577,1
15578,1
15579,1
15580,2
15581,1
15582,0
15583,2
15584,2
15585,0
15586,2
15587,2
15588,2
15589,1
15590,1
15591,2
15592,2
15593,1
15594,0
15595,2
15596,2
15597,2
15598,1
15599,1
15600,0
15601,2
15602,1
15603,2
15604,1
15605,0
15606,2
15607,2
15608,0
15609,2
15610,0
15611,0
15612,2
15613,2
15614,1
15615,2
15616,1
15617,2
15618,1
15619,2
15620,1
15621,0
15622,1
15623,2
15624,2
15625,2
15626,1
15627,1
15628,1
15629,0
15630,1
15631,2
15632,2
15633,1
15634,1
15635,0
15636,1
15637,1
15638,1
15639,2
15640,1
15641,2
15642,1
15643,2
15644,0
15645,2
15646,0
15647,1
15648,1
15649,1
15650,2
15651,2
15652,2
15653,2
15654,1
15655,0
15656,2
15657,2
15658,0
15659,2
15660,2
15661,1
15662,2
15663,1
15664,2
15665,2
15666,2
15667,2
15668,2
15669,2
15670,1
15671,0
15672,1
15673,1
15674,2
15675,0
15676,2
15677,2
15678,1
15679,2
15680,1
15681,1
15682,1
15683,2
15684,2
15685,1
15686,1
15687,2
15688,2
15689,0
15690,2
15691,1
15692,1
15693,2
15694,2
15695,1
15696,1
15697,2
15698,1
15699,1
15700,2
15701,2
15702,1
15703,1
15704,2
15705,1
15706,1
15707,1
15708,2
15709,2
15710,0
15711,1
15712,2
15713,1
15714,0
15715,1
15716,1
15717,2
15718,2
15719,1
15720,2
15721,2
15722,1
15723,1
15724,1
15725,2
15726,2
15727,2
15728,2
15729,2
15730,2
15731,1
15732,2
15733,2
15734,2
15735,2
15736,1
15737,1
15738,0
15739,0
15740,2
15741,2
15742,0
15743,1
15744,1
15745,2
15746,0
15747,0
15748,2
15749,1
15750,2
15751,1
15752,2
15753,1
15754,1
15755,2
15756,0
15757,2
15758,0
15759,1
15760,2
15761,1
15762,2
15763,1
15764,2
15765,2
15766,2
15767,0
15768,2
15769,2
15770,2
15771,2
15772,2
15773,2
15774,2
15775,2
15776,2
15777,2
15778,0
15779,0
15780,1
15781,1
15782,0
15783,1
15784,2
15785,2
15786,2
15787,2
15788,2
15789,1
15790,1
15791,2
15792,2
15793,2
15794,2
15795,1
15796,2
15797,2
15798,2
15799,2
15800,2
15801,2
15802,1
15803,2
15804,2
15805,0
15806,2
15807,2
15808,1
15809,0
15810,1
15811,1
15812,1
15813,2
15814,2
15815,2
15816,1
15817,2
15818,1
15819,0
15820,2
15821,0
15822,2
15823,1
15824,1
15825,0
15826,0
15827,0
15828,0
15829,2
15830,2
15831,1
15832,2
15833,2
15834,1
15835,2
15836,2
15837,1
15838,1
15839,1
15840,2
15841,2
15842,1
15843,1
15844,1
15845,1
15846,1
15847,0
15848,1
15849,2
15850,2
15851,1
15852,1
15853,2
15854,2
15855,2
15856,2
15857,2
15858,2
15859,2
15860,0
15861,2
15862,2
15863,2
15864,2
15865,2
15866,2
15867,2
15868,1
15869,2
15870,2
15871,1
15872,2
15873,0
15874,1
15875,0
15876,0
15877,2
15878,0
15879,1
15880,1
15881,0
15882,2
15883,2
15884,1
15885,0
15886,2
15887,2
15888,2
15889,1
15890,1
15891,0
15892,2
15893,0
15894,0
15895,1
15896,1
15897,1
15898,1
15899,2
15900,1
15901,2
15902,1
15903,1
15904,2
15905,0
15906,0
15907,0
15908,2
15909,1
15910,0
15911,1
15912,2
15913,2
15914,0
15915,2
15916,0
15917,2
15918,1
15919,0
15920,2
15921,0
15922,2
15923,2
15924,1
15925,1
15926,1
15927,0
15928,1
15929,1
15930,2
15931,1
15932,2
15933,1
15934,1
15935,1
15936,0
15937,2
15938,2
15939,1
15940,2
15941,2
15942,2
15943,1
15944,2
15945,2
15946,2
15947,1
15948,0
15949,2
15950,0
15951,2
15952,2
15953,1
15954,1
15955,2
15956,2
15957,2
15958,2
15959,0
15960,1
15961,2
15962,0
15963,1
15964,2
15965,2
15966,2
15967,2
15968,2
15969,1
15970,2
15971,2
15972,0
15973,1
15974,2
15975,2
15976,2
15977,0
15978,2
15979,0
15980,1
15981,1
15982,2
15983,2
15984,1
15985,2
15986,2
15987,2
15988,0
15989,1
15990,2
15991,1
15992,2
15993,2
15994,2
15995,1
15996,2
15997,2
15998,1
15999,1
16000,2
16001,2
16002,2
16003,2
16004,0
16005,2
16006,1
16007,1
16008,2
16009,2
16010,2
16011,0
16012,2
16013,2
16014,1
16015,2
16016,2
16017,2
16018,0
16019,2
16020,2
16021,0
16022,2
16023,2
16024,2
16025,1
16026,1
16027,2
16028,1
16029,1
16030,2
16031,1
16032,2
16033,2
16034,1
16035,2
16036,1
16037,1
16038,1
16039,2
16040,2
16041,2
16042,2
16043,1
16044,2
16045,2
16046,0
16047,1
16048,2
16049,1
16050,1
16051,0
16052,2
16053,1
16054,2
16055,2
16056,1
16057,1
16058,2
16059,1
16060,2
16061,2
16062,2
16063,1
16064,2
16065,1
16066,2
16067,2
16068,1
16069,2
16070,2
16071,2
16072,1
16073,2
16074,2
16075,2
16076,2
16077,1
16078,1
16079,2
16080,0
16081,2
16082,2
16083,2
16084,2
16085,1
16086,1
16087,1
16088,2
16089,1
16090,2
16091,1
16092,1
16093,2
16094,2
16095,1
16096,2
16097,2
16098,2
16099,1
16100,1
16101,0
16102,2
16103,0
16104,2
16105,1
16106,1
16107,2
16108,2
16109,1
16110,2
16111,2
16112,2
16113,2
16114,2
16115,1
16116,2
16117,0
16118,2
16119,2
16120,2
16121,2
16122,2
16123,0
16124,2
16125,2
16126,1
16127,2
16128,0
16129,2
16130,2
16131,2
16132,1
16133,1
16134,2
16135,1
16136,1
16137,2
16138,2
16139,1
16140,2
16141,1
16142,2
16143,1
16144,1
16145,0
16146,1
16147,1
16148,2
16149,2
16150,2
16151,0
16152,2
16153,1
16154,1
16155,1
16156,1
16157,1
16158,0
16159,2
16160,1
16161,0
16162,2
16163,2
16164,2
16165,2
16166,0
16167,2
16168,0
16169,2
16170,1
16171,1
16172,2
16173,2
16174,1
16175,1
16176,2
16177,1
16178,2
16179,1
16180,1
16181,2
16182,2
16183,2
16184,1
16185,1
16186,2
16187,0
16188,0
16189,1
16190,2
16191,2
16192,2
16193,2
16194,0
16195,1
16196,2
16197,2
16198,1
16199,1
16200,0
16201,2
16202,2
16203,2
16204,1
16205,1
16206,2
16207,2
16208,2
16209,2
16210,2
16211,2
16212,2
16213,2
16214,2
16215,1
16216,1
16217,1
16218,2
16219,0
16220,1
16221,2
16222,2
16223,0
16224,2
16225,0
16226,2
16227,0
16228,0
16229,1
16230,1
16231,2
16232,1
16233,2
16234,1
16235,2
16236,1
16237,0
16238,2
16239,1
16240,1
16241,2
16242,0
16243,2
16244,2
16245,1
16246,1
16247,0
16248,2
16249,2
16250,1
16251,2
16252,1
16253,2
16254,1
16255,1
16256,0
16257,1
16258,2
16259,1
16260,2
16261,2
16262,2
16263,1
16264,2
16265,0
16266,1
16267,2
16268,1
16269,1
16270,1
16271,2
16272,2
16273,1
16274,1
16275,1
16276,2
16277,2
16278,2
16279,1
16280,2
16281,1
16282,1
16283,2
16284,2
16285,1
16286,1
16287,1
16288,1
16289,0
16290,1
16291,2
16292,2
16293,2
16294,2
16295,1
16296,1
16297,1
16298,1
16299,0
16300,1
16301,1
16302,2
16303,1
16304,2
16305,1
16306,1
16307,2
16308,2
16309,1
16310,2
16311,2
16312,2
16313,1
16314,2
16315,2
16316,2
16317,0
16318,1
16319,1
16320,2
16321,1
16322,1
16323,1
16324,2
16325,1
16326,1
16327,2
16328,0
16329,1
16330,2
16331,1
16332,2
16333,1
16334,1
16335,2
16336,2
16337,1
16338,1
16339,2
16340,1
16341,1
16342,1
16343,1
16344,0
16345,2
16346,2
16347,1
16348,2
16349,1
16350,1
16351,1
16352,1
16353,2
16354,2
16355,0
16356,1
16357,1
16358,2
16359,1
16360,1
16361,2
16362,1
16363,1
16364,1
16365,1
16366,2
16367,2
16368,1
16369,1
16370,0
16371,1
16372,2
16373,1
16374,2
16375,2
16376,0
16377,0
16378,0
16379,1
16380,1
16381,1
16382,2
16383,1
16384,0
16385,2
16386,1
16387,2
16388,0
16389,1
16390,1
16391,1
16392,1
16393,1
16394,2
16395,1
16396,1
16397,0
16398,2
16399,2
16400,1
16401,2
16402,1
16403,1
16404,2
16405,1
16406,1
16407,2
16408,2
16409,1
16410,2
16411,2
16412,2
16413,0
16414,2
16415,2
16416,2
16417,2
16418,2
16419,0
16420,1
16421,1
16422,2
16423,1
16424,2
16425,1
16426,1
16427,2
16428,1
16429,2
16430,2
16431,2
16432,0
16433,1
16434,2
16435,0
16436,2
16437,1
16438,2
16439,1
16440,2
16441,1
16442,1
16443,1
16444,1
16445,2
16446,1
16447,1
16448,2
16449,2
16450,1
16451,1
16452,1
16453,2
16454,2
16455,2
16456,0
16457,2
16458,0
16459,2
16460,2
16461,1
16462,1
16463,2
16464,1
16465,2
16466,2
16467,2
16468,1
16469,1
16470,2
16471,1
16472,2
16473,1
16474,2
16475,1
16476,0
16477,1
16478,1
16479,0
16480,2
16481,2
16482,1
16483,0
16484,1
16485,1
16486,2
16487,1
16488,2
16489,2
16490,1
16491,1
16492,1
16493,2
16494,0
16495,1
16496,0
16497,1
16498,2
16499,1
16500,2
16501,1
16502,2
16503,2
16504,0
16505,2
16506,2
16507,1
16508,2
16509,2
16510,0
16511,0
16512,0
16513,2
16514,1
16515,0
16516,2
16517,2
16518,0
16519,1
16520,0
16521,0
16522,1
16523,2
16524,2
16525,1
16526,2
16527,2
16528,1
16529,0
16530,2
16531,0
16532,2
16533,1
16534,1
16535,1
16536,2
16537,2
16538,2
16539,0
16540,0
16541,0
16542,2
16543,2
16544,2
16545,2
16546,2
16547,1
16548,0
16549,2
16550,2
16551,0
16552,1
16553,2
16554,2
16555,2
16556,1
16557,0
16558,1
16559,1
16560,1
16561,2
16562,2
16563,1
16564,0
16565,2
16566,2
16567,2
16568,0
16569,2
16570,2
16571,2
16572,0
16573,2
16574,1
16575,1
16576,2
16577,2
16578,1
16579,2
16580,1
16581,1
16582,2
16583,2
16584,1
16585,2
16586,0
16587,2
16588,1
16589,2
16590,2
16591,2
16592,2
16593,1
16594,1
16595,1
16596,2
16597,2
16598,2
16599,2
16600,2
16601,2
16602,1
16603,1
16604,1
16605,2
16606,2
16607,2
16608,1
16609,1
16610,2
16611,1
16612,2
16613,1
16614,1
16615,1
16616,1
16617,1
16618,1
16619,2
16620,2
16621,1
16622,2
16623,1
16624,1
16625,1
16626,1
16627,0
16628,1
16629,2
16630,2
16631,0
16632,2
16633,1
16634,1
16635,2
16636,1
16637,0
16638,1
16639,0
16640,2
16641,2
16642,2
16643,1
16644,2
16645,2
16646,1
16647,1
16648,0
16649,2
16650,2
16651,0
16652,2
16653,2
16654,1
16655,2
16656,2
16657,2
16658,2
16659,1
16660,2
16661,1
16662,2
16663,2
16664,1
16665,1
16666,2
16667,0
16668,2
16669,2
16670,2
16671,1
16672,2
16673,1
16674,2
16675,1
16676,2
16677,2
16678,2
16679,1
16680,2
16681,1
16682,1
16683,1
16684,1
16685,1
16686,2
16687,1
16688,2
16689,2
16690,0
16691,1
16692,2
16693,1
16694,2
16695,2
16696,2
16697,0
16698,0
16699,1
16700,1
16701,0
16702,1
16703,1
16704,0
16705,2
16706,2
16707,2
16708,2
16709,1
16710,1
16711,2
16712,2
16713,0
16714,1
16715,1
16716,0
16717,0
16718,2
16719,2
16720,1
16721,1
16722,2
16723,1
16724,0
16725,2
16726,2
16727,1
16728,1
16729,0
16730,1
16731,1
16732,1
16733,2
16734,1
16735,2
16736,1
16737,2
16738,2
16739,0
16740,1
16741,2
16742,2
16743,2
16744,2
16745,2
16746,0
16747,0
16748,1
16749,2
16750,1
16751,2
16752,2
16753,0
16754,1
16755,2
16756,2
16757,2
16758,1
16759,1
16760,0
16761,1
16762,1
16763,2
16764,1
16765,0
16766,1
16767,1
16768,1
16769,1
16770,2
16771,0
16772,0
16773,1
16774,1
16775,2
16776,2
16777,0
16778,1
16779,2
16780,2
16781,1
16782,2
16783,2
16784,0
16785,2
16786,1
16787,2
16788,2
16789,2
16790,0
16791,1
16792,1
16793,1
16794,1
16795,2
16796,1
16797,0
16798,2
16799,1
16800,2
16801,0
16802,0
16803,2
16804,1
16805,2
16806,2
16807,1
16808,2
16809,0
16810,2
16811,1
16812,2
16813,0
16814,2
16815,2
16816,2
16817,2
16818,2
16819,1
16820,2
16821,2
16822,2
16823,0
16824,0
16825,1
16826,1
16827,1
16828,2
16829,0
16830,1
16831,1
16832,2
16833,0
16834,0
16835,2
16836,2
16837,0
16838,0
16839,1
16840,2
16841,1
16842,1
16843,2
16844,2
16845,2
16846,1
16847,2
16848,2
16849,1
16850,2
16851,1
16852,1
16853,0
16854,2
16855,1
16856,0
16857,2
16858,2
16859,2
16860,1
16861,0
16862,2
16863,1
16864,1
16865,0
16866,2
16867,1
16868,2
16869,2
16870,2
16871,2
16872,2
16873,2
16874,2
16875,2
16876,2
16877,1
16878,1
16879,2
16880,0
16881,0
16882,2
16883,2
16884,1
16885,2
16886,0
16887,2
16888,2
16889,2
16890,1
16891,2
16892,1
16893,1
16894,2
16895,2
16896,1
16897,2
16898,2
16899,1
16900,2
16901,2
16902,0
16903,1
16904,2
16905,2
16906,2
16907,1
16908,2
16909,1
16910,2
16911,0
16912,1
16913,2
16914,1
16915,2
16916,2
16917,1
16918,2
16919,1
16920,2
16921,0
16922,2
16923,2
16924,2
16925,2
16926,0
16927,2
16928,1
16929,0
16930,1
16931,2
16932,2
16933,2
16934,2
16935,2
16936,1
16937,1
16938,1
16939,2
16940,0
16941,0
16942,1
16943,0
16944,2
16945,0
16946,2
16947,2
16948,2
16949,2
16950,2
16951,2
16952,2
16953,2
16954,2
16955,0
16956,2
16957,2
16958,1
16959,0
16960,0
16961,2
16962,2
16963,1
16964,1
16965,0
16966,2
16967,2
16968,1
16969,2
16970,1
16971,0
16972,2
16973,1
16974,2
16975,1
16976,1
16977,1
16978,1
16979,2
16980,2
16981,1
16982,0
16983,2
16984,1
16985,1
16986,2
16987,2
16988,2
16989,1
16990,1
16991,1
16992,1
16993,0
16994,2
16995,0
16996,2
16997,0
16998,2
16999,2
17000,1
17001,1
17002,2
17003,2
17004,2
17005,1
17006,0
17007,1
17008,0
17009,2
17010,1
17011,2
17012,2
17013,2
17014,0
17015,1
17016,0
17017,1
17018,2
17019,2
17020,1
17021,2
17022,2
17023,0
17024,2
17025,1
17026,2
17027,1
17028,0
17029,1
17030,1
17031,1
17032,1
17033,2
17034,2
17035,1
17036,1
17037,1
17038,2
17039,1
17040,2
17041,2
17042,0
17043,1
17044,0
17045,0
17046,0
17047,0
17048,1
17049,2
17050,2
17051,2
17052,0
17053,2
17054,1
17055,2
17056,1
17057,2
17058,2
17059,2
17060,2
17061,2
17062,2
17063,1
17064,1
17065,2
17066,2
17067,1
17068,1
17069,2
17070,2
17071,1
17072,1
17073,1
17074,2
17075,2
17076,1
17077,1
17078,1
17079,2
17080,2
17081,2
17082,2
17083,0
17084,0
17085,2
17086,0
17087,1
17088,2
17089,2
17090,1
17091,2
17092,1
17093,1
17094,2
17095,0
17096,1
17097,2
17098,1
17099,1
17100,2
17101,2
17102,1
17103,0
17104,0
17105,1
17106,1
17107,2
17108,2
17109,0
17110,1
17111,2
17112,2
17113,2
17114,1
17115,2
17116,2
17117,2
17118,2
17119,1
17120,0
17121,1
17122,0
17123,1
17124,2
17125,2
17126,1
17127,2
17128,1
17129,1
17130,2
17131,2
17132,1
17133,2
17134,2
17135,2
17136,2
17137,1
17138,0
17139,0
17140,1
17141,0
17142,2
17143,2
17144,2
17145,1
17146,1
17147,2
17148,2
17149,2
17150,2
17151,2
17152,0
17153,2
17154,2
17155,1
17156,1
17157,1
17158,2
17159,2
17160,1
17161,1
17162,2
17163,1
17164,0
17165,2
17166,1
17167,1
17168,1
17169,2
17170,0
17171,2
17172,2
17173,1
17174,1
17175,2
17176,1
17177,1
17178,0
17179,2
17180,1
17181,1
17182,2
17183,1
17184,1
17185,2
17186,2
17187,1
17188,2
17189,0
17190,2
17191,2
17192,2
17193,2
17194,1
17195,0
17196,1
17197,1
17198,1
17199,0
17200,1
17201,2
17202,1
17203,2
17204,2
17205,1
17206,2
17207,2
17208,1
17209,1
17210,0
17211,2
17212,1
17213,2
17214,0
17215,2
17216,1
17217,2
17218,1
17219,2
17220,2
17221,2
17222,2
17223,1
17224,2
17225,1
17226,1
17227,2
17228,1
17229,2
17230,2
17231,1
17232,2
17233,1
17234,1
17235,2
17236,2
17237,2
17238,2
17239,2
17240,0
17241,2
17242,1
17243,1
17244,1
17245,2
17246,2
17247,0
17248,2
17249,0
17250,2
17251,1
17252,2
17253,2
17254,2
17255,0
17256,2
17257,1
17258,1
17259,2
17260,1
17261,1
17262,2
17263,2
17264,2
17265,1
17266,2
17267,2
17268,2
17269,2
17270,2
17271,1
17272,2
17273,2
17274,0
17275,1
17276,0
17277,2
17278,1
17279,2
17280,2
17281,1
17282,2
17283,1
17284,0
17285,2
17286,1
17287,1
17288,2
17289,1
17290,2
17291,2
17292,2
17293,1
17294,0
17295,1
17296,1
17297,1
17298,1
17299,0
17300,2
17301,2
17302,1
17303,1
17304,2
17305,1
17306,1
17307,2
17308,2
17309,2
17310,2
17311,0
17312,1
17313,2
17314,2
17315,2
17316,1
17317,2
17318,2
17319,0
17320,2
17321,0
17322,1
17323,2
17324,2
17325,1
17326,1
17327,1
17328,2
17329,2
17330,0
17331,2
17332,1
17333,2
17334,2
17335,2
17336,2
17337,2
17338,2
17339,0
17340,2
17341,0
17342,1
17343,2
17344,2
17345,2
17346,2
17347,1
17348,0
17349,2
17350,2
17351,0
17352,2
17353,2
17354,1
17355,1
17356,2
17357,1
17358,2
17359,0
17360,1
17361,1
17362,2
17363,2
17364,2
17365,1
17366,1
17367,1
17368,2
17369,1
17370,1
17371,1
17372,2
17373,2
17374,0
17375,2
17376,0
17377,0
17378,1
17379,1
17380,1
17381,1
17382,2
17383,2
17384,2
17385,2
17386,0
17387,1
17388,2
17389,0
17390,1
17391,1
17392,1
17393,0
17394,2
17395,2
17396,1
17397,2
17398,1
17399,2
17400,1
17401,1
17402,2
17403,1
17404,1
17405,2
17406,0
17407,1
17408,2
17409,2
17410,2
17411,2
17412,0
17413,2
17414,2
17415,1
17416,2
17417,2
17418,2
17419,2
17420,2
17421,0
17422,2
17423,1
17424,1
17425,1
17426,2
17427,1
17428,2
17429,1
17430,1
17431,2
17432,2
17433,2
17434,0
17435,2
17436,1
17437,2
17438,2
17439,1
17440,2
17441,2
17442,0
17443,2
17444,0
17445,2
17446,1
17447,1
17448,1
17449,2
17450,2
17451,1
17452,1
17453,1
17454,1
17455,1
17456,1
17457,1
17458,2
17459,2
17460,2
17461,0
17462,1
17463,1
17464,2
17465,2
17466,1
17467,0
17468,0
17469,0
17470,0
17471,0
17472,2
17473,2
17474,1
17475,2
17476,1
17477,2
17478,2
17479,2
17480,1
17481,1
17482,2
17483,1
17484,2
17485,1
17486,2
17487,1
17488,1
17489,1
17490,2
17491,0
17492,1
17493,2
17494,2
17495,2
17496,2
17497,1
17498,1
17499,2
17500,2
17501,1
17502,0
17503,2
17504,1
17505,0
17506,1
17507,0
17508,2
17509,2
17510,0
17511,1
17512,0
17513,2
17514,1
17515,1
17516,2
17517,2
17518,0
17519,1
17520,2
17521,0
17522,2
17523,1
17524,1
17525,1
17526,2
17527,2
17528,2
17529,2
17530,1
17531,0
17532,0
17533,2
17534,1
17535,2
17536,2
17537,1
17538,1
17539,2
17540,1
17541,0
17542,1
17543,2
17544,1
17545,1
17546,1
17547,2
17548,1
17549,1
17550,2
17551,2
17552,1
17553,1
17554,2
17555,2
17556,1
17557,1
17558,1
17559,1
17560,0
17561,2
17562,0
17563,1
17564,0
17565,1
17566,1
17567,2
17568,1
17569,2
17570,2
17571,1
17572,1
17573,1
17574,1
17575,2
17576,0
17577,1
17578,1
17579,1
17580,0
17581,2
17582,2
17583,2
17584,2
17585,0
17586,1
17587,2
17588,0
17589,2
17590,2
17591,2
17592,2
17593,1
17594,2
17595,1
17596,0
17597,2
17598,2
17599,2
17600,1
17601,1
17602,1
17603,1
17604,1
17605,2
17606,1
17607,2
17608,2
17609,2
17610,1
17611,2
17612,2
17613,1
17614,1
17615,2
17616,1
17617,1
17618,2
17619,2
17620,2
17621,2
17622,2
17623,1
17624,1
17625,0
17626,1
17627,2
17628,2
17629,0
17630,2
17631,2
17632,2
17633,1
17634,2
17635,2
17636,0
17637,2
17638,2
17639,1
17640,2
17641,1
17642,2
17643,2
17644,2
17645,1
17646,1
17647,1
17648,1
17649,1
17650,1
17651,1
17652,2
17653,1
17654,1
17655,2
17656,1
17657,2
17658,2
17659,1
17660,1
17661,1
17662,1
17663,1
17664,2
17665,2
17666,1
17667,0
17668,2
17669,1
17670,0
17671,1
17672,2
17673,0
17674,1
17675,2
17676,1
17677,0
17678,1
17679,2
17680,0
17681,0
17682,1
17683,2
17684,2
17685,2
17686,0
17687,2
17688,2
17689,1
17690,2
17691,2
17692,1
17693,1
17694,2
17695,1
17696,2
17697,0
17698,1
17699,1
17700,2
17701,2
17702,2
17703,2
17704,2
17705,2
17706,1
17707,2
17708,0
17709,2
17710,2
17711,2
17712,2
17713,1
17714,1
17715,1
17716,2
17717,2
17718,0
17719,0
17720,1
17721,0
17722,0
17723,1
17724,2
17725,2
17726,1
17727,1
17728,0
17729,1
17730,1
17731,2
17732,1
17733,2
17734,2
17735,1
17736,0
17737,2
17738,2
17739,1
17740,1
17741,1
17742,1
17743,0
17744,2
17745,2
17746,1
17747,1
17748,1
17749,2
17750,2
17751,2
17752,2
17753,1
17754,0
17755,1
17756,1
17757,2
17758,2
17759,1
17760,2
17761,2
17762,1
17763,1
17764,1
17765,1
17766,0
17767,2
17768,1
17769,2
17770,0
17771,2
17772,0
17773,2
17774,2
17775,1
17776,1
17777,2
17778,2
17779,2
17780,1
17781,0
17782,2
17783,2
17784,2
17785,0
17786,2
17787,1
17788,0
17789,2
17790,2
17791,2
17792,1
17793,0
17794,2
17795,2
17796,0
17797,2
17798,2
17799,1
17800,1
17801,1
17802,2
17803,2
17804,2
17805,0
17806,0
17807,2
17808,0
17809,1
17810,1
17811,1
17812,2
17813,1
17814,1
17815,0
17816,2
17817,1
17818,2
17819,2
17820,2
17821,2
17822,2
17823,2
17824,2
17825,2
17826,0
17827,2
17828,1
17829,0
17830,2
17831,1
17832,2
17833,2
17834,0
17835,2
17836,2
17837,1
17838,2
17839,1
17840,1
17841,2
17842,1
17843,2
17844,2
17845,1
17846,1
17847,2
17848,1
17849,1
17850,2
17851,2
17852,1
17853,1
17854,2
17855,2
17856,2
17857,0
17858,1
17859,2
17860,1
17861,1
17862,1
17863,1
17864,1
17865,2
17866,0
17867,1
17868,1
17869,2
17870,0
17871,2
17872,2
17873,2
17874,2
17875,1
17876,2
17877,2
17878,2
17879,2
17880,2
17881,1
17882,2
17883,0
17884,1
17885,2
17886,1
17887,2
17888,2
17889,2
17890,0
17891,1
17892,2
17893,2
17894,0
17895,2
17896,2
17897,1
17898,1
17899,1
17900,2
17901,0
17902,2
17903,1
17904,2
17905,2
17906,0
17907,2
17908,0
17909,2
17910,2
17911,1
17912,0
17913,1
17914,2
17915,0
17916,2
17917,0
17918,2
17919,1
17920,2
17921,2
17922,2
17923,2
17924,2
17925,1
17926,2
17927,1
17928,2
17929,2
17930,0
17931,2
17932,1
17933,1
17934,2
17935,1
17936,0
17937,2
17938,0
17939,1
17940,1
17941,0
17942,1
17943,1
17944,1
17945,1
17946,2
17947,0
17948,1
17949,1
17950,1
17951,1
17952,1
17953,1
17954,1
17955,2
17956,2
17957,2
17958,1
17959,2
17960,2
17961,1
17962,2
17963,2
17964,1
17965,1
17966,2
17967,2
17968,2
17969,2
17970,1
17971,2
17972,2
17973,2
17974,2
17975,0
17976,1
17977,2
17978,2
17979,0
17980,2
17981,2
17982,2
17983,1
17984,2
17985,2
17986,2
17987,1
17988,1
17989,1
17990,0
17991,2
17992,2
17993,1
17994,2
17995,1
17996,2
17997,2
17998,0
17999,2
18000,1
18001,1
18002,2
18003,2
18004,2
18005,0
18006,1
18007,1
18008,2
18009,2
18010,2
18011,0
18012,2
18013,2
18014,1
18015,2
18016,0
18017,1
18018,2
18019,2
18020,0
18021,0
18022,1
18023,1
18024,1
18025,2
18026,1
18027,2
18028,2
18029,1
18030,1
18031,0
18032,2
18033,1
18034,1
18035,2
18036,1
18037,2
18038,1
18039,2
18040,1
18041,0
18042,2
18043,1
18044,1
18045,1
18046,2
18047,1
18048,2
18049,0
18050,1
18051,1
18052,0
18053,2
18054,1
18055,1
18056,0
18057,0
18058,2
18059,1
18060,0
18061,2
18062,1
18063,1
18064,1
18065,2
18066,1
18067,1
18068,2
18069,2
18070,2
18071,2
18072,1
18073,1
18074,0
18075,0
18076,2
18077,2
18078,2
18079,1
18080,2
18081,2
18082,0
18083,1
18084,2
18085,0
18086,1
18087,2
18088,1
18089,0
18090,1
18091,2
18092,2
18093,0
18094,2
18095,2
18096,2
18097,1
18098,1
18099,2
18100,1
18101,2
18102,0
18103,1
18104,1
18105,2
18106,2
18107,1
18108,1
18109,0
18110,2
18111,0
18112,2
18113,2
18114,2
18115,1
18116,2
18117,2
18118,2
18119,2
18120,2
18121,1
18122,1
18123,1
18124,1
18125,1
18126,2
18127,0
18128,2
18129,1
18130,2
18131,2
18132,1
18133,2
18134,1
18135,1
18136,2
18137,2
18138,2
18139,0
18140,2
18141,2
18142,1
18143,2
18144,2
18145,2
18146,2
18147,2
18148,0
18149,2
18150,2
18151,2
18152,1
18153,1
18154,0
18155,1
18156,2
18157,2
18158,1
18159,1
18160,1
18161,1
18162,1
18163,2
18164,2
18165,1
18166,1
18167,1
18168,0
18169,0
18170,2
18171,1
18172,2
18173,1
18174,0
18175,2
18176,2
18177,2
18178,2
18179,0
18180,1
18181,2
18182,1
18183,2
18184,1
18185,2
18186,2
18187,1
18188,2
18189,1
18190,1
18191,2
18192,1
18193,2
18194,2
18195,2
18196,0
18197,0
18198,1
18199,2
18200,2
18201,1
18202,2
18203,2
18204,1
18205,1
18206,2
18207,2
18208,0
18209,2
18210,1
18211,1
18212,1
18213,0
18214,2
18215,2
18216,1
18217,2
18218,2
18219,2
18220,1
18221,2
18222,1
18223,2
18224,1
18225,1
18226,2
18227,1
18228,2
18229,0
18230,0
18231,1
18232,2
18233,0
18234,2
18235,1
18236,2
18237,1
18238,2
18239,1
18240,2
18241,2
18242,1
18243,1
18244,2
18245,1
18246,2
18247,1
18248,2
18249,1
18250,1
18251,2
18252,2
18253,1
18254,1
18255,1
18256,2
18257,2
18258,1
18259,1
18260,2
18261,1
18262,2
18263,2
18264,2
18265,0
18266,0
18267,1
18268,1
18269,0
18270,2
18271,2
18272,2
18273,2
18274,1
18275,1
18276,0
18277,0
18278,1
18279,2
18280,1
18281,2
18282,1
18283,1
18284,1
18285,2
18286,1
18287,2
18288,2
18289,1
18290,2
18291,2
18292,0
18293,1
18294,2
18295,0
18296,1
18297,1
18298,0
18299,0
18300,2
18301,2
18302,0
18303,1
18304,2
18305,0
18306,1
18307,1
18308,1
18309,2
18310,0
18311,2
18312,1
18313,2
18314,2
18315,2
18316,0
18317,1
18318,2
18319,2
18320,1
18321,2
18322,1
18323,2
18324,2
18325,2
18326,1
18327,2
18328,2
18329,2
18330,1
18331,2
18332,2
18333,1
18334,2
18335,1
18336,1
18337,2
18338,2
18339,2
18340,2
18341,0
18342,2
18343,1
18344,1
18345,2
18346,2
18347,1
18348,1
18349,2
18350,2
18351,1
18352,2
18353,2
18354,2
18355,0
18356,2
18357,1
18358,1
18359,1
18360,2
18361,2
18362,2
18363,1
18364,2
18365,2
18366,1
18367,2
18368,0
18369,1
18370,2
18371,2
18372,2
18373,1
18374,1
18375,2
18376,2
18377,1
18378,2
18379,2
18380,1
18381,1
18382,1
18383,1
18384,2
18385,2
18386,1
18387,2
18388,1
18389,1
18390,1
18391,1
18392,2
18393,2
18394,2
18395,1
18396,2
18397,2
18398,1
18399,2
18400,0
18401,1
18402,2
18403,2
18404,2
18405,2
18406,2
18407,1
18408,2
18409,1
18410,2
18411,0
18412,1
18413,1
18414,2
18415,1
18416,1
18417,2
18418,2
18419,2
18420,1
18421,2
18422,0
18423,2
18424,0
18425,2
18426,1
18427,2
18428,2
18429,1
18430,2
18431,2
18432,2
18433,2
18434,0
18435,2
18436,1
18437,0
18438,1
18439,1
18440,1
18441,1
18442,2
18443,2
18444,1
18445,2
18446,1
18447,2
18448,2
18449,2
18450,0
18451,2
18452,2
18453,2
18454,0
18455,2
18456,1
18457,2
18458,1
18459,1
18460,2
18461,1
18462,1
18463,2
18464,2
18465,2
18466,1
18467,1
18468,1
18469,1
18470,1
18471,2
18472,2
18473,2
18474,1
18475,1
18476,1
18477,2
18478,0
18479,2
18480,1
18481,2
18482,2
18483,2
18484,1
18485,2
18486,2
18487,1
18488,2
18489,1
18490,1
18491,1
18492,1
18493,2
18494,2
18495,1
18496,1
18497,2
18498,1
18499,1
18500,2
18501,2
18502,1
18503,1
18504,1
18505,0
18506,2
18507,2
18508,2
18509,2
18510,2
18511,1
18512,2
18513,0
18514,1
18515,2
18516,1
18517,1
18518,0
18519,2
18520,2
18521,1
18522,0
18523,1
18524,2
18525,1
18526,2
18527,2
18528,2
18529,1
18530,2
18531,1
18532,1
18533,0
18534,1
18535,2
18536,2
18537,1
18538,2
18539,2
18540,1
18541,1
18542,1
18543,2
18544,2
18545,2
18546,1
18547,2
18548,2
18549,1
18550,2
18551,1
18552,1
18553,1
18554,0
18555,2
18556,2
18557,2
18558,0
18559,1
18560,2
18561,2
18562,1
18563,2
18564,2
18565,1
18566,2
18567,2
18568,2
18569,2
18570,2
18571,1
18572,1
18573,1
18574,1
18575,1
18576,2
18577,1
18578,2
18579,2
18580,1
18581,1
18582,2
18583,2
18584,1
18585,1
18586,1
18587,2
18588,2
18589,1
18590,2
18591,2
18592,2
18593,2
18594,1
18595,2
18596,1
18597,0
18598,2
18599,1
18600,2
18601,2
18602,1
18603,2
18604,2
18605,2
18606,1
18607,2
18608,2
18609,2
18610,2
18611,1
18612,1
18613,0
18614,0
18615,1
18616,1
18617,2
18618,2
18619,0
18620,1
18621,1
18622,2
18623,1
18624,2
18625,2
18626,1
18627,2
18628,2
18629,2
18630,2
18631,1
18632,1
18633,2
18634,2
18635,2
18636,1
18637,0
18638,2
18639,1
18640,1
18641,1
18642,1
18643,2
18644,2
18645,2
18646,1
18647,0
18648,2
18649,2
18650,1
18651,2
18652,2
18653,1
18654,0
18655,2
18656,2
18657,2
18658,1
18659,2
18660,2
18661,0
18662,2
18663,2
18664,1
18665,2
18666,1
18667,2
18668,1
18669,2
18670,1
18671,1
18672,1
18673,0
18674,0
18675,0
18676,2
18677,2
18678,1
18679,2
18680,2
18681,0
18682,2
18683,1
18684,1
18685,1
18686,2
18687,2
18688,1
18689,0
18690,2
18691,1
18692,1
18693,1
18694,2
18695,2
18696,2
18697,1
18698,2
18699,1
18700,2
18701,2
18702,1
18703,2
18704,2
18705,1
18706,0
18707,1
18708,1
18709,2
18710,2
18711,0
18712,2
18713,2
18714,1
18715,1
18716,1
18717,2
18718,2
18719,1
18720,1
18721,2
18722,2
18723,1
18724,1
18725,1
18726,1
18727,2
18728,2
18729,2
18730,2
18731,1
18732,2
18733,2
18734,1
18735,1
18736,2
18737,2
18738,1
18739,2
18740,1
18741,2
18742,1
18743,2
18744,1
18745,1
18746,2
18747,2
18748,0
18749,1
18750,2
18751,1
18752,0
18753,2
18754,1
18755,2
18756,2
18757,2
18758,0
18759,2
18760,2
18761,2
18762,1
18763,2
18764,2
18765,2
18766,1
18767,2
18768,1
18769,2
18770,2
18771,1
18772,1
18773,2
18774,2
18775,2
18776,2
18777,1
18778,1
18779,2
18780,2
18781,0
18782,2
18783,1
18784,2
18785,2
18786,1
18787,1
18788,2
18789,2
18790,2
18791,2
18792,2
18793,1
18794,2
18795,2
18796,2
18797,1
18798,2
18799,2
18800,1
18801,1
18802,2
18803,2
18804,2
18805,1
18806,1
18807,1
18808,1
18809,1
18810,2
18811,2
18812,1
18813,0
18814,2
18815,2
18816,1
18817,2
18818,2
18819,2
18820,1
18821,2
18822,2
18823,1
18824,2
18825,2
18826,1
18827,2
18828,2
18829,2
18830,0
18831,1
18832,1
18833,1
18834,1
18835,0
18836,2
18837,1
18838,1
18839,2
18840,2
18841,2
18842,2
18843,2
18844,0
18845,0
18846,2
18847,1
18848,2
18849,2
18850,2
18851,1
18852,1
18853,2
18854,1
18855,1
18856,1
18857,1
18858,1
18859,2
18860,2
18861,2
18862,0
18863,1
18864,0
18865,2
18866,1
18867,2
18868,1
18869,1
18870,1
18871,1
18872,2
18873,1
18874,1
18875,2
18876,1
18877,2
18878,1
18879,2
18880,2
18881,1
18882,1
18883,1
18884,1
18885,1
18886,1
18887,2
18888,2
18889,1
18890,2
18891,1
18892,2
18893,0
18894,1
18895,2
18896,2
18897,2
18898,0
18899,2
18900,2
18901,1
18902,1
18903,2
18904,0
18905,1
18906,2
18907,0
18908,1
18909,2
18910,2
18911,2
18912,1
18913,2
18914,0
18915,2
18916,1
18917,1
18918,2
18919,2
18920,2
18921,2
18922,1
18923,2
18924,1
18925,2
18926,2
18927,2
18928,0
18929,2
18930,2
18931,1
18932,1
18933,2
18934,1
18935,0
18936,1
18937,0
18938,2
18939,1
18940,2
18941,1
18942,2
18943,1
18944,1
18945,2
18946,2
18947,2
18948,0
18949,1
18950,2
18951,2
18952,1
18953,1
18954,1
18955,2
18956,1
18957,1
18958,1
18959,2
18960,0
18961,1
18962,2
18963,1
18964,2
18965,2
18966,1
18967,0
18968,2
18969,1
18970,2
18971,2
18972,2
18973,2
18974,1
18975,2
18976,2
18977,1
18978,0
18979,1
18980,0
18981,1
18982,1
18983,1
18984,1
18985,0
18986,2
18987,2
18988,2
18989,1
18990,2
18991,1
18992,2
18993,2
18994,2
18995,2
18996,2
18997,2
18998,2
18999,2
19000,1
19001,2
19002,0
19003,1
19004,1
19005,2
19006,0
19007,2
19008,1
19009,2
19010,1
19011,0
19012,0
19013,2
19014,2
19015,1
19016,2
19017,2
19018,1
19019,1
19020,0
19021,2
19022,2
19023,1
19024,2
19025,2
19026,1
19027,1
19028,2
19029,0
19030,2
19031,0
19032,2
19033,2
19034,2
19035,1
19036,2
19037,2
19038,1
19039,2
19040,2
19041,2
19042,2
19043,1
19044,2
19045,0
19046,1
19047,2
19048,2
19049,2
19050,1
19051,1
19052,2
19053,2
19054,1
19055,2
19056,2
19057,2
19058,2
19059,2
19060,2
19061,2
19062,2
19063,2
19064,1
19065,1
19066,0
19067,1
19068,1
19069,1
19070,2
19071,1
19072,1
19073,0
19074,2
19075,2
19076,2
19077,2
19078,1
19079,2
19080,1
19081,2
19082,2
19083,2
19084,2
19085,0
19086,2
19087,0
19088,1
19089,2
19090,2
19091,1
19092,2
19093,2
19094,2
19095,2
19096,1
19097,2
19098,0
19099,1
19100,1
19101,2
19102,1
19103,2
19104,2
19105,1
19106,1
19107,2
19108,2
19109,1
19110,2
19111,1
19112,2
19113,1
19114,0
19115,0
19116,1
19117,0
19118,1
19119,1
19120,0
19121,2
19122,1
19123,0
19124,1
19125,0
19126,1
19127,2
19128,2
19129,2
19130,0
19131,0
19132,2
19133,1
19134,2
19135,2
19136,1
19137,2
19138,2
19139,1
19140,1
19141,2
19142,1
19143,0
19144,2
19145,1
19146,1
19147,0
19148,2
19149,2
19150,0
19151,2
19152,2
19153,1
19154,2
19155,2
19156,1
19157,2
19158,2
19159,0
19160,1
19161,0
19162,2
19163,1
19164,2
19165,2
19166,1
19167,1
19168,1
19169,1
19170,2
19171,1
19172,1
19173,2
19174,1
19175,2
19176,2
19177,0
19178,0
19179,1
19180,2
19181,1
19182,2
19183,1
19184,2
19185,2
19186,1
19187,2
19188,1
19189,1
19190,2
19191,1
19192,2
19193,1
19194,2
19195,2
19196,1
19197,1
19198,2
19199,1
19200,2
19201,1
19202,0
19203,1
19204,2
19205,1
19206,2
19207,2
19208,2
19209,2
19210,1
19211,2
19212,2
19213,0
19214,2
19215,2
19216,2
19217,2
19218,2
19219,0
19220,2
19221,2
19222,1
19223,2
19224,2
19225,2
19226,1
19227,2
19228,1
19229,1
19230,2
19231,2
19232,2
19233,1
19234,2
19235,1
19236,2
19237,1
19238,2
19239,2
19240,0
19241,2
19242,1
19243,0
19244,1
19245,2
19246,2
19247,2
19248,0
19249,1
19250,2
19251,2
19252,2
19253,0
19254,2
19255,1
19256,1
19257,1
19258,2
19259,1
19260,1
19261,1
19262,2
19263,2
19264,2
19265,0
19266,2
19267,0
19268,2
19269,0
19270,1
19271,2
19272,2
19273,1
19274,2
19275,2
19276,2
19277,2
19278,2
19279,2
19280,2
19281,1
19282,2
19283,2
19284,2
19285,0
19286,2
19287,2
19288,2
19289,2
19290,0
19291,2
19292,2
19293,2
19294,2
19295,1
19296,1
19297,1
19298,1
19299,1
19300,0
19301,0
19302,2
19303,1
19304,1
19305,2
19306,1
19307,1
19308,2
19309,2
19310,2
19311,2
19312,0
19313,2
19314,0
19315,2
19316,1
19317,2
19318,2
19319,2
19320,2
19321,1
19322,2
19323,0
19324,2
19325,2
19326,2
19327,1
19328,2
19329,1
19330,0
19331,1
19332,2
19333,2
19334,2
19335,2
19336,2
19337,2
19338,1
19339,1
19340,2
19341,1
19342,1
19343,2
19344,1
19345,1
19346,2
19347,1
19348,1
19349,1
19350,2
19351,1
19352,2
19353,0
19354,2
19355,1
19356,2
19357,1
19358,1
19359,1
19360,1
19361,2
19362,2
19363,1
19364,2
19365,1
19366,1
19367,2
19368,1
19369,0
19370,0
19371,1
19372,2
19373,1
19374,2
19375,2
19376,2
19377,0
19378,2
19379,2
19380,2
19381,1
19382,2
19383,1
19384,2
19385,2
19386,2
19387,2
19388,2
19389,2
19390,0
19391,2
19392,0
19393,2
19394,2
19395,0
19396,2
19397,1
19398,1
19399,0
19400,1
19401,2
19402,1
19403,0
19404,0
19405,2
19406,2
19407,1
19408,0
19409,0
19410,2
19411,1
19412,2
19413,0
19414,1
19415,2
19416,1
19417,0
19418,2
19419,0
19420,1
19421,2
19422,0
19423,2
19424,2
19425,1
19426,2
19427,0
19428,2
19429,2
19430,1
19431,2
19432,1
19433,1
19434,1
19435,1
19436,1
19437,2
19438,1
19439,2
19440,2
19441,2
19442,1
19443,1
19444,2
19445,1
19446,2
19447,2
19448,1
19449,2
19450,2
19451,2
19452,2
19453,1
19454,2
19455,2
19456,0
19457,1
19458,0
19459,2
19460,2
19461,2
19462,1
19463,1
19464,2
19465,1
19466,0
19467,1
19468,1
19469,2
19470,2
19471,2
19472,2
19473,1
19474,1
19475,2
19476,2
19477,1
19478,0
19479,1
19480,2
19481,2
19482,1
19483,0
19484,2
19485,1
19486,0
19487,2
19488,2
19489,1
19490,2
19491,1
19492,2
19493,2
19494,1
19495,2
19496,0
19497,2
19498,0
19499,2
19500,1
19501,2
19502,2
19503,2
19504,1
19505,2
19506,1
19507,2
19508,2
19509,2
19510,2
19511,1
19512,2
19513,2
19514,2
19515,2
19516,1
19517,2
19518,1
19519,1
19520,1
19521,1
19522,2
19523,2
19524,2
19525,1
19526,2
19527,2
19528,1
19529,2
19530,2
19531,1
19532,2
19533,1
19534,0
19535,1
19536,0
19537,2
19538,0
19539,1
19540,1
19541,2
19542,1
19543,0
19544,1
19545,2
19546,1
19547,2
19548,1
19549,1
19550,2
19551,0
19552,2
19553,2
19554,1
19555,0
19556,1
19557,2
19558,2
19559,0
19560,2
19561,2
19562,1
19563,1
19564,1
19565,0
19566,2
19567,2
19568,1
19569,1
19570,2
19571,2
19572,2
19573,2
19574,1
19575,2
19576,1
19577,0
19578,0
19579,2
19580,2
19581,1
19582,0
19583,2
19584,2
19585,1
19586,2
19587,1
19588,1
19589,2
19590,1
19591,1
19592,1
19593,2
19594,2
19595,2
19596,2
19597,2
19598,2
19599,1
19600,1
19601,1
19602,0
19603,2
19604,0
19605,1
19606,0
19607,0
19608,2
19609,1
19610,2
19611,0
19612,1
19613,0
19614,1
19615,1
19616,1
19617,2
19618,1
19619,1
19620,2
19621,2
19622,2
19623,2
19624,1
19625,2
19626,1
19627,2
19628,2
19629,1
19630,2
19631,1
19632,1
19633,2
19634,2
19635,1
19636,2
19637,1
19638,2
19639,0
19640,1
19641,2
19642,1
19643,1
19644,0
19645,2
19646,2
19647,2
19648,1
19649,2
19650,2
19651,1
19652,2
19653,2
19654,2
19655,1
19656,2
19657,1
19658,0
19659,2
19660,2
19661,1
19662,2
19663,2
19664,1
19665,0
19666,1
19667,1
19668,2
19669,2
19670,0
19671,1
19672,1
19673,2
19674,2
19675,1
19676,2
19677,1
19678,2
19679,0
19680,1
19681,1
19682,1
19683,1
19684,2
19685,1
19686,2
19687,2
19688,2
19689,2
19690,2
19691,2
19692,1
19693,1
19694,1
19695,1
19696,2
19697,0
19698,2
19699,2
19700,0
19701,0
19702,2
19703,2
19704,2
19705,2
19706,2
19707,1
19708,2
19709,2
19710,1
19711,2
19712,1
19713,0
19714,1
19715,2
19716,2
19717,2
19718,2
19719,2
19720,2
19721,2
19722,1
19723,2
19724,2
19725,1
19726,2
19727,1
19728,2
19729,0
19730,2
19731,1
19732,1
19733,0
19734,2
19735,2
19736,2
19737,2
19738,1
19739,0
19740,0
19741,1
19742,2
19743,2
19744,0
19745,1
19746,2
19747,2
19748,2
19749,1
19750,2
19751,2
19752,2
19753,1
19754,1
19755,1
19756,1
19757,1
19758,2
19759,2
19760,2
19761,0
19762,2
19763,1
19764,2
19765,1
19766,1
19767,2
19768,2
19769,1
19770,0
19771,2
19772,2
19773,1
19774,1
19775,0
19776,2
19777,2
19778,1
19779,0
19780,2
19781,1
19782,2
19783,1
19784,2
19785,2
19786,2
19787,1
19788,1
19789,0
19790,2
19791,2
19792,0
19793,0
19794,2
19795,1
19796,1
19797,0
19798,2
19799,2
19800,1
19801,1
19802,1
19803,1
19804,1
19805,1
19806,2
19807,1
19808,1
19809,1
19810,0
19811,1
19812,0
19813,2
19814,2
19815,2
19816,2
19817,2
19818,1
19819,2
19820,2
19821,2
19822,1
19823,2
19824,1
19825,2
19826,2
19827,0
19828,2
19829,2
19830,2
19831,2
19832,2
19833,1
19834,2
19835,2
19836,2
19837,1
19838,1
19839,2
19840,1
19841,1
19842,1
19843,0
19844,1
19845,1
19846,2
19847,1
19848,1
19849,2
19850,2
19851,2
19852,1
19853,1
19854,1
19855,1
19856,1
19857,2
19858,0
19859,2
19860,1
19861,0
19862,1
19863,2
19864,1
19865,2
19866,0
19867,0
19868,0
19869,1
19870,0
19871,1
19872,1
19873,0
19874,1
19875,1
19876,0
19877,2
19878,2
19879,1
19880,2
19881,1
19882,2
19883,2
19884,0
19885,2
19886,2
19887,1
19888,1
19889,2
19890,1
19891,2
19892,1
19893,1
19894,2
19895,2
19896,2
19897,2
19898,2
19899,0
19900,0
19901,2
19902,1
19903,0
19904,2
19905,2
19906,1
19907,2
19908,0
19909,2
19910,2
19911,1
19912,2
19913,2
19914,2
19915,2
19916,2
19917,2
19918,2
19919,1
19920,2
19921,2
19922,2
19923,2
19924,1
19925,2
19926,1
19927,2
19928,1
19929,2
19930,1
19931,2
19932,2
19933,2
19934,2
19935,2
19936,1
19937,2
19938,2
19939,2
19940,0
19941,1
19942,0
19943,2
19944,0
19945,1
19946,2
19947,2
19948,2
19949,1
19950,1
19951,1
19952,1
19953,0
19954,2
19955,2
19956,1
19957,2
19958,1
19959,1
19960,2
19961,2
19962,0
19963,2
19964,2
19965,1
19966,1
19967,2
19968,2
19969,2
19970,2
19971,2
19972,2
19973,2
19974,1
19975,1
19976,0
19977,2
19978,1
19979,1
19980,2
19981,1
19982,1
19983,2
19984,2
19985,2
19986,2
19987,1
19988,1
19989,2
19990,2
19991,2
19992,0
19993,2
19994,2
19995,2
19996,2
19997,2
19998,2
19999,2
20000,1
20001,1
20002,0
20003,2
20004,0
20005,2
20006,1
20007,2
20008,2
20009,1
20010,2
20011,1
20012,2
20013,1
20014,2
20015,1
20016,1
20017,2
20018,1
20019,2
20020,1
20021,2
20022,0
20023,0
20024,2
20025,1
20026,1
20027,2
20028,1
20029,1
20030,2
20031,1
20032,2
20033,0
20034,2
20035,2
20036,0
20037,2
20038,1
20039,0
20040,1
20041,0
20042,2
20043,2
20044,2
20045,0
20046,1
20047,1
20048,1
20049,0
20050,1
20051,2
20052,1
20053,2
20054,1
20055,0
20056,0
20057,2
20058,1
20059,1
20060,2
20061,2
20062,1
20063,2
20064,2
20065,1
20066,2
20067,1
20068,1
20069,1
20070,2
20071,2
20072,2
20073,2
20074,1
20075,0
20076,1
20077,1
20078,0
20079,0
20080,2
20081,2
20082,1
20083,0
20084,0
20085,2
20086,2
20087,1
20088,2
20089,1
20090,2
20091,2
20092,2
20093,2
20094,2
20095,1
20096,2
20097,1
20098,2
20099,1
20100,1
20101,1
20102,1
20103,2
20104,1
20105,2
20106,1
20107,2
20108,2
20109,2
20110,1
20111,1
20112,1
20113,2
20114,1
20115,2
20116,1
20117,2
20118,1
20119,2
20120,1
20121,1
20122,2
20123,1
20124,1
20125,1
20126,2
20127,1
20128,0
20129,2
20130,2
20131,2
20132,2
20133,2
20134,2
20135,2
20136,2
20137,0
20138,1
20139,1
20140,2
20141,1
20142,2
20143,1
20144,1
20145,1
20146,0
20147,1
20148,2
20149,1
20150,1
20151,1
20152,2
20153,1
20154,1
20155,1
20156,1
20157,2
20158,0
20159,1
20160,2
20161,2
20162,1
20163,2
20164,1
20165,0
20166,2
20167,2
20168,2
20169,2
20170,2
20171,2
20172,2
20173,0
20174,2
20175,2
20176,1
20177,2
20178,1
20179,1
20180,2
20181,1
20182,2
20183,2
20184,2
20185,2
20186,2
20187,2
20188,2
20189,1
20190,2
20191,2
20192,2
20193,0
20194,1
20195,1
20196,2
20197,2
20198,1
20199,2
20200,1
20201,2
20202,2
20203,2
20204,2
20205,1
20206,2
20207,2
20208,0
20209,2
20210,2
20211,2
20212,2
20213,1
20214,2
20215,1
20216,2
20217,2
20218,1
20219,2
20220,1
20221,2
20222,1
20223,2
20224,1
20225,0
20226,2
20227,2
20228,0
20229,1
20230,1
20231,0
20232,2
20233,2
20234,1
20235,1
20236,2
20237,2
20238,0
20239,2
20240,2
20241,1
20242,1
20243,2
20244,2
20245,2
20246,1
20247,1
20248,2
20249,2
20250,2
20251,1
20252,2
20253,1
20254,2
20255,1
20256,1
20257,1
20258,2
20259,1
20260,2
20261,2
20262,2
20263,0
20264,2
20265,1
20266,0
20267,1
20268,2
20269,1
20270,1
20271,2
20272,1
20273,2
20274,2
20275,2
20276,1
20277,0
20278,1
20279,1
20280,1
20281,1
20282,0
20283,2
20284,0
20285,2
20286,2
20287,0
20288,1
20289,0
20290,2
20291,0
20292,1
20293,1
20294,2
20295,0
20296,2
20297,2
20298,2
20299,2
20300,1
20301,1
20302,2
20303,2
20304,0
20305,2
20306,2
20307,2
20308,1
20309,2
20310,2
20311,2
20312,2
20313,1
20314,2
20315,2
20316,2
20317,0
20318,2
20319,0
20320,1
20321,0
20322,1
20323,1
20324,2
20325,1
20326,2
20327,1
20328,1
20329,2
20330,2
20331,1
20332,2
20333,1
20334,2
20335,1
20336,1
20337,0
20338,2
20339,2
20340,0
20341,2
20342,2
20343,2
20344,2
20345,2
20346,2
20347,2
20348,1
20349,2
20350,1
20351,2
20352,1
20353,2
20354,2
20355,1
20356,1
20357,1
20358,2
20359,0
20360,2
20361,2
20362,1
20363,0
20364,2
20365,1
20366,2
20367,2
20368,0
20369,0
20370,2
20371,0
20372,1
20373,1
20374,2
20375,2
20376,2
20377,2
20378,2
20379,2
20380,2
20381,1
20382,2
20383,2
20384,2
20385,2
20386,1
20387,2
20388,2
20389,1
20390,1
20391,2
20392,1
20393,0
20394,2
20395,1
20396,2
20397,1
20398,0
20399,2
20400,1
20401,1
20402,1
20403,2
20404,2
20405,0
20406,2
20407,2
20408,2
20409,2
20410,1
20411,1
20412,2
20413,2
20414,2
20415,2
20416,2
20417,1
20418,1
20419,1
20420,2
20421,1
20422,1
20423,2
20424,2
20425,2
20426,1
20427,0
20428,0
20429,2
20430,1
20431,2
20432,2
20433,2
20434,1
20435,2
20436,2
20437,2
20438,1
20439,1
20440,2
20441,2
20442,1
20443,2
20444,1
20445,1
20446,1
20447,1
20448,2
20449,0
20450,2
20451,2
20452,1
20453,2
20454,1
20455,0
20456,2
20457,2
20458,1
20459,0
20460,2
20461,1
20462,1
20463,1
20464,2
20465,2
20466,2
20467,2
20468,2
20469,1
20470,2
20471,1
20472,0
20473,1
20474,2
20475,2
20476,1
20477,2
20478,1
20479,2
20480,1
20481,2
20482,1
20483,2
20484,1
20485,1
20486,2
20487,2
20488,2
20489,1
20490,2
20491,2
20492,1
20493,1
20494,2
20495,2
20496,2
20497,2
20498,2
20499,1
20500,1
20501,1
20502,1
20503,2
20504,1
20505,2
20506,1
20507,0
20508,2
20509,1
20510,2
20511,2
20512,2
20513,2
20514,2
20515,0
20516,0
20517,2
20518,1
20519,0
20520,1
20521,1
20522,2
20523,0
20524,1
20525,1
20526,1
20527,0
20528,2
20529,2
20530,2
20531,1
20532,1
20533,2
20534,2
20535,2
20536,0
20537,1
20538,2
20539,0
20540,2
20541,1
20542,2
20543,1
20544,1
20545,1
20546,1
20547,2
20548,0
20549,1
20550,1
20551,2
20552,1
20553,1
20554,1
20555,2
20556,2
20557,1
20558,1
20559,1
20560,0
20561,2
20562,2
20563,1
20564,1
20565,1
20566,0
20567,2
20568,1
20569,1
20570,2
20571,2
20572,2
20573,1
20574,2
20575,2
20576,1
20577,1
20578,0
20579,2
20580,2
20581,1
20582,2
20583,1
20584,2
20585,0
20586,1
20587,2
20588,1
20589,1
20590,1
20591,2
20592,2
20593,2
20594,1
20595,2
20596,1
20597,2
20598,2
20599,2
20600,2
20601,1
20602,1
20603,1
20604,1
20605,2
20606,1
20607,2
20608,0
20609,2
20610,1
20611,0
20612,2
20613,2
20614,1
20615,1
20616,2
20617,1
20618,1
20619,1
20620,2
20621,2
20622,0
20623,2
20624,2
20625,0
20626,1
20627,1
20628,1
20629,1
20630,2
20631,2
20632,2
20633,1
20634,1
20635,2
20636,0
20637,1
20638,2
20639,1
20640,2
20641,1
20642,2
20643,2
20644,1
20645,2
20646,2
20647,0
20648,0
20649,1
20650,2
20651,1
20652,1
20653,2
20654,2
20655,1
20656,1
20657,1
20658,1
20659,0
20660,0
20661,1
20662,1
20663,1
20664,0
20665,2
20666,2
20667,2
20668,0
20669,1
20670,2
20671,1
20672,2
20673,2
20674,1
20675,2
20676,1
20677,2
20678,0
20679,1
20680,2
20681,0
20682,1
20683,2
20684,0
20685,1
20686,0
20687,2
20688,1
20689,1
20690,1
20691,2
20692,1
20693,2
20694,0
20695,2
20696,1
20697,1
20698,2
20699,0
20700,2
20701,2
20702,2
20703,2
20704,1
20705,1
20706,2
20707,1
20708,2
20709,0
20710,1
20711,2
20712,2
20713,0
20714,2
20715,2
20716,1
20717,2
20718,0
20719,1
20720,2
20721,2
20722,1
20723,1
20724,2
20725,2
20726,2
20727,2
20728,1
20729,2
20730,1
20731,0
20732,2
20733,2
20734,1
20735,2
20736,2
20737,2
20738,2
20739,2
20740,2
20741,0
20742,1
20743,1
20744,2
20745,1
20746,2
20747,1
20748,2
20749,2
20750,1
20751,1
20752,0
20753,2
20754,2
20755,1
20756,2
20757,1
20758,2
20759,2
20760,1
20761,1
20762,1
20763,2
20764,1
20765,2
20766,1
20767,2
20768,1
20769,2
20770,1
20771,1
20772,2
20773,2
20774,2
20775,0
20776,1
20777,1
20778,1
20779,2
20780,1
20781,2
20782,2
20783,2
20784,2
20785,2
20786,2
20787,0
20788,2
20789,0
20790,2
20791,2
20792,2
20793,1
20794,2
20795,2
20796,1
20797,2
20798,0
20799,1
20800,2
20801,0
20802,2
20803,2
20804,1
20805,1
20806,1
20807,2
20808,1
20809,1
20810,2
20811,1
20812,0
20813,1
20814,2
20815,2
20816,2
20817,1
20818,1
20819,1
20820,2
20821,2
20822,2
20823,1
20824,1
20825,1
20826,2
20827,2
20828,1
20829,0
20830,1
20831,1
20832,1
20833,1
20834,2
20835,0
20836,2
20837,2
20838,1
20839,0
20840,2
20841,2
20842,2
20843,2
20844,2
20845,2
20846,2
20847,2
20848,1
20849,1
20850,2
20851,1
20852,2
20853,2
20854,2
20855,2
20856,2
20857,2
20858,0
20859,0
20860,2
20861,2
20862,0
20863,2
20864,0
20865,0
20866,2
20867,2
20868,2
20869,1
20870,1
20871,2
20872,0
20873,1
20874,2
20875,2
20876,1
20877,2
20878,1
20879,1
20880,2
20881,1
20882,1
20883,2
20884,1
20885,2
20886,1
20887,1
20888,0
20889,0
20890,2
20891,1
20892,2
20893,2
20894,2
20895,2
20896,1
20897,2
20898,2
20899,1
20900,2
20901,0
20902,2
20903,2
20904,1
20905,0
20906,0
20907,2
20908,1
20909,1
20910,1
20911,0
20912,2
20913,2
20914,1
20915,1
20916,2
20917,2
20918,2
20919,2
20920,1
20921,2
20922,1
20923,2
20924,1
20925,2
20926,1
20927,2
20928,2
20929,2
20930,0
20931,2
20932,1
20933,2
20934,2
20935,2
20936,2
20937,1
20938,2
20939,1
20940,1
20941,2
20942,1
20943,0
20944,2
20945,2
20946,2
20947,0
20948,1
20949,1
20950,2
20951,0
20952,0
20953,1
20954,2
20955,2
20956,2
20957,2
20958,2
20959,1
20960,1
20961,1
20962,1
20963,0
20964,0
20965,2
20966,1
20967,0
20968,1
20969,2
20970,2
20971,2
20972,2
20973,2
20974,1
20975,0
20976,2
20977,1
20978,2
20979,2
20980,2
20981,1
20982,2
20983,2
20984,2
20985,1
20986,2
20987,1
20988,1
20989,1
20990,2
20991,0
20992,2
20993,1
20994,1
20995,2
20996,1
20997,2
20998,2
20999,2
21000,2
21001,2
21002,2
21003,2
21004,2
21005,2
21006,1
21007,2
21008,0
21009,2
21010,1
21011,1
21012,2
21013,2
21014,2
21015,2
21016,0
21017,1
21018,2
21019,2
21020,1
21021,1
21022,2
21023,2
21024,1
21025,1
21026,0
21027,0
21028,0
21029,2
21030,2
21031,2
21032,2
21033,1
21034,2
21035,2
21036,1
21037,1
21038,1
21039,2
21040,2
21041,1
21042,2
21043,1
21044,1
21045,1
21046,2
21047,0
21048,1
21049,0
21050,1
21051,1
21052,1
21053,0
21054,2
21055,2
21056,1
21057,1
21058,1
21059,1
21060,2
21061,2
21062,1
21063,1
21064,2
21065,1
21066,2
21067,1
21068,1
21069,1
21070,2
21071,1
21072,2
21073,2
21074,2
21075,2
21076,2
21077,0
21078,1
21079,1
21080,2
21081,2
21082,0
21083,2
21084,0
21085,1
21086,2
21087,1
21088,1
21089,1
21090,2
21091,2
21092,1
21093,2
21094,1
21095,1
21096,0
21097,2
21098,2
21099,0
21100,1
21101,2
21102,1
21103,1
21104,1
21105,1
21106,1
21107,2
21108,2
21109,1
21110,1
21111,1
21112,2
21113,0
21114,2
21115,2
21116,2
21117,1
21118,2
21119,2
21120,2
21121,0
21122,1
21123,1
21124,0
21125,2
21126,1
21127,1
21128,2
21129,2
21130,2
21131,2
21132,2
21133,1
21134,2
21135,2
21136,1
21137,2
21138,0
21139,1
21140,2
21141,0
21142,1
21143,0
21144,1
21145,0
21146,2
21147,1
21148,1
21149,1
21150,1
21151,2
21152,2
21153,0
21154,1
21155,1
21156,1
21157,1
21158,2
21159,1
21160,0
21161,1
21162,0
21163,1
21164,2
21165,2
21166,1
21167,1
21168,2
21169,2
21170,1
21171,1
21172,2
21173,1
21174,1
21175,1
21176,2
21177,1
21178,2
21179,2
21180,2
21181,2
21182,2
21183,1
21184,2
21185,1
21186,1
21187,2
21188,1
21189,0
21190,2
21191,1
21192,1
21193,2
21194,1
21195,1
21196,2
21197,0
21198,2
21199,1
21200,2
21201,2
21202,2
21203,1
21204,2
21205,2
21206,1
21207,1
21208,2
21209,1
21210,2
21211,1
21212,2
21213,0
21214,2
21215,1
21216,2
21217,1
21218,2
21219,2
21220,0
21221,2
21222,0
21223,2
21224,2
21225,0
21226,2
21227,2
21228,2
21229,1
21230,1
21231,2
21232,2
21233,2
21234,2
21235,1
21236,1
21237,1
21238,0
21239,2
21240,1
21241,2
21242,0
21243,1
21244,2
21245,2
21246,1
21247,1
21248,2
21249,0
21250,0
21251,2
21252,2
21253,2
21254,1
21255,2
21256,2
21257,1
21258,0
21259,0
21260,2
21261,2
21262,2
21263,1
21264,2
21265,2
21266,0
21267,0
21268,0
21269,0
21270,2
21271,2
21272,1
21273,2
21274,0
21275,1
21276,0
21277,2
21278,0
21279,1
21280,2
21281,2
21282,2
21283,2
21284,2
21285,1
21286,2
21287,1
21288,0
21289,2
21290,1
21291,1
21292,2
21293,1
21294,2
21295,2
21296,2
21297,2
21298,1
21299,2
21300,1
21301,1
21302,2
21303,1
21304,1
21305,2
21306,1
21307,2
21308,2
21309,2
21310,2
21311,0
21312,1
21313,0
21314,0
21315,2
21316,2
21317,1
21318,0
21319,1
21320,1
21321,2
21322,2
21323,2
21324,1
21325,2
21326,2
21327,1
21328,2
21329,2
21330,1
21331,2
21332,2
21333,2
21334,2
21335,2
21336,2
21337,2
21338,2
21339,1
21340,2
21341,2
21342,2
21343,2
21344,0
21345,2
21346,2
21347,2
21348,1
21349,2
21350,1
21351,2
21352,2
21353,2
21354,1
21355,2
21356,1
21357,2
21358,1
21359,1
21360,0
21361,1
21362,2
21363,2
21364,1
21365,0
21366,2
21367,1
21368,1
21369,1
21370,1
21371,2
21372,0
21373,2
21374,2
21375,1
21376,1
21377,1
21378,2
21379,1
21380,1
21381,1
21382,2
21383,0
21384,2
21385,2
21386,2
21387,2
21388,0
21389,2
21390,0
21391,2
21392,1
21393,2
21394,0
21395,2
21396,2
21397,1
21398,2
21399,2
21400,2
21401,1
21402,1
21403,2
21404,2
21405,1
21406,1
21407,2
21408,2
21409,2
21410,2
21411,1
21412,1
21413,0
21414,2
21415,1
21416,2
21417,2
21418,1
21419,2
21420,1
21421,2
21422,1
21423,2
21424,2
21425,2
21426,1
21427,1
21428,0
21429,1
21430,2
21431,2
21432,1
21433,0
21434,2
21435,1
21436,2
21437,2
21438,1
21439,1
21440,0
21441,2
21442,2
21443,1
21444,1
21445,2
21446,1
21447,1
21448,0
21449,1
21450,1
21451,1
21452,0
21453,2
21454,1
21455,0
21456,2
21457,1
21458,2
21459,0
21460,0
21461,1
21462,2
21463,2
21464,1
21465,0
21466,2
21467,0
21468,2
21469,2
21470,2
21471,1
21472,2
21473,2
21474,2
21475,2
21476,2
21477,2
21478,0
21479,1
21480,2
21481,2
21482,1
21483,2
21484,1
21485,0
21486,2
21487,2
21488,1
21489,1
21490,2
21491,2
21492,2
21493,1
21494,0
21495,2
21496,2
21497,1
21498,1
21499,0
21500,2
21501,0
21502,1
21503,0
21504,0
21505,2
21506,2
21507,2
21508,2
21509,2
21510,2
21511,1
21512,1
21513,1
21514,1
21515,2
21516,1
21517,2
21518,2
21519,1
21520,2
21521,2
21522,1
21523,1
21524,0
21525,2
21526,0
21527,2
21528,1
21529,1
21530,2
21531,2
21532,1
21533,1
21534,1
21535,2
21536,1
21537,2
21538,2
21539,1
21540,2
21541,2
21542,2
21543,1
21544,1
21545,0
21546,2
21547,1
21548,0
21549,1
21550,2
21551,1
21552,1
21553,2
21554,2
21555,2
21556,2
21557,2
21558,1
21559,1
21560,2
21561,1
21562,1
21563,2
21564,1
21565,1
21566,1
21567,2
21568,2
21569,1
21570,2
21571,0
21572,1
21573,2
21574,2
21575,2
21576,0
21577,2
21578,2
21579,2
21580,1
21581,0
21582,2
21583,1
21584,2
21585,2
21586,2
21587,1
21588,1
21589,1
21590,2
21591,1
21592,0
21593,2
21594,0
21595,2
21596,0
21597,1
21598,1
21599,1
21600,1
21601,1
21602,2
21603,2
21604,2
21605,2
21606,2
21607,0
21608,2
21609,2
21610,2
21611,0
21612,1
21613,2
21614,0
21615,2
21616,2
21617,1
21618,1
21619,1
21620,1
21621,2
21622,2
21623,1
21624,0
21625,2
21626,2
21627,0
21628,1
21629,2
21630,1
21631,2
21632,2
21633,1
21634,0
21635,2
21636,1
21637,2
21638,2
21639,0
21640,1
21641,1
21642,1
21643,2
21644,2
21645,1
21646,1
21647,2
21648,2
21649,1
21650,1
21651,2
21652,1
21653,0
21654,0
21655,2
21656,0
21657,2
21658,2
21659,2
21660,1
21661,2
21662,1
21663,2
21664,2
21665,2
21666,0
21667,1
21668,2
21669,2
21670,2
21671,2
21672,2
21673,2
21674,0
21675,2
21676,2
21677,0
21678,1
21679,1
21680,2
21681,2
21682,2
21683,2
21684,2
21685,2
21686,1
21687,0
21688,1
21689,2
21690,1
21691,2
21692,2
21693,0
21694,2
21695,0
21696,2
21697,2
21698,2
21699,0
21700,1
21701,1
21702,2
21703,2
21704,2
21705,2
21706,1
21707,2
21708,2
21709,0
21710,2
21711,1
21712,2
21713,0
21714,2
21715,2
21716,2
21717,2
21718,2
21719,2
21720,2
21721,2
21722,1
21723,0
21724,0
21725,1
21726,1
21727,2
21728,2
21729,1
21730,0
21731,1
21732,1
21733,2
21734,0
21735,0
21736,1
21737,1
21738,2
21739,1
21740,2
21741,1
21742,2
21743,2
21744,2
21745,1
21746,2
21747,2
21748,0
21749,2
21750,0
21751,2
21752,1
21753,0
21754,2
21755,1
21756,1
21757,2
21758,2
21759,2
21760,2
21761,2
21762,1
21763,1
21764,1
21765,1
21766,2
21767,1
21768,0
21769,1
21770,0
21771,2
21772,0
21773,2
21774,0
21775,2
21776,2
21777,2
21778,1
21779,2
21780,1
21781,1
21782,1
21783,2
21784,2
21785,1
21786,2
21787,0
21788,2
21789,2
21790,2
21791,1
21792,2
21793,2
21794,0
21795,1
21796,0
21797,2
21798,2
21799,2
21800,1
21801,0
21802,1
21803,1
21804,2
21805,2
21806,2
21807,0
21808,1
21809,1
21810,1
21811,1
21812,1
21813,1
21814,1
21815,2
21816,1
21817,2
21818,2
21819,1
21820,2
21821,2
21822,1
21823,1
21824,2
21825,2
21826,0
21827,1
21828,2
21829,2
21830,0
21831,0
21832,1
21833,1
21834,2
21835,2
21836,1
21837,2
21838,2
21839,2
21840,0
21841,2
21842,1
21843,1
21844,1
21845,1
21846,2
21847,1
21848,1
21849,2
21850,1
21851,2
21852,2
21853,2
21854,2
21855,2
21856,1
21857,2
21858,2
21859,0
21860,2
21861,1
21862,2
21863,1
21864,1
21865,2
21866,2
21867,2
21868,1
21869,0
21870,2
21871,2
21872,2
21873,0
21874,2
21875,2
21876,0
21877,2
21878,2
21879,2
21880,1
21881,0
21882,2
21883,1
21884,1
21885,1
21886,2
21887,2
21888,2
21889,1
21890,2
21891,2
21892,1
21893,1
21894,2
21895,1
21896,1
21897,1
21898,2
21899,1
21900,0
21901,1
21902,2
21903,1
21904,2
21905,2
21906,1
21907,2
21908,2
21909,2
21910,0
21911,1
21912,1
21913,1
21914,2
21915,1
21916,1
21917,2
21918,2
21919,1
21920,2
21921,2
21922,1
21923,2
21924,2
21925,0
21926,0
21927,1
21928,2
21929,1
21930,1
21931,2
21932,1
21933,2
21934,1
21935,2
21936,2
21937,0
21938,2
21939,2
21940,2
21941,0
21942,0
21943,1
21944,2
21945,2
21946,1
21947,2
21948,0
21949,0
21950,2
21951,1
21952,1
21953,2
21954,1
21955,2
21956,1
21957,1
21958,0
21959,2
21960,2
21961,1
21962,0
21963,1
21964,1
21965,0
21966,2
21967,1
21968,0
21969,1
21970,2
21971,1
21972,1
21973,1
21974,2
21975,2
21976,2
21977,1
21978,1
21979,2
21980,1
21981,2
21982,1
21983,0
21984,1
21985,1
21986,2
21987,1
21988,1
21989,2
21990,2
21991,1
21992,1
21993,1
21994,1
21995,2
21996,2
21997,2
21998,2
21999,2
22000,1
22001,0
22002,2
22003,1
22004,2
22005,0
22006,1
22007,1
22008,2
22009,0
22010,1
22011,2
22012,1
22013,2
22014,2
22015,2
22016,2
22017,1
22018,1
22019,2
22020,1
22021,1
22022,1
22023,0
22024,1
22025,1
22026,1
22027,2
22028,2
22029,2
22030,2
22031,1
22032,0
22033,0
22034,1
22035,0
22036,2
22037,2
22038,2
22039,1
22040,1
22041,2
22042,1
22043,1
22044,2
22045,2
22046,2
22047,1
22048,1
22049,1
22050,0
22051,1
22052,1
22053,1
22054,1
22055,1
22056,1
22057,2
22058,1
22059,2
22060,2
22061,2
22062,1
22063,1
22064,1
22065,2
22066,2
22067,2
22068,2
22069,2
22070,2
22071,1
22072,1
22073,2
22074,1
22075,2
22076,2
22077,2
22078,0
22079,2
22080,2
22081,2
22082,1
22083,1
22084,2
22085,1
22086,2
22087,2
22088,2
22089,1
22090,0
22091,1
22092,2
22093,1
22094,0
22095,2
22096,2
22097,2
22098,2
22099,1
22100,2
22101,2
22102,2
22103,0
22104,2
22105,2
22106,0
22107,2
22108,2
22109,2
22110,1
22111,2
22112,2
22113,1
22114,1
22115,1
22116,2
22117,1
22118,2
22119,1
22120,2
22121,2
22122,0
22123,1
22124,1
22125,1
22126,0
22127,0
22128,2
22129,1
22130,2
22131,1
22132,1
22133,2
22134,2
22135,2
22136,2
22137,2
22138,0
22139,1
22140,0
22141,0
22142,2
22143,2
22144,0
22145,2
22146,1
22147,1
22148,2
22149,2
22150,0
22151,2
22152,2
22153,0
22154,2
22155,1
22156,2
22157,0
22158,2
22159,2
22160,2
22161,1
22162,0
22163,2
22164,1
22165,0
22166,1
22167,2
22168,1
22169,2
22170,1
22171,1
22172,1
22173,2
22174,0
22175,1
22176,1
22177,1
22178,2
22179,1
22180,1
22181,1
22182,2
22183,0
22184,1
22185,1
22186,1
22187,2
22188,2
22189,2
22190,1
22191,1
22192,1
22193,0
22194,2
22195,1
22196,2
22197,2
22198,2
22199,2
22200,1
22201,0
22202,0
22203,2
22204,0
22205,0
22206,2
22207,2
22208,1
22209,0
22210,0
22211,1
22212,2
22213,1
22214,1
22215,1
22216,2
22217,1
22218,1
22219,2
22220,2
22221,1
22222,0
22223,1
22224,2
22225,2
22226,1
22227,2
22228,2
22229,1
22230,1
22231,2
22232,2
22233,2
22234,1
22235,2
22236,1
22237,0
22238,2
22239,1
22240,2
22241,2
22242,0
22243,2
22244,2
22245,1
22246,2
22247,2
22248,1
22249,2
22250,2
22251,2
22252,2
22253,0
22254,2
22255,2
22256,0
22257,2
22258,2
22259,2
22260,2
22261,2
22262,1
22263,1
22264,1
22265,1
22266,1
22267,1
22268,1
22269,1
22270,1
22271,1
22272,2
22273,2
22274,2
22275,2
22276,2
22277,1
22278,0
22279,2
22280,1
22281,1
22282,2
22283,2
22284,2
22285,1
22286,2
22287,2
22288,0
22289,1
22290,1
22291,2
22292,2
22293,1
22294,2
22295,2
22296,1
22297,2
22298,2
22299,2
22300,0
22301,2
22302,2
22303,1
22304,1
22305,2
22306,2
22307,1
22308,2
22309,2
22310,2
22311,1
22312,2
22313,2
22314,1
22315,1
22316,1
22317,1
22318,2
22319,2
22320,1
22321,2
22322,2
22323,2
22324,1
22325,2
22326,2
22327,1
22328,2
22329,1
22330,2
22331,2
22332,2
22333,1
22334,2
22335,2
22336,2
22337,2
22338,2
22339,1
22340,1
22341,1
22342,1
22343,1
22344,0
22345,1
22346,1
22347,0
22348,2
22349,1
22350,1
22351,0
22352,2
22353,2
22354,2
22355,2
22356,1
22357,1
22358,2
22359,0
22360,0
22361,0
22362,2
22363,1
22364,2
22365,1
22366,2
22367,1
22368,1
22369,1
22370,0
22371,2
22372,2
22373,1
22374,2
22375,2
22376,1
22377,2
22378,2
22379,2
22380,1
22381,1
22382,2
22383,0
22384,0
22385,1
22386,1
22387,2
22388,2
22389,2
22390,1
22391,2
22392,2
22393,1
22394,2
22395,2
22396,2
22397,1
22398,1
22399,2
22400,1
22401,2
22402,1
22403,2
22404,1
22405,0
22406,2
22407,2
22408,1
22409,1
22410,2
22411,0
22412,2
22413,1
22414,2
22415,2
22416,1
22417,1
22418,2
22419,1
22420,0
22421,2
22422,0
22423,2
22424,1
22425,2
22426,2
22427,0
22428,2
22429,2
22430,0
22431,0
22432,2
22433,1
22434,1
22435,1
22436,1
22437,2
22438,2
22439,1
22440,0
22441,1
22442,2
22443,2
22444,2
22445,2
22446,1
22447,1
22448,1
22449,2
22450,1
22451,1
22452,2
22453,2
22454,2
22455,2
22456,1
22457,0
22458,0
22459,2
22460,1
22461,1
22462,2
22463,2
22464,2
22465,1
22466,1
22467,2
22468,2
22469,1
22470,2
22471,0
22472,2
22473,1
22474,1
22475,2
22476,2
22477,2
22478,2
22479,1
22480,2
22481,1
22482,2
22483,2
22484,1
22485,2
22486,2
22487,0
22488,1
22489,2
22490,1
22491,0
22492,2
22493,0
22494,2
22495,1
22496,2
22497,2
22498,2
22499,1
22500,1
22501,2
22502,2
22503,1
22504,0
22505,2
22506,1
22507,1
22508,2
22509,1
22510,2
22511,1
22512,1
22513,0
22514,2
22515,0
22516,1
22517,2
22518,2
22519,1
22520,0
22521,2
22522,1
22523,1
22524,2
22525,1
22526,2
22527,2
22528,2
22529,1
22530,2
22531,2
22532,1
22533,1
22534,2
22535,2
22536,1
22537,0
22538,2
22539,2
22540,2
22541,1
22542,1
22543,1
22544,2
22545,2
22546,1
22547,1
22548,2
22549,1
22550,2
22551,2
22552,0
22553,2
22554,1
22555,0
22556,0
22557,0
22558,0
22559,1
22560,0
22561,2
22562,1
22563,0
22564,1
22565,2
22566,2
22567,2
22568,2
22569,2
22570,1
22571,1
22572,1
22573,1
22574,2
22575,2
22576,1
22577,2
22578,1
22579,2
22580,2
22581,1
22582,2
22583,1
22584,2
22585,1
22586,2
22587,2
22588,2
22589,0
22590,0
22591,1
22592,2
22593,2
22594,1
22595,1
22596,2
22597,2
22598,0
22599,1
22600,1
22601,1
22602,2
22603,1
22604,1
22605,2
22606,0
22607,2
22608,1
22609,1
22610,1
22611,1
22612,2
22613,2
22614,2
22615,2
22616,1
22617,2
22618,2
22619,2
22620,1
22621,2
22622,1
22623,1
22624,1
22625,2
22626,2
22627,2
22628,1
22629,2
22630,2
22631,2
22632,2
22633,2
22634,0
22635,2
22636,1
22637,1
22638,0
22639,2
22640,1
22641,1
22642,2
22643,1
22644,1
22645,0
22646,0
22647,1
22648,2
22649,2
22650,2
22651,1
22652,2
22653,2
22654,2
22655,2
22656,1
22657,2
22658,2
22659,2
22660,2
22661,2
22662,1
22663,1
22664,2
22665,1
22666,0
22667,2
22668,0
22669,1
22670,0
22671,2
22672,0
22673,2
22674,2
22675,1
22676,1
22677,2
22678,2
22679,1
22680,1
22681,1
22682,2
22683,1
22684,1
22685,1
22686,2
22687,2
22688,1
22689,2
22690,1
22691,1
22692,1
22693,1
22694,1
22695,1
22696,2
22697,0
22698,2
22699,2
22700,2
22701,2
22702,2
22703,1
22704,0
22705,1
22706,2
22707,2
22708,2
22709,1
22710,2
22711,2
22712,2
22713,0
22714,1
22715,2
22716,1
22717,2
22718,2
22719,1
22720,1
22721,0
22722,2
22723,1
22724,0
22725,0
22726,1
22727,2
22728,0
22729,1
22730,1
22731,2
22732,1
22733,2
22734,1
22735,0
22736,1
22737,1
22738,1
22739,0
22740,2
22741,2
22742,2
22743,2
22744,0
22745,2
22746,1
22747,2
22748,1
22749,1
22750,1
22751,1
22752,1
22753,1
22754,2
22755,1
22756,2
22757,2
22758,2
22759,0
22760,1
22761,0
22762,1
22763,2
22764,0
22765,1
22766,1
22767,1
22768,1
22769,1
22770,2
22771,2
22772,2
22773,1
22774,1
22775,1
22776,2
22777,1
22778,2
22779,1
22780,0
22781,2
22782,1
22783,2
22784,1
22785,1
22786,1
22787,1
22788,2
22789,2
22790,1
22791,2
22792,2
22793,2
22794,0
22795,2
22796,1
22797,1
22798,2
22799,1
22800,1
22801,2
22802,1
22803,1
22804,2
22805,1
22806,2
22807,1
22808,1
22809,2
22810,2
22811,2
22812,1
22813,2
22814,2
22815,2
22816,2
22817,0
22818,2
22819,1
22820,1
22821,1
22822,1
22823,2
22824,2
22825,2
22826,2
22827,1
22828,2
22829,2
22830,0
22831,2
22832,2
22833,2
22834,2
22835,2
22836,1
22837,2
22838,1
22839,1
22840,2
22841,1
22842,2
22843,0
22844,2
22845,1
22846,1
22847,1
22848,2
22849,1
22850,2
22851,2
22852,1
22853,0
22854,2
22855,1
22856,0
22857,2
22858,1
22859,1
22860,2
22861,1
22862,2
22863,2
22864,2
22865,1
22866,2
22867,2
22868,2
22869,1
22870,2
22871,1
22872,1
22873,1
22874,2
22875,1
22876,2
22877,2
22878,1
22879,2
22880,1
22881,0
22882,2
22883,1
22884,1
22885,1
22886,2
22887,2
22888,1
22889,2
22890,2
22891,2
22892,2
22893,2
22894,1
22895,2
22896,0
22897,1
22898,1
22899,0
22900,2
22901,2
22902,1
22903,2
22904,2
22905,0
22906,2
22907,1
22908,2
22909,2
22910,0
22911,1
22912,2
22913,2
22914,2
22915,1
22916,1
22917,2
22918,2
22919,1
22920,0
22921,2
22922,2
22923,2
22924,2
22925,1
22926,2
22927,2
22928,1
22929,1
22930,1
22931,2
22932,0
22933,2
22934,2
22935,2
22936,2
22937,2
22938,2
22939,1
22940,2
22941,2
22942,1
22943,2
22944,2
22945,1
22946,1
22947,2
22948,1
22949,1
22950,1
22951,1
22952,0
22953,1
22954,2
22955,2
22956,0
22957,2
22958,0
22959,2
22960,2
22961,1
22962,2
22963,2
22964,1
22965,1
22966,1
22967,2
22968,0
22969,2
22970,2
22971,2
22972,2
22973,2
22974,2
22975,1
22976,1
22977,1
22978,0
22979,1
22980,2
22981,2
22982,1
22983,0
22984,0
22985,2
22986,2
22987,1
22988,2
22989,1
22990,1
22991,2
22992,0
22993,1
22994,1
22995,1
22996,1
22997,2
22998,1
22999,2
23000,1
23001,2
23002,0
23003,1
23004,2
23005,1
23006,2
23007,2
23008,1
23009,1
23010,1
23011,2
23012,2
23013,2
23014,2
23015,2
23016,1
23017,1
23018,2
23019,0
23020,2
23021,2
23022,1
23023,0
23024,2
23025,2
23026,2
23027,2
23028,2
23029,1
23030,2
23031,1
23032,2
23033,1
23034,2
23035,2
23036,0
23037,0
23038,2
23039,1
23040,2
23041,2
23042,1
23043,2
23044,1
23045,2
23046,1
23047,1
23048,2
23049,1
23050,1
23051,2
23052,1
23053,1
23054,0
23055,2
23056,2
23057,0
23058,2
23059,1
23060,2
23061,2
23062,2
23063,0
23064,2
23065,2
23066,2
23067,0
23068,1
23069,0
23070,0
23071,2
23072,2
23073,2
23074,0
23075,1
23076,2
23077,1
23078,2
23079,2
23080,0
23081,1
23082,2
23083,1
23084,1
23085,2
23086,2
23087,2
23088,0
23089,1
23090,2
23091,0
23092,2
23093,2
23094,2
23095,2
23096,1
23097,1
23098,1
23099,2
23100,1
23101,1
23102,1
23103,2
23104,1
23105,2
23106,0
23107,0
23108,2
23109,2
23110,2
23111,1
23112,2
23113,1
23114,2
23115,2
23116,1
23117,2
23118,2
23119,2
23120,2
23121,0
23122,1
23123,2
23124,2
23125,1
23126,2
23127,1
23128,2
23129,1
23130,0
23131,2
23132,2
23133,1
23134,2
23135,2
23136,2
23137,1
23138,0
23139,2
23140,0
23141,2
23142,1
23143,2
23144,2
23145,2
23146,2
23147,1
23148,2
23149,2
23150,2
23151,2
23152,2
23153,2
23154,1
23155,0
23156,1
23157,0
23158,2
23159,2
23160,1
23161,2
23162,1
23163,1
23164,1
23165,2
23166,2
23167,0
23168,2
23169,2
23170,1
23171,0
23172,1
23173,1
23174,2
23175,2
23176,1
23177,2
23178,2
23179,1
23180,1
23181,1
23182,2
23183,2
23184,0
23185,0
23186,1
23187,1
23188,2
23189,2
23190,2
23191,0
23192,1
23193,2
23194,1
23195,2
23196,0
23197,2
23198,2
23199,1
23200,1
23201,2
23202,2
23203,2
23204,2
23205,2
23206,2
23207,2
23208,2
23209,2
23210,1
23211,0
23212,2
23213,2
23214,0
23215,2
23216,1
23217,2
23218,2
23219,2
23220,0
23221,2
23222,2
23223,2
23224,2
23225,0
23226,1
23227,0
23228,2
23229,1
23230,1
23231,2
23232,1
23233,1
23234,2
23235,2
23236,1
23237,2
23238,1
23239,1
23240,2
23241,2
23242,2
23243,2
23244,2
23245,0
23246,1
23247,2
23248,0
23249,2
23250,1
23251,1
23252,2
23253,1
23254,0
23255,2
23256,0
23257,2
23258,1
23259,2
23260,0
23261,2
23262,1
23263,0
23264,0
23265,2
23266,2
23267,1
23268,2
23269,2
23270,0
23271,1
23272,2
23273,0
23274,1
23275,1
23276,1
23277,2
23278,1
23279,2
23280,1
23281,2
23282,2
23283,1
23284,1
23285,1
23286,0
23287,1
23288,2
23289,0
23290,0
23291,1
23292,1
23293,2
23294,1
23295,2
23296,2
23297,2
23298,0
23299,2
23300,2
23301,1
23302,2
23303,0
23304,1
23305,1
23306,2
23307,0
23308,2
23309,2
23310,2
23311,2
23312,2
23313,1
23314,0
23315,2
23316,1
23317,1
23318,2
23319,2
23320,2
23321,0
23322,1
23323,1
23324,0
23325,2
23326,2
23327,1
23328,1
23329,1
23330,0
23331,1
23332,0
23333,2
23334,2
23335,1
23336,0
23337,2
23338,1
23339,1
23340,2
23341,2
23342,1
23343,2
23344,2
23345,1
23346,2
23347,1
23348,1
23349,2
23350,2
23351,2
23352,1
23353,1
23354,1
23355,0
23356,2
23357,2
23358,1
23359,0
23360,0
23361,0
23362,2
23363,1
23364,1
23365,2
23366,1
23367,2
23368,2
23369,2
23370,2
23371,0
23372,2
23373,1
23374,1
23375,0
23376,1
23377,2
23378,2
23379,1
23380,2
23381,1
23382,2
23383,2
23384,1
23385,2
23386,2
23387,2
23388,0
23389,2
23390,1
23391,1
23392,2
23393,1
23394,2
23395,2
23396,2
23397,1
23398,2
23399,2
23400,2
23401,2
23402,1
23403,2
23404,1
23405,1
23406,2
23407,2
23408,0
23409,1
23410,1
23411,2
23412,2
23413,2
23414,2
23415,2
23416,1
23417,2
23418,0
23419,0
23420,1
23421,1
23422,1
23423,2
23424,2
23425,1
23426,1
23427,1
23428,0
23429,2
23430,1
23431,1
23432,2
23433,1
23434,2
23435,2
23436,2
23437,1
23438,1
23439,1
23440,1
23441,1
23442,0
23443,2
23444,0
23445,2
23446,2
23447,1
23448,2
23449,1
23450,0
23451,2
23452,1
23453,2
23454,2
23455,1
23456,2
23457,2
23458,2
23459,2
23460,1
23461,2
23462,1
23463,2
23464,1
23465,0
23466,0
23467,2
23468,2
23469,1
23470,1
23471,2
23472,0
23473,2
23474,1
23475,2
23476,1
23477,2
23478,2
23479,0
23480,2
23481,1
23482,0
23483,2
23484,1
23485,1
23486,2
23487,2
23488,2
23489,0
23490,2
23491,2
23492,2
23493,1
23494,2
23495,2
23496,1
23497,2
23498,0
23499,2
23500,2
23501,2
23502,1
23503,1
23504,1
23505,2
23506,1
23507,2
23508,2
23509,0
23510,2
23511,2
23512,2
23513,2
23514,2
23515,1
23516,0
23517,1
23518,2
23519,2
23520,2
23521,2
23522,1
23523,2
23524,2
23525,0
23526,2
23527,2
23528,1
23529,2
23530,2
23531,2
23532,1
23533,2
23534,2
23535,1
23536,0
23537,2
23538,1
23539,2
23540,2
23541,0
23542,0
23543,0
23544,2
23545,2
23546,0
23547,2
23548,1
23549,2
23550,0
23551,2
23552,2
23553,2
23554,2
23555,2
23556,1
23557,1
23558,0
23559,1
23560,1
23561,2
23562,1
23563,2
23564,1
23565,1
23566,2
23567,2
23568,2
23569,2
23570,1
23571,2
23572,2
23573,1
23574,2
23575,1
23576,2
23577,2
23578,2
23579,2
23580,1
23581,2
23582,2
23583,1
23584,1
23585,2
23586,1
23587,1
23588,2
23589,1
23590,0
23591,2
23592,1
23593,2
23594,2
23595,2
23596,1
23597,0
23598,1
23599,1
23600,2
23601,2
23602,2
23603,1
23604,2
23605,1
23606,2
23607,2
23608,2
23609,2
23610,1
23611,2
23612,1
23613,2
23614,1
23615,2
23616,1
23617,2
23618,2
23619,1
23620,1
23621,2
23622,1
23623,2
23624,2
23625,1
23626,1
23627,2
23628,2
23629,0
23630,1
23631,2
23632,1
23633,1
23634,0
23635,1
23636,1
23637,2
23638,2
23639,1
23640,1
23641,1
23642,2
23643,2
23644,1
23645,2
23646,0
23647,0
23648,2
23649,0
23650,2
23651,2
23652,2
23653,1
23654,0
23655,1
23656,1
23657,1
23658,0
23659,0
23660,2
23661,1
23662,2
23663,2
23664,0
23665,2
23666,0
23667,1
23668,2
23669,2
23670,2
23671,0
23672,2
23673,2
23674,2
23675,1
23676,1
23677,1
23678,0
23679,1
23680,1
23681,1
23682,1
23683,0
23684,1
23685,0
23686,1
23687,0
23688,2
23689,0
23690,0
23691,1
23692,2
23693,1
23694,2
23695,1
23696,1
23697,2
23698,2
23699,1
23700,1
23701,2
23702,0
23703,2
23704,2
23705,2
23706,2
23707,1
23708,2
23709,2
23710,1
23711,0
23712,2
23713,1
23714,1
23715,1
23716,1
23717,2
23718,1
23719,2
23720,2
23721,1
23722,2
23723,0
23724,0
23725,2
23726,1
23727,0
23728,2
23729,1
23730,0
23731,2
23732,2
23733,0
23734,1
23735,1
23736,2
23737,1
23738,2
23739,1
23740,0
23741,1
23742,0
23743,1
23744,1
23745,2
23746,1
23747,2
23748,2
23749,2
23750,2
23751,2
23752,1
23753,0
23754,2
23755,2
23756,1
23757,1
23758,2
23759,2
23760,1
23761,2
23762,1
23763,2
23764,0
23765,2
23766,0
23767,2
23768,1
23769,2
23770,2
23771,1
23772,2
23773,0
23774,2
23775,2
23776,2
23777,1
23778,2
23779,1
23780,2
23781,2
23782,1
23783,1
23784,2
23785,0
23786,1
23787,1
23788,0
23789,0
23790,1
23791,2
23792,0
23793,1
23794,2
23795,1
23796,1
23797,0
23798,1
23799,2
23800,1
23801,1
23802,2
23803,1
23804,1
23805,1
23806,2
23807,1
23808,0
23809,2
23810,2
23811,1
23812,1
23813,1
23814,1
23815,1
23816,2
23817,2
23818,1
23819,1
23820,2
23821,0
23822,2
23823,2
23824,1
23825,0
23826,1
23827,1
23828,2
23829,2
23830,1
23831,1
23832,1
23833,2
23834,0
23835,2
23836,0
23837,2
23838,2
23839,1
23840,1
23841,2
23842,1
23843,1
23844,2
23845,0
23846,2
23847,1
23848,2
23849,2
23850,2
23851,2
23852,1
23853,1
23854,2
23855,0
23856,2
23857,1
23858,1
23859,2
23860,1
23861,0
23862,1
23863,2
23864,2
23865,2
23866,2
23867,0
23868,2
23869,0
23870,1
23871,1
23872,2
23873,0
23874,2
23875,2
23876,2
23877,1
23878,1
23879,0
23880,2
23881,1
23882,2
23883,1
23884,1
23885,2
23886,2
23887,1
23888,1
23889,1
23890,2
23891,1
23892,1
23893,2
23894,2
23895,2
23896,2
23897,2
23898,2
23899,0
23900,1
23901,0
23902,2
23903,1
23904,0
23905,1
23906,2
23907,1
23908,2
23909,2
23910,1
23911,2
23912,0
23913,1
23914,2
23915,2
23916,0
23917,1
23918,2
23919,0
23920,2
23921,1
23922,0
23923,2
23924,1
23925,0
23926,0
23927,2
23928,1
23929,1
23930,2
23931,2
23932,2
23933,1
23934,1
23935,2
23936,2
23937,2
23938,2
23939,2
23940,1
23941,1
23942,1
23943,2
23944,1
23945,1
23946,1
23947,2
23948,1
23949,1
23950,1
23951,1
23952,2
23953,1
23954,0
23955,2
23956,2
23957,1
23958,2
23959,2
23960,1
23961,2
23962,2
23963,1
23964,2
23965,2
23966,2
23967,1
23968,1
23969,1
23970,1
23971,2
23972,2
23973,2
23974,2
23975,2
23976,0
23977,1
23978,2
23979,2
23980,2
23981,2
23982,2
23983,2
23984,2
23985,2
23986,1
23987,2
23988,0
23989,1
23990,1
23991,2
23992,2
23993,2
23994,2
23995,2
23996,0
23997,0
23998,2
23999,0
24000,1
24001,2
24002,1
24003,0
24004,1
24005,2
24006,2
24007,0
24008,1
24009,2
24010,0
24011,1
24012,2
24013,2
24014,1
24015,1
24016,2
24017,2
24018,1
24019,0
24020,1
24021,1
24022,2
24023,2
24024,2
24025,1
24026,0
24027,0
24028,2
24029,0
24030,1
24031,2
24032,1
24033,2
24034,2
24035,2
24036,2
24037,0
24038,1
24039,2
24040,2
24041,0
24042,2
24043,2
24044,2
24045,2
24046,2
24047,1
24048,0
24049,1
24050,2
24051,1
24052,1
24053,2
24054,2
24055,0
24056,0
24057,0
24058,2
24059,2
24060,2
24061,2
24062,1
24063,0
24064,1
24065,1
24066,1
24067,2
24068,0
24069,0
24070,1
24071,0
24072,1
24073,1
24074,2
24075,1
24076,1
24077,1
24078,1
24079,2
24080,1
24081,2
24082,1
24083,0
24084,1
24085,2
24086,2
24087,0
24088,2
24089,1
24090,0
24091,2
24092,2
24093,2
24094,1
24095,2
24096,2
24097,2
24098,2
24099,1
24100,1
24101,1
24102,2
24103,2
24104,1
24105,2
24106,1
24107,0
24108,2
24109,0
24110,1
24111,2
24112,0
24113,1
24114,1
24115,2
24116,1
24117,2
24118,2
24119,2
24120,1
24121,2
24122,0
24123,1
24124,2
24125,1
24126,1
24127,1
24128,1
24129,0
24130,1
24131,2
24132,2
24133,2
24134,1
24135,1
24136,1
24137,1
24138,2
24139,2
24140,2
24141,1
24142,2
24143,2
24144,2
24145,1
24146,2
24147,0
24148,2
24149,2
24150,2
24151,2
24152,2
24153,2
24154,1
24155,1
24156,1
24157,0
24158,2
24159,1
24160,0
24161,2
24162,2
24163,1
24164,1
24165,2
24166,1
24167,0
24168,2
24169,1
24170,1
24171,2
24172,1
24173,2
24174,0
24175,1
24176,2
24177,2
24178,2
24179,2
24180,2
24181,2
24182,1
24183,0
24184,2
24185,2
24186,0
24187,0
24188,2
24189,2
24190,2
24191,1
24192,2
24193,2
24194,2
24195,2
24196,2
24197,1
24198,2
24199,2
24200,1
24201,1
24202,0
24203,2
24204,0
24205,1
24206,2
24207,2
24208,2
24209,1
24210,1
24211,2
24212,1
24213,2
24214,2
24215,2
24216,2
24217,2
24218,2
24219,2
24220,1
24221,2
24222,2
24223,2
24224,0
24225,2
24226,2
24227,1
24228,2
24229,1
24230,0
24231,1
24232,1
24233,2
24234,2
24235,2
24236,2
24237,1
24238,2
24239,0
24240,1
24241,2
24242,1
24243,0
24244,0
24245,2
24246,2
24247,2
24248,2
24249,1
24250,0
24251,2
24252,0
24253,1
24254,1
24255,2
24256,2
24257,1
24258,0
24259,2
24260,2
24261,2
24262,1
24263,1
24264,1
24265,2
24266,0
24267,2
24268,2
24269,1
24270,0
24271,2
24272,2
24273,1
24274,1
24275,2
24276,2
24277,1
24278,0
24279,2
24280,0
24281,2
24282,1
24283,1
24284,2
24285,2
24286,1
24287,2
24288,2
24289,2
24290,0
24291,2
24292,0
24293,1
24294,1
24295,1
24296,1
24297,0
24298,2
24299,2
24300,1
24301,1
24302,2
24303,1
24304,2
24305,1
24306,1
24307,1
24308,2
24309,0
24310,2
24311,2
24312,0
24313,2
24314,1
24315,1
24316,2
24317,0
24318,0
24319,2
24320,2
24321,0
24322,2
24323,1
24324,2
24325,1
24326,2
24327,0
24328,2
24329,1
24330,1
24331,2
24332,2
24333,1
24334,1
24335,2
24336,1
24337,2
24338,2
24339,2
24340,0
24341,2
24342,1
24343,1
24344,0
24345,2
24346,0
24347,1
24348,1
24349,1
24350,1
24351,2
24352,2
24353,2
24354,0
24355,0
24356,2
24357,0
24358,1
24359,2
24360,0
24361,2
24362,1
24363,2
24364,2
24365,2
24366,2
24367,1
24368,2
24369,1
24370,0
24371,1
24372,2
24373,2
24374,1
24375,2
24376,2
24377,2
24378,2
24379,2
24380,2
24381,2
24382,1
24383,2
24384,1
24385,1
24386,2
24387,2
24388,1
24389,2
24390,2
24391,2
24392,1
24393,2
24394,1
24395,2
24396,2
24397,1
24398,2
24399,0
24400,1
24401,1
24402,2
24403,2
24404,2
24405,1
24406,2
24407,1
24408,2
24409,1
24410,0
24411,1
24412,2
24413,2
24414,2
24415,0
24416,2
24417,2
24418,2
24419,2
24420,2
24421,1
24422,2
24423,2
24424,1
24425,0
24426,1
24427,2
24428,1
24429,1
24430,2
24431,2
24432,2
24433,2
24434,1
24435,2
24436,1
24437,1
24438,1
24439,2
24440,2
24441,2
24442,1
24443,2
24444,2
24445,1
24446,0
24447,2
24448,2
24449,2
24450,1
24451,1
24452,1
24453,1
24454,1
24455,1
24456,2
24457,2
24458,0
24459,1
24460,2
24461,2
24462,2
24463,2
24464,0
24465,1
24466,1
24467,0
24468,1
24469,0
24470,2
24471,2
24472,2
24473,1
24474,2
24475,1
24476,2
24477,2
24478,2
24479,2
24480,1
24481,2
24482,2
24483,2
24484,1
24485,0
24486,2
24487,2
24488,2
24489,1
24490,1
24491,0
24492,1
24493,2
24494,1
24495,2
24496,2
24497,2
24498,1
24499,2
24500,1
24501,1
24502,2
24503,1
24504,2
24505,2
24506,2
24507,2
24508,2
24509,1
24510,2
24511,2
24512,1
24513,2
24514,1
24515,1
24516,1
24517,1
24518,1
24519,2
24520,0
24521,0
24522,2
24523,2
24524,2
24525,0
24526,2
24527,1
24528,2
24529,1
24530,2
24531,1
24532,2
24533,2
24534,1
24535,2
24536,0
24537,0
24538,1
24539,2
24540,2
24541,2
24542,2
24543,0
24544,1
24545,1
24546,2
24547,2
24548,1
24549,1
24550,0
24551,2
24552,1
24553,1
24554,2
24555,2
24556,2
24557,2
24558,2
24559,2
24560,2
24561,1
24562,2
24563,2
24564,0
24565,1
24566,2
24567,1
24568,0
24569,2
24570,0
24571,2
24572,1
24573,0
24574,0
24575,2
24576,1
24577,1
24578,0
24579,0
24580,1
24581,2
24582,2
24583,1
24584,2
24585,0
24586,0
24587,1
24588,1
24589,0
24590,2
24591,1
24592,1
24593,0
24594,2
24595,2
24596,2
24597,1
24598,1
24599,1
24600,1
24601,1
24602,1
24603,1
24604,1
24605,2
24606,1
24607,2
24608,1
24609,0
24610,1
24611,1
24612,1
24613,1
24614,2
24615,2
24616,1
24617,2
24618,1
24619,1
24620,2
24621,2
24622,1
24623,2
24624,0
24625,2
24626,2
24627,2
24628,2
24629,2
24630,1
24631,1
24632,1
24633,0
24634,1
24635,2
24636,1
24637,2
24638,2
24639,0
24640,2
24641,2
24642,1
24643,1
24644,1
24645,2
24646,2
24647,2
24648,0
24649,2
24650,2
24651,2
24652,2
24653,2
24654,0
24655,0
24656,0
24657,2
24658,2
24659,1
24660,2
24661,1
24662,2
24663,1
24664,1
24665,2
24666,2
24667,2
24668,0
24669,2
24670,0
24671,0
24672,1
24673,2
24674,2
24675,2
24676,2
24677,2
24678,2
24679,2
24680,2
24681,0
24682,1
24683,0
24684,2
24685,1
24686,2
24687,2
24688,2
24689,2
24690,0
24691,2
24692,0
24693,1
24694,2
24695,1
24696,1
24697,0
24698,2
24699,0
24700,1
24701,0
24702,2
24703,2
24704,0
24705,2
24706,2
24707,0
24708,2
24709,2
24710,0
24711,2
24712,1
24713,1
24714,2
24715,2
24716,2
24717,2
24718,2
24719,0
24720,1
24721,2
24722,1
24723,1
24724,1
24725,2
24726,0
24727,2
24728,2
24729,1
24730,2
24731,2
24732,2
24733,1
24734,1
24735,0
24736,2
24737,2
24738,2
24739,1
24740,2
24741,2
24742,2
24743,1
24744,2
24745,2
24746,2
24747,2
24748,1
24749,2
24750,0
24751,1
24752,2
24753,2
24754,1
24755,0
24756,0
24757,1
24758,1
24759,1
24760,1
24761,2
24762,1
24763,1
24764,2
24765,1
24766,2
24767,1
24768,1
24769,2
24770,1
24771,0
24772,1
24773,2
24774,1
24775,1
24776,1
24777,2
24778,2
24779,1
24780,0
24781,2
24782,1
24783,2
24784,2
24785,2
24786,2
24787,0
24788,1
24789,2
24790,1
24791,2
24792,0
24793,1
24794,2
24795,1
24796,2
24797,1
24798,2
24799,2
24800,2
24801,1
24802,1
24803,1
24804,0
24805,1
24806,2
24807,2
24808,1
24809,2
24810,1
24811,2
24812,1
24813,1
24814,1
24815,1
24816,0
24817,1
24818,0
24819,2
24820,0
24821,1
24822,1
24823,2
24824,0
24825,1
24826,2
24827,2
24828,2
24829,1
24830,2
24831,1
24832,2
24833,1
24834,2
24835,2
24836,2
24837,2
24838,0
24839,1
24840,2
24841,2
24842,0
24843,1
24844,2
24845,2
24846,1
24847,2
24848,2
24849,1
24850,2
24851,1
24852,2
24853,1
24854,2
24855,2
24856,2
24857,1
24858,0
24859,1
24860,2
24861,0
24862,0
24863,2
24864,2
24865,2
24866,1
24867,0
24868,1
24869,1
24870,2
24871,2
24872,2
24873,2
24874,1
24875,2
24876,2
24877,2
24878,1
24879,2
24880,2
24881,0
24882,1
24883,1
24884,2
24885,2
24886,2
24887,1
24888,2
24889,2
24890,1
24891,2
24892,1
24893,2
24894,1
24895,2
24896,2
24897,1
24898,1
24899,1
24900,1
24901,1
24902,1
24903,2
24904,1
24905,2
24906,2
24907,1
24908,1
24909,2
24910,2
24911,1
24912,2
24913,1
24914,2
24915,2
24916,0
24917,1
24918,1
24919,2
24920,0
24921,1
24922,0
24923,1
24924,2
24925,2
24926,0
24927,2
24928,2
24929,2
24930,2
24931,2
24932,2
24933,1
24934,1
24935,2
24936,2
24937,1
24938,2
24939,1
24940,2
24941,2
24942,2
24943,2
24944,2
24945,1
24946,2
24947,1
24948,1
24949,1
24950,2
24951,2
24952,2
24953,2
24954,1
24955,1
24956,2
24957,0
24958,1
24959,1
24960,1
24961,1
24962,2
24963,2
24964,0
24965,1
24966,0
24967,1
24968,2
24969,1
24970,2
24971,2
24972,0
24973,2
24974,2
24975,0
24976,1
24977,2
24978,2
24979,1
24980,2
24981,1
24982,2
24983,1
24984,1
24985,2
24986,2
24987,1
24988,1
24989,0
24990,0
24991,0
24992,1
24993,2
24994,2
24995,2
24996,2
24997,2
24998,1
24999,1
25000,2
25001,0
25002,1
25003,2
25004,2
25005,2
25006,2
25007,2
25008,2
25009,2
25010,1
25011,1
25012,1
25013,1
25014,1
25015,0
25016,0
25017,2
25018,1
25019,1
25020,1
25021,1
25022,1
25023,1
25024,2
25025,1
25026,2
25027,2
25028,1
25029,1
25030,2
25031,2
25032,2
25033,2
25034,2
25035,2
25036,2
25037,1
25038,2
25039,1
25040,2
25041,0
25042,0
25043,1
25044,0
25045,2
25046,2
25047,2
25048,2
25049,2
25050,2
25051,2
25052,2
25053,1
25054,1
25055,1
25056,2
25057,2
25058,0
25059,2
25060,1
25061,2
25062,2
25063,1
25064,1
25065,1
25066,0
25067,2
25068,2
25069,2
25070,2
25071,2
25072,2
25073,1
25074,1
25075,2
25076,2
25077,2
25078,2
25079,1
25080,1
25081,2
25082,2
25083,2
25084,1
25085,2
25086,1
25087,1
25088,1
25089,1
25090,2
25091,2
25092,1
25093,1
25094,2
25095,0
25096,1
25097,2
25098,1
25099,1
25100,0
25101,0
25102,0
25103,2
25104,2
25105,1
25106,2
25107,2
25108,0
25109,2
25110,1
25111,2
25112,1
25113,2
25114,1
25115,2
25116,0
25117,0
25118,2
25119,1
25120,2
25121,2
25122,2
25123,2
25124,2
25125,2
25126,2
25127,1
25128,0
25129,1
25130,2
25131,1
25132,2
25133,0
25134,2
25135,1
25136,2
25137,2
25138,0
25139,1
25140,1
25141,2
25142,2
25143,2
25144,2
25145,2
25146,2
25147,0
25148,2
25149,2
25150,1
25151,1
25152,2
25153,1
25154,2
25155,1
25156,1
25157,1
25158,2
25159,2
25160,2
25161,1
25162,0
25163,2
25164,1
25165,2
25166,1
25167,2
25168,1
25169,2
25170,2
25171,0
25172,0
25173,2
25174,1
25175,2
25176,1
25177,2
25178,2
25179,2
25180,1
25181,2
25182,1
25183,1
25184,1
25185,1
25186,2
25187,1
25188,1
25189,2
25190,1
25191,1
25192,2
25193,2
25194,1
25195,2
25196,2
25197,2
25198,1
25199,2
25200,1
25201,2
25202,2
25203,1
25204,1
25205,2
25206,2
25207,2
25208,2
25209,2
25210,2
25211,1
25212,1
25213,2
25214,1
25215,1
25216,2
25217,1
25218,1
25219,1
25220,2
25221,2
25222,0
25223,1
25224,0
25225,2
25226,1
25227,0
25228,2
25229,2
25230,1
25231,2
25232,1
25233,2
25234,0
25235,1
25236,2
25237,0
25238,2
25239,2
25240,0
25241,2
25242,2
25243,0
25244,2
25245,2
25246,1
25247,1
25248,0
25249,0
25250,0
25251,1
25252,1
25253,0
25254,2
25255,1
25256,1
25257,2
25258,2
25259,1
25260,1
25261,2
25262,2
25263,2
25264,2
25265,2
25266,2
25267,1
25268,2
25269,1
25270,2
25271,2
25272,2
25273,0
25274,2
25275,1
25276,2
25277,1
25278,2
25279,0
25280,0
25281,2
25282,1
25283,0
25284,1
25285,2
25286,0
25287,1
25288,2
25289,0
25290,2
25291,2
25292,1
25293,2
25294,1
25295,1
25296,2
25297,1
25298,2
25299,1
25300,2
25301,2
25302,1
25303,1
25304,2
25305,0
25306,1
25307,2
25308,2
25309,1
25310,2
25311,2
25312,1
25313,2
25314,2
25315,0
25316,1
25317,2
25318,2
25319,2
25320,0
25321,0
25322,2
25323,0
25324,2
25325,2
25326,2
25327,1
25328,1
25329,2
25330,1
25331,0
25332,1
25333,0
25334,2
25335,2
25336,1
25337,1
25338,2
25339,2
25340,2
25341,2
25342,2
25343,2
25344,2
25345,2
25346,1
25347,2
25348,0
25349,0
25350,1
25351,0
25352,1
25353,1
25354,2
25355,0
25356,2
25357,0
25358,2
25359,0
25360,2
25361,2
25362,0
25363,2
25364,2
25365,0
25366,1
25367,1
25368,2
25369,1
25370,1
25371,1
25372,2
25373,2
25374,1
25375,2
25376,0
25377,2
25378,2
25379,0
25380,1
25381,2
25382,2
25383,2
25384,2
25385,2
25386,1
25387,2
25388,2
25389,2
25390,1
25391,2
25392,0
25393,1
25394,0
25395,1
25396,2
25397,1
25398,1
25399,1
25400,2
25401,2
25402,1
25403,1
25404,2
25405,0
25406,2
25407,1
25408,2
25409,1
25410,2
25411,2
25412,2
25413,2
25414,1
25415,1
25416,1
25417,2
25418,2
25419,2
25420,1
25421,1
25422,0
25423,2
25424,1
25425,2
25426,1
25427,0
25428,2
25429,2
25430,1
25431,2
25432,2
25433,2
25434,0
25435,2
25436,2
25437,2
25438,1
25439,2
25440,1
25441,2
25442,0
25443,2
25444,0
25445,2
25446,1
25447,2
25448,2
25449,2
25450,1
25451,1
25452,1
25453,1
25454,2
25455,0
25456,2
25457,1
25458,2
25459,1
25460,0
25461,2
25462,1
25463,1
25464,2
25465,2
25466,1
25467,1
25468,2
25469,2
25470,2
25471,0
25472,2
25473,2
25474,2
25475,1
25476,2
25477,2
25478,2
25479,2
25480,1
25481,1
25482,2
25483,1
25484,1
25485,2
25486,2
25487,1
25488,2
25489,2
25490,2
25491,1
25492,1
25493,1
25494,2
25495,1
25496,2
25497,0
25498,2
25499,2
25500,2
25501,2
25502,1
25503,1
25504,2
25505,2
25506,2
25507,1
25508,2
25509,2
25510,2
25511,1
25512,1
25513,1
25514,1
25515,0
25516,2
25517,0
25518,1
25519,1
25520,1
25521,2
25522,2
25523,2
25524,2
25525,2
25526,2
25527,1
25528,1
25529,2
25530,1
25531,1
25532,2
25533,2
25534,1
25535,2
25536,0
25537,1
25538,1
25539,1
25540,0
25541,1
25542,0
25543,1
25544,1
25545,0
25546,2
25547,2
25548,2
25549,1
25550,1
25551,2
25552,2
25553,1
25554,2
25555,2
25556,1
25557,1
25558,2
25559,1
25560,2
25561,0
25562,2
25563,2
25564,1
25565,2
25566,2
25567,2
25568,1
25569,0
25570,1
25571,1
25572,1
25573,1
25574,1
25575,0
25576,0
25577,1
25578,2
25579,2
25580,2
25581,1
25582,0
25583,1
25584,1
25585,1
25586,2
25587,2
25588,1
25589,2
25590,2
25591,0
25592,2
25593,1
25594,1
25595,2
25596,1
25597,2
25598,2
25599,1
25600,2
25601,2
25602,0
25603,2
25604,1
25605,1
25606,2
25607,1
25608,1
25609,2
25610,1
25611,1
25612,0
25613,2
25614,2
25615,2
25616,1
25617,2
25618,1
25619,2
25620,1
25621,2
25622,0
25623,1
25624,2
25625,0
25626,2
25627,2
25628,2
25629,1
25630,1
25631,0
25632,2
25633,1
25634,1
25635,1
25636,1
25637,1
25638,2
25639,2
25640,0
25641,2
25642,2
25643,1
25644,1
25645,2
25646,1
25647,2
25648,2
25649,2
25650,2
25651,1
25652,2
25653,2
25654,2
25655,2
25656,2
25657,2
25658,1
25659,2
25660,1
25661,1
25662,0
25663,2
25664,0
25665,2
25666,1
25667,1
25668,2
25669,2
25670,1
25671,2
25672,1
25673,2
25674,0
25675,2
25676,1
25677,2
25678,1
25679,0
25680,1
25681,2
25682,0
25683,2
25684,1
25685,1
25686,1
25687,2
25688,2
25689,2
25690,1
25691,2
25692,1
25693,1
25694,1
25695,1
25696,2
25697,1
25698,2
25699,2
25700,1
25701,2
25702,1
25703,2
25704,2
25705,0
25706,1
25707,2
25708,1
25709,1
25710,2
25711,2
25712,2
25713,1
25714,1
25715,1
25716,2
25717,1
25718,2
25719,0
25720,1
25721,0
25722,1
25723,1
25724,2
25725,2
25726,1
25727,1
25728,1
25729,1
25730,1
25731,2
25732,0
25733,1
25734,2
25735,1
25736,0
25737,1
25738,1
25739,1
25740,1
25741,2
25742,2
25743,0
25744,1
25745,2
25746,1
25747,2
25748,2
25749,1
25750,1
25751,0
25752,2
25753,0
25754,2
25755,1
25756,0
25757,1
25758,2
25759,2
25760,2
25761,2
25762,2
25763,2
25764,2
25765,2
25766,2
25767,2
25768,2
25769,1
25770,2
25771,2
25772,2
25773,2
25774,1
25775,2
25776,0
25777,0
25778,1
25779,2
25780,1
25781,2
25782,1
25783,2
25784,1
25785,0
25786,2
25787,2
25788,1
25789,2
25790,2
25791,2
25792,1
25793,0
25794,2
25795,1
25796,1
25797,2
25798,0
25799,1
25800,1
25801,2
25802,2
25803,0
25804,1
25805,2
25806,2
25807,2
25808,1
25809,2
25810,0
25811,2
25812,2
25813,2
25814,1
25815,1
25816,2
25817,1
25818,2
25819,0
25820,1
25821,2
25822,2
25823,0
25824,2
25825,1
25826,2
25827,1
25828,1
25829,2
25830,2
25831,2
25832,2
25833,1
25834,0
25835,1
25836,2
25837,2
25838,2
25839,2
25840,1
25841,2
25842,2
25843,1
25844,1
25845,2
25846,2
25847,1
25848,1
25849,1
25850,0
25851,0
25852,0
25853,1
25854,2
25855,1
25856,1
25857,0
25858,2
25859,2
25860,2
25861,2
25862,2
25863,2
25864,2
25865,1
25866,0
25867,2
25868,2
25869,2
25870,1
25871,2
25872,2
25873,2
25874,2
25875,2
25876,1
25877,0
25878,2
25879,1
25880,2
25881,1
25882,1
25883,2
25884,1
25885,2
25886,1
25887,1
25888,2
25889,1
25890,0
25891,2
25892,0
25893,2
25894,1
25895,2
25896,1
25897,1
25898,1
25899,1
25900,2
25901,2
25902,0
25903,1
25904,0
25905,2
25906,2
25907,0
25908,1
25909,2
25910,2
25911,0
25912,2
25913,2
25914,1
25915,2
25916,1
25917,2
25918,2
25919,2
25920,2
25921,0
25922,1
25923,2
25924,1
25925,2
25926,2
25927,1
25928,1
25929,0
25930,1
25931,1
25932,1
25933,1
25934,2
25935,1
25936,1
25937,2
25938,2
25939,2
25940,2
25941,2
25942,2
25943,2
25944,2
25945,1
25946,2
25947,1
25948,2
25949,2
25950,2
25951,2
25952,2
25953,2
25954,2
25955,2
25956,2
25957,1
25958,2
25959,0
25960,0
25961,2
25962,1
25963,2
25964,2
25965,0
25966,1
25967,1
25968,2
25969,0
25970,2
25971,2
25972,2
25973,1
25974,2
25975,1
25976,2
25977,2
25978,0
25979,2
25980,2
25981,2
25982,1
25983,2
25984,2
25985,1
25986,1
25987,2
25988,2
25989,1
25990,2
25991,2
25992,0
25993,1
25994,0
25995,0
25996,1
25997,2
25998,2
25999,2
26000,1
26001,2
26002,2
26003,1
26004,2
26005,2
26006,1
26007,1
26008,2
26009,2
26010,2
26011,1
26012,1
26013,0
26014,1
26015,1
26016,2
26017,2
26018,1
26019,1
26020,0
26021,0
26022,2
26023,2
26024,0
26025,2
26026,0
26027,1
26028,1
26029,0
26030,2
26031,0
26032,2
26033,1
26034,2
26035,0
26036,2
26037,0
26038,1
26039,1
26040,1
26041,1
26042,1
26043,2
26044,2
26045,2
26046,2
26047,1
26048,1
26049,1
26050,2
26051,2
26052,0
26053,2
26054,2
26055,2
26056,0
26057,0
26058,2
26059,2
26060,2
26061,2
26062,2
26063,2
26064,1
26065,2
26066,1
26067,1
26068,2
26069,1
26070,0
26071,2
26072,2
26073,2
26074,2
26075,1
26076,2
26077,2
26078,2
26079,2
26080,2
26081,1
26082,0
26083,2
26084,1
26085,2
26086,1
26087,1
26088,1
26089,2
26090,2
26091,2
26092,1
26093,1
26094,2
26095,1
26096,2
26097,1
26098,0
26099,2
26100,0
26101,2
26102,1
26103,2
26104,2
26105,2
26106,1
26107,2
26108,2
26109,2
26110,1
26111,1
26112,1
26113,1
26114,0
26115,1
26116,2
26117,2
26118,2
26119,2
26120,2
26121,1
26122,1
26123,1
26124,1
26125,2
26126,2
26127,1
26128,2
26129,1
26130,2
26131,1
26132,2
26133,0
26134,1
26135,1
26136,2
26137,1
26138,0
26139,0
26140,2
26141,1
26142,2
26143,1
26144,1
26145,1
26146,2
26147,2
26148,1
26149,2
26150,0
26151,1
26152,2
26153,0
26154,1
26155,1
26156,1
26157,1
26158,2
26159,0
26160,0
26161,2
26162,2
26163,2
26164,2
26165,2
26166,2
26167,0
26168,1
26169,1
26170,2
26171,1
26172,0
26173,2
26174,1
26175,2
26176,2
26177,1
26178,1
26179,2
26180,1
26181,2
26182,1
26183,2
26184,0
26185,2
26186,2
26187,2
26188,2
26189,2
26190,1
26191,0
26192,2
26193,1
26194,2
26195,2
26196,2
26197,0
26198,1
26199,2
26200,1
26201,2
26202,1
26203,2
26204,0
26205,1
26206,1
26207,2
26208,2
26209,2
26210,2
26211,2
26212,0
26213,1
26214,1
26215,2
26216,2
26217,2
26218,0
26219,2
26220,2
26221,2
26222,2
26223,1
26224,1
26225,2
26226,2
26227,2
26228,1
26229,1
26230,2
26231,2
26232,1
26233,2
26234,0
26235,2
26236,2
26237,2
26238,1
26239,2
26240,1
26241,0
26242,2
26243,0
26244,0
26245,2
26246,1
26247,2
26248,1
26249,2
26250,2
26251,2
26252,1
26253,2
26254,2
26255,1
26256,2
26257,1
26258,1
26259,1
26260,2
26261,1
26262,1
26263,2
26264,1
26265,2
26266,2
26267,2
26268,2
26269,2
26270,2
26271,0
26272,2
26273,2
26274,1
26275,1
26276,2
26277,1
26278,2
26279,2
26280,2
26281,2
26282,1
26283,2
26284,1
26285,2
26286,1
26287,2
26288,2
26289,2
26290,0
26291,2
26292,2
26293,1
26294,2
26295,1
26296,2
26297,2
26298,2
26299,2
26300,1
26301,2
26302,0
26303,1
26304,2
26305,1
26306,2
26307,1
26308,2
26309,1
26310,0
26311,2
26312,1
26313,1
26314,2
26315,2
26316,0
26317,0
26318,1
26319,2
26320,1
26321,2
26322,2
26323,2
26324,1
26325,2
26326,1
26327,1
26328,0
26329,2
26330,1
26331,1
26332,1
26333,1
26334,0
26335,2
26336,2
26337,1
26338,1
26339,2
26340,1
26341,1
26342,0
26343,2
26344,2
26345,1
26346,2
26347,0
26348,1
26349,2
26350,1
26351,1
26352,2
26353,2
26354,0
26355,1
26356,0
26357,2
26358,1
26359,1
26360,1
26361,2
26362,0
26363,0
26364,1
26365,1
26366,1
26367,2
26368,1
26369,1
26370,1
26371,2
26372,2
26373,2
26374,2
26375,2
26376,1
26377,1
26378,2
26379,2
26380,1
26381,2
26382,2
26383,2
26384,2
26385,2
26386,2
26387,1
26388,2
26389,2
26390,1
26391,2
26392,1
26393,1
26394,1
26395,1
26396,2
26397,2
26398,1
26399,0
26400,1
26401,1
26402,1
26403,1
26404,1
26405,2
26406,1
26407,1
26408,1
26409,2
26410,1
26411,1
26412,2
26413,2
26414,0
26415,1
26416,1
26417,1
26418,2
26419,2
26420,2
26421,1
26422,2
26423,1
26424,1
26425,1
26426,2
26427,2
26428,0
26429,2
26430,1
26431,1
26432,1
26433,0
26434,2
26435,0
26436,1
26437,2
26438,1
26439,0
26440,1
26441,1
26442,2
26443,1
26444,1
26445,2
26446,2
26447,0
26448,2
26449,1
26450,1
26451,1
26452,2
26453,2
26454,2
26455,2
26456,1
26457,1
26458,2
26459,1
26460,1
26461,1
26462,1
26463,1
26464,1
26465,2
26466,1
26467,1
26468,2
26469,1
26470,1
26471,0
26472,2
26473,0
26474,1
26475,2
26476,1
26477,1
26478,1
26479,1
26480,1
26481,1
26482,2
26483,2
26484,0
26485,2
26486,2
26487,2
26488,2
26489,2
26490,1
26491,2
26492,1
26493,0
26494,2
26495,2
26496,2
26497,2
26498,2
26499,2
26500,2
26501,1
26502,1
26503,1
26504,1
26505,1
26506,2
26507,2
26508,1
26509,1
26510,2
26511,2
26512,0
26513,2
26514,2
26515,1
26516,1
26517,0
26518,1
26519,1
26520,1
26521,2
26522,2
26523,2
26524,2
26525,2
26526,2
26527,1
26528,2
26529,1
26530,1
26531,1
26532,2
26533,1
26534,2
26535,1
26536,2
26537,2
26538,2
26539,2
26540,1
26541,1
26542,2
26543,1
26544,2
26545,1
26546,0
26547,1
26548,2
26549,2
26550,2
26551,1
26552,0
26553,2
26554,1
26555,2
26556,2
26557,2
26558,2
26559,2
26560,0
26561,2
26562,1
26563,2
26564,1
26565,1
26566,1
26567,1
26568,2
26569,2
26570,0
26571,1
26572,2
26573,0
26574,1
26575,2
26576,2
26577,2
26578,1
26579,2
26580,2
26581,2
26582,1
26583,2
26584,1
26585,0
26586,1
26587,2
26588,0
26589,0
26590,1
26591,2
26592,0
26593,1
26594,2
26595,1
26596,2
26597,1
26598,1
26599,2
26600,2
26601,2
26602,2
26603,1
26604,2
26605,2
26606,1
26607,2
26608,1
26609,1
26610,1
26611,2
26612,2
26613,2
26614,2
26615,2
26616,1
26617,0
26618,2
26619,1
26620,0
26621,0
26622,1
26623,1
26624,2
26625,2
26626,2
26627,1
26628,1
26629,2
26630,2
26631,2
26632,1
26633,0
26634,1
26635,2
26636,1
26637,1
26638,1
26639,2
26640,0
26641,2
26642,1
26643,2
26644,1
26645,2
26646,2
26647,2
26648,2
26649,0
26650,2
26651,1
26652,2
26653,2
26654,1
26655,1
26656,2
26657,2
26658,1
26659,2
26660,1
26661,1
26662,2
26663,1
26664,0
26665,0
26666,1
26667,2
26668,1
26669,1
26670,1
26671,2
26672,2
26673,1
26674,1
26675,1
26676,1
26677,0
26678,1
26679,2
26680,1
26681,2
26682,2
26683,2
26684,1
26685,2
26686,1
26687,1
26688,1
26689,1
26690,1
26691,2
26692,0
26693,2
26694,2
26695,1
26696,1
26697,2
26698,2
26699,2
26700,1
26701,2
26702,1
26703,0
26704,2
26705,2
26706,2
26707,2
26708,1
26709,1
26710,2
26711,1
26712,1
26713,1
26714,2
26715,0
26716,1
26717,2
26718,2
26719,0
26720,2
26721,2
26722,1
26723,1
26724,2
26725,1
26726,2
26727,0
26728,1
26729,1
26730,0
26731,0
26732,2
26733,0
26734,2
26735,1
26736,2
26737,2
26738,2
26739,1
26740,2
26741,2
26742,2
26743,2
26744,2
26745,2
26746,0
26747,0
26748,2
26749,2
26750,2
26751,2
26752,2
26753,1
26754,1
26755,2
26756,2
26757,2
26758,1
26759,0
26760,0
26761,1
26762,2
26763,1
26764,2
26765,2
26766,1
26767,2
26768,2
26769,1
26770,2
26771,2
26772,1
26773,1
26774,1
26775,1
26776,0
26777,1
26778,0
26779,2
26780,0
26781,2
26782,2
26783,0
26784,1
26785,1
26786,1
26787,2
26788,2
26789,1
26790,2
26791,1
26792,2
26793,1
26794,1
26795,0
26796,1
26797,2
26798,1
26799,2
26800,1
26801,2
26802,2
26803,2
26804,1
26805,1
26806,2
26807,2
26808,1
26809,2
26810,1
26811,1
26812,0
26813,2
26814,2
26815,2
26816,2
26817,1
26818,2
26819,0
26820,2
26821,1
26822,2
26823,2
26824,1
26825,2
26826,2
26827,2
26828,2
26829,1
26830,0
26831,2
26832,2
26833,1
26834,1
26835,2
26836,2
26837,1
26838,2
26839,2
26840,0
26841,0
26842,2
26843,2
26844,0
26845,1
26846,2
26847,1
26848,0
26849,2
26850,2
26851,2
26852,2
26853,2
26854,0
26855,2
26856,2
26857,2
26858,2
26859,1
26860,2
26861,1
26862,2
26863,1
26864,0
26865,2
26866,1
26867,2
26868,0
26869,2
26870,2
26871,1
26872,2
26873,1
26874,2
26875,1
26876,1
26877,2
26878,1
26879,1
26880,0
26881,2
26882,1
26883,0
26884,1
26885,2
26886,0
26887,2
26888,2
26889,2
26890,2
26891,2
26892,2
26893,0
26894,2
26895,2
26896,1
26897,2
26898,0
26899,1
26900,2
26901,1
26902,2
26903,1
26904,1
26905,0
26906,1
26907,0
26908,1
26909,1
26910,1
26911,2
26912,0
26913,2
26914,2
26915,1
26916,2
26917,2
26918,2
26919,2
26920,2
26921,1
26922,2
26923,2
26924,2
26925,1
26926,2
26927,2
26928,2
26929,2
26930,2
26931,2
26932,2
26933,1
26934,2
26935,1
26936,1
26937,1
26938,2
26939,2
26940,1
26941,2
26942,1
26943,2
26944,1
26945,2
26946,0
26947,2
26948,0
26949,2
26950,2
26951,1
26952,2
26953,2
26954,1
26955,2
26956,1
26957,0
26958,2
26959,1
26960,2
26961,0
26962,0
26963,1
26964,2
26965,1
26966,1
26967,1
26968,1
26969,2
26970,1
26971,2
26972,2
26973,2
26974,2
26975,2
26976,1
26977,2
26978,2
26979,2
26980,1
26981,2
26982,1
26983,2
26984,2
26985,2
26986,2
26987,2
26988,1
26989,1
26990,2
26991,0
26992,2
26993,2
26994,1
26995,1
26996,1
26997,2
26998,1
26999,1
27000,2
27001,0
27002,1
27003,2
27004,2
27005,2
27006,1
27007,2
27008,2
27009,1
27010,0
27011,1
27012,2
27013,1
27014,2
27015,2
27016,2
27017,1
27018,1
27019,2
27020,1
27021,2
27022,1
27023,0
27024,0
27025,1
27026,1
27027,0
27028,0
27029,2
27030,1
27031,2
27032,1
27033,0
27034,2
27035,0
27036,1
27037,2
27038,2
27039,0
27040,2
27041,2
27042,1
27043,1
27044,1
27045,0
27046,0
27047,2
27048,1
27049,2
27050,0
27051,1
27052,0
27053,2
27054,2
27055,1
27056,2
27057,1
27058,1
27059,2
27060,2
27061,1
27062,1
27063,0
27064,1
27065,1
27066,2
27067,1
27068,1
27069,2
27070,2
27071,1
27072,2
27073,1
27074,1
27075,2
27076,2
27077,2
27078,0
27079,1
27080,0
27081,2
27082,2
27083,2
27084,2
27085,1
27086,2
27087,1
27088,1
27089,1
27090,2
27091,1
27092,0
27093,0
27094,2
27095,1
27096,1
27097,2
27098,0
27099,2
27100,2
27101,2
27102,1
27103,0
27104,1
27105,1
27106,1
27107,1
27108,0
27109,2
27110,1
27111,1
27112,2
27113,0
27114,1
27115,2
27116,2
27117,2
27118,1
27119,0
27120,1
27121,1
27122,2
27123,2
27124,2
27125,0
27126,1
27127,1
27128,2
27129,0
27130,1
27131,0
27132,2
27133,1
27134,2
27135,2
27136,1
27137,1
27138,1
27139,2
27140,0
27141,2
27142,1
27143,2
27144,1
27145,2
27146,2
27147,2
27148,2
27149,2
27150,1
27151,1
27152,1
27153,0
27154,2
27155,1
27156,2
27157,0
27158,2
27159,0
27160,1
27161,0
27162,2
27163,2
27164,2
27165,2
27166,1
27167,2
27168,1
27169,2
27170,1
27171,2
27172,1
27173,2
27174,1
27175,0
27176,1
27177,2
27178,2
27179,1
27180,1
27181,1
27182,1
27183,1
27184,2
27185,2
27186,1
27187,2
27188,0
27189,0
27190,0
27191,2
27192,1
27193,2
27194,0
27195,2
27196,0
27197,1
27198,2
27199,0
27200,1
27201,2
27202,2
27203,2
27204,2
27205,1
27206,1
27207,2
27208,1
27209,1
27210,2
27211,1
27212,1
27213,1
27214,2
27215,2
27216,1
27217,2
27218,2
27219,0
27220,2
27221,2
27222,2
27223,1
27224,1
27225,0
27226,1
27227,1
27228,2
27229,2
27230,2
27231,0
27232,1
27233,1
27234,2
27235,1
27236,2
27237,2
27238,2
27239,0
27240,1
27241,2
27242,0
27243,1
27244,2
27245,1
27246,1
27247,2
27248,0
27249,2
27250,2
27251,2
27252,2
27253,1
27254,2
27255,1
27256,1
27257,2
27258,1
27259,2
27260,1
27261,2
27262,1
27263,2
27264,1
27265,1
27266,2
27267,2
27268,1
27269,1
27270,0
27271,1
27272,0
27273,1
27274,1
27275,1
27276,0
27277,1
27278,0
27279,0
27280,2
27281,2
27282,1
27283,2
27284,1
27285,1
27286,0
27287,1
27288,2
27289,0
27290,1
27291,0
27292,1
27293,2
27294,2
27295,0
27296,0
27297,2
27298,1
27299,1
27300,2
27301,2
27302,1
27303,1
27304,1
27305,1
27306,0
27307,1
27308,2
27309,2
27310,2
27311,2
27312,2
27313,1
27314,0
27315,0
27316,2
27317,1
27318,1
27319,1
27320,1
27321,1
27322,2
27323,2
27324,1
27325,2
27326,0
27327,2
27328,1
27329,1
27330,2
27331,2
27332,1
27333,2
27334,2
27335,2
27336,1
27337,2
27338,2
27339,1
27340,2
27341,0
27342,1
27343,2
27344,2
27345,1
27346,0
27347,1
27348,0
27349,2
27350,2
27351,2
27352,2
27353,1
27354,1
27355,1
27356,1
27357,2
27358,1
27359,2
27360,2
27361,1
27362,2
27363,1
27364,2
27365,2
27366,2
27367,2
27368,0
27369,1
27370,2
27371,1
27372,0
27373,2
27374,1
27375,2
27376,1
27377,1
27378,1
27379,0
27380,2
27381,1
27382,2
27383,1
27384,2
27385,2
27386,1
27387,2
27388,0
27389,2
27390,1
27391,2
27392,2
27393,2
27394,1
27395,1
27396,2
27397,1
27398,2
27399,2
27400,1
27401,0
27402,1
27403,2
27404,2
27405,1
27406,2
27407,1
27408,0
27409,0
27410,2
27411,1
27412,2
27413,2
27414,2
27415,2
27416,2
27417,1
27418,2
27419,2
27420,1
27421,1
27422,2
27423,1
27424,2
27425,0
27426,1
27427,1
27428,1
27429,1
27430,1
27431,1
27432,2
27433,1
27434,1
27435,2
27436,2
27437,2
27438,2
27439,0
27440,2
27441,0
27442,2
27443,1
27444,0
27445,2
27446,2
27447,2
27448,0
27449,1
27450,0
27451,2
27452,2
27453,2
27454,1
27455,2
27456,2
27457,1
27458,1
27459,2
27460,1
27461,1
27462,1
27463,2
27464,1
27465,2
27466,1
27467,1
27468,2
27469,1
27470,2
27471,1
27472,2
27473,2
27474,2
27475,2
27476,2
27477,1
27478,1
27479,2
27480,1
27481,1
27482,1
27483,0
27484,2
27485,2
27486,2
27487,0
27488,0
27489,1
27490,2
27491,1
27492,2
27493,0
27494,1
27495,2
27496,2
27497,0
27498,2
27499,1
27500,2
27501,0
27502,2
27503,2
27504,2
27505,2
27506,2
27507,2
27508,1
27509,1
27510,2
27511,2
27512,1
27513,1
27514,1
27515,2
27516,2
27517,1
27518,1
27519,2
27520,2
27521,2
27522,1
27523,1
27524,2
27525,0
27526,2
27527,2
27528,2
27529,2
27530,1
27531,1
27532,2
27533,2
27534,2
27535,2
27536,0
27537,2
27538,1
27539,2
27540,2
27541,1
27542,2
27543,1
27544,0
27545,2
27546,0
27547,2
27548,2
27549,1
27550,1
27551,2
27552,2
27553,0
27554,1
27555,0
27556,1
27557,2
27558,2
27559,2
27560,2
27561,1
27562,2
27563,2
27564,1
27565,1
27566,2
27567,2
27568,2
27569,1
27570,2
27571,0
27572,1
27573,1
27574,2
27575,2
27576,1
27577,2
27578,0
27579,2
27580,2
27581,2
27582,0
27583,1
27584,1
27585,2
27586,2
27587,2
27588,1
27589,2
27590,1
27591,2
27592,2
27593,2
27594,0
27595,2
27596,2
27597,2
27598,2
27599,1
27600,2
27601,0
27602,2
27603,2
27604,1
27605,2
27606,1
27607,1
27608,2
27609,1
27610,2
27611,1
27612,1
27613,1
27614,2
27615,2
27616,1
27617,2
27618,0
27619,2
27620,1
27621,0
27622,2
27623,2
27624,2
27625,2
27626,1
27627,2
27628,1
27629,1
27630,1
27631,1
27632,2
27633,1
27634,2
27635,2
27636,0
27637,1
27638,2
27639,2
27640,1
27641,2
27642,1
27643,2
27644,2
27645,1
27646,1
27647,0
27648,1
27649,1
27650,2
27651,2
27652,1
27653,2
27654,1
27655,2
27656,0
27657,2
27658,2
27659,2
27660,1
27661,1
27662,0
27663,1
27664,1
27665,2
27666,1
27667,2
27668,1
27669,1
27670,2
27671,2
27672,2
27673,0
27674,1
27675,2
27676,2
27677,2
27678,1
27679,2
27680,1
27681,1
27682,2
27683,1
27684,2
27685,1
27686,2
27687,1
27688,1
27689,2
27690,0
27691,1
27692,1
27693,1
27694,2
27695,2
27696,1
27697,2
27698,2
27699,2
27700,2
27701,1
27702,2
27703,2
27704,2
27705,1
27706,1
27707,2
27708,1
27709,2
27710,1
27711,2
27712,1
27713,1
27714,2
27715,1
27716,2
27717,2
27718,0
27719,2
27720,1
27721,1
27722,0
27723,2
27724,2
27725,1
27726,1
27727,1
27728,1
27729,2
27730,0
27731,1
27732,1
27733,2
27734,0
27735,1
27736,1
27737,1
27738,2
27739,1
27740,2
27741,0
27742,2
27743,0
27744,2
27745,2
27746,1
27747,2
27748,2
27749,1
27750,1
27751,2
27752,0
27753,0
27754,0
27755,1
27756,2
27757,2
27758,1
27759,2
27760,1
27761,2
27762,2
27763,2
27764,2
27765,2
27766,1
27767,1
27768,1
27769,0
27770,2
27771,2
27772,2
27773,2
27774,2
27775,2
27776,1
27777,1
27778,2
27779,2
27780,1
27781,2
27782,2
27783,2
27784,2
27785,2
27786,2
27787,2
27788,1
27789,0
27790,1
27791,2
27792,2
27793,1
27794,1
27795,0
27796,1
27797,2
27798,2
27799,2
27800,1
27801,1
27802,2
27803,1
27804,2
27805,2
27806,2
27807,1
27808,2
27809,2
27810,2
27811,1
27812,0
27813,2
27814,0
27815,0
27816,2
27817,0
27818,2
27819,1
27820,0
27821,2
27822,2
27823,0
27824,2
27825,2
27826,2
27827,2
27828,2
27829,2
27830,2
27831,2
27832,2
27833,1
27834,2
27835,2
27836,2
27837,2
27838,1
27839,2
27840,2
27841,2
27842,2
27843,1
27844,2
27845,0
27846,2
27847,1
27848,2
27849,2
27850,1
27851,0
27852,2
27853,2
27854,2
27855,2
27856,0
27857,0
27858,0
27859,2
27860,2
27861,2
27862,2
27863,2
27864,0
27865,1
27866,1
27867,1
27868,1
27869,0
27870,1
27871,1
27872,1
27873,0
27874,2
27875,2
27876,1
27877,0
27878,1
27879,2
27880,0
27881,2
27882,2
27883,2
27884,1
27885,2
27886,1
27887,2
27888,2
27889,1
27890,1
27891,0
27892,2
27893,0
27894,1
27895,1
27896,2
27897,1
27898,2
27899,1
27900,1
27901,2
27902,0
27903,0
27904,2
27905,2
27906,1
27907,1
27908,2
27909,2
27910,1
27911,2
27912,1
27913,2
27914,0
27915,2
27916,2
27917,1
27918,2
27919,1
27920,1
27921,2
27922,2
27923,0
27924,2
27925,1
27926,1
27927,1
27928,2
27929,2
27930,2
27931,2
27932,2
27933,2
27934,1
27935,2
27936,2
27937,2
27938,2
27939,0
27940,2
27941,2
27942,1
27943,0
27944,2
27945,1
27946,2
27947,2
27948,2
27949,1
27950,1
27951,2
27952,2
27953,2
27954,2
27955,2
27956,2
27957,2
27958,1
27959,2
27960,1
27961,2
27962,2
27963,1
27964,1
27965,2
27966,2
27967,1
27968,0
27969,2
27970,2
27971,1
27972,1
27973,2
27974,2
27975,1
27976,2
27977,0
27978,2
27979,1
27980,2
27981,2
27982,2
27983,2
27984,2
27985,2
27986,1
27987,0
27988,0
27989,1
27990,2
27991,2
27992,2
27993,2
27994,1
27995,1
27996,1
27997,0
27998,1
27999,1
28000,1
28001,2
28002,2
28003,2
28004,2
28005,1
28006,1
28007,0
28008,1
28009,1
28010,2
28011,1
28012,0
28013,0
28014,1
28015,2
28016,2
28017,2
28018,2
28019,1
28020,2
28021,2
28022,0
28023,1
28024,2
28025,2
28026,2
28027,1
28028,0
28029,2
28030,1
28031,0
28032,2
28033,2
28034,1
28035,2
28036,0
28037,0
28038,1
28039,0
28040,1
28041,2
28042,2
28043,1
28044,1
28045,2
28046,1
28047,2
28048,0
28049,2
28050,1
28051,2
28052,1
28053,2
28054,0
28055,2
28056,2
28057,1
28058,1
28059,2
28060,1
28061,2
28062,2
28063,2
28064,1
28065,2
28066,1
28067,0
28068,2
28069,2
28070,1
28071,2
28072,0
28073,2
28074,1
28075,1
28076,1
28077,1
28078,2
28079,1
28080,2
28081,2
28082,1
28083,2
28084,2
28085,2
28086,2
28087,2
28088,1
28089,1
28090,1
28091,1
28092,2
28093,2
28094,2
28095,2
28096,2
28097,2
28098,1
28099,0
28100,2
28101,1
28102,0
28103,2
28104,1
28105,0
28106,2
28107,1
28108,2
28109,1
28110,0
28111,1
28112,2
28113,0
28114,1
28115,1
28116,2
28117,1
28118,2
28119,1
28120,2
28121,1
28122,2
28123,1
28124,2
28125,2
28126,1
28127,0
28128,1
28129,1
28130,2
28131,2
28132,1
28133,1
28134,2
28135,2
28136,1
28137,2
28138,2
28139,0
28140,1
28141,2
28142,1
28143,2
28144,2
28145,1
28146,0
28147,1
28148,2
28149,1
28150,0
28151,0
28152,2
28153,2
28154,0
28155,2
28156,1
28157,2
28158,2
28159,2
28160,1
28161,2
28162,2
28163,2
28164,2
28165,1
28166,1
28167,1
28168,1
28169,2
28170,2
28171,2
28172,1
28173,0
28174,2
28175,2
28176,2
28177,2
28178,0
28179,2
28180,1
28181,1
28182,2
28183,2
28184,1
28185,2
28186,1
28187,1
28188,2
28189,1
28190,2
28191,2
28192,0
28193,2
28194,2
28195,2
28196,1
28197,2
28198,2
28199,2
28200,0
28201,2
28202,2
28203,1
28204,2
28205,1
28206,1
28207,2
28208,2
28209,0
28210,2
28211,2
28212,1
28213,1
28214,1
28215,2
28216,2
28217,1
28218,2
28219,1
28220,1
28221,1
28222,2
28223,2
28224,2
28225,1
28226,2
28227,1
28228,1
28229,2
28230,1
28231,1
28232,0
28233,0
28234,1
28235,1
28236,1
28237,2
28238,0
28239,1
28240,2
28241,1
28242,1
28243,2
28244,2
28245,2
28246,1
28247,2
28248,2
28249,1
28250,1
28251,2
28252,2
28253,2
28254,2
28255,2
28256,1
28257,1
28258,0
28259,1
28260,2
28261,2
28262,1
28263,2
28264,2
28265,2
28266,1
28267,2
28268,2
28269,1
28270,1
28271,0
28272,2
28273,2
28274,2
28275,0
28276,2
28277,2
28278,1
28279,2
28280,1
28281,2
28282,1
28283,2
28284,2
28285,1
28286,0
28287,2
28288,2
28289,1
28290,2
28291,2
28292,2
28293,2
28294,0
28295,2
28296,1
28297,1
28298,1
28299,2
28300,1
28301,1
28302,2
28303,2
28304,1
28305,1
28306,2
28307,1
28308,2
28309,0
28310,1
28311,1
28312,1
28313,0
28314,1
28315,1
28316,2
28317,2
28318,0
28319,2
28320,1
28321,0
28322,0
28323,2
28324,2
28325,2
28326,2
28327,1
28328,0
28329,2
28330,2
28331,1
28332,2
28333,1
28334,1
28335,1
28336,0
28337,1
28338,2
28339,2
28340,2
28341,2
28342,2
28343,2
28344,2
28345,1
28346,2
28347,2
28348,2
28349,1
28350,2
28351,2
28352,0
28353,2
28354,2
28355,2
28356,1
28357,2
28358,2
28359,2
28360,1
28361,2
28362,1
28363,2
28364,2
28365,1
28366,2
28367,1
28368,2
28369,1
28370,2
28371,2
28372,0
28373,0
28374,2
28375,2
28376,0
28377,1
28378,2
28379,1
28380,2
28381,1
28382,2
28383,1
28384,2
28385,1
28386,2
28387,2
28388,2
28389,0
28390,2
28391,1
28392,1
28393,2
28394,0
28395,2
28396,1
28397,1
28398,1
28399,0
28400,0
28401,2
28402,2
28403,2
28404,1
28405,2
28406,2
28407,2
28408,2
28409,2
28410,2
28411,0
28412,1
28413,2
28414,1
28415,2
28416,1
28417,2
28418,2
28419,0
28420,1
28421,0
28422,0
28423,1
28424,2
28425,2
28426,1
28427,2
28428,2
28429,2
28430,2
28431,1
28432,2
28433,1
28434,1
28435,0
28436,1
28437,2
28438,1
28439,1
28440,2
28441,2
28442,1
28443,1
28444,1
28445,1
28446,0
28447,2
28448,0
28449,1
28450,0
28451,2
28452,2
28453,0
28454,0
28455,2
28456,0
28457,1
28458,0
28459,2
28460,1
28461,0
28462,2
28463,1
28464,1
28465,2
28466,2
28467,1
28468,1
28469,1
28470,1
28471,0
28472,2
28473,2
28474,1
28475,2
28476,2
28477,2
28478,0
28479,1
28480,2
28481,0
28482,1
28483,1
28484,1
28485,1
28486,1
28487,1
28488,1
28489,2
28490,1
28491,2
28492,0
28493,2
28494,0
28495,0
28496,1
28497,1
28498,2
28499,2
28500,2
28501,0
28502,1
28503,2
28504,1
28505,0
28506,2
28507,2
28508,1
28509,2
28510,1
28511,1
28512,2
28513,2
28514,1
28515,2
28516,1
28517,1
28518,1
28519,1
28520,2
28521,1
28522,1
28523,0
28524,1
28525,2
28526,1
28527,1
28528,2
28529,2
28530,0
28531,0
28532,2
28533,1
28534,2
28535,1
28536,1
28537,2
28538,1
28539,1
28540,1
28541,1
28542,1
28543,1
28544,1
28545,0
28546,1
28547,2
28548,2
28549,2
28550,2
28551,2
28552,2
28553,0
28554,2
28555,2
28556,2
28557,2
28558,1
28559,2
28560,2
28561,1
28562,2
28563,0
28564,2
28565,0
28566,2
28567,2
28568,2
28569,1
28570,1
28571,2
28572,0
28573,2
28574,1
28575,1
28576,2
28577,2
28578,1
28579,1
28580,0
28581,1
28582,2
28583,1
28584,2
28585,2
28586,2
28587,2
28588,1
28589,2
28590,2
28591,1
28592,2
28593,2
28594,0
28595,1
28596,2
28597,1
28598,1
28599,1
28600,2
28601,2
28602,2
28603,1
28604,1
28605,2
28606,2
28607,1
28608,1
28609,2
28610,1
28611,2
28612,2
28613,1
28614,1
28615,1
28616,1
28617,2
28618,2
28619,2
28620,1
28621,2
28622,2
28623,0
28624,1
28625,2
28626,2
28627,2
28628,1
28629,1
28630,2
28631,0
28632,1
28633,0
28634,2
28635,2
28636,2
28637,2
28638,1
28639,1
28640,1
28641,2
28642,2
28643,0
28644,0
28645,2
28646,2
28647,1
28648,1
28649,1
28650,2
28651,2
28652,0
28653,1
28654,0
28655,2
28656,2
28657,1
28658,0
28659,1
28660,2
28661,1
28662,2
28663,1
28664,2
28665,1
28666,2
28667,0
28668,2
28669,2
28670,2
28671,1
28672,1
28673,2
28674,2
28675,2
28676,0
28677,2
28678,1
28679,2
28680,2
28681,2
28682,2
28683,2
28684,2
28685,1
28686,0
28687,1
28688,2
28689,2
28690,2
28691,0
28692,2
28693,2
28694,1
28695,2
28696,1
28697,2
28698,1
28699,1
28700,1
28701,1
28702,1
28703,2
28704,1
28705,2
28706,1
28707,2
28708,1
28709,0
28710,1
28711,2
28712,0
28713,0
28714,2
28715,2
28716,0
28717,0
28718,1
28719,1
28720,1
28721,1
28722,1
28723,0
28724,2
28725,0
28726,2
28727,2
28728,2
28729,1
28730,1
28731,1
28732,1
28733,2
28734,0
28735,2
28736,1
28737,2
28738,1
28739,0
28740,2
28741,1
28742,2
28743,1
28744,2
28745,2
28746,2
28747,1
28748,1
28749,2
28750,2
28751,2
28752,1
28753,2
28754,2
28755,2
28756,1
28757,1
28758,2
28759,2
28760,1
28761,1
28762,2
28763,2
28764,1
28765,1
28766,2
28767,2
28768,2
28769,2
28770,2
28771,2
28772,2
28773,1
28774,1
28775,2
28776,2
28777,2
28778,2
28779,1
28780,2
28781,2
28782,2
28783,2
28784,2
28785,1
28786,2
28787,1
28788,2
28789,2
28790,2
28791,2
28792,1
28793,2
28794,2
28795,1
28796,0
28797,2
28798,1
28799,2
28800,2
28801,1
28802,1
28803,1
28804,1
28805,0
28806,2
28807,2
28808,2
28809,2
28810,2
28811,0
28812,2
28813,2
28814,0
28815,1
28816,2
28817,0
28818,1
28819,1
28820,2
28821,2
28822,2
28823,2
28824,1
28825,2
28826,2
28827,2
28828,1
28829,2
28830,2
28831,1
28832,2
28833,2
28834,1
28835,1
28836,1
28837,1
28838,2
28839,2
28840,1
28841,2
28842,2
28843,2
28844,1
28845,2
28846,1
28847,1
28848,1
28849,1
28850,1
28851,2
28852,0
28853,1
28854,2
28855,0
28856,1
28857,1
28858,2
28859,1
28860,0
28861,2
28862,0
28863,2
28864,1
28865,1
28866,0
28867,2
28868,0
28869,2
28870,2
28871,2
28872,1
28873,0
28874,0
28875,1
28876,1
28877,2
28878,2
28879,0
28880,2
28881,1
28882,0
28883,1
28884,2
28885,0
28886,2
28887,2
28888,2
28889,1
28890,2
28891,2
28892,2
28893,0
28894,2
28895,2
28896,2
28897,2
28898,2
28899,2
28900,1
28901,1
28902,1
28903,2
28904,2
28905,1
28906,1
28907,2
28908,2
28909,2
28910,1
28911,1
28912,2
28913,1
28914,2
28915,2
28916,2
28917,2
28918,2
28919,1
28920,2
28921,2
28922,1
28923,1
28924,0
28925,0
28926,1
28927,2
28928,1
28929,2
28930,2
28931,1
28932,2
28933,2
28934,2
28935,2
28936,0
28937,2
28938,2
28939,1
28940,2
28941,0
28942,2
28943,2
28944,1
28945,2
28946,0
28947,2
28948,2
28949,2
28950,0
28951,0
28952,2
28953,2
28954,2
28955,1
28956,2
28957,2
28958,1
28959,2
28960,1
28961,0
28962,1
28963,2
28964,1
28965,0
28966,1
28967,1
28968,1
28969,2
28970,1
28971,1
28972,0
28973,2
28974,1
28975,0
28976,1
28977,2
28978,2
28979,1
28980,2
28981,2
28982,1
28983,1
28984,2
28985,0
28986,2
28987,0
28988,2
28989,2
28990,1
28991,1
28992,2
28993,1
28994,0
28995,2
28996,2
28997,2
28998,2
28999,2
29000,2
29001,2
29002,1
29003,1
29004,1
29005,1
29006,1
29007,0
29008,1
29009,2
29010,2
29011,1
29012,0
29013,2
29014,2
29015,2
29016,1
29017,1
29018,2
29019,2
29020,0
29021,2
29022,0
29023,1
29024,2
29025,2
29026,1
29027,2
29028,2
29029,2
29030,0
29031,2
29032,2
29033,2
29034,1
29035,1
29036,1
29037,2
29038,2
29039,1
29040,1
29041,2
29042,1
29043,1
29044,2
29045,0
29046,2
29047,2
29048,1
29049,0
29050,2
29051,1
29052,1
29053,2
29054,1
29055,2
29056,0
29057,1
29058,2
29059,1
29060,1
29061,2
29062,1
29063,1
29064,2
29065,1
29066,2
29067,2
29068,0
29069,2
29070,2
29071,1
29072,1
29073,2
29074,2
29075,2
29076,1
29077,2
29078,2
29079,2
29080,1
29081,2
29082,2
29083,1
29084,2
29085,2
29086,1
29087,1
29088,1
29089,1
29090,2
29091,2
29092,2
29093,2
29094,2
29095,2
29096,1
29097,2
29098,0
29099,2
29100,2
29101,2
29102,2
29103,1
29104,2
29105,2
29106,2
29107,1
29108,2
29109,0
29110,2
29111,2
29112,0
29113,2
29114,2
29115,2
29116,1
29117,0
29118,2
29119,1
29120,1
29121,1
29122,2
29123,1
29124,0
29125,1
29126,2
29127,2
29128,2
29129,2
29130,1
29131,2
29132,2
29133,2
29134,2
29135,1
29136,0
29137,2
29138,2
29139,2
29140,1
29141,2
29142,1
29143,2
29144,2
29145,1
29146,2
29147,2
29148,1
29149,0
29150,1
29151,2
29152,2
29153,0
29154,2
29155,2
29156,2
29157,0
29158,0
29159,1
29160,1
29161,1
29162,2
29163,2
29164,2
29165,1
29166,1
29167,1
29168,0
29169,2
29170,2
29171,1
29172,1
29173,2
29174,2
29175,0
29176,1
29177,1
29178,1
29179,0
29180,1
29181,1
29182,1
29183,2
29184,0
29185,1
29186,1
29187,1
29188,1
29189,2
29190,0
29191,1
29192,2
29193,1
29194,1
29195,1
29196,2
29197,1
29198,1
29199,0
29200,1
29201,2
29202,2
29203,2
29204,1
29205,2
29206,1
29207,1
29208,2
29209,1
29210,2
29211,1
29212,0
29213,0
29214,2
29215,2
29216,2
29217,1
29218,1
29219,1
29220,2
29221,2
29222,0
29223,2
29224,1
29225,2
29226,1
29227,2
29228,1
29229,2
29230,2
29231,2
29232,1
29233,1
29234,2
29235,2
29236,1
29237,2
29238,2
29239,1
29240,2
29241,1
29242,1
29243,2
29244,1
29245,0
29246,2
29247,2
29248,2
29249,2
29250,1
29251,2
29252,1
29253,2
29254,1
29255,1
29256,1
29257,0
29258,2
29259,0
29260,2
29261,2
29262,1
29263,1
29264,2
29265,0
29266,1
29267,1
29268,1
29269,2
29270,1
29271,2
29272,0
29273,1
29274,1
29275,2
29276,1
29277,0
29278,0
29279,2
29280,1
29281,1
29282,1
29283,2
29284,2
29285,1
29286,1
29287,2
29288,2
29289,1
29290,1
29291,2
29292,1
29293,1
29294,2
29295,1
29296,1
29297,2
29298,1
29299,1
29300,1
29301,1
29302,1
29303,2
29304,1
29305,2
29306,2
29307,2
29308,2
29309,2
29310,2
29311,2
29312,2
29313,0
29314,2
29315,2
29316,1
29317,0
29318,2
29319,1
29320,1
29321,1
29322,0
29323,1
29324,2
29325,2
29326,0
29327,1
29328,2
29329,2
29330,2
29331,1
29332,1
29333,1
29334,0
29335,1
29336,2
29337,1
29338,2
29339,2
29340,0
29341,0
29342,1
29343,2
29344,2
29345,0
29346,0
29347,2
29348,0
29349,0
29350,2
29351,1
29352,2
29353,2
29354,1
29355,1
29356,2
29357,2
29358,1
29359,2
29360,2
29361,1
29362,1
29363,1
29364,1
29365,1
29366,0
29367,2
29368,1
29369,2
29370,2
29371,2
29372,2
29373,1
29374,0
29375,0
29376,2
29377,2
29378,1
29379,0
29380,2
29381,2
29382,2
29383,2
29384,1
29385,0
29386,2
29387,2
29388,0
29389,2
29390,1
29391,2
29392,1
29393,1
29394,2
29395,2
29396,2
29397,2
29398,1
29399,2
29400,1
29401,0
29402,2
29403,1
29404,2
29405,1
29406,0
29407,2
29408,2
29409,1
29410,2
29411,2
29412,0
29413,1
29414,0
29415,1
29416,1
29417,2
29418,2
29419,2
29420,2
29421,2
29422,0
29423,2
29424,2
29425,2
29426,2
29427,1
29428,2
29429,2
29430,2
29431,2
29432,1
29433,2
29434,2
29435,2
29436,2
29437,1
29438,1
29439,2
29440,1
29441,2
29442,1
29443,2
29444,2
29445,1
29446,1
29447,0
29448,2
29449,0
29450,1
29451,2
29452,2
29453,1
29454,2
29455,1
29456,2
29457,1
29458,1
29459,2
29460,2
29461,2
29462,1
29463,2
29464,1
29465,1
29466,1
29467,2
29468,1
29469,2
29470,2
29471,1
29472,1
29473,2
29474,1
29475,1
29476,1
29477,1
29478,2
29479,2
29480,1
29481,2
29482,2
29483,0
29484,1
29485,1
29486,1
29487,0
29488,2
29489,2
29490,2
29491,2
29492,1
29493,0
29494,2
29495,0
29496,1
29497,2
29498,2
29499,1
29500,2
29501,1
29502,2
29503,0
29504,1
29505,1
29506,0
29507,0
29508,1
29509,2
29510,2
29511,1
29512,1
29513,2
29514,2
29515,0
29516,2
29517,1
29518,2
29519,2
29520,2
29521,2
29522,2
29523,2
29524,2
29525,1
29526,2
29527,1
29528,2
29529,0
29530,2
29531,2
29532,1
29533,2
29534,1
29535,1
29536,1
29537,0
29538,2
29539,2
29540,0
29541,2
29542,2
29543,1
29544,1
29545,2
29546,0
29547,2
29548,0
29549,2
29550,0
29551,2
29552,1
29553,2
29554,0
29555,0
29556,2
29557,1
29558,1
29559,2
29560,2
29561,2
29562,2
29563,2
29564,2
29565,1
29566,2
29567,2
29568,2
29569,1
29570,2
29571,2
29572,2
29573,0
29574,2
29575,2
29576,1
29577,2
29578,2
29579,2
29580,1
29581,2
29582,0
29583,1
29584,2
29585,2
29586,1
29587,2
29588,0
29589,2
29590,1
29591,2
29592,0
29593,1
29594,1
29595,0
29596,2
29597,1
29598,2
29599,1
29600,2
29601,2
29602,2
29603,1
29604,2
29605,2
29606,1
29607,2
29608,2
29609,1
29610,2
29611,1
29612,1
29613,0
29614,2
29615,1
29616,2
29617,2
29618,2
29619,0
29620,0
29621,0
29622,0
29623,1
29624,2
29625,0
29626,1
29627,2
29628,2
29629,1
29630,2
29631,0
29632,2
29633,2
29634,0
29635,1
29636,1
29637,2
29638,2
29639,2
29640,1
29641,2
29642,2
29643,2
29644,2
29645,2
29646,2
29647,1
29648,2
29649,1
29650,1
29651,1
29652,0
29653,1
29654,2
29655,0
29656,1
29657,0
29658,0
29659,2
29660,1
29661,2
29662,0
29663,0
29664,2
29665,2
29666,1
29667,1
29668,2
29669,1
29670,2
29671,0
29672,2
29673,2
29674,2
29675,1
29676,0
29677,1
29678,1
29679,0
29680,2
29681,1
29682,2
29683,2
29684,2
29685,2
29686,2
29687,0
29688,2
29689,0
29690,1
29691,2
29692,1
29693,0
29694,1
29695,2
29696,1
29697,1
29698,1
29699,2
29700,1
29701,1
29702,0
29703,1
29704,2
29705,2
29706,2
29707,1
29708,1
29709,2
29710,1
29711,1
29712,2
29713,1
29714,2
29715,2
29716,2
29717,2
29718,1
29719,2
29720,2
29721,2
29722,1
29723,1
29724,0
29725,1
29726,1
29727,2
29728,2
29729,0
29730,2
29731,2
29732,0
29733,0
29734,2
29735,2
29736,2
29737,2
29738,1
29739,2
29740,1
29741,2
29742,1
29743,2
29744,2
29745,1
29746,2
29747,1
29748,2
29749,2
29750,0
29751,1
29752,2
29753,2
29754,2
29755,1
29756,2
29757,2
29758,2
29759,1
29760,1
29761,2
29762,0
29763,2
29764,1
29765,1
29766,0
29767,1
29768,2
29769,1
29770,1
29771,2
29772,2
29773,1
29774,2
29775,2
29776,2
29777,2
29778,0
29779,0
29780,2
29781,2
29782,2
29783,0
29784,2
29785,2
29786,1
29787,2
29788,2
29789,1
29790,2
29791,1
29792,1
29793,1
29794,2
29795,2
29796,0
29797,1
29798,1
29799,2
29800,2
29801,2
29802,1
29803,2
29804,1
29805,2
29806,2
29807,2
29808,0
29809,0
29810,0
29811,2
29812,2
29813,2
29814,0
29815,0
29816,2
29817,2
29818,1
29819,2
29820,0
29821,0
29822,1
29823,2
29824,1
29825,2
29826,1
29827,1
29828,2
29829,0
29830,1
29831,1
29832,2
29833,1
29834,2
29835,2
29836,1
29837,1
29838,1
29839,1
29840,2
29841,0
29842,2
29843,0
29844,1
29845,0
29846,2
29847,1
29848,1
29849,1
29850,1
29851,1
29852,2
29853,1
29854,1
29855,1
29856,2
29857,1
29858,1
29859,1
29860,2
29861,0
29862,0
29863,1
29864,1
29865,1
29866,2
29867,1
29868,2
29869,1
29870,0
29871,2
29872,2
29873,2
29874,1
29875,0
29876,2
29877,1
29878,1
29879,1
29880,2
29881,2
29882,2
29883,2
29884,1
29885,0
29886,2
29887,1
29888,2
29889,2
29890,0
29891,1
29892,2
29893,0
29894,1
29895,2
29896,2
29897,1
29898,1
29899,2
29900,0
29901,0
29902,0
29903,0
29904,2
29905,2
29906,2
29907,1
29908,2
29909,2
29910,0
29911,2
29912,2
29913,1
29914,1
29915,2
29916,2
29917,1
29918,0
29919,2
29920,2
29921,2
29922,2
29923,2
29924,2
29925,2
29926,2
29927,1
29928,1
29929,1
29930,2
29931,1
29932,1
29933,2
29934,1
29935,2
29936,2
29937,2
29938,2
29939,0
29940,2
29941,1
29942,0
29943,1
29944,1
29945,1
29946,0
29947,1
29948,2
29949,2
29950,2
29951,2
29952,2
29953,1
29954,1
29955,1
29956,0
29957,1
29958,2
29959,2
29960,2
29961,1
29962,1
29963,0
29964,1
29965,2
29966,2
29967,1
29968,0
29969,2
29970,1
29971,2
29972,2
29973,2
29974,1
29975,2
29976,2
29977,1
29978,2
29979,1
29980,2
29981,2
29982,2
29983,2
29984,2
29985,1
29986,2
29987,0
29988,0
29989,1
29990,2
29991,2
29992,1
29993,0
29994,1
29995,2
29996,1
29997,2
29998,0
29999,0
30000,0
30001,1
30002,2
30003,1
30004,2
30005,1
30006,1
30007,1
30008,1
30009,2
30010,1
30011,2
30012,2
30013,2
30014,2
30015,2
30016,0
30017,2
30018,1
30019,2
30020,2
30021,2
30022,1
30023,1
30024,2
30025,1
30026,0
30027,2
30028,2
30029,1
30030,2
30031,1
30032,1
30033,1
30034,2
30035,2
30036,2
30037,1
30038,1
30039,2
30040,2
30041,2
30042,2
30043,2
30044,2
30045,2
30046,0
30047,1
30048,0
30049,2
30050,2
30051,1
30052,2
30053,2
30054,2
30055,2
30056,2
30057,2
30058,2
30059,2
30060,1
30061,1
30062,2
30063,2
30064,2
30065,2
30066,2
30067,0
30068,1
30069,2
30070,2
30071,1
30072,1
30073,1
30074,2
30075,0
30076,2
30077,1
30078,1
30079,1
30080,2
30081,2
30082,2
30083,1
30084,1
30085,2
30086,1
30087,1
30088,1
30089,1
30090,2
30091,2
30092,0
30093,1
30094,1
30095,1
30096,2
30097,2
30098,1
30099,2
30100,1
30101,1
30102,1
30103,2
30104,1
30105,0
30106,2
30107,1
30108,2
30109,1
30110,1
30111,2
30112,0
30113,2
30114,2
30115,2
30116,2
30117,1
30118,1
30119,1
30120,2
30121,2
30122,0
30123,1
30124,1
30125,2
30126,2
30127,2
30128,2
30129,0
30130,1
30131,2
30132,2
30133,2
30134,1
30135,1
30136,0
30137,1
30138,2
30139,2
30140,2
30141,2
30142,1
30143,1
30144,1
30145,2
30146,2
30147,2
30148,0
30149,0
30150,2
30151,2
30152,2
30153,2
30154,2
30155,2
30156,2
30157,2
30158,1
30159,2
30160,1
30161,2
30162,2
30163,1
30164,0
30165,0
30166,2
30167,1
30168,2
30169,2
30170,1
30171,1
30172,1
30173,1
30174,2
30175,2
30176,2
30177,2
30178,1
30179,2
30180,1
30181,2
30182,2
30183,2
30184,1
30185,1
30186,2
30187,2
30188,2
30189,2
30190,0
30191,2
30192,1
30193,1
30194,1
30195,2
30196,2
30197,1
30198,2
30199,2
30200,1
30201,0
30202,2
30203,0
30204,2
30205,2
30206,2
30207,2
30208,2
30209,0
30210,2
30211,1
30212,2
30213,2
30214,1
30215,1
30216,1
30217,1
30218,1
30219,1
30220,1
30221,1
30222,0
30223,1
30224,2
30225,2
30226,2
30227,0
30228,2
30229,1
30230,0
30231,0
30232,0
30233,2
30234,1
30235,2
30236,1
30237,2
30238,1
30239,1
30240,1
30241,2
30242,2
30243,2
30244,1
30245,2
30246,2
30247,2
30248,2
30249,0
30250,2
30251,2
30252,0
30253,2
30254,1
30255,1
30256,2
30257,2
30258,2
30259,2
30260,1
30261,1
30262,2
30263,1
30264,1
30265,0
30266,2
30267,0
30268,2
30269,1
30270,2
30271,2
30272,2
30273,2
30274,2
30275,1
30276,1
30277,2
30278,2
30279,2
30280,2
30281,0
30282,2
30283,2
30284,0
30285,2
30286,1
30287,2
30288,0
30289,1
30290,1
30291,2
30292,2
30293,1
30294,1
30295,1
30296,2
30297,1
30298,2
30299,2
30300,1
30301,1
30302,1
30303,0
30304,2
30305,2
30306,0
30307,2
30308,1
30309,2
30310,2
30311,1
30312,1
30313,2
30314,1
30315,2
30316,0
30317,2
30318,1
30319,2
30320,2
30321,1
30322,2
30323,2
30324,1
30325,0
30326,1
30327,0
30328,1
30329,2
30330,1
30331,2
30332,2
30333,0
30334,0
30335,1
30336,1
30337,2
30338,2
30339,0
30340,2
30341,2
30342,1
30343,1
30344,0
30345,2
30346,0
30347,1
30348,2
30349,2
30350,2
30351,2
30352,1
30353,2
30354,0
30355,2
30356,2
30357,2
30358,2
30359,1
30360,1
30361,2
30362,1
30363,1
30364,2
30365,0
30366,1
30367,2
30368,2
30369,1
30370,1
30371,2
30372,1
30373,2
30374,1
30375,1
30376,2
30377,1
30378,2
30379,1
30380,1
30381,1
30382,2
30383,2
30384,2
30385,1
30386,2
30387,1
30388,2
30389,1
30390,2
30391,2
30392,1
30393,0
30394,2
30395,2
30396,1
30397,1
30398,2
30399,2
30400,2
30401,2
30402,1
30403,1
30404,1
30405,1
30406,2
30407,2
30408,2
30409,1
30410,0
30411,2
30412,0
30413,2
30414,1
30415,1
30416,1
30417,1
30418,2
30419,0
30420,2
30421,2
30422,1
30423,2
30424,2
30425,1
30426,1
30427,1
30428,2
30429,1
30430,2
30431,0
30432,0
30433,0
30434,0
30435,2
30436,2
30437,2
30438,0
30439,1
30440,2
30441,1
30442,1
30443,2
30444,1
30445,2
30446,2
30447,2
30448,1
30449,0
30450,2
30451,2
30452,1
30453,2
30454,2
30455,0
30456,2
30457,2
30458,2
30459,2
30460,2
30461,2
30462,2
30463,2
30464,2
30465,2
30466,0
30467,2
30468,1
30469,0
30470,2
30471,1
30472,2
30473,2
30474,2
30475,1
30476,1
30477,2
30478,1
30479,2
30480,2
30481,2
30482,0
30483,0
30484,1
30485,1
30486,2
30487,0
30488,0
30489,1
30490,2
30491,2
30492,2
30493,1
30494,1
30495,1
30496,0
30497,1
30498,0
30499,1
30500,1
30501,2
30502,2
30503,2
30504,1
30505,2
30506,1
30507,2
30508,0
30509,1
30510,1
30511,1
30512,2
30513,2
30514,2
30515,2
30516,1
30517,2
30518,1
30519,2
30520,1
30521,1
30522,1
30523,2
30524,2
30525,2
30526,2
30527,1
30528,2
30529,0
30530,1
30531,2
30532,1
30533,1
30534,2
30535,1
30536,1
30537,2
30538,2
30539,2
30540,2
30541,1
30542,2
30543,0
30544,2
30545,2
30546,2
30547,2
30548,0
30549,2
30550,2
30551,0
30552,1
30553,1
30554,2
30555,1
30556,0
30557,2
30558,0
30559,2
30560,1
30561,1
30562,1
30563,2
30564,2
30565,2
30566,1
30567,2
30568,2
30569,1
30570,1
30571,2
30572,2
30573,2
30574,1
30575,0
30576,1
30577,1
30578,0
30579,1
30580,2
30581,1
30582,2
30583,2
30584,1
30585,1
30586,1
30587,2
30588,1
30589,1
30590,1
30591,1
30592,2
30593,2
30594,1
30595,2
30596,0
30597,1
30598,0
30599,2
30600,1
30601,2
30602,2
30603,0
30604,2
30605,2
30606,1
30607,2
30608,1
30609,2
30610,0
30611,1
30612,1
30613,2
30614,1
30615,1
30616,1
30617,0
30618,2
30619,2
30620,1
30621,1
30622,2
30623,1
30624,0
30625,1
30626,2
30627,2
30628,1
30629,2
30630,2
30631,2
30632,1
30633,1
30634,2
30635,2
30636,2
30637,1
30638,2
30639,1
30640,2
30641,0
30642,1
30643,1
30644,2
30645,1
30646,2
30647,2
30648,2
30649,1
30650,0
30651,2
30652,2
30653,1
30654,2
30655,2
30656,2
30657,2
30658,2
30659,0
30660,1
30661,2
30662,1
30663,0
30664,1
30665,1
30666,0
30667,2
30668,2
30669,2
30670,2
30671,2
30672,2
30673,2
30674,1
30675,1
30676,1
30677,2
30678,0
30679,0
30680,2
30681,2
30682,2
30683,2
30684,0
30685,1
30686,2
30687,0
30688,2
30689,1
30690,2
30691,0
30692,2
30693,1
30694,2
30695,0
30696,2
30697,0
30698,1
30699,0
30700,1
30701,2
30702,2
30703,2
30704,1
30705,1
30706,2
30707,1
30708,2
30709,2
30710,2
30711,2
30712,1
30713,0
30714,2
30715,2
30716,1
30717,0
30718,1
30719,1
30720,2
30721,1
30722,0
30723,1
30724,2
30725,1
30726,2
30727,1
30728,2
30729,1
30730,2
30731,2
30732,2
30733,2
30734,1
30735,1
30736,2
30737,1
30738,1
30739,2
30740,1
30741,1
30742,0
30743,1
30744,2
30745,1
30746,2
30747,1
30748,2
30749,1
30750,2
30751,0
30752,0
30753,1
30754,2
30755,1
30756,1
30757,0
30758,2
30759,2
30760,1
30761,2
30762,1
30763,2
30764,2
30765,2
30766,1
30767,2
30768,2
30769,1
30770,2
30771,1
30772,1
30773,2
30774,1
30775,2
30776,1
30777,2
30778,2
30779,2
30780,0
30781,2
30782,2
30783,1
30784,2
30785,0
30786,2
30787,2
30788,0
30789,1
30790,1
30791,1
30792,2
30793,2
30794,0
30795,1
30796,1
30797,1
30798,2
30799,2
30800,1
30801,1
30802,0
30803,2
30804,1
30805,1
30806,2
30807,0
30808,0
30809,1
30810,2
30811,0
30812,2
30813,1
30814,2
30815,0
30816,1
30817,2
30818,1
30819,1
30820,2
30821,2
30822,2
30823,2
30824,0
30825,2
30826,0
30827,2
30828,1
30829,1
30830,1
30831,2
30832,2
30833,1
30834,2
30835,2
30836,2
30837,2
30838,1
30839,2
30840,2
30841,1
30842,2
30843,2
30844,2
30845,2
30846,2
30847,0
30848,2
30849,1
30850,1
30851,1
30852,1
30853,1
30854,1
30855,1
30856,2
30857,0
30858,1
30859,1
30860,2
30861,1
30862,1
30863,1
30864,2
30865,1
30866,2
30867,0
30868,1
30869,2
30870,2
30871,2
30872,1
30873,2
30874,0
30875,1
30876,2
30877,2
30878,2
30879,0
30880,1
30881,1
30882,2
30883,2
30884,1
30885,1
30886,1
30887,0
30888,1
30889,2
30890,1
30891,0
30892,1
30893,2
30894,1
30895,2
30896,2
30897,0
30898,0
30899,1
30900,1
30901,0
30902,1
30903,1
30904,2
30905,2
30906,2
30907,2
30908,1
30909,1
30910,0
30911,2
30912,2
30913,2
30914,0
30915,0
30916,1
30917,2
30918,2
30919,1
30920,1
30921,0
30922,2
30923,2
30924,2
30925,1
30926,1
30927,1
30928,2
30929,2
30930,1
30931,0
30932,2
30933,1
30934,1
30935,2
30936,2
30937,2
30938,1
30939,1
30940,2
30941,1
30942,2
30943,1
30944,2
30945,2
30946,2
30947,1
30948,2
30949,2
30950,0
30951,2
30952,0
30953,2
30954,0
30955,2
30956,0
30957,2
30958,2
30959,1
30960,2
30961,2
30962,1
30963,1
30964,2
30965,1
30966,1
30967,2
30968,2
30969,2
30970,1
30971,2
30972,2
30973,2
30974,2
30975,2
30976,1
30977,2
30978,2
30979,2
30980,2
30981,1
30982,2
30983,2
30984,2
30985,2
30986,2
30987,2
30988,2
30989,2
30990,1
30991,0
30992,2
30993,1
30994,0
30995,1
30996,2
30997,1
30998,2
30999,1
31000,2
31001,2
31002,2
31003,1
31004,2
31005,1
31006,2
31007,1
31008,0
31009,1
31010,1
31011,2
31012,2
31013,2
31014,2
31015,1
31016,1
31017,0
31018,1
31019,1
31020,1
31021,1
31022,2
31023,2
31024,1
31025,2
31026,1
31027,2
31028,1
31029,1
31030,2
31031,2
31032,2
31033,2
31034,2
31035,2
31036,1
31037,1
31038,1
31039,1
31040,0
31041,2
31042,0
31043,2
31044,1
31045,2
31046,2
31047,2
31048,1
31049,1
31050,2
31051,1
31052,2
31053,0
31054,1
31055,0
31056,1
31057,0
31058,1
31059,1
31060,2
31061,2
31062,1
31063,1
31064,1
31065,1
31066,1
31067,1
31068,1
31069,2
31070,2
31071,2
31072,0
31073,2
31074,1
31075,2
31076,2
31077,1
31078,0
31079,1
31080,2
31081,1
31082,1
31083,1
31084,1
31085,2
31086,2
31087,2
31088,0
31089,2
31090,1
31091,1
31092,0
31093,1
31094,1
31095,2
31096,2
31097,1
31098,1
31099,1
31100,2
31101,1
31102,2
31103,2
31104,1
31105,2
31106,1
31107,2
31108,1
31109,2
31110,0
31111,1
31112,2
31113,1
31114,0
31115,2
31116,2
31117,0
31118,1
31119,2
31120,1
31121,2
31122,2
31123,0
31124,2
31125,2
31126,1
31127,2
31128,1
31129,1
31130,2
31131,1
31132,2
31133,1
31134,2
31135,2
31136,2
31137,2
31138,0
31139,2
31140,1
31141,0
31142,2
31143,2
31144,2
31145,1
31146,1
31147,1
31148,1
31149,1
31150,0
31151,1
31152,2
31153,2
31154,2
31155,2
31156,2
31157,1
31158,2
31159,2
31160,1
31161,1
31162,2
31163,1
31164,2
31165,2
31166,2
31167,1
31168,1
31169,1
31170,1
31171,2
31172,2
31173,2
31174,1
31175,2
31176,1
31177,0
31178,2
31179,2
31180,1
31181,2
31182,2
31183,2
31184,2
31185,1
31186,1
31187,2
31188,2
31189,2
31190,0
31191,2
31192,2
31193,2
31194,1
31195,2
31196,1
31197,2
31198,2
31199,2
31200,2
31201,1
31202,1
31203,2
31204,1
31205,2
31206,2
31207,1
31208,0
31209,0
31210,1
31211,0
31212,2
31213,0
31214,0
31215,1
31216,2
31217,2
31218,2
31219,1
31220,1
31221,2
31222,1
31223,1
31224,2
31225,2
31226,2
31227,1
31228,1
31229,2
31230,1
31231,1
31232,2
31233,2
31234,2
31235,2
31236,1
31237,2
31238,2
31239,1
31240,0
31241,1
31242,2
31243,1
31244,2
31245,2
31246,2
31247,2
31248,2
31249,0
31250,2
31251,2
31252,2
31253,1
31254,0
31255,2
31256,2
31257,2
31258,1
31259,1
31260,1
31261,1
31262,0
31263,2
31264,2
31265,2
31266,2
31267,2
31268,0
31269,2
31270,2
31271,2
31272,2
31273,2
31274,2
31275,2
31276,1
31277,2
31278,2
31279,2
31280,0
31281,2
31282,2
31283,0
31284,1
31285,2
31286,1
31287,2
31288,2
31289,2
31290,2
31291,2
31292,2
31293,1
31294,2
31295,2
31296,2
31297,2
31298,1
31299,2
31300,1
31301,2
31302,0
31303,1
31304,1
31305,2
31306,2
31307,2
31308,1
31309,1
31310,2
31311,0
31312,2
31313,2
31314,1
31315,2
31316,2
31317,1
31318,0
31319,1
31320,2
31321,2
31322,0
31323,2
31324,1
31325,2
31326,1
31327,2
31328,2
31329,0
31330,0
31331,1
31332,1
31333,2
31334,2
31335,1
31336,1
31337,2
31338,1
31339,1
31340,1
31341,0
31342,2
31343,2
31344,2
31345,2
31346,1
31347,0
31348,2
31349,1
31350,2
31351,2
31352,2
31353,1
31354,2
31355,2
31356,2
31357,2
31358,0
31359,2
31360,1
31361,2
31362,2
31363,2
31364,2
31365,2
31366,2
31367,2
31368,2
31369,2
31370,2
31371,1
31372,2
31373,0
31374,2
31375,0
31376,2
31377,2
31378,2
31379,1
31380,2
31381,2
31382,2
31383,2
31384,2
31385,1
31386,2
31387,2
31388,1
31389,2
31390,2
31391,1
31392,2
31393,1
31394,1
31395,2
31396,1
31397,1
31398,1
31399,1
31400,2
31401,1
31402,2
31403,1
31404,1
31405,1
31406,2
31407,1
31408,2
31409,0
31410,2
31411,1
31412,1
31413,2
31414,2
31415,2
31416,1
31417,1
31418,2
31419,2
31420,1
31421,1
31422,1
31423,1
31424,0
31425,2
31426,2
31427,1
31428,2
31429,1
31430,1
31431,2
31432,1
31433,2
31434,1
31435,2
31436,2
31437,1
31438,2
31439,2
31440,0
31441,1
31442,1
31443,2
31444,2
31445,2
31446,2
31447,2
31448,2
31449,2
31450,2
31451,2
31452,2
31453,1
31454,2
31455,1
31456,2
31457,0
31458,1
31459,1
31460,2
31461,1
31462,1
31463,2
31464,2
31465,2
31466,1
31467,2
31468,2
31469,0
31470,2
31471,1
31472,2
31473,1
31474,0
31475,2
31476,2
31477,2
31478,1
31479,1
31480,2
31481,0
31482,1
31483,2
31484,1
31485,1
31486,1
31487,1
31488,1
31489,2
31490,0
31491,2
31492,1
31493,1
31494,1
31495,1
31496,2
31497,2
31498,1
31499,2
31500,1
31501,2
31502,2
31503,2
31504,1
31505,1
31506,2
31507,2
31508,1
31509,1
31510,2
31511,2
31512,2
31513,1
31514,1
31515,1
31516,1
31517,2
31518,2
31519,0
31520,1
31521,2
31522,2
31523,1
31524,2
31525,1
31526,1
31527,1
31528,2
31529,2
31530,1
31531,0
31532,2
31533,1
31534,0
31535,0
31536,1
31537,2
31538,2
31539,0
31540,0
31541,2
31542,2
31543,2
31544,2
31545,0
31546,2
31547,0
31548,1
31549,1
31550,1
31551,1
31552,2
31553,0
31554,2
31555,2
31556,2
31557,2
31558,2
31559,2
31560,1
31561,1
31562,1
31563,2
31564,2
31565,0
31566,1
31567,2
31568,2
31569,1
31570,1
31571,2
31572,1
31573,2
31574,2
31575,1
31576,2
31577,2
31578,2
31579,1
31580,1
31581,1
31582,2
31583,0
31584,2
31585,1
31586,0
31587,0
31588,0
31589,2
31590,1
31591,2
31592,1
31593,2
31594,2
31595,2
31596,2
31597,2
31598,2
31599,2
31600,2
31601,0
31602,1
31603,0
31604,0
31605,1
31606,2
31607,2
31608,0
31609,1
31610,2
31611,2
31612,0
31613,1
31614,2
31615,2
31616,1
31617,2
31618,2
31619,2
31620,1
31621,2
31622,2
31623,0
31624,2
31625,2
31626,2
31627,0
31628,1
31629,1
31630,1
31631,1
31632,0
31633,1
31634,2
31635,2
31636,2
31637,0
31638,1
31639,2
31640,0
31641,2
31642,1
31643,1
31644,1
31645,1
31646,1
31647,1
31648,1
31649,1
31650,2
31651,2
31652,1
31653,1
31654,2
31655,1
31656,2
31657,1
31658,2
31659,2
31660,2
31661,2
31662,2
31663,2
31664,1
31665,0
31666,1
31667,1
31668,0
31669,1
31670,2
31671,1
31672,2
31673,2
31674,2
31675,1
31676,2
31677,2
31678,1
31679,1
31680,0
31681,0
31682,1
31683,1
31684,2
31685,2
31686,0
31687,1
31688,2
31689,2
31690,0
31691,2
31692,1
31693,1
31694,2
31695,2
31696,2
31697,2
31698,1
31699,0
31700,1
31701,2
31702,2
31703,2
31704,2
31705,1
31706,2
31707,0
31708,0
31709,0
31710,1
31711,1
31712,1
31713,2
31714,0
31715,1
31716,2
31717,2
31718,0
31719,1
31720,0
31721,1
31722,2
31723,1
31724,0
31725,1
31726,1
31727,2
31728,2
31729,2
31730,2
31731,2
31732,0
31733,1
31734,1
31735,1
31736,2
31737,2
31738,2
31739,0
31740,2
31741,1
31742,1
31743,0
31744,2
31745,1
31746,2
31747,2
31748,2
31749,2
31750,2
31751,2
31752,1
31753,0
31754,0
31755,2
31756,2
31757,0
31758,0
31759,2
31760,0
31761,2
31762,1
31763,2
31764,2
31765,1
31766,2
31767,1
31768,1
31769,1
31770,1
31771,1
31772,0
31773,1
31774,2
31775,2
31776,2
31777,1
31778,1
31779,1
31780,2
31781,2
31782,1
31783,2
31784,0
31785,2
31786,2
31787,2
31788,2
31789,2
31790,2
31791,1
31792,2
31793,1
31794,1
31795,2
31796,2
31797,1
31798,2
31799,0
31800,2
31801,0
31802,2
31803,1
31804,1
31805,2
31806,1
31807,2
31808,2
31809,2
31810,0
31811,1
31812,2
31813,1
31814,0
31815,2
31816,0
31817,2
31818,1
31819,1
31820,2
31821,0
31822,2
31823,2
31824,1
31825,2
31826,1
31827,2
31828,1
31829,1
31830,0
31831,1
31832,1
31833,1
31834,1
31835,1
31836,1
31837,2
31838,2
31839,2
31840,1
31841,2
31842,2
31843,2
31844,1
31845,2
31846,2
31847,0
31848,1
31849,2
31850,2
31851,1
31852,2
31853,2
31854,1
31855,1
31856,2
31857,1
31858,2
31859,1
31860,1
31861,2
31862,2
31863,0
31864,1
31865,0
31866,2
31867,2
31868,2
31869,0
31870,2
31871,2
31872,2
31873,2
31874,1
31875,1
31876,1
31877,1
31878,2
31879,2
31880,2
31881,2
31882,1
31883,1
31884,2
31885,2
31886,1
31887,1
31888,2
31889,2
31890,1
31891,1
31892,1
31893,1
31894,1
31895,2
31896,2
31897,1
31898,1
31899,0
31900,1
31901,2
31902,1
31903,0
31904,0
31905,2
31906,1
31907,2
31908,2
31909,1
31910,0
31911,1
31912,0
31913,2
31914,2
31915,0
31916,1
31917,2
31918,2
31919,1
31920,1
31921,2
31922,1
31923,0
31924,2
31925,2
31926,2
31927,1
31928,0
31929,1
31930,2
31931,0
31932,2
31933,2
31934,2
31935,2
31936,2
31937,1
31938,1
31939,2
31940,2
31941,2
31942,1
31943,1
31944,1
31945,1
31946,0
31947,0
31948,2
31949,1
31950,2
31951,2
31952,2
31953,1
31954,1
31955,1
31956,2
31957,2
31958,1
31959,2
31960,1
31961,1
31962,2
31963,1
31964,1
31965,2
31966,1
31967,2
31968,2
31969,1
31970,1
31971,2
31972,2
31973,1
31974,1
31975,2
31976,1
31977,2
31978,1
31979,2
31980,1
31981,1
31982,2
31983,1
31984,1
31985,1
31986,1
31987,2
31988,2
31989,2
31990,2
31991,1
31992,2
31993,0
31994,2
31995,1
31996,1
31997,1
31998,2
31999,2
32000,1
32001,2
32002,1
32003,2
32004,2
32005,2
32006,0
32007,2
32008,2
32009,1
32010,1
32011,2
32012,2
32013,2
32014,2
32015,2
32016,1
32017,0
32018,2
32019,0
32020,2
32021,2
32022,2
32023,2
32024,0
32025,1
32026,1
32027,0
32028,2
32029,1
32030,2
32031,1
32032,2
32033,2
32034,2
32035,0
32036,2
32037,1
32038,2
32039,0
32040,2
32041,1
32042,1
32043,2
32044,2
32045,2
32046,2
32047,0
32048,1
32049,1
32050,2
32051,2
32052,1
32053,2
32054,0
32055,2
32056,2
32057,1
32058,1
32059,1
32060,2
32061,0
32062,1
32063,0
32064,1
32065,2
32066,2
32067,1
32068,0
32069,0
32070,2
32071,2
32072,2
32073,1
32074,1
32075,2
32076,1
32077,1
32078,2
32079,2
32080,2
32081,2
32082,2
32083,1
32084,1
32085,2
32086,2
32087,2
32088,1
32089,2
32090,2
32091,1
32092,2
32093,0
32094,1
32095,1
32096,1
32097,2
32098,2
32099,2
32100,2
32101,2
32102,0
32103,2
32104,2
32105,2
32106,2
32107,1
32108,1
32109,2
32110,2
32111,2
32112,2
32113,2
32114,2
32115,0
32116,2
32117,2
32118,2
32119,1
32120,1
32121,0
32122,2
32123,2
32124,2
32125,1
32126,2
32127,2
32128,1
32129,2
32130,2
32131,2
32132,2
32133,2
32134,1
32135,1
32136,1
32137,2
32138,1
32139,2
32140,2
32141,0
32142,1
32143,2
32144,1
32145,1
32146,0
32147,1
32148,1
32149,1
32150,2
32151,1
32152,1
32153,1
32154,2
32155,1
32156,2
32157,1
32158,1
32159,2
32160,1
32161,1
32162,1
32163,0
32164,2
32165,2
32166,1
32167,2
32168,1
32169,1
32170,1
32171,1
32172,1
32173,2
32174,1
32175,1
32176,1
32177,2
32178,1
32179,1
32180,2
32181,2
32182,1
32183,1
32184,2
32185,1
32186,1
32187,2
32188,0
32189,1
32190,1
32191,1
32192,2
32193,1
32194,0
32195,2
32196,1
32197,1
32198,2
32199,0
32200,1
32201,1
32202,1
32203,2
32204,2
32205,1
32206,2
32207,0
32208,1
32209,0
32210,1
32211,1
32212,2
32213,2
32214,1
32215,2
32216,2
32217,1
32218,1
32219,1
32220,1
32221,2
32222,2
32223,0
32224,0
32225,2
32226,2
32227,2
32228,1
32229,1
32230,2
32231,2
32232,1
32233,2
32234,0
32235,2
32236,2
32237,1
32238,1
32239,2
32240,1
32241,0
32242,2
32243,2
32244,1
32245,2
32246,2
32247,0
32248,2
32249,2
32250,0
32251,0
32252,1
32253,2
32254,1
32255,0
32256,0
32257,0
32258,1
32259,2
32260,2
32261,2
32262,2
32263,0
32264,0
32265,1
32266,1
32267,2
32268,2
32269,2
32270,2
32271,2
32272,1
32273,1
32274,1
32275,2
32276,2
32277,2
32278,2
32279,2
32280,2
32281,1
32282,1
32283,2
32284,1
32285,2
32286,2
32287,1
32288,2
32289,2
32290,1
32291,0
32292,2
32293,1
32294,2
32295,1
32296,2
32297,1
32298,1
32299,1
32300,0
32301,2
32302,2
32303,2
32304,0
32305,0
32306,1
32307,0
32308,2
32309,2
32310,0
32311,2
32312,1
32313,1
32314,1
32315,2
32316,2
32317,1
32318,2
32319,2
32320,2
32321,2
32322,0
32323,2
32324,1
32325,2
32326,2
32327,2
32328,1
32329,2
32330,2
32331,0
32332,2
32333,0
32334,1
32335,2
32336,0
32337,2
32338,0
32339,2
32340,1
32341,2
32342,1
32343,0
32344,2
32345,1
32346,0
32347,2
32348,2
32349,2
32350,2
32351,2
32352,2
32353,1
32354,1
32355,1
32356,2
32357,2
32358,1
32359,1
32360,1
32361,0
32362,1
32363,0
32364,0
32365,2
32366,2
32367,1
32368,1
32369,1
32370,1
32371,2
32372,1
32373,2
32374,2
32375,2
32376,2
32377,2
32378,2
32379,1
32380,0
32381,2
32382,2
32383,0
32384,1
32385,0
32386,1
32387,0
32388,1
32389,1
32390,1
32391,1
32392,1
32393,2
32394,2
32395,1
32396,2
32397,2
32398,1
32399,2
32400,2
32401,2
32402,0
32403,1
32404,1
32405,1
32406,2
32407,2
32408,1
32409,2
32410,2
32411,2
32412,0
32413,2
32414,1
32415,1
32416,2
32417,2
32418,2
32419,1
32420,1
32421,0
32422,2
32423,0
32424,1
32425,2
32426,2
32427,2
32428,1
32429,2
32430,0
32431,2
32432,1
32433,2
32434,2
32435,1
32436,2
32437,2
32438,2
32439,1
32440,2
32441,0
32442,2
32443,1
32444,0
32445,2
32446,2
32447,0
32448,1
32449,2
32450,0
32451,2
32452,0
32453,2
32454,2
32455,2
32456,2
32457,2
32458,2
32459,1
32460,2
32461,2
32462,1
32463,2
32464,1
32465,2
32466,1
32467,1
32468,2
32469,0
32470,2
32471,0
32472,1
32473,2
32474,2
32475,0
32476,2
32477,2
32478,2
32479,1
32480,0
32481,2
32482,2
32483,2
32484,2
32485,0
32486,2
32487,2
32488,2
32489,2
32490,2
32491,2
32492,2
32493,2
32494,0
32495,1
32496,2
32497,2
32498,0
32499,2
32500,2
32501,2
32502,2
32503,2
32504,2
32505,1
32506,2
32507,1
32508,0
32509,1
32510,1
32511,1
32512,2
32513,2
32514,0
32515,1
32516,2
32517,2
32518,1
32519,2
32520,2
32521,0
32522,2
32523,2
32524,1
32525,2
32526,0
32527,2
32528,2
32529,2
32530,0
32531,0
32532,1
32533,2
32534,1
32535,2
32536,1
32537,1
32538,2
32539,2
32540,2
32541,2
32542,0
32543,1
32544,2
32545,1
32546,1
32547,1
32548,1
32549,2
32550,2
32551,2
32552,2
32553,1
32554,2
32555,1
32556,2
32557,0
32558,1
32559,1
32560,1
32561,2
32562,2
32563,2
32564,0
32565,2
32566,2
32567,2
32568,1
32569,2
32570,2
32571,2
32572,0
32573,0
32574,1
32575,2
32576,0
32577,2
32578,1
32579,2
32580,2
32581,2
32582,2
32583,0
32584,0
32585,2
32586,2
32587,1
32588,1
32589,0
32590,2
32591,1
32592,2
32593,2
32594,1
32595,2
32596,1
32597,2
32598,1
32599,0
32600,1
32601,1
32602,2
32603,1
32604,0
32605,2
32606,2
32607,0
32608,2
32609,1
32610,1
32611,1
32612,1
32613,1
32614,0
32615,2
32616,1
32617,0
32618,2
32619,2
32620,1
32621,2
32622,2
32623,2
32624,2
32625,1
32626,2
32627,0
32628,2
32629,2
32630,2
32631,2
32632,1
32633,1
32634,2
32635,1
32636,2
32637,2
32638,0
32639,0
32640,2
32641,1
32642,1
32643,2
32644,2
32645,1
32646,2
32647,2
32648,1
32649,2
32650,2
32651,0
32652,2
32653,0
32654,2
32655,2
32656,1
32657,1
32658,2
32659,1
32660,2
32661,2
32662,1
32663,2
32664,1
32665,1
32666,2
32667,2
32668,2
32669,1
32670,2
32671,2
32672,2
32673,1
32674,0
32675,1
32676,1
32677,2
32678,2
32679,2
32680,1
32681,2
32682,1
32683,1
32684,2
32685,2
32686,1
32687,2
32688,0
32689,1
32690,0
32691,2
32692,2
32693,1
32694,2
32695,1
32696,2
32697,2
32698,2
32699,1
32700,2
32701,2
32702,2
32703,0
32704,0
32705,2
32706,1
32707,0
32708,0
32709,2
32710,2
32711,1
32712,2
32713,2
32714,0
32715,0
32716,1
32717,2
32718,2
32719,0
32720,2
32721,2
32722,2
32723,0
32724,2
32725,2
32726,2
32727,1
32728,1
32729,1
32730,1
32731,0
32732,1
32733,2
32734,1
32735,1
32736,1
32737,2
32738,1
32739,1
32740,1
32741,2
32742,1
32743,2
32744,1
32745,2
32746,1
32747,1
32748,1
32749,2
32750,1
32751,1
32752,1
32753,0
32754,1
32755,2
32756,1
32757,2
32758,1
32759,1
32760,1
32761,2
32762,2
32763,2
32764,2
32765,1
32766,1
32767,2
32768,1
32769,2
32770,0
32771,2
32772,2
32773,2
32774,1
32775,1
32776,2
32777,1
32778,1
32779,2
32780,1
32781,1
32782,2
32783,1
32784,1
32785,2
32786,2
32787,2
32788,2
32789,2
32790,2
32791,0
32792,2
32793,1
32794,1
32795,2
32796,1
32797,2
32798,1
32799,1
32800,1
32801,2
32802,2
32803,2
32804,1
32805,0
32806,2
32807,1
32808,2
32809,2
32810,1
32811,1
32812,2
32813,1
32814,2
32815,2
32816,0
32817,0
32818,1
32819,1
32820,2
32821,1
32822,0
32823,1
32824,2
32825,2
32826,1
32827,2
32828,1
32829,1
32830,1
32831,0
32832,1
32833,2
32834,2
32835,1
32836,1
32837,2
32838,2
32839,2
32840,1
32841,1
32842,2
32843,2
32844,1
32845,2
32846,2
32847,1
32848,2
32849,2
32850,2
32851,0
32852,1
32853,2
32854,1
32855,2
32856,2
32857,2
32858,0
32859,1
32860,1
32861,1
32862,2
32863,0
32864,2
32865,2
32866,1
32867,2
32868,1
32869,2
32870,1
32871,1
32872,0
32873,2
32874,2
32875,1
32876,1
32877,2
32878,1
32879,0
32880,0
32881,1
32882,1
32883,1
32884,1
32885,2
32886,1
32887,2
32888,1
32889,2
32890,1
32891,2
32892,0
32893,2
32894,1
32895,2
32896,1
32897,2
32898,2
32899,2
32900,2
32901,1
32902,1
32903,2
32904,1
32905,2
32906,2
32907,2
32908,0
32909,2
32910,2
32911,1
32912,1
32913,1
32914,2
32915,1
32916,2
32917,2
32918,1
32919,2
32920,1
32921,2
32922,2
32923,1
32924,1
32925,1
32926,2
32927,2
32928,0
32929,2
32930,1
32931,1
32932,2
32933,2
32934,1
32935,1
32936,1
32937,1
32938,0
32939,1
32940,2
32941,2
32942,1
32943,1
32944,2
32945,1
32946,1
32947,2
32948,2
32949,2
32950,0
32951,2
32952,0
32953,2
32954,2
32955,2
32956,1
32957,2
32958,1
32959,2
32960,2
32961,2
32962,2
32963,1
32964,2
32965,2
32966,2
32967,0
32968,2
32969,0
32970,2
32971,1
32972,0
32973,1
32974,2
32975,1
32976,1
32977,2
32978,2
32979,1
32980,1
32981,1
32982,0
32983,1
32984,1
32985,0
32986,0
32987,2
32988,2
32989,1
32990,0
32991,2
32992,1
32993,2
32994,1
32995,2
32996,1
32997,2
32998,2
32999,2
33000,0
33001,0
33002,1
33003,2
33004,1
33005,1
33006,1
33007,2
33008,2
33009,0
33010,1
33011,0
33012,2
33013,2
33014,1
33015,2
33016,2
33017,1
33018,0
33019,1
33020,1
33021,2
33022,1
33023,2
33024,1
33025,1
33026,0
33027,0
33028,1
33029,1
33030,1
33031,2
33032,0
33033,2
33034,2
33035,2
33036,0
33037,2
33038,2
33039,2
33040,1
33041,2
33042,1
33043,1
33044,1
33045,0
33046,1
33047,2
33048,2
33049,1
33050,2
33051,2
33052,2
33053,0
33054,1
33055,0
33056,2
33057,1
33058,2
33059,2
33060,2
33061,2
33062,0
33063,2
33064,2
33065,2
33066,0
33067,2
33068,2
33069,2
33070,2
33071,2
33072,2
33073,2
33074,1
33075,2
33076,2
33077,1
33078,2
33079,2
33080,2
33081,1
33082,1
33083,0
33084,1
33085,0
33086,2
33087,2
33088,1
33089,2
33090,2
33091,1
33092,1
33093,1
33094,2
33095,1
33096,2
33097,2
33098,0
33099,1
33100,0
33101,1
33102,1
33103,2
33104,1
33105,1
33106,2
33107,1
33108,2
33109,1
33110,2
33111,1
33112,2
33113,2
33114,2
33115,2
33116,1
33117,0
33118,2
33119,0
33120,1
33121,1
33122,1
33123,2
33124,2
33125,2
33126,2
33127,1
33128,0
33129,2
33130,0
33131,2
33132,2
33133,1
33134,1
33135,1
33136,2
33137,1
33138,1
33139,2
33140,2
33141,2
33142,2
33143,2
33144,2
33145,2
33146,2
33147,1
33148,2
33149,1
33150,2
33151,2
33152,2
33153,2
33154,2
33155,1
33156,1
33157,1
33158,0
33159,1
33160,2
33161,2
33162,0
33163,2
33164,2
33165,0
33166,2
33167,0
33168,2
33169,2
33170,2
33171,2
33172,1
33173,2
33174,2
33175,1
33176,0
33177,1
33178,1
33179,2
33180,1
33181,0
33182,1
33183,1
33184,2
33185,2
33186,0
33187,2
33188,2
33189,1
33190,2
33191,0
33192,0
33193,2
33194,1
33195,2
33196,1
33197,2
33198,2
33199,2
33200,1
33201,1
33202,0
33203,2
33204,2
33205,0
33206,1
33207,2
33208,1
33209,2
33210,2
33211,1
33212,2
33213,1
33214,1
33215,2
33216,2
33217,2
33218,2
33219,2
33220,2
33221,1
33222,2
33223,2
33224,2
33225,1
33226,2
33227,2
33228,1
33229,1
33230,1
33231,1
33232,2
33233,1
33234,2
33235,2
33236,1
33237,1
33238,0
33239,1
33240,2
33241,2
33242,0
33243,0
33244,0
33245,1
33246,1
33247,2
33248,0
33249,1
33250,2
33251,2
33252,2
33253,0
33254,2
33255,1
33256,1
33257,1
33258,2
33259,2
33260,1
33261,1
33262,2
33263,2
33264,2
33265,2
33266,2
33267,2
33268,1
33269,1
33270,2
33271,0
33272,2
33273,1
33274,0
33275,2
33276,2
33277,2
33278,2
33279,0
33280,0
33281,1
33282,2
33283,2
33284,2
33285,0
33286,2
33287,2
33288,2
33289,1
33290,2
33291,2
33292,1
33293,1
33294,0
33295,2
33296,1
33297,2
33298,2
33299,1
33300,0
33301,2
33302,2
33303,0
33304,0
33305,2
33306,1
33307,2
33308,1
33309,1
33310,2
33311,1
33312,2
33313,1
33314,1
33315,0
33316,2
33317,1
33318,2
33319,2
33320,2
33321,1
33322,2
33323,2
33324,0
33325,1
33326,1
33327,2
33328,2
33329,0
33330,2
33331,0
33332,2
33333,1
33334,1
33335,2
33336,1
33337,2
33338,2
33339,2
33340,1
33341,2
33342,2
33343,0
33344,2
33345,1
33346,2
33347,0
33348,2
33349,0
33350,2
33351,2
33352,2
33353,0
33354,1
33355,1
33356,2
33357,1
33358,2
33359,0
33360,0
33361,1
33362,2
33363,1
33364,1
33365,1
33366,2
33367,1
33368,1
33369,1
33370,1
33371,2
33372,2
33373,2
33374,1
33375,0
33376,1
33377,2
33378,2
33379,2
33380,1
33381,2
33382,1
33383,1
33384,2
33385,2
33386,2
33387,2
33388,2
33389,0
33390,0
33391,1
33392,1
33393,2
33394,2
33395,2
33396,0
33397,2
33398,2
33399,2
33400,1
33401,2
33402,2
33403,2
33404,1
33405,1
33406,2
33407,0
33408,2
33409,2
33410,1
33411,1
33412,2
33413,1
33414,2
33415,2
33416,2
33417,2
33418,0
33419,1
33420,2
33421,2
33422,1
33423,1
33424,1
33425,1
33426,2
33427,2
33428,2
33429,1
33430,0
33431,2
33432,1
33433,2
33434,1
33435,2
33436,1
33437,1
33438,0
33439,0
33440,2
33441,1
33442,1
33443,1
33444,1
33445,1
33446,2
33447,2
33448,0
33449,1
33450,2
33451,2
33452,1
33453,2
33454,2
33455,1
33456,0
33457,2
33458,1
33459,2
33460,2
33461,1
33462,0
33463,2
33464,1
33465,2
33466,0
33467,0
33468,1
33469,1
33470,0
33471,1
33472,2
33473,0
33474,2
33475,2
33476,1
33477,2
33478,1
33479,2
33480,2
33481,1
33482,2
33483,2
33484,0
33485,2
33486,2
33487,0
33488,2
33489,2
33490,1
33491,2
33492,1
33493,2
33494,2
33495,2
33496,2
33497,2
33498,2
33499,1
33500,1
33501,1
33502,2
33503,1
33504,2
33505,0
33506,1
33507,1
33508,2
33509,2
33510,0
33511,2
33512,0
33513,1
33514,1
33515,2
33516,1
33517,2
33518,1
33519,2
33520,2
33521,0
33522,2
33523,0
33524,2
33525,0
33526,2
33527,2
33528,2
33529,2
33530,1
33531,0
33532,2
33533,1
33534,0
33535,1
33536,2
33537,1
33538,0
33539,2
33540,2
33541,2
33542,1
33543,1
33544,2
33545,1
33546,1
33547,0
33548,0
33549,0
33550,0
33551,1
33552,2
33553,0
33554,0
33555,2
33556,2
33557,2
33558,2
33559,2
33560,2
33561,2
33562,1
33563,2
33564,2
33565,2
33566,2
33567,2
33568,2
33569,1
33570,1
33571,2
33572,1
33573,1
33574,2
33575,1
33576,2
33577,2
33578,2
33579,1
33580,0
33581,2
33582,1
33583,1
33584,1
33585,1
33586,0
33587,2
33588,0
33589,2
33590,2
33591,2
33592,1
33593,1
33594,2
33595,1
33596,2
33597,1
33598,0
33599,0
33600,2
33601,2
33602,2
33603,1
33604,2
33605,1
33606,2
33607,2
33608,1
33609,2
33610,0
33611,1
33612,2
33613,1
33614,1
33615,2
33616,2
33617,2
33618,0
33619,2
33620,1
33621,2
33622,1
33623,2
33624,2
33625,2
33626,2
33627,2
33628,2
33629,2
33630,0
33631,2
33632,0
33633,1
33634,1
33635,1
33636,1
33637,2
33638,1
33639,2
33640,1
33641,1
33642,1
33643,2
33644,2
33645,1
33646,1
33647,1
33648,2
33649,1
33650,1
33651,2
33652,1
33653,1
33654,1
33655,2
33656,0
33657,2
33658,2
33659,2
33660,0
33661,2
33662,2
33663,0
33664,2
33665,2
33666,0
33667,1
33668,0
33669,2
33670,0
33671,1
33672,2
33673,1
33674,2
33675,1
33676,1
33677,2
33678,1
33679,1
33680,2
33681,2
33682,2
33683,1
33684,2
33685,0
33686,2
33687,0
33688,2
33689,1
33690,2
33691,1
33692,2
33693,2
33694,1
33695,2
33696,2
33697,1
33698,2
33699,2
33700,2
33701,1
33702,0
33703,1
33704,1
33705,1
33706,1
33707,2
33708,2
33709,0
33710,2
33711,2
33712,1
33713,0
33714,2
33715,1
33716,2
33717,0
33718,2
33719,1
33720,2
33721,1
33722,2
33723,2
33724,1
33725,1
33726,1
33727,1
33728,1
33729,0
33730,0
33731,1
33732,0
33733,2
33734,1
33735,0
33736,1
33737,0
33738,2
33739,1
33740,2
33741,1
33742,2
33743,0
33744,2
33745,0
33746,2
33747,2
33748,2
33749,2
33750,2
33751,1
33752,0
33753,0
33754,2
33755,0
33756,2
33757,1
33758,2
33759,0
33760,2
33761,2
33762,2
33763,2
33764,2
33765,0
33766,2
33767,2
33768,2
33769,1
33770,1
33771,1
33772,2
33773,1
33774,1
33775,1
33776,2
33777,1
33778,0
33779,2
33780,2
33781,1
33782,0
33783,2
33784,1
33785,0
33786,2
33787,1
33788,0
33789,2
33790,1
33791,2
33792,1
33793,2
33794,1
33795,1
33796,2
33797,1
33798,1
33799,2
33800,2
33801,1
33802,2
33803,1
33804,2
33805,2
33806,2
33807,2
33808,2
33809,2
33810,1
33811,2
33812,1
33813,1
33814,1
33815,2
33816,2
33817,0
33818,1
33819,1
33820,2
33821,1
33822,0
33823,2
33824,1
33825,1
33826,1
33827,2
33828,1
33829,2
33830,2
33831,2
33832,2
33833,2
33834,2
33835,2
33836,2
33837,2
33838,2
33839,1
33840,1
33841,1
33842,2
33843,2
33844,2
33845,0
33846,1
33847,2
33848,1
33849,2
33850,1
33851,2
33852,1
33853,1
33854,0
33855,1
33856,2
33857,0
33858,2
33859,0
33860,2
33861,1
33862,2
33863,1
33864,1
33865,2
33866,1
33867,1
33868,1
33869,1
33870,0
33871,0
33872,1
33873,2
33874,2
33875,1
33876,2
33877,2
33878,0
33879,1
33880,1
33881,1
33882,2
33883,1
33884,1
33885,1
33886,0
33887,2
33888,1
33889,1
33890,2
33891,2
33892,0
33893,0
33894,2
33895,1
33896,2
33897,1
33898,2
33899,2
33900,1
33901,1
33902,1
33903,0
33904,1
33905,1
33906,2
33907,2
33908,1
33909,1
33910,2
33911,1
33912,2
33913,0
33914,2
33915,1
33916,2
33917,0
33918,2
33919,1
33920,1
33921,1
33922,2
33923,0
33924,1
33925,1
33926,1
33927,2
33928,2
33929,2
33930,2
33931,2
33932,1
33933,2
33934,1
33935,1
33936,1
33937,2
33938,1
33939,2
33940,0
33941,2
33942,1
33943,1
33944,0
33945,1
33946,1
33947,2
33948,1
33949,2
33950,2
33951,1
33952,2
33953,0
33954,2
33955,0
33956,1
33957,2
33958,0
33959,1
33960,0
33961,1
33962,1
33963,1
33964,2
33965,1
33966,2
33967,2
33968,1
33969,1
33970,2
33971,1
33972,2
33973,0
33974,2
33975,2
33976,2
33977,0
33978,0
33979,2
33980,2
33981,2
33982,2
33983,1
33984,2
33985,1
33986,1
33987,1
33988,2
33989,2
33990,1
33991,2
33992,2
33993,1
33994,2
33995,1
33996,1
33997,2
33998,2
33999,1
34000,1
34001,1
34002,1
34003,2
34004,2
34005,1
34006,2
34007,1
34008,1
34009,2
34010,2
34011,2
34012,1
34013,1
34014,1
34015,2
34016,2
34017,1
34018,0
34019,1
34020,1
34021,2
34022,2
34023,2
34024,2
34025,0
34026,1
34027,2
34028,2
34029,2
34030,1
34031,1
34032,2
34033,1
34034,2
34035,2
34036,2
34037,1
34038,2
34039,2
34040,0
34041,1
34042,2
34043,0
34044,2
34045,2
34046,2
34047,2
34048,1
34049,2
34050,1
34051,0
34052,2
34053,2
34054,1
34055,1
34056,1
34057,0
34058,2
34059,2
34060,2
34061,0
34062,1
34063,2
34064,0
34065,2
34066,2
34067,2
34068,2
34069,1
34070,1
34071,1
34072,1
34073,2
34074,2
34075,1
34076,1
34077,1
34078,2
34079,2
34080,1
34081,1
34082,2
34083,2
34084,2
34085,2
34086,2
34087,1
34088,2
34089,1
34090,0
34091,2
34092,2
34093,2
34094,2
34095,1
34096,1
34097,1
34098,2
34099,1
34100,2
34101,2
34102,1
34103,0
34104,1
34105,2
34106,2
34107,0
34108,2
34109,2
34110,2
34111,1
34112,2
34113,2
34114,1
34115,2
34116,2
34117,2
34118,1
34119,2
34120,1
34121,2
34122,2
34123,1
34124,2
34125,2
34126,1
34127,2
34128,2
34129,0
34130,2
34131,1
34132,2
34133,2
34134,1
34135,2
34136,2
34137,2
34138,0
34139,1
34140,2
34141,2
34142,2
34143,2
34144,0
34145,2
34146,2
34147,1
34148,2
34149,1
34150,1
34151,1
34152,2
34153,1
34154,1
34155,1
34156,2
34157,1
34158,0
34159,2
34160,1
34161,2
34162,2
34163,1
34164,1
34165,0
34166,2
34167,2
34168,2
34169,2
34170,2
34171,2
34172,1
34173,0
34174,2
34175,1
34176,1
34177,0
34178,0
34179,2
34180,2
34181,2
34182,1
34183,2
34184,1
34185,0
34186,1
34187,1
34188,1
34189,2
34190,0
34191,1
34192,1
34193,1
34194,1
34195,0
34196,1
34197,1
34198,2
34199,1
34200,0
34201,2
34202,0
34203,1
34204,1
34205,1
34206,1
34207,1
34208,2
34209,0
34210,1
34211,1
34212,2
34213,1
34214,0
34215,0
34216,1
34217,2
34218,2
34219,2
34220,1
34221,2
34222,1
34223,0
34224,0
34225,1
34226,1
34227,1
34228,0
34229,2
34230,1
34231,2
34232,1
34233,2
34234,2
34235,1
34236,1
34237,1
34238,2
34239,2
34240,2
34241,1
34242,1
34243,1
34244,1
34245,1
34246,1
34247,2
34248,1
34249,2
34250,1
34251,2
34252,1
34253,2
34254,1
34255,2
34256,1
34257,2
34258,1
34259,2
34260,2
34261,1
34262,2
34263,2
34264,2
34265,1
34266,2
34267,1
34268,1
34269,0
34270,2
34271,2
34272,2
34273,0
34274,2
34275,1
34276,2
34277,2
34278,2
34279,1
34280,1
34281,1
34282,1
34283,2
34284,1
34285,2
34286,0
34287,1
34288,2
34289,1
34290,1
34291,2
34292,2
34293,0
34294,2
34295,1
34296,2
34297,1
34298,2
34299,1
34300,2
34301,0
34302,1
34303,2
34304,0
34305,0
34306,1
34307,1
34308,1
34309,1
34310,0
34311,1
34312,2
34313,2
34314,1
34315,0
34316,2
34317,2
34318,1
34319,2
34320,0
34321,1
34322,2
34323,2
34324,1
34325,2
34326,1
34327,2
34328,1
34329,2
34330,2
34331,1
34332,0
34333,0
34334,2
34335,1
34336,2
34337,2
34338,2
34339,2
34340,1
34341,2
34342,2
34343,1
34344,2
34345,2
34346,2
34347,0
34348,2
34349,1
34350,2
34351,2
34352,0
34353,2
34354,0
34355,2
34356,2
34357,2
34358,1
34359,2
34360,1
34361,0
34362,1
34363,2
34364,0
34365,0
34366,0
34367,1
34368,2
34369,2
34370,1
34371,2
34372,2
34373,1
34374,1
34375,1
34376,2
34377,2
34378,2
34379,1
34380,2
34381,1
34382,2
34383,1
34384,2
34385,1
34386,1
34387,0
34388,0
34389,1
34390,1
34391,2
34392,0
34393,2
34394,2
34395,2
34396,2
34397,1
34398,1
34399,2
34400,2
34401,0
34402,0
34403,2
34404,2
34405,2
34406,1
34407,1
34408,2
34409,2
34410,1
34411,2
34412,0
34413,0
34414,1
34415,1
34416,1
34417,1
34418,0
34419,1
34420,1
34421,2
34422,1
34423,1
34424,1
34425,2
34426,2
34427,2
34428,1
34429,1
34430,1
34431,2
34432,2
34433,2
34434,2
34435,1
34436,2
34437,2
34438,2
34439,2
34440,1
34441,1
34442,1
34443,1
34444,2
34445,1
34446,2
34447,2
34448,1
34449,1
34450,2
34451,2
34452,2
34453,2
34454,0
34455,2
34456,0
34457,0
34458,2
34459,1
34460,0
34461,2
34462,2
34463,0
34464,2
34465,2
34466,2
34467,1
34468,2
34469,0
34470,2
34471,2
34472,2
34473,0
34474,2
34475,1
34476,1
34477,0
34478,2
34479,2
34480,2
34481,1
34482,1
34483,2
34484,1
34485,2
34486,1
34487,2
34488,1
34489,2
34490,1
34491,1
34492,2
34493,2
34494,1
34495,0
34496,2
34497,2
34498,2
34499,1
34500,2
34501,1
34502,1
34503,2
34504,1
34505,2
34506,2
34507,2
34508,2
34509,1
34510,2
34511,1
34512,0
34513,2
34514,1
34515,1
34516,1
34517,0
34518,2
34519,1
34520,0
34521,1
34522,1
34523,2
34524,2
34525,2
34526,2
34527,2
34528,2
34529,0
34530,1
34531,2
34532,2
34533,2
34534,0
34535,1
34536,1
34537,1
34538,1
34539,2
34540,1
34541,2
34542,2
34543,0
34544,2
34545,0
34546,2
34547,2
34548,2
34549,2
34550,2
34551,2
34552,2
34553,0
34554,1
34555,1
34556,1
34557,2
34558,2
34559,2
34560,0
34561,1
34562,2
34563,2
34564,2
34565,2
34566,1
34567,2
34568,1
34569,2
34570,1
34571,2
34572,2
34573,1
34574,0
34575,2
34576,2
34577,2
34578,1
34579,2
34580,1
34581,2
34582,1
34583,2
34584,1
34585,2
34586,2
34587,1
34588,0
34589,2
34590,2
34591,2
34592,2
34593,2
34594,2
34595,1
34596,2
34597,1
34598,1
34599,1
34600,2
34601,2
34602,0
34603,2
34604,2
34605,2
34606,2
34607,2
34608,2
34609,1
34610,2
34611,2
34612,1
34613,2
34614,0
34615,1
34616,1
34617,2
34618,0
34619,1
34620,1
34621,2
34622,1
34623,1
34624,2
34625,1
34626,1
34627,2
34628,1
34629,1
34630,2
34631,2
34632,2
34633,1
34634,2
34635,1
34636,2
34637,1
34638,2
34639,2
34640,2
34641,2
34642,2
34643,0
34644,1
34645,2
34646,2
34647,1
34648,1
34649,2
34650,1
34651,2
34652,2
34653,0
34654,2
34655,2
34656,1
34657,1
34658,2
34659,2
34660,0
34661,1
34662,1
34663,2
34664,2
34665,2
34666,2
34667,2
34668,1
34669,2
34670,2
34671,0
34672,2
34673,2
34674,2
34675,2
34676,2
34677,2
34678,2
34679,2
34680,0
34681,2
34682,1
34683,2
34684,1
34685,1
34686,2
34687,1
34688,2
34689,1
34690,2
34691,1
34692,1
34693,2
34694,2
34695,1
34696,2
34697,2
34698,2
34699,1
34700,2
34701,2
34702,2
34703,2
34704,1
34705,1
34706,2
34707,1
34708,1
34709,1
34710,2
34711,1
34712,0
34713,2
34714,2
34715,2
34716,2
34717,2
34718,1
34719,2
34720,1
34721,2
34722,2
34723,1
34724,2
34725,1
34726,0
34727,1
34728,1
34729,1
34730,2
34731,2
34732,2
34733,2
34734,1
34735,1
34736,2
34737,2
34738,2
34739,2
34740,2
34741,0
34742,2
34743,1
34744,0
34745,1
34746,0
34747,1
34748,2
34749,1
34750,0
34751,2
34752,2
34753,2
34754,1
34755,2
34756,2
34757,2
34758,1
34759,0
34760,0
34761,2
34762,2
34763,0
34764,1
34765,2
34766,2
34767,1
34768,0
34769,2
34770,2
34771,2
34772,1
34773,2
34774,1
34775,1
34776,2
34777,1
34778,0
34779,2
34780,2
34781,1
34782,2
34783,1
34784,0
34785,2
34786,1
34787,2
34788,0
34789,1
34790,2
34791,2
34792,2
34793,1
34794,2
34795,1
34796,2
34797,0
34798,1
34799,1
34800,2
34801,1
34802,1
34803,1
34804,2
34805,1
34806,0
34807,1
34808,0
34809,2
34810,2
34811,1
34812,2
34813,2
34814,2
34815,2
34816,2
34817,2
34818,2
34819,2
34820,0
34821,2
34822,1
34823,2
34824,2
34825,2
34826,2
34827,2
34828,1
34829,2
34830,1
34831,1
34832,2
34833,1
34834,2
34835,2
34836,2
34837,0
34838,0
34839,2
34840,1
34841,1
34842,1
34843,1
34844,2
34845,0
34846,1
34847,1
34848,1
34849,1
34850,1
34851,1
34852,1
34853,2
34854,2
34855,0
34856,2
34857,2
34858,1
34859,1
34860,2
34861,2
34862,2
34863,2
34864,1
34865,1
34866,0
34867,1
34868,2
34869,1
34870,1
34871,2
34872,2
34873,0
34874,2
34875,2
34876,2
34877,1
34878,2
34879,2
34880,2
34881,0
34882,1
34883,0
34884,0
34885,1
34886,2
34887,1
34888,0
34889,2
34890,2
34891,0
34892,1
34893,0
34894,2
34895,0
34896,2
34897,1
34898,2
34899,1
34900,2
34901,0
34902,1
34903,2
34904,0
34905,1
34906,1
34907,0
34908,0
34909,2
34910,0
34911,1
34912,2
34913,1
34914,2
34915,2
34916,1
34917,2
34918,2
34919,2
34920,1
34921,0
34922,1
34923,0
34924,1
34925,2
34926,0
34927,2
34928,1
34929,1
34930,1
34931,2
34932,2
34933,2
34934,1
34935,1
34936,2
34937,2
34938,1
34939,2
34940,0
34941,0
34942,2
34943,2
34944,1
34945,1
34946,2
34947,2
34948,2
34949,1
34950,1
34951,2
34952,0
34953,0
34954,2
34955,1
34956,2
34957,0
34958,0
34959,1
34960,2
34961,0
34962,1
34963,1
34964,2
34965,2
34966,2
34967,1
34968,2
34969,1
34970,2
34971,1
34972,1
34973,1
34974,2
34975,2
34976,2
34977,0
34978,2
34979,2
34980,2
34981,2
34982,2
34983,2
34984,2
34985,2
34986,1
34987,2
34988,2
34989,1
34990,2
34991,2
34992,2
34993,0
34994,1
34995,1
34996,2
34997,2
34998,1
34999,2
35000,2
35001,1
35002,2
35003,2
35004,1
35005,1
35006,0
35007,0
35008,2
35009,1
35010,2
35011,2
35012,1
35013,2
35014,2
35015,2
35016,1
35017,1
35018,2
35019,2
35020,1
35021,2
35022,0
35023,0
35024,1
35025,2
35026,2
35027,2
35028,2
35029,0
35030,0
35031,1
35032,1
35033,1
35034,2
35035,1
35036,1
35037,2
35038,2
35039,2
35040,2
35041,0
35042,2
35043,1
35044,2
35045,2
35046,2
35047,2
35048,1
35049,2
35050,2
35051,0
35052,0
35053,2
35054,0
35055,1
35056,1
35057,2
35058,2
35059,0
35060,0
35061,2
35062,0
35063,1
35064,2
35065,2
35066,1
35067,2
35068,0
35069,2
35070,1
35071,1
35072,0
35073,1
35074,1
35075,2
35076,1
35077,2
35078,1
35079,1
35080,2
35081,2
35082,1
35083,1
35084,0
35085,2
35086,2
35087,0
35088,2
35089,1
35090,1
35091,1
35092,1
35093,2
35094,1
35095,1
35096,1
35097,1
35098,1
35099,2
35100,2
35101,2
35102,2
35103,1
35104,2
35105,1
35106,0
35107,2
35108,1
35109,2
35110,1
35111,2
35112,2
35113,1
35114,2
35115,2
35116,2
35117,1
35118,0
35119,0
35120,1
35121,1
35122,0
35123,2
35124,2
35125,1
35126,2
35127,2
35128,1
35129,1
35130,1
35131,1
35132,2
35133,2
35134,1
35135,2
35136,2
35137,2
35138,2
35139,1
35140,1
35141,0
35142,2
35143,0
35144,0
35145,1
35146,1
35147,1
35148,2
35149,2
35150,1
35151,2
35152,0
35153,2
35154,1
35155,0
35156,2
35157,0
35158,2
35159,2
35160,1
35161,2
35162,2
35163,2
35164,0
35165,1
35166,2
35167,2
35168,1
35169,1
35170,1
35171,2
35172,2
35173,2
35174,1
35175,0
35176,2
35177,1
35178,1
35179,2
35180,1
35181,2
35182,1
35183,2
35184,2
35185,1
35186,2
35187,0
35188,0
35189,1
35190,2
35191,0
35192,0
35193,2
35194,1
35195,2
35196,2
35197,2
35198,1
35199,1
35200,2
35201,2
35202,1
35203,1
35204,1
35205,2
35206,2
35207,2
35208,1
35209,1
35210,2
35211,2
35212,1
35213,1
35214,0
35215,2
35216,1
35217,1
35218,0
35219,2
35220,2
35221,2
35222,2
35223,2
35224,2
35225,1
35226,1
35227,1
35228,0
35229,2
35230,1
35231,1
35232,0
35233,0
35234,0
35235,2
35236,2
35237,2
35238,1
35239,0
35240,1
35241,2
35242,0
35243,2
35244,2
35245,1
35246,0
35247,1
35248,1
35249,2
35250,0
35251,1
35252,2
35253,0
35254,2
35255,2
35256,2
35257,2
35258,2
35259,1
35260,2
35261,1
35262,1
35263,1
35264,1
35265,2
35266,2
35267,2
35268,1
35269,0
35270,2
35271,1
35272,1
35273,0
35274,1
35275,1
35276,2
35277,2
35278,1
35279,2
35280,2
35281,2
35282,1
35283,1
35284,1
35285,1
35286,2
35287,1
35288,2
35289,2
35290,2
35291,2
35292,2
35293,1
35294,2
35295,2
35296,1
35297,2
35298,1
35299,1
35300,2
35301,1
35302,1
35303,2
35304,2
35305,0
35306,2
35307,2
35308,2
35309,2
35310,2
35311,1
35312,2
35313,1
35314,2
35315,1
35316,0
35317,2
35318,1
35319,2
35320,2
35321,2
35322,1
35323,2
35324,0
35325,2
35326,1
35327,1
35328,0
35329,1
35330,2
35331,2
35332,2
35333,2
35334,2
35335,2
35336,1
35337,2
35338,2
35339,1
35340,2
35341,1
35342,2
35343,1
35344,1
35345,2
35346,2
35347,2
35348,1
35349,1
35350,2
35351,0
35352,2
35353,2
35354,0
35355,1
35356,0
35357,1
35358,2
35359,1
35360,1
35361,2
35362,2
35363,2
35364,2
35365,1
35366,2
35367,1
35368,2
35369,1
35370,2
35371,1
35372,2
35373,2
35374,0
35375,2
35376,0
35377,2
35378,2
35379,1
35380,2
35381,2
35382,2
35383,2
35384,1
35385,2
35386,2
35387,2
35388,1
35389,2
35390,2
35391,1
35392,2
35393,1
35394,1
35395,1
35396,2
35397,2
35398,2
35399,1
35400,1
35401,2
35402,0
35403,0
35404,1
35405,1
35406,2
35407,2
35408,2
35409,1
35410,2
35411,1
35412,1
35413,1
35414,1
35415,1
35416,1
35417,2
35418,2
35419,1
35420,1
35421,2
35422,2
35423,2
35424,2
35425,0
35426,2
35427,2
35428,2
35429,1
35430,0
35431,0
35432,1
35433,0
35434,2
35435,1
35436,1
35437,2
35438,2
35439,1
35440,2
35441,1
35442,0
35443,1
35444,1
35445,1
35446,1
35447,0
35448,1
35449,2
35450,2
35451,2
35452,2
35453,2
35454,2
35455,2
35456,0
35457,1
35458,1
35459,1
35460,1
35461,1
35462,1
35463,2
35464,1
35465,1
35466,2
35467,2
35468,0
35469,0
35470,2
35471,0
35472,1
35473,2
35474,1
35475,0
35476,2
35477,1
35478,2
35479,2
35480,2
35481,0
35482,0
35483,2
35484,1
35485,2
35486,2
35487,2
35488,1
35489,1
35490,1
35491,0
35492,1
35493,0
35494,2
35495,1
35496,2
35497,1
35498,1
35499,1
35500,1
35501,1
35502,1
35503,0
35504,1
35505,1
35506,0
35507,0
35508,1
35509,2
35510,2
35511,2
35512,2
35513,0
35514,1
35515,2
35516,0
35517,1
35518,2
35519,2
35520,2
35521,2
35522,2
35523,2
35524,1
35525,2
35526,0
35527,0
35528,2
35529,1
35530,2
35531,2
35532,0
35533,1
35534,2
35535,2
35536,1
35537,2
35538,1
35539,1
35540,2
35541,2
35542,2
35543,2
35544,2
35545,1
35546,2
35547,1
35548,1
35549,0
35550,0
35551,2
35552,2
35553,2
35554,2
35555,2
35556,2
35557,2
35558,1
35559,2
35560,2
35561,2
35562,2
35563,0
35564,2
35565,0
35566,0
35567,1
35568,2
35569,1
35570,1
35571,0
35572,2
35573,1
35574,2
35575,2
35576,2
35577,2
35578,1
35579,1
35580,2
35581,2
35582,2
35583,0
35584,2
35585,1
35586,2
35587,1
35588,2
35589,1
35590,2
35591,2
35592,2
35593,0
35594,1
35595,1
35596,1
35597,1
35598,2
35599,1
35600,1
35601,0
35602,1
35603,1
35604,2
35605,2
35606,2
35607,2
35608,1
35609,1
35610,0
35611,2
35612,0
35613,1
35614,1
35615,2
35616,1
35617,1
35618,0
35619,2
35620,1
35621,2
35622,1
35623,0
35624,2
35625,2
35626,2
35627,2
35628,0
35629,1
35630,1
35631,2
35632,1
35633,2
35634,1
35635,1
35636,1
35637,1
35638,2
35639,2
35640,1
35641,2
35642,2
35643,1
35644,2
35645,1
35646,2
35647,2
35648,0
35649,0
35650,1
35651,2
35652,0
35653,1
35654,1
35655,2
35656,1
35657,2
35658,1
35659,0
35660,0
35661,2
35662,2
35663,2
35664,2
35665,2
35666,2
35667,2
35668,2
35669,2
35670,1
35671,1
35672,1
35673,2
35674,2
35675,1
35676,1
35677,2
35678,1
35679,2
35680,1
35681,2
35682,2
35683,0
35684,2
35685,2
35686,1
35687,2
35688,1
35689,0
35690,1
35691,2
35692,0
35693,2
35694,2
35695,2
35696,1
35697,2
35698,1
35699,1
35700,1
35701,2
35702,2
35703,2
35704,1
35705,0
35706,0
35707,2
35708,1
35709,0
35710,2
35711,1
35712,2
35713,2
35714,2
35715,1
35716,2
35717,2
35718,2
35719,2
35720,2
35721,2
35722,2
35723,1
35724,0
35725,2
35726,1
35727,1
35728,2
35729,1
35730,1
35731,2
35732,2
35733,2
35734,1
35735,2
35736,1
35737,2
35738,2
35739,2
35740,2
35741,2
35742,0
35743,0
35744,2
35745,2
35746,1
35747,2
35748,2
35749,1
35750,1
35751,2
35752,1
35753,1
35754,1
35755,2
35756,2
35757,2
35758,2
35759,1
35760,2
35761,2
35762,2
35763,2
35764,2
35765,2
35766,1
35767,0
35768,1
35769,2
35770,2
35771,1
35772,1
35773,1
35774,2
35775,2
35776,0
35777,1
35778,2
35779,2
35780,1
35781,2
35782,2
35783,2
35784,2
35785,1
35786,1
35787,0
35788,2
35789,1
35790,1
35791,0
35792,2
35793,2
35794,2
35795,1
35796,1
35797,1
35798,1
35799,0
35800,2
35801,2
35802,2
35803,2
35804,2
35805,1
35806,2
35807,2
35808,1
35809,1
35810,2
35811,1
35812,1
35813,2
35814,2
35815,1
35816,2
35817,1
35818,1
35819,1
35820,2
35821,2
35822,2
35823,2
35824,1
35825,1
35826,0
35827,1
35828,1
35829,2
35830,1
35831,1
35832,0
35833,1
35834,2
35835,1
35836,2
35837,2
35838,0
35839,1
35840,2
35841,1
35842,1
35843,1
35844,0
35845,1
35846,2
35847,2
35848,2
35849,2
35850,1
35851,2
35852,0
35853,2
35854,0
35855,2
35856,2
35857,2
35858,2
35859,2
35860,0
35861,0
35862,2
35863,1
35864,2
35865,0
35866,1
35867,0
35868,1
35869,2
35870,1
35871,2
35872,2
35873,2
35874,1
35875,2
35876,1
35877,2
35878,1
35879,1
35880,2
35881,2
35882,1
35883,1
35884,2
35885,1
35886,1
35887,2
35888,1
35889,2
35890,2
35891,0
35892,0
35893,2
35894,1
35895,0
35896,2
35897,2
35898,2
35899,2
35900,2
35901,2
35902,1
35903,1
35904,1
35905,1
35906,2
35907,2
35908,2
35909,2
35910,2
35911,2
35912,2
35913,1
35914,1
35915,0
35916,0
35917,0
35918,0
35919,0
35920,2
35921,2
35922,1
35923,1
35924,1
35925,2
35926,2
35927,0
35928,1
35929,2
35930,1
35931,1
35932,2
35933,0
35934,2
35935,1
35936,0
35937,2
35938,2
35939,2
35940,2
35941,2
35942,0
35943,2
35944,2
35945,2
35946,2
35947,2
35948,1
35949,2
35950,2
35951,1
35952,1
35953,0
35954,1
35955,2
35956,2
35957,2
35958,2
35959,2
35960,2
35961,1
35962,1
35963,2
35964,2
35965,2
35966,1
35967,1
35968,1
35969,2
35970,1
35971,1
35972,0
35973,2
35974,2
35975,2
35976,2
35977,0
35978,2
35979,1
35980,2
35981,0
35982,2
35983,1
35984,1
35985,2
35986,2
35987,2
35988,1
35989,2
35990,2
35991,1
35992,1
35993,2
35994,2
35995,2
35996,2
35997,2
35998,1
35999,2
36000,1
36001,2
36002,2
36003,1
36004,2
36005,2
36006,2
36007,2
36008,1
36009,1
36010,0
36011,2
36012,1
36013,1
36014,2
36015,2
36016,1
36017,2
36018,1
36019,2
36020,1
36021,2
36022,1
36023,2
36024,2
36025,2
36026,2
36027,2
36028,0
36029,1
36030,2
36031,2
36032,1
36033,2
36034,1
36035,2
36036,2
36037,0
36038,2
36039,1
36040,0
36041,1
36042,2
36043,1
36044,1
36045,2
36046,2
36047,0
36048,0
36049,1
36050,2
36051,1
36052,2
36053,2
36054,1
36055,0
36056,1
36057,1
36058,2
36059,2
36060,2
36061,2
36062,2
36063,1
36064,2
36065,2
36066,1
36067,1
36068,1
36069,0
36070,2
36071,2
36072,2
36073,1
36074,1
36075,1
36076,2
36077,2
36078,1
36079,1
36080,2
36081,2
36082,2
36083,2
36084,2
36085,1
36086,2
36087,1
36088,1
36089,2
36090,2
36091,1
36092,1
36093,1
36094,2
36095,1
36096,0
36097,1
36098,2
36099,1
36100,1
36101,1
36102,2
36103,0
36104,1
36105,2
36106,2
36107,2
36108,2
36109,2
36110,2
36111,1
36112,1
36113,1
36114,1
36115,1
36116,0
36117,0
36118,2
36119,2
36120,1
36121,1
36122,2
36123,0
36124,2
36125,1
36126,1
36127,1
36128,1
36129,1
36130,2
36131,0
36132,2
36133,1
36134,2
36135,2
36136,1
36137,0
36138,1
36139,2
36140,2
36141,1
36142,1
36143,2
36144,2
36145,1
36146,1
36147,2
36148,0
36149,0
36150,2
36151,0
36152,2
36153,1
36154,0
36155,2
36156,2
36157,0
36158,1
36159,0
36160,1
36161,2
36162,2
36163,1
36164,0
36165,2
36166,2
36167,2
36168,1
36169,2
36170,1
36171,2
36172,0
36173,2
36174,2
36175,1
36176,2
36177,2
36178,1
36179,2
36180,1
36181,2
36182,2
36183,1
36184,2
36185,1
36186,0
36187,2
36188,2
36189,0
36190,1
36191,2
36192,0
36193,1
36194,1
36195,2
36196,1
36197,1
36198,0
36199,2
36200,2
36201,0
36202,0
36203,2
36204,0
36205,2
36206,2
36207,2
36208,1
36209,1
36210,2
36211,2
36212,2
36213,2
36214,1
36215,2
36216,2
36217,1
36218,1
36219,2
36220,1
36221,2
36222,0
36223,2
36224,2
36225,2
36226,0
36227,1
36228,1
36229,2
36230,1
36231,2
36232,2
36233,2
36234,2
36235,1
36236,1
36237,2
36238,1
36239,2
36240,2
36241,2
36242,2
36243,2
36244,1
36245,1
36246,2
36247,2
36248,1
36249,2
36250,2
36251,0
36252,2
36253,0
36254,2
36255,2
36256,1
36257,2
36258,1
36259,2
36260,1
36261,1
36262,2
36263,1
36264,2
36265,2
36266,2
36267,0
36268,1
36269,2
36270,2
36271,1
36272,1
36273,1
36274,1
36275,1
36276,2
36277,2
36278,1
36279,2
36280,1
36281,1
36282,1
36283,2
36284,2
36285,0
36286,2
36287,2
36288,1
36289,1
36290,1
36291,1
36292,2
36293,1
36294,2
36295,2
36296,2
36297,2
36298,1
36299,2
36300,1
36301,2
36302,0
36303,2
36304,2
36305,2
36306,2
36307,2
36308,1
36309,2
36310,1
36311,2
36312,1
36313,2
36314,1
36315,2
36316,2
36317,2
36318,1
36319,2
36320,1
36321,2
36322,2
36323,0
36324,0
36325,0
36326,0
36327,2
36328,1
36329,0
36330,1
36331,0
36332,2
36333,2
36334,2
36335,1
36336,2
36337,2
36338,2
36339,2
36340,1
36341,2
36342,1
36343,2
36344,1
36345,2
36346,2
36347,1
36348,2
36349,1
36350,1
36351,1
36352,2
36353,1
36354,1
36355,1
36356,2
36357,2
36358,2
36359,0
36360,1
36361,2
36362,1
36363,1
36364,1
36365,1
36366,2
36367,2
36368,2
36369,2
36370,2
36371,2
36372,2
36373,0
36374,1
36375,0
36376,2
36377,1
36378,2
36379,1
36380,1
36381,2
36382,2
36383,2
36384,2
36385,2
36386,1
36387,2
36388,2
36389,2
36390,0
36391,1
36392,1
36393,1
36394,2
36395,1
36396,2
36397,2
36398,1
36399,2
36400,1
36401,1
36402,1
36403,2
36404,2
36405,2
36406,2
36407,2
36408,2
36409,0
36410,2
36411,2
36412,1
36413,2
36414,2
36415,2
36416,2
36417,1
36418,2
36419,1
36420,2
36421,0
36422,2
36423,1
36424,1
36425,2
36426,0
36427,1
36428,2
36429,2
36430,1
36431,2
36432,0
36433,2
36434,2
36435,1
36436,2
36437,2
36438,1
36439,1
36440,2
36441,0
36442,2
36443,0
36444,2
36445,1
36446,1
36447,1
36448,1
36449,2
36450,2
36451,0
36452,1
36453,2
36454,2
36455,0
36456,2
36457,0
36458,2
36459,2
36460,1
36461,2
36462,1
36463,1
36464,2
36465,2
36466,1
36467,2
36468,2
36469,2
36470,2
36471,2
36472,2
36473,1
36474,1
36475,2
36476,2
36477,2
36478,1
36479,2
36480,2
36481,0
36482,2
36483,2
36484,2
36485,2
36486,2
36487,1
36488,2
36489,2
36490,2
36491,1
36492,2
36493,0
36494,1
36495,2
36496,2
36497,1
36498,2
36499,1
36500,1
36501,1
36502,1
36503,2
36504,1
36505,2
36506,2
36507,2
36508,1
36509,0
36510,2
36511,2
36512,0
36513,2
36514,2
36515,0
36516,2
36517,2
36518,1
36519,2
36520,1
36521,0
36522,1
36523,1
36524,1
36525,2
36526,2
36527,2
36528,0
36529,2
36530,2
36531,0
36532,0
36533,2
36534,2
36535,1
36536,1
36537,0
36538,0
36539,1
36540,1
36541,2
36542,1
36543,0
36544,1
36545,2
36546,0
36547,0
36548,2
36549,1
36550,2
36551,1
36552,2
36553,0
36554,2
36555,0
36556,1
36557,2
36558,2
36559,1
36560,1
36561,2
36562,2
36563,2
36564,1
36565,1
36566,0
36567,1
36568,1
36569,2
36570,2
36571,1
36572,1
36573,2
36574,2
36575,0
36576,2
36577,2
36578,1
36579,1
36580,1
36581,1
36582,2
36583,1
36584,0
36585,1
36586,2
36587,2
36588,1
36589,2
36590,2
36591,0
36592,1
36593,1
36594,2
36595,2
36596,2
36597,1
36598,2
36599,2
36600,2
36601,1
36602,1
36603,0
36604,1
36605,2
36606,2
36607,2
36608,1
36609,1
36610,0
36611,1
36612,1
36613,1
36614,2
36615,2
36616,1
36617,2
36618,2
36619,1
36620,1
36621,1
36622,2
36623,2
36624,2
36625,1
36626,0
36627,2
36628,1
36629,1
36630,1
36631,1
36632,1
36633,1
36634,0
36635,1
36636,1
36637,2
36638,2
36639,2
36640,2
36641,2
36642,2
36643,2
36644,2
36645,2
36646,2
36647,1
36648,2
36649,1
36650,2
36651,1
36652,1
36653,1
36654,2
36655,2
36656,2
36657,1
36658,2
36659,2
36660,1
36661,2
36662,2
36663,1
36664,2
36665,1
36666,1
36667,2
36668,0
36669,2
36670,1
36671,1
36672,1
36673,0
36674,1
36675,2
36676,2
36677,0
36678,0
36679,2
36680,1
36681,2
36682,0
36683,1
36684,2
36685,2
36686,2
36687,2
36688,1
36689,2
36690,2
36691,1
36692,2
36693,0
36694,2
36695,2
36696,1
36697,1
36698,2
36699,1
36700,2
36701,2
36702,0
36703,2
36704,1
36705,2
36706,2
36707,2
36708,1
36709,2
36710,2
36711,1
36712,2
36713,2
36714,2
36715,1
36716,1
36717,1
36718,1
36719,2
36720,2
36721,2
36722,2
36723,1
36724,1
36725,2
36726,1
36727,0
36728,1
36729,2
36730,2
36731,2
36732,2
36733,2
36734,1
36735,1
36736,1
36737,1
36738,1
36739,2
36740,1
36741,2
36742,2
36743,1
36744,2
36745,2
36746,2
36747,1
36748,2
36749,2
36750,0
36751,1
36752,2
36753,1
36754,0
36755,1
36756,2
36757,1
36758,2
36759,2
36760,2
36761,1
36762,2
36763,1
36764,2
36765,2
36766,0
36767,1
36768,1
36769,2
36770,2
36771,2
36772,2
36773,1
36774,2
36775,2
36776,2
36777,1
36778,0
36779,0
36780,1
36781,2
36782,1
36783,0
36784,2
36785,2
36786,1
36787,2
36788,2
36789,2
36790,2
36791,1
36792,2
36793,2
36794,2
36795,1
36796,1
36797,2
36798,2
36799,1
36800,0
36801,2
36802,1
36803,0
36804,1
36805,2
36806,0
36807,2
36808,2
36809,2
36810,2
36811,1
36812,2
36813,2
36814,2
36815,1
36816,2
36817,1
36818,0
36819,1
36820,2
36821,1
36822,0
36823,1
36824,1
36825,2
36826,2
36827,1
36828,1
36829,0
36830,2
36831,1
36832,2
36833,2
36834,1
36835,1
36836,1
36837,2
36838,2
36839,0
36840,2
36841,2
36842,0
36843,0
36844,2
36845,2
36846,0
36847,2
36848,2
36849,1
36850,1
36851,1
36852,2
36853,0
36854,2
36855,2
36856,2
36857,1
36858,1
36859,1
36860,1
36861,1
36862,2
36863,0
36864,2
36865,0
36866,2
36867,0
36868,1
36869,2
36870,1
36871,2
36872,0
36873,0
36874,2
36875,2
36876,0
36877,2
36878,2
36879,2
36880,1
36881,1
36882,2
36883,1
36884,0
36885,1
36886,1
36887,1
36888,2
36889,1
36890,1
36891,1
36892,2
36893,2
36894,1
36895,2
36896,1
36897,2
36898,2
36899,2
36900,2
36901,2
36902,1
36903,0
36904,0
36905,1
36906,1
36907,0
36908,2
36909,1
36910,2
36911,1
36912,2
36913,1
36914,2
36915,1
36916,1
36917,2
36918,0
36919,2
36920,1
36921,2
36922,1
36923,0
36924,0
36925,2
36926,2
36927,2
36928,1
36929,2
36930,2
36931,1
36932,2
36933,2
36934,2
36935,0
36936,2
36937,1
36938,1
36939,2
36940,1
36941,1
36942,0
36943,2
36944,2
36945,1
36946,1
36947,1
36948,2
36949,1
36950,2
36951,1
36952,2
36953,2
36954,2
36955,2
36956,0
36957,1
36958,2
36959,0
36960,2
36961,1
36962,2
36963,0
36964,0
36965,0
36966,2
36967,1
36968,1
36969,1
36970,2
36971,2
36972,1
36973,0
36974,1
36975,1
36976,1
36977,1
36978,2
36979,2
36980,1
36981,0
36982,0
36983,0
36984,2
36985,1
36986,1
36987,2
36988,1
36989,1
36990,2
36991,1
36992,1
36993,1
36994,0
36995,0
36996,2
36997,2
36998,1
36999,1
37000,1
37001,1
37002,0
37003,2
37004,2
37005,1
37006,2
37007,1
37008,2
37009,2
37010,2
37011,1
37012,2
37013,1
37014,1
37015,1
37016,0
37017,1
37018,1
37019,2
37020,2
37021,2
37022,2
37023,2
37024,1
37025,1
37026,2
37027,1
37028,1
37029,1
37030,2
37031,1
37032,1
37033,2
37034,2
37035,1
37036,0
37037,2
37038,1
37039,2
37040,1
37041,2
37042,0
37043,2
37044,1
37045,0
37046,1
37047,0
37048,1
37049,1
37050,1
37051,2
37052,2
37053,2
37054,1
37055,1
37056,2
37057,2
37058,2
37059,2
37060,1
37061,2
37062,1
37063,2
37064,2
37065,2
37066,2
37067,1
37068,2
37069,2
37070,1
37071,1
37072,2
37073,1
37074,0
37075,1
37076,0
37077,2
37078,0
37079,2
37080,2
37081,0
37082,0
37083,2
37084,2
37085,1
37086,2
37087,2
37088,2
37089,1
37090,2
37091,2
37092,2
37093,1
37094,2
37095,1
37096,1
37097,2
37098,1
37099,1
37100,2
37101,1
37102,1
37103,1
37104,0
37105,0
37106,2
37107,0
37108,1
37109,2
37110,1
37111,0
37112,1
37113,1
37114,2
37115,2
37116,2
37117,2
37118,1
37119,2
37120,2
37121,2
37122,0
37123,2
37124,1
37125,1
37126,1
37127,1
37128,1
37129,1
37130,1
37131,1
37132,1
37133,2
37134,0
37135,2
37136,2
37137,2
37138,2
37139,2
37140,2
37141,0
37142,0
37143,2
37144,2
37145,1
37146,0
37147,1
37148,1
37149,1
37150,2
37151,0
37152,0
37153,0
37154,1
37155,2
37156,2
37157,2
37158,2
37159,2
37160,1
37161,2
37162,1
37163,2
37164,1
37165,2
37166,1
37167,2
37168,1
37169,0
37170,2
37171,0
37172,1
37173,2
37174,2
37175,2
37176,1
37177,1
37178,2
37179,2
37180,1
37181,2
37182,0
37183,1
37184,1
37185,1
37186,2
37187,1
37188,2
37189,2
37190,2
37191,1
37192,2
37193,1
37194,2
37195,1
37196,2
37197,1
37198,2
37199,1
37200,1
37201,2
37202,1
37203,2
37204,0
37205,0
37206,2
37207,1
37208,1
37209,1
37210,1
37211,1
37212,2
37213,2
37214,1
37215,2
37216,1
37217,2
37218,1
37219,1
37220,2
37221,2
37222,1
37223,2
37224,1
37225,1
37226,2
37227,2
37228,1
37229,1
37230,1
37231,2
37232,2
37233,2
37234,0
37235,2
37236,0
37237,2
37238,1
37239,1
37240,2
37241,1
37242,1
37243,0
37244,1
37245,0
37246,1
37247,1
37248,2
37249,0
37250,2
37251,1
37252,1
37253,2
37254,2
37255,1
37256,2
37257,0
37258,2
37259,1
37260,2
37261,2
37262,2
37263,1
37264,0
37265,1
37266,2
37267,2
37268,1
37269,2
37270,1
37271,1
37272,0
37273,2
37274,2
37275,2
37276,2
37277,2
37278,2
37279,1
37280,1
37281,0
37282,2
37283,1
37284,2
37285,2
37286,1
37287,2
37288,2
37289,2
37290,2
37291,2
37292,2
37293,2
37294,0
37295,1
37296,2
37297,0
37298,1
37299,0
37300,1
37301,1
37302,0
37303,2
37304,0
37305,2
37306,2
37307,1
37308,2
37309,1
37310,2
37311,2
37312,1
37313,2
37314,1
37315,0
37316,2
37317,2
37318,2
37319,2
37320,2
37321,2
37322,2
37323,2
37324,2
37325,0
37326,1
37327,2
37328,1
37329,1
37330,2
37331,2
37332,1
37333,2
37334,0
37335,1
37336,1
37337,0
37338,1
37339,1
37340,0
37341,2
37342,1
37343,1
37344,1
37345,1
37346,1
37347,2
37348,1
37349,2
37350,1
37351,2
37352,1
37353,0
37354,2
37355,2
37356,2
37357,0
37358,2
37359,2
37360,2
37361,1
37362,2
37363,1
37364,2
37365,1
37366,0
37367,2
37368,0
37369,2
37370,1
37371,1
37372,1
37373,2
37374,1
37375,2
37376,0
37377,1
37378,1
37379,2
37380,1
37381,0
37382,1
37383,2
37384,2
37385,0
37386,1
37387,2
37388,2
37389,1
37390,1
37391,2
37392,2
37393,2
37394,1
37395,0
37396,2
37397,1
37398,1
37399,2
37400,2
37401,1
37402,2
37403,1
37404,1
37405,1
37406,0
37407,2
37408,1
37409,2
37410,2
37411,1
37412,2
37413,1
37414,1
37415,2
37416,2
37417,2
37418,1
37419,0
37420,2
37421,2
37422,2
37423,1
37424,2
37425,2
37426,0
37427,2
37428,2
37429,2
37430,1
37431,0
37432,1
37433,0
37434,2
37435,2
37436,2
37437,2
37438,1
37439,1
37440,1
37441,2
37442,0
37443,1
37444,1
37445,1
37446,2
37447,2
37448,0
37449,1
37450,2
37451,0
37452,2
37453,2
37454,1
37455,1
37456,1
37457,2
37458,2
37459,1
37460,1
37461,2
37462,1
37463,1
37464,1
37465,1
37466,0
37467,1
37468,0
37469,1
37470,0
37471,2
37472,1
37473,0
37474,2
37475,2
37476,1
37477,2
37478,2
37479,1
37480,0
37481,0
37482,2
37483,1
37484,1
37485,2
37486,1
37487,2
37488,0
37489,2
37490,1
37491,0
37492,2
37493,2
37494,2
37495,1
37496,2
37497,2
37498,2
37499,0
37500,1
37501,1
37502,1
37503,0
37504,1
37505,1
37506,1
37507,2
37508,2
37509,0
37510,0
37511,2
37512,0
37513,1
37514,1
37515,1
37516,1
37517,1
37518,2
37519,1
37520,0
37521,2
37522,2
37523,0
37524,1
37525,0
37526,2
37527,2
37528,1
37529,2
37530,1
37531,2
37532,2
37533,2
37534,2
37535,1
37536,2
37537,1
37538,2
37539,1
37540,0
37541,2
37542,2
37543,2
37544,1
37545,2
37546,0
37547,2
37548,2
37549,1
37550,1
37551,1
37552,1
37553,2
37554,2
37555,1
37556,0
37557,1
37558,2
37559,2
37560,1
37561,2
37562,1
37563,2
37564,0
37565,2
37566,2
37567,2
37568,2
37569,0
37570,1
37571,2
37572,2
37573,2
37574,2
37575,2
37576,1
37577,1
37578,2
37579,1
37580,1
37581,2
37582,0
37583,2
37584,2
37585,1
37586,1
37587,1
37588,1
37589,2
37590,2
37591,1
37592,1
37593,2
37594,2
37595,2
37596,2
37597,0
37598,1
37599,0
37600,1
37601,0
37602,1
37603,1
37604,2
37605,2
37606,1
37607,2
37608,2
37609,1
37610,1
37611,1
37612,1
37613,2
37614,1
37615,2
37616,2
37617,2
37618,2
37619,2
37620,1
37621,1
37622,1
37623,2
37624,2
37625,1
37626,2
37627,1
37628,2
37629,2
37630,2
37631,2
37632,1
37633,2
37634,2
37635,2
37636,2
37637,0
37638,0
37639,0
37640,1
37641,2
37642,1
37643,1
37644,2
37645,2
37646,2
37647,2
37648,1
37649,1
37650,0
37651,2
37652,1
37653,0
37654,1
37655,1
37656,2
37657,1
37658,2
37659,2
37660,2
37661,1
37662,1
37663,1
37664,1
37665,0
37666,2
37667,2
37668,1
37669,2
37670,1
37671,1
37672,1
37673,0
37674,2
37675,1
37676,1
37677,1
37678,0
37679,2
37680,0
37681,2
37682,2
37683,2
37684,2
37685,2
37686,2
37687,1
37688,2
37689,1
37690,2
37691,2
37692,1
37693,1
37694,1
37695,2
37696,1
37697,1
37698,1
37699,0
37700,0
37701,1
37702,2
37703,2
37704,1
37705,2
37706,0
37707,1
37708,1
37709,0
37710,0
37711,0
37712,2
37713,1
37714,2
37715,2
37716,0
37717,0
37718,0
37719,1
37720,0
37721,1
37722,1
37723,2
37724,1
37725,2
37726,1
37727,1
37728,2
37729,1
37730,2
37731,0
37732,1
37733,1
37734,1
37735,2
37736,2
37737,1
37738,0
37739,0
37740,2
37741,1
37742,1
37743,1
37744,2
37745,1
37746,2
37747,0
37748,0
37749,0
37750,2
37751,2
37752,0
37753,2
37754,2
37755,2
37756,1
37757,1
37758,2
37759,1
37760,2
37761,2
37762,2
37763,1
37764,2
37765,2
37766,1
37767,2
37768,0
37769,1
37770,1
37771,2
37772,0
37773,2
37774,0
37775,2
37776,1
37777,2
37778,0
37779,1
37780,1
37781,1
37782,1
37783,1
37784,1
37785,2
37786,1
37787,1
37788,2
37789,1
37790,2
37791,1
37792,1
37793,1
37794,2
37795,2
37796,2
37797,2
37798,0
37799,2
37800,1
37801,1
37802,2
37803,2
37804,2
37805,2
37806,1
37807,0
37808,2
37809,2
37810,2
37811,0
37812,1
37813,2
37814,0
37815,1
37816,2
37817,2
37818,2
37819,1
37820,1
37821,2
37822,1
37823,2
37824,1
37825,2
37826,1
37827,2
37828,2
37829,2
37830,1
37831,1
37832,1
37833,2
37834,1
37835,0
37836,2
37837,2
37838,2
37839,1
37840,1
37841,2
37842,0
37843,1
37844,2
37845,1
37846,1
37847,2
37848,2
37849,2
37850,2
37851,1
37852,1
37853,0
37854,1
37855,2
37856,1
37857,2
37858,2
37859,0
37860,1
37861,1
37862,2
37863,2
37864,2
37865,2
37866,1
37867,1
37868,1
37869,2
37870,0
37871,2
37872,1
37873,1
37874,1
37875,2
37876,1
37877,2
37878,2
37879,2
37880,2
37881,2
37882,1
37883,2
37884,0
37885,1
37886,2
37887,2
37888,2
37889,0
37890,2
37891,1
37892,0
37893,2
37894,0
37895,1
37896,2
37897,2
37898,2
37899,2
37900,2
37901,0
37902,1
37903,2
37904,0
37905,2
37906,2
37907,2
37908,0
37909,2
37910,1
37911,2
37912,2
37913,2
37914,0
37915,1
37916,2
37917,1
37918,2
37919,2
37920,2
37921,2
37922,0
37923,1
37924,0
37925,2
37926,1
37927,1
37928,2
37929,2
37930,2
37931,2
37932,1
37933,2
37934,2
37935,1
37936,0
37937,2
37938,1
37939,1
37940,2
37941,1
37942,1
37943,0
37944,1
37945,1
37946,2
37947,0
37948,1
37949,2
37950,2
37951,2
37952,1
37953,2
37954,1
37955,1
37956,2
37957,1
37958,2
37959,2
37960,2
37961,2
37962,1
37963,1
37964,0
37965,0
37966,2
37967,2
37968,2
37969,2
37970,0
37971,2
37972,2
37973,0
37974,2
37975,1
37976,1
37977,2
37978,0
37979,2
37980,1
37981,1
37982,2
37983,2
37984,2
37985,2
37986,1
37987,2
37988,2
37989,0
37990,2
37991,1
37992,1
37993,1
37994,2
37995,2
37996,1
37997,1
37998,2
37999,2
38000,2
38001,0
38002,0
38003,2
38004,2
38005,1
38006,2
38007,2
38008,1
38009,1
38010,1
38011,2
38012,1
38013,0
38014,2
38015,1
38016,0
38017,2
38018,2
38019,2
38020,1
38021,2
38022,0
38023,1
38024,1
38025,2
38026,0
38027,2
38028,2
38029,2
38030,1
38031,1
38032,2
38033,2
38034,2
38035,2
38036,1
38037,1
38038,2
38039,0
38040,1
38041,2
38042,2
38043,2
38044,1
38045,2
38046,2
38047,1
38048,2
38049,1
38050,2
38051,1
38052,1
38053,1
38054,1
38055,2
38056,2
38057,1
38058,0
38059,0
38060,1
38061,2
38062,2
38063,0
38064,2
38065,2
38066,2
38067,1
38068,0
38069,1
38070,2
38071,2
38072,1
38073,1
38074,1
38075,0
38076,2
38077,2
38078,1
38079,1
38080,2
38081,1
38082,2
38083,2
38084,1
38085,0
38086,1
38087,2
38088,1
38089,1
38090,1
38091,2
38092,2
38093,1
38094,2
38095,1
38096,0
38097,2
38098,1
38099,2
38100,2
38101,1
38102,2
38103,2
38104,2
38105,1
38106,0
38107,2
38108,1
38109,2
38110,1
38111,1
38112,2
38113,2
38114,2
38115,2
38116,2
38117,1
38118,1
38119,1
38120,2
38121,2
38122,0
38123,2
38124,2
38125,1
38126,1
38127,1
38128,0
38129,2
38130,2
38131,0
38132,2
38133,1
38134,0
38135,1
38136,2
38137,0
38138,0
38139,2
38140,2
38141,2
38142,2
38143,1
38144,0
38145,2
38146,1
38147,1
38148,2
38149,0
38150,1
38151,0
38152,2
38153,2
38154,1
38155,1
38156,2
38157,1
38158,2
38159,1
38160,2
38161,2
38162,0
38163,1
38164,2
38165,1
38166,1
38167,1
38168,2
38169,2
38170,0
38171,2
38172,2
38173,2
38174,1
38175,1
38176,1
38177,0
38178,2
38179,1
38180,0
38181,2
38182,2
38183,1
38184,2
38185,1
38186,2
38187,1
38188,2
38189,2
38190,2
38191,2
38192,2
38193,2
38194,2
38195,2
38196,2
38197,2
38198,1
38199,0
38200,0
38201,1
38202,2
38203,1
38204,2
38205,2
38206,2
38207,2
38208,2
38209,2
38210,1
38211,1
38212,1
38213,1
38214,2
38215,2
38216,1
38217,2
38218,2
38219,2
38220,1
38221,0
38222,2
38223,2
38224,0
38225,2
38226,1
38227,2
38228,1
38229,2
38230,2
38231,2
38232,1
38233,2
38234,0
38235,2
38236,1
38237,1
38238,1
38239,1
38240,2
38241,2
38242,0
38243,2
38244,1
38245,2
38246,0
38247,1
38248,1
38249,2
38250,2
38251,0
38252,2
38253,2
38254,1
38255,0
38256,2
38257,2
38258,0
38259,2
38260,1
38261,2
38262,2
38263,2
38264,0
38265,2
38266,2
38267,2
38268,0
38269,2
38270,1
38271,0
38272,0
38273,1
38274,2
38275,1
38276,1
38277,1
38278,2
38279,2
38280,2
38281,1
38282,0
38283,1
38284,0
38285,2
38286,2
38287,2
38288,1
38289,1
38290,2
38291,0
38292,2
38293,2
38294,2
38295,2
38296,1
38297,2
38298,2
38299,2
38300,2
38301,1
38302,1
38303,1
38304,2
38305,1
38306,1
38307,1
38308,2
38309,2
38310,1
38311,2
38312,1
38313,2
38314,0
38315,2
38316,2
38317,0
38318,2
38319,1
38320,2
38321,2
38322,2
38323,2
38324,1
38325,1
38326,1
38327,1
38328,1
38329,2
38330,1
38331,0
38332,1
38333,1
38334,2
38335,2
38336,1
38337,1
38338,1
38339,1
38340,2
38341,2
38342,1
38343,1
38344,0
38345,2
38346,1
38347,2
38348,2
38349,2
38350,2
38351,2
38352,1
38353,1
38354,0
38355,0
38356,1
38357,1
38358,1
38359,0
38360,0
38361,2
38362,2
38363,1
38364,2
38365,2
38366,0
38367,2
38368,0
38369,0
38370,2
38371,2
38372,0
38373,1
38374,2
38375,2
38376,1
38377,2
38378,2
38379,1
38380,1
38381,1
38382,2
38383,1
38384,2
38385,0
38386,2
38387,2
38388,2
38389,1
38390,1
38391,1
38392,2
38393,2
38394,1
38395,2
38396,1
38397,2
38398,1
38399,2
38400,1
38401,1
38402,1
38403,1
38404,1
38405,2
38406,0
38407,1
38408,2
38409,2
38410,0
38411,0
38412,2
38413,2
38414,2
38415,1
38416,2
38417,1
38418,2
38419,2
38420,2
38421,1
38422,2
38423,1
38424,1
38425,0
38426,1
38427,2
38428,0
38429,2
38430,0
38431,1
38432,1
38433,0
38434,2
38435,1
38436,2
38437,2
38438,2
38439,2
38440,2
38441,2
38442,1
38443,2
38444,2
38445,0
38446,1
38447,2
38448,0
38449,1
38450,2
38451,1
38452,1
38453,0
38454,1
38455,2
38456,0
38457,2
38458,1
38459,1
38460,1
38461,1
38462,2
38463,1
38464,2
38465,0
38466,1
38467,1
38468,2
38469,1
38470,1
38471,2
38472,1
38473,2
38474,0
38475,0
38476,1
38477,2
38478,0
38479,2
38480,0
38481,0
38482,2
38483,2
38484,1
38485,0
38486,2
38487,2
38488,1
38489,2
38490,2
38491,2
38492,1
38493,2
38494,2
38495,1
38496,0
38497,2
38498,2
38499,2
38500,1
38501,2
38502,2
38503,2
38504,0
38505,0
38506,0
38507,1
38508,2
38509,2
38510,2
38511,0
38512,1
38513,1
38514,0
38515,1
38516,2
38517,2
38518,2
38519,0
38520,1
38521,0
38522,2
38523,2
38524,2
38525,2
38526,1
38527,0
38528,1
38529,2
38530,2
38531,1
38532,2
38533,1
38534,2
38535,0
38536,1
38537,1
38538,1
38539,1
38540,1
38541,1
38542,0
38543,2
38544,2
38545,2
38546,2
38547,1
38548,1
38549,2
38550,2
38551,1
38552,2
38553,2
38554,1
38555,0
38556,1
38557,1
38558,2
38559,0
38560,1
38561,2
38562,0
38563,1
38564,0
38565,2
38566,2
38567,2
38568,1
38569,2
38570,1
38571,1
38572,2
38573,1
38574,2
38575,2
38576,1
38577,2
38578,2
38579,1
38580,2
38581,1
38582,1
38583,1
38584,1
38585,2
38586,2
38587,2
38588,1
38589,2
38590,1
38591,0
38592,2
38593,0
38594,0
38595,2
38596,1
38597,2
38598,1
38599,1
38600,1
38601,1
38602,1
38603,2
38604,0
38605,1
38606,2
38607,1
38608,0
38609,2
38610,1
38611,2
38612,1
38613,2
38614,0
38615,2
38616,1
38617,2
38618,2
38619,2
38620,2
38621,2
38622,1
38623,1
38624,2
38625,2
38626,2
38627,2
38628,1
38629,1
38630,0
38631,2
38632,2
38633,2
38634,1
38635,1
38636,2
38637,2
38638,2
38639,2
38640,2
38641,0
38642,1
38643,2
38644,2
38645,2
38646,1
38647,0
38648,2
38649,2
38650,1
38651,2
38652,0
38653,1
38654,1
38655,2
38656,1
38657,0
38658,0
38659,2
38660,0
38661,1
38662,1
38663,2
38664,2
38665,2
38666,2
38667,2
38668,2
38669,2
38670,2
38671,2
38672,2
38673,2
38674,2
38675,2
38676,1
38677,1
38678,2
38679,2
38680,1
38681,1
38682,2
38683,0
38684,1
38685,2
38686,2
38687,1
38688,2
38689,1
38690,2
38691,1
38692,1
38693,1
38694,2
38695,2
38696,1
38697,2
38698,2
38699,2
38700,1
38701,2
38702,2
38703,2
38704,2
38705,2
38706,0
38707,1
38708,1
38709,1
38710,0
38711,2
38712,0
38713,2
38714,1
38715,1
38716,2
38717,1
38718,0
38719,0
38720,1
38721,1
38722,2
38723,2
38724,2
38725,1
38726,1
38727,2
38728,0
38729,2
38730,1
38731,1
38732,2
38733,2
38734,1
38735,1
38736,0
38737,2
38738,0
38739,2
38740,2
38741,2
38742,2
38743,2
38744,2
38745,0
38746,1
38747,1
38748,1
38749,2
38750,2
38751,1
38752,1
38753,2
38754,2
38755,2
38756,1
38757,0
38758,1
38759,2
38760,0
38761,0
38762,2
38763,1
38764,2
38765,2
38766,0
38767,2
38768,2
38769,2
38770,1
38771,2
38772,0
38773,2
38774,1
38775,1
38776,1
38777,0
38778,2
38779,2
38780,1
38781,2
38782,0
38783,2
38784,1
38785,2
38786,1
38787,1
38788,1
38789,2
38790,0
38791,1
38792,0
38793,2
38794,1
38795,0
38796,2
38797,2
38798,1
38799,0
38800,2
38801,1
38802,2
38803,2
38804,2
38805,2
38806,1
38807,2
38808,2
38809,2
38810,2
38811,2
38812,1
38813,1
38814,1
38815,0
38816,0
38817,2
38818,1
38819,1
38820,2
38821,1
38822,2
38823,2
38824,2
38825,2
38826,0
38827,2
38828,2
38829,1
38830,1
38831,2
38832,2
38833,2
38834,1
38835,2
38836,1
38837,2
38838,0
38839,0
38840,2
38841,2
38842,1
38843,2
38844,2
38845,2
38846,0
38847,1
38848,1
38849,0
38850,2
38851,2
38852,2
38853,1
38854,0
38855,1
38856,2
38857,1
38858,1
38859,2
38860,0
38861,1
38862,2
38863,1
38864,1
38865,2
38866,2
38867,2
38868,2
38869,1
38870,2
38871,1
38872,2
38873,2
38874,2
38875,0
38876,0
38877,2
38878,2
38879,1
38880,2
38881,2
38882,1
38883,1
38884,1
38885,1
38886,1
38887,2
38888,1
38889,1
38890,2
38891,2
38892,2
38893,2
38894,1
38895,1
38896,1
38897,1
38898,1
38899,2
38900,0
38901,2
38902,2
38903,2
38904,2
38905,2
38906,1
38907,2
38908,2
38909,2
38910,2
38911,2
38912,2
38913,2
38914,2
38915,0
38916,1
38917,2
38918,1
38919,0
38920,1
38921,2
38922,2
38923,1
38924,2
38925,2
38926,1
38927,2
38928,1
38929,1
38930,0
38931,1
38932,2
38933,1
38934,2
38935,2
38936,1
38937,2
38938,2
38939,2
38940,1
38941,0
38942,1
38943,1
38944,1
38945,2
38946,0
38947,2
38948,2
38949,2
38950,2
38951,1
38952,2
38953,2
38954,1
38955,2
38956,1
38957,1
38958,2
38959,2
38960,2
38961,2
38962,1
38963,1
38964,1
38965,1
38966,1
38967,1
38968,1
38969,2
38970,2
38971,2
38972,2
38973,1
38974,2
38975,1
38976,0
38977,1
38978,2
38979,2
38980,2
38981,1
38982,1
38983,2
38984,1
38985,2
38986,0
38987,2
38988,2
38989,1
38990,1
38991,2
38992,1
38993,0
38994,1
38995,2
38996,2
38997,2
38998,2
38999,1
39000,1
39001,1
39002,2
39003,0
39004,1
39005,0
39006,1
39007,2
39008,1
39009,1
39010,2
39011,0
39012,1
39013,1
39014,0
39015,2
39016,1
39017,0
39018,0
39019,0
39020,2
39021,2
39022,2
39023,2
39024,2
39025,2
39026,2
39027,1
39028,2
39029,1
39030,2
39031,2
39032,2
39033,1
39034,1
39035,2
39036,2
39037,2
39038,2
39039,2
39040,0
39041,1
39042,1
39043,2
39044,1
39045,2
39046,2
39047,1
39048,2
39049,1
39050,1
39051,1
39052,2
39053,0
39054,2
39055,1
39056,0
39057,1
39058,1
39059,1
39060,0
39061,2
39062,2
39063,1
39064,1
39065,2
39066,2
39067,1
39068,2
39069,2
39070,1
39071,2
39072,2
39073,0
39074,2
39075,1
39076,2
39077,1
39078,2
39079,2
39080,2
39081,2
39082,2
39083,2
39084,2
39085,0
39086,1
39087,2
39088,0
39089,2
39090,2
39091,2
39092,2
39093,0
39094,0
39095,1
39096,2
39097,2
39098,1
39099,2
39100,1
39101,0
39102,0
39103,2
39104,2
39105,2
39106,1
39107,1
39108,0
39109,1
39110,2
39111,2
39112,1
39113,1
39114,2
39115,2
39116,1
39117,1
39118,0
39119,1
39120,0
39121,2
39122,2
39123,2
39124,2
39125,1
39126,1
39127,2
39128,2
39129,2
39130,0
39131,1
39132,2
39133,2
39134,2
39135,1
39136,2
39137,2
39138,1
39139,2
39140,1
39141,2
39142,1
39143,1
39144,1
39145,2
39146,2
39147,2
39148,2
39149,0
39150,0
39151,1
39152,2
39153,1
39154,1
39155,1
39156,0
39157,1
39158,2
39159,1
39160,2
39161,1
39162,0
39163,2
39164,2
39165,2
39166,1
39167,1
39168,0
39169,1
39170,1
39171,1
39172,2
39173,1
39174,1
39175,1
39176,2
39177,0
39178,1
39179,2
39180,2
39181,0
39182,2
39183,2
39184,2
39185,2
39186,2
39187,1
39188,2
39189,2
39190,2
39191,0
39192,1
39193,2
39194,1
39195,1
39196,2
39197,1
39198,0
39199,1
39200,1
39201,1
39202,1
39203,1
39204,1
39205,2
39206,1
39207,2
39208,0
39209,0
39210,1
39211,1
39212,1
39213,1
39214,2
39215,1
39216,1
39217,2
39218,2
39219,2
39220,2
39221,1
39222,1
39223,2
39224,0
39225,2
39226,2
39227,0
39228,2
39229,2
39230,1
39231,1
39232,1
39233,1
39234,1
39235,2
39236,1
39237,2
39238,1
39239,1
39240,2
39241,2
39242,2
39243,2
39244,0
39245,1
39246,0
39247,2
39248,2
39249,1
39250,1
39251,1
39252,2
39253,1
39254,0
39255,2
39256,2
39257,1
39258,1
39259,1
39260,0
39261,0
39262,1
39263,1
39264,2
39265,2
39266,1
39267,1
39268,1
39269,2
39270,1
39271,1
39272,2
39273,1
39274,2
39275,2
39276,1
39277,1
39278,2
39279,2
39280,2
39281,1
39282,2
39283,1
39284,2
39285,2
39286,0
39287,0
39288,2
39289,2
39290,2
39291,2
39292,2
39293,2
39294,0
39295,2
39296,1
39297,1
39298,2
39299,1
39300,2
39301,2
39302,1
39303,2
39304,1
39305,2
39306,2
39307,1
39308,1
39309,1
39310,1
39311,2
39312,2
39313,1
39314,2
39315,1
39316,2
39317,2
39318,1
39319,1
39320,2
39321,1
39322,0
39323,0
39324,2
39325,1
39326,1
39327,2
39328,2
39329,2
39330,1
39331,0
39332,2
39333,2
39334,1
39335,2
39336,2
39337,2
39338,1
39339,1
39340,1
39341,1
39342,2
39343,1
39344,2
39345,2
39346,2
39347,0
39348,2
39349,0
39350,2
39351,1
39352,2
39353,1
39354,1
39355,1
39356,2
39357,2
39358,2
39359,2
39360,2
39361,0
39362,2
39363,1
39364,2
39365,2
39366,1
39367,1
39368,2
39369,1
39370,1
39371,2
39372,2
39373,1
39374,1
39375,2
39376,1
39377,0
39378,0
39379,1
39380,2
39381,1
39382,0
39383,1
39384,2
39385,2
39386,1
39387,2
39388,2
39389,2
39390,2
39391,0
39392,2
39393,1
39394,2
39395,1
39396,2
39397,0
39398,2
39399,1
39400,1
39401,2
39402,1
39403,1
39404,2
39405,2
39406,1
39407,1
39408,2
39409,2
39410,2
39411,2
39412,2
39413,2
39414,1
39415,2
39416,0
39417,2
39418,2
39419,1
39420,0
39421,1
39422,1
39423,2
39424,2
39425,1
39426,0
39427,2
39428,1
39429,1
39430,1
39431,2
39432,1
39433,1
39434,1
39435,0
39436,1
39437,2
39438,1
39439,0
39440,1
39441,0
39442,1
39443,2
39444,2
39445,2
39446,2
39447,1
39448,1
39449,2
39450,0
39451,2
39452,0
39453,1
39454,1
39455,0
39456,2
39457,2
39458,1
39459,0
39460,1
39461,1
39462,0
39463,2
39464,1
39465,1
39466,1
39467,2
39468,1
39469,1
39470,2
39471,1
39472,2
39473,2
39474,2
39475,1
39476,2
39477,2
39478,2
39479,1
39480,2
39481,2
39482,0
39483,0
39484,1
39485,2
39486,1
39487,0
39488,2
39489,2
39490,1
39491,1
39492,1
39493,1
39494,1
39495,1
39496,2
39497,0
39498,2
39499,0
39500,2
39501,2
39502,1
39503,1
39504,2
39505,1
39506,2
39507,1
39508,0
39509,1
39510,2
39511,1
39512,2
39513,2
39514,2
39515,2
39516,2
39517,1
39518,2
39519,2
39520,2
39521,2
39522,2
39523,2
39524,1
39525,1
39526,2
39527,2
39528,1
39529,2
39530,2
39531,2
39532,2
39533,1
39534,2
39535,1
39536,2
39537,2
39538,1
39539,1
39540,2
39541,2
39542,1
39543,2
39544,1
39545,0
39546,2
39547,2
39548,2
39549,2
39550,2
39551,1
39552,1
39553,2
39554,0
39555,2
39556,2
39557,1
39558,2
39559,2
39560,1
39561,2
39562,1
39563,2
39564,1
39565,2
39566,1
39567,2
39568,2
39569,1
39570,2
39571,1
39572,1
39573,2
39574,2
39575,2
39576,0
39577,1
39578,1
39579,2
39580,1
39581,2
39582,2
39583,1
39584,0
39585,1
39586,0
39587,1
39588,2
39589,2
39590,2
39591,2
39592,0
39593,0
39594,0
39595,1
39596,2
39597,2
39598,2
39599,1
39600,1
39601,2
39602,2
39603,1
39604,2
39605,2
39606,1
39607,0
39608,1
39609,2
39610,2
39611,1
39612,2
39613,2
39614,2
39615,1
39616,2
39617,1
39618,2
39619,1
39620,2
39621,2
39622,1
39623,2
39624,2
39625,1
39626,0
39627,2
39628,2
39629,1
39630,2
39631,2
39632,2
39633,2
39634,2
39635,2
39636,1
39637,2
39638,1
39639,2
39640,2
39641,2
39642,1
39643,0
39644,2
39645,0
39646,2
39647,2
39648,1
39649,1
39650,2
39651,2
39652,1
39653,1
39654,2
39655,2
39656,1
39657,1
39658,1
39659,2
39660,2
39661,2
39662,1
39663,2
39664,1
39665,2
39666,0
39667,1
39668,1
39669,0
39670,0
39671,1
39672,1
39673,2
39674,1
39675,0
39676,1
39677,2
39678,2
39679,0
39680,1
39681,0
39682,2
39683,1
39684,0
39685,2
39686,2
39687,1
39688,2
39689,1
39690,2
39691,2
39692,2
39693,2
39694,2
39695,1
39696,2
39697,2
39698,2
39699,2
39700,1
39701,1
39702,2
39703,1
39704,2
39705,0
39706,2
39707,1
39708,2
39709,2
39710,1
39711,2
39712,2
39713,2
39714,1
39715,2
39716,2
39717,2
39718,2
39719,2
39720,2
39721,1
39722,0
39723,1
39724,1
39725,0
39726,2
39727,2
39728,2
39729,0
39730,1
39731,0
39732,0
39733,1
39734,1
39735,2
39736,1
39737,2
39738,2
39739,2
39740,1
39741,0
39742,2
39743,1
39744,2
39745,2
39746,1
39747,0
39748,0
39749,2
39750,1
39751,1
39752,2
39753,0
39754,1
39755,2
39756,2
39757,2
39758,2
39759,2
39760,1
39761,2
39762,2
39763,0
39764,2
39765,2
39766,1
39767,1
39768,0
39769,1
39770,1
39771,1
39772,1
39773,2
39774,2
39775,0
39776,1
39777,2
39778,2
39779,1
39780,0
39781,2
39782,0
39783,2
39784,2
39785,0
39786,2
39787,2
39788,2
39789,2
39790,0
39791,2
39792,2
39793,1
39794,2
39795,0
39796,1
39797,1
39798,2
39799,2
39800,2
39801,2
39802,2
39803,1
39804,2
39805,0
39806,1
39807,1
39808,0
39809,1
39810,1
39811,1
39812,2
39813,1
39814,2
39815,0
39816,2
39817,1
39818,1
39819,2
39820,1
39821,1
39822,0
39823,1
39824,2
39825,1
39826,1
39827,1
39828,0
39829,0
39830,2
39831,1
39832,1
39833,0
39834,1
39835,2
39836,2
39837,1
39838,1
39839,2
39840,2
39841,1
39842,2
39843,2
39844,2
39845,1
39846,1
39847,2
39848,1
39849,1
39850,1
39851,2
39852,0
39853,2
39854,2
39855,2
39856,2
39857,2
39858,2
39859,2
39860,1
39861,1
39862,2
39863,2
39864,1
39865,1
39866,1
39867,0
39868,0
39869,2
39870,2
39871,2
39872,1
39873,2
39874,2
39875,2
39876,2
39877,2
39878,0
39879,2
39880,2
39881,1
39882,0
39883,2
39884,2
39885,2
39886,1
39887,2
39888,0
39889,1
39890,2
39891,2
39892,1
39893,1
39894,2
39895,1
39896,1
39897,1
39898,2
39899,1
39900,2
39901,0
39902,2
39903,2
39904,2
39905,2
39906,2
39907,0
39908,1
39909,1
39910,2
39911,1
39912,1
39913,2
39914,2
39915,2
39916,2
39917,2
39918,2
39919,2
39920,1
39921,2
39922,2
39923,2
39924,2
39925,1
39926,2
39927,0
39928,0
39929,2
39930,1
39931,2
39932,0
39933,2
39934,2
39935,2
39936,0
39937,0
39938,1
39939,1
39940,2
39941,1
39942,2
39943,2
39944,2
39945,2
39946,2
39947,2
39948,0
39949,1
39950,2
39951,2
39952,0
39953,2
39954,1
39955,1
39956,1
39957,1
39958,2
39959,2
39960,1
39961,0
39962,0
39963,0
39964,2
39965,2
39966,1
39967,2
39968,1
39969,2
39970,0
39971,1
39972,2
39973,1
39974,2
39975,0
39976,2
39977,2
39978,0
39979,2
39980,1
39981,1
39982,1
39983,2
39984,1
39985,1
39986,2
39987,1
39988,2
39989,2
39990,2
39991,2
39992,1
39993,2
39994,1
39995,2
39996,1
39997,1
39998,2
39999,1
40000,2
40001,1
40002,2
40003,1
40004,1
40005,1
40006,1
40007,1
40008,2
40009,1
40010,1
40011,0
40012,2
40013,2
40014,1
40015,2
40016,2
40017,2
40018,1
40019,2
40020,0
40021,2
40022,0
40023,1
40024,2
40025,0
40026,2
40027,2
40028,1
40029,1
40030,2
40031,0
40032,0
40033,2
40034,2
40035,2
40036,2
40037,2
40038,2
40039,0
40040,2
40041,2
40042,2
40043,2
40044,2
40045,2
40046,2
40047,1
40048,2
40049,2
40050,2
40051,1
40052,2
40053,2
40054,2
40055,1
40056,0
40057,2
40058,2
40059,1
40060,1
40061,0
40062,1
40063,2
40064,0
40065,2
40066,2
40067,0
40068,2
40069,2
40070,1
40071,1
40072,1
40073,1
40074,2
40075,2
40076,1
40077,0
40078,1
40079,1
40080,2
40081,0
40082,1
40083,2
40084,2
40085,2
40086,2
40087,1
40088,1
40089,2
40090,2
40091,2
40092,1
40093,0
40094,1
40095,1
40096,1
40097,1
40098,1
40099,1
40100,2
40101,2
40102,2
40103,1
40104,2
40105,2
40106,1
40107,1
40108,2
40109,2
40110,0
40111,2
40112,2
40113,2
40114,2
40115,2
40116,1
40117,0
40118,2
40119,2
40120,1
40121,2
40122,2
40123,1
40124,2
40125,0
40126,2
40127,1
40128,2
40129,1
40130,2
40131,1
40132,1
40133,0
40134,2
40135,1
40136,2
40137,2
40138,1
40139,1
40140,2
40141,1
40142,2
40143,2
40144,0
40145,2
40146,1
40147,2
40148,1
40149,1
40150,2
40151,2
40152,2
40153,2
40154,2
40155,2
40156,2
40157,2
40158,2
40159,1
40160,0
40161,2
40162,0
40163,2
40164,1
40165,1
40166,1
40167,2
40168,2
40169,0
40170,2
40171,0
40172,2
40173,2
40174,1
40175,1
40176,2
40177,2
40178,2
40179,1
40180,1
40181,2
40182,1
40183,1
40184,1
40185,2
40186,1
40187,2
40188,1
40189,2
40190,2
40191,1
40192,2
40193,2
40194,1
40195,2
40196,2
40197,1
40198,2
40199,0
40200,2
40201,2
40202,1
40203,1
40204,1
40205,1
40206,0
40207,0
40208,2
40209,2
40210,1
40211,2
40212,2
40213,1
40214,2
40215,2
40216,0
40217,2
40218,1
40219,1
40220,2
40221,2
40222,2
40223,0
40224,2
40225,1
40226,2
40227,1
40228,1
40229,1
40230,2
40231,0
40232,2
40233,1
40234,1
40235,1
40236,2
40237,1
40238,2
40239,2
40240,1
40241,2
40242,0
40243,1
40244,2
40245,2
40246,2
40247,1
40248,2
40249,1
40250,1
40251,1
40252,1
40253,2
40254,0
40255,0
40256,2
40257,1
40258,0
40259,2
40260,1
40261,0
40262,1
40263,2
40264,1
40265,2
40266,2
40267,1
40268,1
40269,2
40270,1
40271,2
40272,0
40273,1
40274,1
40275,2
40276,2
40277,2
40278,2
40279,2
40280,0
40281,2
40282,2
40283,1
40284,2
40285,1
40286,2
40287,2
40288,1
40289,1
40290,1
40291,2
40292,2
40293,1
40294,1
40295,1
40296,2
40297,2
40298,0
40299,2
40300,2
40301,0
40302,1
40303,2
40304,2
40305,1
40306,2
40307,2
40308,1
40309,2
40310,0
40311,1
40312,0
40313,2
40314,2
40315,1
40316,1
40317,0
40318,2
40319,1
40320,2
40321,1
40322,1
40323,0
40324,2
40325,2
40326,0
40327,0
40328,1
40329,1
40330,2
40331,0
40332,1
40333,1
40334,2
40335,0
40336,2
40337,2
40338,2
40339,2
40340,2
40341,1
40342,2
40343,2
40344,2
40345,2
40346,0
40347,0
40348,1
40349,2
40350,2
40351,2
40352,2
40353,0
40354,1
40355,1
40356,2
40357,2
40358,1
40359,2
40360,1
40361,1
40362,2
40363,1
40364,2
40365,2
40366,1
40367,0
40368,1
40369,1
40370,2
40371,1
40372,2
40373,1
40374,1
40375,1
40376,2
40377,2
40378,2
40379,1
40380,1
40381,0
40382,1
40383,1
40384,2
40385,0
40386,2
40387,1
40388,1
40389,2
40390,1
40391,2
40392,2
40393,2
40394,2
40395,2
40396,2
40397,2
40398,1
40399,1
40400,2
40401,2
40402,2
40403,2
40404,0
40405,1
40406,1
40407,1
40408,0
40409,2
40410,2
40411,1
40412,0
40413,1
40414,2
40415,0
40416,1
40417,1
40418,2
40419,1
40420,2
40421,2
40422,2
40423,2
40424,1
40425,2
40426,2
40427,2
40428,2
40429,1
40430,1
40431,2
40432,2
40433,1
40434,2
40435,0
40436,2
40437,0
40438,2
40439,2
40440,2
40441,2
40442,0
40443,2
40444,2
40445,2
40446,2
40447,1
40448,1
40449,1
40450,2
40451,1
40452,1
40453,1
40454,1
40455,0
40456,1
40457,1
40458,1
40459,2
40460,2
40461,1
40462,2
40463,2
40464,1
40465,1
40466,1
40467,1
40468,2
40469,2
40470,0
40471,1
40472,2
40473,2
40474,1
40475,2
40476,0
40477,0
40478,2
40479,2
40480,2
40481,1
40482,2
40483,1
40484,2
40485,2
40486,2
40487,1
40488,1
40489,2
40490,2
40491,1
40492,1
40493,1
40494,1
40495,2
40496,1
40497,2
40498,1
40499,2
40500,2
40501,1
40502,2
40503,1
40504,0
40505,2
40506,1
40507,2
40508,1
40509,2
40510,1
40511,1
40512,2
40513,2
40514,1
40515,1
40516,1
40517,0
40518,0
40519,1
40520,2
40521,2
40522,1
40523,0
40524,0
40525,2
40526,2
40527,0
40528,1
40529,1
40530,2
40531,1
40532,1
40533,0
40534,1
40535,2
40536,2
40537,0
40538,2
40539,2
40540,1
40541,2
40542,1
40543,1
40544,1
40545,2
40546,1
40547,2
40548,1
40549,0
40550,2
40551,2
40552,2
40553,1
40554,1
40555,2
40556,2
40557,0
40558,0
40559,1
40560,2
40561,2
40562,2
40563,2
40564,2
40565,2
40566,1
40567,2
40568,2
40569,1
40570,2
40571,1
40572,2
40573,2
40574,1
40575,1
40576,2
40577,2
40578,1
40579,1
40580,0
40581,2
40582,1
40583,2
40584,2
40585,2
40586,1
40587,2
40588,2
40589,1
40590,1
40591,2
40592,1
40593,2
40594,2
40595,2
40596,2
40597,2
40598,1
40599,0
40600,1
40601,1
40602,1
40603,0
40604,0
40605,1
40606,2
40607,0
40608,0
40609,2
40610,1
40611,2
40612,2
40613,0
40614,2
40615,2
40616,0
40617,0
40618,2
40619,1
40620,1
40621,1
40622,1
40623,1
40624,2
40625,2
40626,0
40627,1
40628,2
40629,1
40630,2
40631,2
40632,2
40633,1
40634,1
40635,1
40636,2
40637,2
40638,1
40639,2
40640,1
40641,1
40642,2
40643,1
40644,1
40645,2
40646,2
40647,2
40648,1
40649,2
40650,0
40651,0
40652,2
40653,2
40654,2
40655,2
40656,2
40657,1
40658,2
40659,2
40660,0
40661,2
40662,1
40663,0
40664,1
40665,2
40666,1
40667,0
40668,1
40669,2
40670,2
40671,1
40672,1
40673,0
40674,1
40675,2
40676,0
40677,1
40678,1
40679,0
40680,1
40681,1
40682,1
40683,1
40684,1
40685,1
40686,2
40687,0
40688,2
40689,0
40690,0
40691,1
40692,2
40693,2
40694,0
40695,1
40696,2
40697,0
40698,2
40699,0
40700,2
40701,2
40702,2
40703,1
40704,2
40705,1
40706,0
40707,2
40708,1
40709,1
40710,1
40711,2
40712,0
40713,2
40714,1
40715,2
40716,1
40717,2
40718,1
40719,2
40720,2
40721,2
40722,1
40723,1
40724,2
40725,1
40726,1
40727,1
40728,1
40729,1
40730,0
40731,1
40732,2
40733,2
40734,2
40735,2
40736,1
40737,1
40738,1
40739,2
40740,1
40741,2
40742,2
40743,0
40744,2
40745,1
40746,1
40747,2
40748,2
40749,2
40750,2
40751,2
40752,2
40753,1
40754,1
40755,2
40756,1
40757,1
40758,2
40759,2
40760,2
40761,2
40762,2
40763,1
40764,2
40765,1
40766,1
40767,2
40768,2
40769,2
40770,0
40771,0
40772,0
40773,2
40774,1
40775,1
40776,2
40777,1
40778,0
40779,2
40780,2
40781,2
40782,1
40783,2
40784,1
40785,2
40786,2
40787,2
40788,0
40789,2
40790,1
40791,0
40792,2
40793,1
40794,0
40795,0
40796,1
40797,2
40798,0
40799,2
40800,1
40801,1
40802,0
40803,1
40804,1
40805,2
40806,0
40807,1
40808,1
40809,2
40810,2
40811,2
40812,2
40813,1
40814,0
40815,2
40816,2
40817,1
40818,2
40819,1
40820,1
40821,1
40822,2
40823,2
40824,1
40825,2
40826,1
40827,2
40828,1
40829,2
40830,1
40831,2
40832,2
40833,0
40834,1
40835,2
40836,2
40837,1
40838,1
40839,2
40840,1
40841,2
40842,2
40843,1
40844,1
40845,2
40846,1
40847,0
40848,1
40849,2
40850,2
40851,2
40852,2
40853,2
40854,1
40855,0
40856,1
40857,2
40858,1
40859,1
40860,1
40861,1
40862,1
40863,1
40864,1
40865,0
40866,2
40867,0
40868,2
40869,2
40870,2
40871,1
40872,1
40873,1
40874,1
40875,2
40876,1
40877,1
40878,0
40879,2
40880,2
40881,2
40882,2
40883,2
40884,1
40885,1
40886,1
40887,2
40888,2
40889,1
40890,2
40891,1
40892,0
40893,0
40894,2
40895,1
40896,1
40897,2
40898,2
40899,2
40900,2
40901,0
40902,2
40903,2
40904,2
40905,1
40906,2
40907,2
40908,2
40909,2
40910,1
40911,1
40912,1
40913,2
40914,1
40915,2
40916,1
40917,2
40918,1
40919,0
40920,1
40921,0
40922,0
40923,2
40924,2
40925,0
40926,2
40927,2
40928,0
40929,2
40930,1
40931,2
40932,2
40933,1
40934,1
40935,2
40936,1
40937,2
40938,0
40939,0
40940,2
40941,1
40942,2
40943,1
40944,1
40945,2
40946,2
40947,1
40948,1
40949,1
40950,1
40951,2
40952,1
40953,1
40954,2
40955,2
40956,0
40957,2
40958,2
40959,1
40960,1
40961,2
40962,2
40963,2
40964,1
40965,2
40966,1
40967,2
40968,2
40969,0
40970,1
40971,2
40972,2
40973,2
40974,2
40975,2
40976,2
40977,1
40978,1
40979,1
40980,1
40981,1
40982,1
40983,2
40984,1
40985,1
40986,2
40987,2
40988,1
40989,1
40990,2
40991,2
40992,1
40993,2
40994,1
40995,0
40996,2
40997,2
40998,1
40999,0
41000,1
41001,1
41002,0
41003,1
41004,0
41005,2
41006,0
41007,2
41008,1
41009,2
41010,2
41011,2
41012,2
41013,2
41014,2
41015,1
41016,2
41017,0
41018,0
41019,2
41020,2
41021,1
41022,1
41023,2
41024,2
41025,1
41026,1
41027,2
41028,2
41029,1
41030,2
41031,2
41032,1
41033,0
41034,2
41035,2
41036,1
41037,1
41038,2
41039,2
41040,2
41041,1
41042,1
41043,2
41044,2
41045,0
41046,2
41047,0
41048,2
41049,1
41050,2
41051,0
41052,2
41053,2
41054,0
41055,1
41056,1
41057,1
41058,2
41059,2
41060,2
41061,2
41062,2
41063,1
41064,1
41065,1
41066,1
41067,1
41068,1
41069,1
41070,2
41071,2
41072,1
41073,1
41074,2
41075,1
41076,2
41077,2
41078,0
41079,0
41080,2
41081,1
41082,2
41083,2
41084,1
41085,2
41086,1
41087,1
41088,2
41089,2
41090,2
41091,2
41092,1
41093,1
41094,2
41095,0
41096,2
41097,1
41098,1
41099,1
41100,1
41101,1
41102,2
41103,2
41104,2
41105,2
41106,2
41107,2
41108,1
41109,2
41110,2
41111,1
41112,1
41113,1
41114,1
41115,0
41116,0
41117,0
41118,1
41119,1
41120,1
41121,0
41122,1
41123,2
41124,2
41125,2
41126,2
41127,1
41128,0
41129,2
41130,2
41131,1
41132,0
41133,2
41134,0
41135,1
41136,1
41137,2
41138,1
41139,2
41140,0
41141,0
41142,1
41143,2
41144,1
41145,2
41146,2
41147,2
41148,2
41149,2
41150,2
41151,1
41152,1
41153,1
41154,2
41155,1
41156,0
41157,0
41158,1
41159,0
41160,2
41161,0
41162,1
41163,2
41164,2
41165,0
41166,1
41167,0
41168,1
41169,0
41170,1
41171,1
41172,2
41173,1
41174,2
41175,1
41176,1
41177,1
41178,1
41179,2
41180,2
41181,1
41182,0
41183,2
41184,2
41185,2
41186,0
41187,2
41188,2
41189,2
41190,1
41191,2
41192,1
41193,1
41194,2
41195,2
41196,1
41197,1
41198,2
41199,1
41200,2
41201,0
41202,1
41203,1
41204,2
41205,2
41206,2
41207,2
41208,1
41209,2
41210,2
41211,2
41212,0
41213,1
41214,2
41215,2
41216,2
41217,2
41218,1
41219,1
41220,1
41221,2
41222,1
41223,1
41224,2
41225,0
41226,0
41227,0
41228,0
41229,0
41230,0
41231,2
41232,2
41233,2
41234,1
41235,1
41236,1
41237,1
41238,2
41239,2
41240,2
41241,0
41242,2
41243,0
41244,2
41245,2
41246,2
41247,2
41248,2
41249,2
41250,1
41251,1
41252,1
41253,2
41254,2
41255,2
41256,0
41257,1
41258,2
41259,1
41260,2
41261,2
41262,1
41263,0
41264,1
41265,2
41266,1
41267,2
41268,2
41269,2
41270,2
41271,1
41272,1
41273,0
41274,2
41275,1
41276,2
41277,1
41278,2
41279,0
41280,2
41281,2
41282,1
41283,2
41284,2
41285,2
41286,0
41287,2
41288,0
41289,2
41290,1
41291,2
41292,1
41293,1
41294,1
41295,1
41296,2
41297,1
41298,2
41299,1
41300,2
41301,2
41302,2
41303,1
41304,1
41305,2
41306,2
41307,2
41308,0
41309,0
41310,1
41311,1
41312,2
41313,2
41314,1
41315,2
41316,2
41317,1
41318,2
41319,0
41320,1
41321,2
41322,2
41323,1
41324,2
41325,2
41326,0
41327,2
41328,2
41329,2
41330,2
41331,2
41332,1
41333,2
41334,1
41335,0
41336,2
41337,0
41338,2
41339,1
41340,2
41341,2
41342,2
41343,1
41344,1
41345,2
41346,0
41347,2
41348,0
41349,1
41350,1
41351,1
41352,2
41353,2
41354,2
41355,2
41356,2
41357,1
41358,0
41359,2
41360,2
41361,1
41362,0
41363,2
41364,2
41365,1
41366,2
41367,1
41368,2
41369,2
41370,1
41371,2
41372,2
41373,0
41374,1
41375,2
41376,2
41377,2
41378,2
41379,2
41380,2
41381,1
41382,0
41383,1
41384,2
41385,2
41386,1
41387,0
41388,2
41389,2
41390,0
41391,0
41392,1
41393,2
41394,0
41395,2
41396,2
41397,0
41398,1
41399,2
41400,1
41401,1
41402,2
41403,2
41404,2
41405,2
41406,2
41407,1
41408,1
41409,2
41410,2
41411,1
41412,2
41413,1
41414,2
41415,2
41416,2
41417,1
41418,2
41419,1
41420,1
41421,1
41422,2
41423,2
41424,0
41425,1
41426,1
41427,2
41428,2
41429,0
41430,0
41431,1
41432,1
41433,2
41434,2
41435,2
41436,1
41437,0
41438,1
41439,1
41440,2
41441,0
41442,1
41443,1
41444,1
41445,2
41446,2
41447,0
41448,1
41449,1
41450,1
41451,1
41452,2
41453,0
41454,1
41455,1
41456,1
41457,2
41458,2
41459,1
41460,1
41461,2
41462,2
41463,1
41464,0
41465,2
41466,2
41467,2
41468,2
41469,1
41470,2
41471,1
41472,2
41473,1
41474,2
41475,1
41476,1
41477,0
41478,0
41479,1
41480,0
41481,2
41482,1
41483,1
41484,2
41485,2
41486,2
41487,2
41488,1
41489,2
41490,0
41491,1
41492,1
41493,2
41494,1
41495,1
41496,2
41497,1
41498,2
41499,0
41500,2
41501,2
41502,2
41503,1
41504,0
41505,1
41506,1
41507,2
41508,2
41509,1
41510,2
41511,1
41512,1
41513,2
41514,2
41515,1
41516,2
41517,2
41518,2
41519,2
41520,2
41521,0
41522,2
41523,1
41524,2
41525,0
41526,1
41527,2
41528,2
41529,2
41530,1
41531,0
41532,1
41533,1
41534,2
41535,2
41536,1
41537,1
41538,1
41539,2
41540,2
41541,2
41542,2
41543,1
41544,1
41545,2
41546,2
41547,2
41548,1
41549,2
41550,0
41551,1
41552,2
41553,2
41554,2
41555,2
41556,1
41557,1
41558,2
41559,2
41560,1
41561,1
41562,2
41563,2
41564,2
41565,2
41566,0
41567,2
41568,2
41569,2
41570,2
41571,1
41572,0
41573,2
41574,2
41575,1
41576,1
41577,1
41578,0
41579,2
41580,1
41581,1
41582,1
41583,1
41584,2
41585,1
41586,2
41587,2
41588,2
41589,1
41590,1
41591,2
41592,2
41593,1
41594,1
41595,1
41596,1
41597,2
41598,0
41599,1
41600,2
41601,1
41602,1
41603,2
41604,1
41605,1
41606,2
41607,0
41608,2
41609,1
41610,1
41611,2
41612,1
41613,2
41614,1
41615,2
41616,0
41617,2
41618,2
41619,1
41620,2
41621,2
41622,1
41623,2
41624,2
41625,1
41626,2
41627,2
41628,1
41629,2
41630,1
41631,2
41632,0
41633,2
41634,1
41635,0
41636,1
41637,2
41638,2
41639,1
41640,1
41641,2
41642,2
41643,1
41644,2
41645,2
41646,2
41647,2
41648,2
41649,2
41650,2
41651,2
41652,1
41653,2
41654,1
41655,1
41656,1
41657,2
41658,2
41659,0
41660,2
41661,1
41662,1
41663,1
41664,2
41665,1
41666,2
41667,1
41668,0
41669,2
41670,2
41671,1
41672,2
41673,1
41674,1
41675,1
41676,2
41677,2
41678,1
41679,2
41680,1
41681,2
41682,1
41683,0
41684,2
41685,1
41686,2
41687,1
41688,2
41689,2
41690,2
41691,1
41692,0
41693,1
41694,2
41695,0
41696,2
41697,2
41698,2
41699,2
41700,2
41701,1
41702,1
41703,1
41704,1
41705,1
41706,1
41707,1
41708,2
41709,2
41710,2
41711,2
41712,2
41713,0
41714,1
41715,2
41716,2
41717,2
41718,2
41719,1
41720,2
41721,1
41722,2
41723,0
41724,2
41725,1
41726,1
41727,2
41728,2
41729,2
41730,1
41731,0
41732,1
41733,1
41734,1
41735,2
41736,2
41737,2
41738,2
41739,1
41740,1
41741,1
41742,1
41743,1
41744,1
41745,1
41746,2
41747,0
41748,1
41749,2
41750,1
41751,0
41752,1
41753,2
41754,2
41755,1
41756,1
41757,0
41758,1
41759,0
41760,2
41761,0
41762,2
41763,2
41764,1
41765,2
41766,1
41767,2
41768,0
41769,2
41770,2
41771,0
41772,2
41773,1
41774,1
41775,0
41776,1
41777,2
41778,2
41779,0
41780,2
41781,1
41782,1
41783,2
41784,2
41785,1
41786,2
41787,2
41788,2
41789,1
41790,1
41791,1
41792,0
41793,0
41794,1
41795,1
41796,0
41797,1
41798,2
41799,2
41800,1
41801,1
41802,1
41803,1
41804,1
41805,2
41806,2
41807,2
41808,2
41809,0
41810,1
41811,1
41812,0
41813,2
41814,1
41815,2
41816,2
41817,2
41818,1
41819,2
41820,2
41821,2
41822,2
41823,2
41824,2
41825,0
41826,1
41827,2
41828,1
41829,2
41830,2
41831,2
41832,2
41833,1
41834,2
41835,2
41836,0
41837,1
41838,2
41839,2
41840,2
41841,2
41842,2
41843,2
41844,1
41845,1
41846,0
41847,2
41848,2
41849,2
41850,1
41851,1
41852,1
41853,2
41854,1
41855,0
41856,0
41857,1
41858,1
41859,2
41860,1
41861,2
41862,2
41863,2
41864,1
41865,2
41866,1
41867,1
41868,1
41869,1
41870,2
41871,2
41872,2
41873,1
41874,2
41875,1
41876,1
41877,1
41878,2
41879,2
41880,2
41881,2
41882,1
41883,1
41884,2
41885,2
41886,1
41887,1
41888,2
41889,1
41890,1
41891,2
41892,1
41893,2
41894,1
41895,2
41896,1
41897,2
41898,0
41899,0
41900,1
41901,1
41902,0
41903,1
41904,1
41905,1
41906,0
41907,1
41908,2
41909,1
41910,2
41911,2
41912,1
41913,2
41914,1
41915,0
41916,2
41917,0
41918,1
41919,2
41920,2
41921,1
41922,2
41923,1
41924,2
41925,1
41926,1
41927,1
41928,2
41929,2
41930,2
41931,2
41932,1
41933,2
41934,1
41935,2
41936,1
41937,0
41938,0
41939,1
41940,0
41941,2
41942,2
41943,1
41944,1
41945,0
41946,1
41947,1
41948,1
41949,2
41950,1
41951,2
41952,2
41953,2
41954,2
41955,1
41956,0
41957,1
41958,2
41959,2
41960,0
41961,2
41962,2
41963,2
41964,1
41965,1
41966,2
41967,1
41968,1
41969,2
41970,2
41971,2
41972,2
41973,2
41974,2
41975,2
41976,1
41977,2
41978,0
41979,1
41980,1
41981,2
41982,1
41983,1
41984,1
41985,2
41986,1
41987,2
41988,1
41989,1
41990,2
41991,2
41992,2
41993,1
41994,2
41995,2
41996,2
41997,2
41998,2
41999,1
42000,2
42001,2
42002,2
42003,1
42004,2
42005,2
42006,1
42007,2
42008,0
42009,2
42010,2
42011,0
42012,2
42013,1
42014,1
42015,2
42016,2
42017,0
42018,2
42019,1
42020,2
42021,1
42022,2
42023,1
42024,1
42025,1
42026,1
42027,1
42028,1
42029,1
42030,1
42031,2
42032,2
42033,0
42034,2
42035,0
42036,1
42037,1
42038,1
42039,2
42040,2
42041,2
42042,1
42043,1
42044,0
42045,2
42046,1
42047,1
42048,1
42049,1
42050,0
42051,2
42052,2
42053,1
42054,2
42055,1
42056,0
42057,2
42058,2
42059,2
42060,2
42061,1
42062,2
42063,2
42064,1
42065,2
42066,1
42067,1
42068,2
42069,0
42070,0
42071,2
42072,2
42073,2
42074,1
42075,1
42076,2
42077,2
42078,2
42079,0
42080,1
42081,1
42082,1
42083,2
42084,2
42085,2
42086,1
42087,0
42088,1
42089,2
42090,2
42091,0
42092,1
42093,0
42094,2
42095,2
42096,2
42097,2
42098,2
42099,1
42100,1
42101,1
42102,1
42103,2
42104,1
42105,1
42106,1
42107,2
42108,2
42109,0
42110,2
42111,2
42112,1
42113,1
42114,1
42115,1
42116,1
42117,1
42118,2
42119,2
42120,1
42121,2
42122,2
42123,1
42124,1
42125,2
42126,1
42127,2
42128,2
42129,1
42130,2
42131,1
42132,1
42133,1
42134,1
42135,0
42136,2
42137,2
42138,2
42139,1
42140,2
42141,0
42142,2
42143,1
42144,0
42145,1
42146,0
42147,2
42148,2
42149,1
42150,2
42151,2
42152,0
42153,0
42154,2
42155,1
42156,2
42157,2
42158,1
42159,2
42160,2
42161,1
42162,1
42163,1
42164,2
42165,2
42166,1
42167,2
42168,2
42169,2
42170,2
42171,2
42172,1
42173,2
42174,0
42175,0
42176,2
42177,2
42178,0
42179,0
42180,2
42181,1
42182,2
42183,1
42184,0
42185,2
42186,1
42187,1
42188,1
42189,1
42190,0
42191,1
42192,1
42193,1
42194,2
42195,2
42196,2
42197,0
42198,2
42199,1
42200,2
42201,2
42202,0
42203,2
42204,0
42205,2
42206,2
42207,2
42208,2
42209,1
42210,1
42211,2
42212,2
42213,1
42214,2
42215,1
42216,1
42217,2
42218,0
42219,1
42220,2
42221,1
42222,1
42223,2
42224,2
42225,2
42226,2
42227,0
42228,2
42229,2
42230,0
42231,1
42232,2
42233,2
42234,1
42235,1
42236,2
42237,2
42238,2
42239,2
42240,1
42241,2
42242,2
42243,0
42244,2
42245,2
42246,1
42247,0
42248,1
42249,2
42250,1
42251,2
42252,2
42253,0
42254,1
42255,2
42256,1
42257,1
42258,2
42259,1
42260,1
42261,2
42262,2
42263,2
42264,2
42265,2
42266,1
42267,1
42268,2
42269,2
42270,1
42271,2
42272,2
42273,1
42274,2
42275,1
42276,2
42277,1
42278,1
42279,2
42280,0
42281,2
42282,1
42283,2
42284,1
42285,1
42286,2
42287,2
42288,1
42289,2
42290,0
42291,0
42292,1
42293,0
42294,1
42295,1
42296,1
42297,2
42298,1
42299,1
42300,1
42301,1
42302,2
42303,0
42304,2
42305,1
42306,1
42307,0
42308,1
42309,1
42310,2
42311,1
42312,2
42313,2
42314,2
42315,2
42316,1
42317,1
42318,2
42319,2
42320,2
42321,0
42322,2
42323,2
42324,2
42325,2
42326,1
42327,1
42328,2
42329,1
42330,2
42331,1
42332,1
42333,2
42334,1
42335,1
42336,1
42337,1
42338,1
42339,2
42340,1
42341,0
42342,2
42343,2
42344,2
42345,2
42346,1
42347,1
42348,2
42349,2
42350,2
42351,1
42352,2
42353,1
42354,2
42355,2
42356,1
42357,1
42358,1
42359,2
42360,2
42361,1
42362,1
42363,1
42364,2
42365,2
42366,2
42367,2
42368,2
42369,1
42370,1
42371,2
42372,2
42373,2
42374,1
42375,1
42376,2
42377,1
42378,2
42379,1
42380,2
42381,2
42382,2
42383,1
42384,1
42385,2
42386,1
42387,2
42388,1
42389,0
42390,1
42391,0
42392,1
42393,2
42394,1
42395,0
42396,2
42397,1
42398,2
42399,2
42400,1
42401,1
42402,1
42403,1
42404,2
42405,2
42406,0
42407,2
42408,2
42409,1
42410,2
42411,2
42412,1
42413,2
42414,2
42415,1
42416,2
42417,1
42418,2
42419,2
42420,2
42421,1
42422,1
42423,1
42424,2
42425,1
42426,1
42427,0
42428,1
42429,1
42430,1
42431,1
42432,1
42433,1
42434,2
42435,2
42436,2
42437,0
42438,1
42439,0
42440,2
42441,1
42442,0
42443,1
42444,1
42445,0
42446,1
42447,2
42448,2
42449,1
42450,2
42451,1
42452,1
42453,2
42454,1
42455,2
42456,0
42457,1
42458,1
42459,2
42460,0
42461,2
42462,2
42463,1
42464,0
42465,2
42466,1
42467,1
42468,1
42469,1
42470,2
42471,2
42472,1
42473,1
42474,2
42475,0
42476,1
42477,2
42478,1
42479,2
42480,2
42481,1
42482,2
42483,1
42484,2
42485,2
42486,2
42487,1
42488,2
42489,2
42490,1
42491,2
42492,1
42493,2
42494,0
42495,2
42496,0
42497,2
42498,1
42499,2
42500,0
42501,1
42502,0
42503,2
42504,1
42505,1
42506,2
42507,2
42508,2
42509,1
42510,1
42511,1
42512,1
42513,1
42514,1
42515,2
42516,2
42517,0
42518,0
42519,2
42520,1
42521,2
42522,2
42523,1
42524,1
42525,1
42526,2
42527,2
42528,2
42529,1
42530,1
42531,2
42532,1
42533,2
42534,1
42535,2
42536,2
42537,2
42538,2
42539,1
42540,0
42541,2
42542,1
42543,2
42544,1
42545,2
42546,2
42547,1
42548,1
42549,2
42550,2
42551,1
42552,2
42553,2
42554,0
42555,1
42556,2
42557,1
42558,1
42559,0
42560,0
42561,2
42562,2
42563,1
42564,1
42565,0
42566,1
42567,2
42568,1
42569,1
42570,2
42571,2
42572,2
42573,2
42574,1
42575,1
42576,1
42577,2
42578,0
42579,1
42580,1
42581,1
42582,1
42583,0
42584,2
42585,2
42586,2
42587,0
42588,1
42589,2
42590,2
42591,2
42592,1
42593,2
42594,2
42595,2
42596,1
42597,2
42598,1
42599,1
42600,1
42601,0
42602,1
42603,2
42604,1
42605,2
42606,1
42607,1
42608,1
42609,2
42610,1
42611,0
42612,1
42613,2
42614,1
42615,1
42616,1
42617,0
42618,2
42619,2
42620,0
42621,1
42622,2
42623,2
42624,1
42625,2
42626,2
42627,2
42628,2
42629,2
42630,2
42631,0
42632,0
42633,0
42634,2
42635,1
42636,1
42637,2
42638,1
42639,1
42640,2
42641,2
42642,2
42643,2
42644,0
42645,1
42646,0
42647,2
42648,2
42649,2
42650,1
42651,0
42652,2
42653,2
42654,1
42655,2
42656,2
42657,2
42658,1
42659,2
42660,2
42661,1
42662,2
42663,1
42664,1
42665,1
42666,2
42667,2
42668,0
42669,2
42670,2
42671,2
42672,1
42673,2
42674,1
42675,2
42676,1
42677,0
42678,1
42679,2
42680,2
42681,1
42682,2
42683,0
42684,1
42685,2
42686,1
42687,1
42688,1
42689,1
42690,2
42691,1
42692,1
42693,2
42694,1
42695,2
42696,2
42697,1
42698,1
42699,1
42700,2
42701,0
42702,1
42703,1
42704,1
42705,1
42706,2
42707,1
42708,1
42709,1
42710,2
42711,2
42712,1
42713,2
42714,1
42715,2
42716,2
42717,1
42718,2
42719,1
42720,2
42721,2
42722,0
42723,1
42724,2
42725,1
42726,2
42727,2
42728,1
42729,1
42730,1
42731,2
42732,1
42733,2
42734,1
42735,1
42736,2
42737,2
42738,0
42739,2
42740,2
42741,0
42742,1
42743,2
42744,2
42745,0
42746,2
42747,2
42748,2
42749,1
42750,2
42751,1
42752,1
42753,2
42754,2
42755,2
42756,0
42757,2
42758,0
42759,2
42760,1
42761,0
42762,2
42763,2
42764,2
42765,1
42766,2
42767,0
42768,2
42769,0
42770,2
42771,2
42772,2
42773,1
42774,1
42775,2
42776,2
42777,1
42778,1
42779,1
42780,2
42781,2
42782,2
42783,2
42784,1
42785,1
42786,1
42787,2
42788,0
42789,0
42790,1
42791,2
42792,0
42793,0
42794,1
42795,1
42796,2
42797,1
42798,2
42799,1
42800,2
42801,0
42802,1
42803,2
42804,1
42805,1
42806,2
42807,0
42808,0
42809,1
42810,2
42811,0
42812,1
42813,2
42814,0
42815,1
42816,2
42817,1
42818,2
42819,1
42820,2
42821,2
42822,2
42823,1
42824,1
42825,1
42826,2
42827,2
42828,2
42829,1
42830,1
42831,1
42832,2
42833,1
42834,1
42835,0
42836,2
42837,2
42838,2
42839,2
42840,2
42841,2
42842,1
42843,1
42844,2
42845,2
42846,2
42847,0
42848,2
42849,1
42850,0
42851,0
42852,2
42853,1
42854,2
42855,1
42856,2
42857,1
42858,1
42859,2
42860,1
42861,1
42862,2
42863,2
42864,1
42865,2
42866,1
42867,1
42868,0
42869,1
42870,2
42871,0
42872,2
42873,2
42874,1
42875,0
42876,1
42877,2
42878,2
42879,2
42880,1
42881,1
42882,2
42883,0
42884,2
42885,1
42886,2
42887,2
42888,2
42889,2
42890,2
42891,1
42892,1
42893,0
42894,2
42895,2
42896,2
42897,1
42898,2
42899,1
42900,1
42901,1
42902,2
42903,1
42904,2
42905,1
42906,2
42907,2
42908,1
42909,1
42910,0
42911,1
42912,0
42913,1
42914,1
42915,1
42916,1
42917,1
42918,2
42919,2
42920,1
42921,1
42922,2
42923,2
42924,0
42925,2
42926,1
42927,0
42928,2
42929,2
42930,1
42931,2
42932,1
42933,2
42934,2
42935,2
42936,2
42937,1
42938,2
42939,1
42940,2
42941,2
42942,1
42943,1
42944,2
42945,0
42946,2
42947,2
42948,2
42949,1
42950,2
42951,2
42952,1
42953,2
42954,2
42955,2
42956,2
42957,2
42958,2
42959,1
42960,2
42961,1
42962,2
42963,2
42964,1
42965,2
42966,2
42967,2
42968,1
42969,1
42970,2
42971,1
42972,2
42973,2
42974,1
42975,1
42976,1
42977,2
42978,2
42979,1
42980,2
42981,1
42982,1
42983,2
42984,1
42985,2
42986,0
42987,2
42988,2
42989,2
42990,2
42991,2
42992,0
42993,1
42994,1
42995,2
42996,1
42997,1
42998,1
42999,2
43000,2
43001,2
43002,0
43003,2
43004,1
43005,1
43006,2
43007,1
43008,2
43009,2
43010,2
43011,2
43012,1
43013,1
43014,0
43015,2
43016,2
43017,2
43018,2
43019,1
43020,1
43021,2
43022,2
43023,1
43024,1
43025,2
43026,1
43027,0
43028,2
43029,2
43030,2
43031,2
43032,0
43033,2
43034,1
43035,1
43036,1
43037,1
43038,2
43039,2
43040,2
43041,0
43042,2
43043,2
43044,0
43045,1
43046,1
43047,2
43048,1
43049,2
43050,2
43051,2
43052,1
43053,2
43054,1
43055,1
43056,1
43057,2
43058,1
43059,2
43060,2
43061,2
43062,1
43063,2
43064,0
43065,1
43066,2
43067,1
43068,1
43069,2
43070,2
43071,2
43072,0
43073,2
43074,1
43075,2
43076,1
43077,2
43078,2
43079,1
43080,2
43081,0
43082,1
43083,2
43084,2
43085,1
43086,1
43087,1
43088,2
43089,0
43090,2
43091,1
43092,2
43093,1
43094,2
43095,1
43096,2
43097,2
43098,1
43099,2
43100,2
43101,1
43102,1
43103,2
43104,2
43105,2
43106,1
43107,2
43108,2
43109,2
43110,1
43111,1
43112,2
43113,0
43114,2
43115,1
43116,2
43117,2
43118,1
43119,1
43120,1
43121,2
43122,1
43123,1
43124,1
43125,0
43126,2
43127,2
43128,1
43129,1
43130,2
43131,2
43132,1
43133,2
43134,2
43135,1
43136,2
43137,1
43138,2
43139,1
43140,0
43141,1
43142,0
43143,2
43144,2
43145,2
43146,2
43147,1
43148,2
43149,0
43150,0
43151,0
43152,1
43153,2
43154,1
43155,2
43156,1
43157,0
43158,0
43159,0
43160,2
43161,2
43162,0
43163,2
43164,1
43165,1
43166,2
43167,1
43168,0
43169,1
43170,2
43171,1
43172,0
43173,2
43174,2
43175,2
43176,2
43177,2
43178,0
43179,1
43180,2
43181,1
43182,2
43183,1
43184,2
43185,0
43186,2
43187,0
43188,1
43189,2
43190,1
43191,2
43192,2
43193,1
43194,0
43195,1
43196,2
43197,0
43198,2
43199,2
43200,2
43201,1
43202,0
43203,2
43204,1
43205,2
43206,2
43207,1
43208,1
43209,2
43210,2
43211,1
43212,2
43213,2
43214,2
43215,1
43216,1
43217,1
43218,2
43219,1
43220,2
43221,1
43222,2
43223,0
43224,2
43225,2
43226,0
43227,1
43228,0
43229,1
43230,1
43231,1
43232,2
43233,1
43234,2
43235,2
43236,2
43237,2
43238,2
43239,1
43240,1
43241,2
43242,2
43243,1
43244,1
43245,2
43246,2
43247,1
43248,2
43249,1
43250,2
43251,1
43252,2
43253,1
43254,0
43255,0
43256,2
43257,1
43258,1
43259,2
43260,1
43261,1
43262,2
43263,2
43264,2
43265,1
43266,1
43267,1
43268,1
43269,1
43270,2
43271,1
43272,1
43273,1
43274,1
43275,2
43276,1
43277,2
43278,2
43279,0
43280,2
43281,2
43282,1
43283,2
43284,2
43285,2
43286,2
43287,1
43288,2
43289,0
43290,2
43291,1
43292,2
43293,1
43294,1
43295,2
43296,2
43297,2
43298,1
43299,2
43300,1
43301,2
43302,1
43303,2
43304,2
43305,2
43306,2
43307,2
43308,1
43309,2
43310,1
43311,2
43312,1
43313,2
43314,2
43315,2
43316,2
43317,2
43318,2
43319,0
43320,0
43321,2
43322,2
43323,1
43324,0
43325,0
43326,1
43327,2
43328,2
43329,2
43330,2
43331,2
43332,1
43333,2
43334,1
43335,2
43336,1
43337,2
43338,1
43339,2
43340,2
43341,2
43342,2
43343,1
43344,2
43345,1
43346,1
43347,1
43348,2
43349,0
43350,2
43351,0
43352,1
43353,1
43354,1
43355,2
43356,2
43357,2
43358,0
43359,2
43360,1
43361,2
43362,1
43363,2
43364,0
43365,1
43366,0
43367,2
43368,2
43369,0
43370,1
43371,2
43372,2
43373,1
43374,2
43375,2
43376,2
43377,1
43378,2
43379,2
43380,0
43381,2
43382,2
43383,1
43384,2
43385,1
43386,1
43387,2
43388,0
43389,2
43390,2
43391,2
43392,2
43393,2
43394,2
43395,2
43396,2
43397,1
43398,2
43399,2
43400,1
43401,2
43402,1
43403,2
43404,2
43405,2
43406,2
43407,2
43408,1
43409,1
43410,1
43411,1
43412,1
43413,2
43414,1
43415,1
43416,2
43417,1
43418,1
43419,2
43420,2
43421,1
43422,2
43423,1
43424,2
43425,1
43426,2
43427,2
43428,1
43429,1
43430,2
43431,1
43432,0
43433,0
43434,1
43435,2
43436,1
43437,2
43438,2
43439,2
43440,1
43441,2
43442,1
43443,1
43444,0
43445,2
43446,0
43447,0
43448,2
43449,1
43450,1
43451,0
43452,1
43453,0
43454,1
43455,1
43456,1
43457,0
43458,0
43459,2
43460,1
43461,2
43462,0
43463,1
43464,1
43465,2
43466,1
43467,2
43468,2
43469,1
43470,2
43471,1
43472,1
43473,2
43474,1
43475,2
43476,1
43477,0
43478,2
43479,0
43480,2
43481,1
43482,1
43483,0
43484,1
43485,1
43486,2
43487,1
43488,2
43489,2
43490,2
43491,1
43492,2
43493,2
43494,1
43495,2
43496,2
43497,2
43498,1
43499,2
43500,0
43501,1
43502,1
43503,2
43504,1
43505,0
43506,2
43507,2
43508,2
43509,1
43510,1
43511,2
43512,0
43513,1
43514,1
43515,2
43516,1
43517,1
43518,1
43519,2
43520,2
43521,2
43522,2
43523,2
43524,1
43525,2
43526,2
43527,1
43528,1
43529,1
43530,2
43531,1
43532,2
43533,2
43534,1
43535,2
43536,1
43537,1
43538,1
43539,1
43540,1
43541,1
43542,1
43543,2
43544,2
43545,1
43546,2
43547,2
43548,2
43549,2
43550,2
43551,2
43552,2
43553,1
43554,2
43555,2
43556,1
43557,1
43558,2
43559,2
43560,2
43561,1
43562,1
43563,2
43564,2
43565,2
43566,2
43567,2
43568,2
43569,1
43570,2
43571,1
43572,2
43573,2
43574,2
43575,1
43576,0
43577,2
43578,2
43579,1
43580,2
43581,2
43582,1
43583,1
43584,0
43585,0
43586,2
43587,2
43588,1
43589,1
43590,2
43591,1
43592,0
43593,0
43594,2
43595,1
43596,1
43597,2
43598,1
43599,2
43600,2
43601,2
43602,2
43603,1
43604,2
43605,2
43606,1
43607,1
43608,1
43609,2
43610,0
43611,0
43612,2
43613,2
43614,2
43615,1
43616,1
43617,2
43618,1
43619,2
43620,2
43621,1
43622,1
43623,2
43624,2
43625,0
43626,2
43627,2
43628,2
43629,1
43630,2
43631,2
43632,2
43633,1
43634,1
43635,1
43636,2
43637,1
43638,2
43639,1
43640,2
43641,2
43642,1
43643,1
43644,1
43645,1
43646,1
43647,2
43648,0
43649,2
43650,1
43651,1
43652,2
43653,2
43654,1
43655,2
43656,0
43657,2
43658,2
43659,1
43660,1
43661,1
43662,1
43663,2
43664,2
43665,2
43666,1
43667,1
43668,1
43669,2
43670,2
43671,1
43672,0
43673,2
43674,1
43675,1
43676,2
43677,1
43678,1
43679,1
43680,2
43681,2
43682,2
43683,1
43684,2
43685,2
43686,2
43687,2
43688,2
43689,2
43690,1
43691,1
43692,2
43693,2
43694,1
43695,1
43696,2
43697,2
43698,2
43699,2
43700,2
43701,2
43702,2
43703,2
43704,2
43705,2
43706,2
43707,2
43708,1
43709,2
43710,2
43711,0
43712,1
43713,2
43714,0
43715,0
43716,0
43717,1
43718,2
43719,2
43720,2
43721,2
43722,1
43723,2
43724,1
43725,1
43726,2
43727,1
43728,1
43729,2
43730,2
43731,0
43732,1
43733,2
43734,2
43735,2
43736,2
43737,1
43738,1
43739,0
43740,2
43741,1
43742,2
43743,2
43744,2
43745,2
43746,2
43747,1
43748,2
43749,0
43750,2
43751,1
43752,2
43753,2
43754,2
43755,1
43756,1
43757,0
43758,1
43759,2
43760,2
43761,1
43762,2
43763,2
43764,2
43765,0
43766,1
43767,1
43768,1
43769,2
43770,2
43771,0
43772,1
43773,1
43774,2
43775,1
43776,1
43777,1
43778,2
43779,1
43780,2
43781,1
43782,0
43783,2
43784,2
43785,1
43786,1
43787,2
43788,1
43789,1
43790,0
43791,1
43792,2
43793,1
43794,2
43795,2
43796,2
43797,1
43798,1
43799,2
43800,2
43801,2
43802,0
43803,2
43804,1
43805,2
43806,2
43807,2
43808,2
43809,0
43810,1
43811,1
43812,1
43813,2
43814,2
43815,0
43816,1
43817,1
43818,2
43819,2
43820,2
43821,2
43822,1
43823,1
43824,0
43825,1
43826,2
43827,0
43828,2
43829,1
43830,1
43831,2
43832,2
43833,2
43834,1
43835,2
43836,0
43837,2
43838,2
43839,2
43840,2
43841,2
43842,2
43843,2
43844,1
43845,0
43846,1
43847,1
43848,1
43849,2
43850,2
43851,2
43852,0
43853,2
43854,2
43855,2
43856,1
43857,2
43858,2
43859,2
43860,0
43861,2
43862,0
43863,2
43864,2
43865,2
43866,1
43867,2
43868,1
43869,2
43870,2
43871,1
43872,1
43873,1
43874,1
43875,1
43876,1
43877,1
43878,1
43879,2
43880,2
43881,0
43882,1
43883,2
43884,1
43885,2
43886,2
43887,2
43888,0
43889,1
43890,0
43891,2
43892,0
43893,2
43894,2
43895,0
43896,1
43897,2
43898,2
43899,2
43900,1
43901,2
43902,1
43903,1
43904,1
43905,2
43906,2
43907,1
43908,1
43909,2
43910,0
43911,2
43912,2
43913,2
43914,0
43915,2
43916,2
43917,1
43918,2
43919,2
43920,1
43921,1
43922,1
43923,1
43924,2
43925,1
43926,2
43927,1
43928,2
43929,2
43930,2
43931,2
43932,2
43933,1
43934,1
43935,1
43936,1
43937,1
43938,1
43939,1
43940,2
43941,2
43942,1
43943,1
43944,2
43945,2
43946,2
43947,1
43948,1
43949,2
43950,2
43951,1
43952,2
43953,2
43954,0
43955,2
43956,1
43957,1
43958,1
43959,2
43960,2
43961,2
43962,0
43963,2
43964,0
43965,1
43966,1
43967,1
43968,1
43969,2
43970,1
43971,2
43972,2
43973,1
43974,1
43975,2
43976,2
43977,0
43978,2
43979,1
43980,1
43981,2
43982,1
43983,0
43984,1
43985,2
43986,1
43987,2
43988,2
43989,1
43990,0
43991,1
43992,1
43993,0
43994,2
43995,0
43996,1
43997,2
43998,1
43999,1
44000,1
44001,2
44002,1
44003,0
44004,2
44005,2
44006,2
44007,2
44008,2
44009,2
44010,2
44011,2
44012,0
44013,1
44014,2
44015,1
44016,1
44017,1
44018,1
44019,2
44020,2
44021,1
44022,1
44023,1
44024,0
44025,2
44026,2
44027,2
44028,2
44029,1
44030,2
44031,2
44032,2
44033,2
44034,2
44035,2
44036,1
44037,1
44038,1
44039,2
44040,1
44041,1
44042,1
44043,2
44044,2
44045,1
44046,2
44047,2
44048,2
44049,1
44050,2
44051,0
44052,1
44053,1
44054,2
44055,0
44056,1
44057,2
44058,1
44059,2
44060,0
44061,2
44062,0
44063,1
44064,2
44065,2
44066,2
44067,2
44068,2
44069,2
44070,2
44071,1
44072,0
44073,1
44074,2
44075,2
44076,1
44077,2
44078,2
44079,2
44080,2
44081,1
44082,1
44083,1
44084,1
44085,1
44086,1
44087,1
44088,2
44089,2
44090,2
44091,2
44092,2
44093,1
44094,2
44095,0
44096,2
44097,1
44098,1
44099,2
44100,1
44101,2
44102,2
44103,2
44104,2
44105,1
44106,1
44107,2
44108,2
44109,1
44110,2
44111,2
44112,2
44113,0
44114,1
44115,1
44116,1
44117,2
44118,2
44119,1
44120,0
44121,0
44122,2
44123,1
44124,1
44125,2
44126,1
44127,1
44128,0
44129,2
44130,0
44131,2
44132,2
44133,2
44134,0
44135,2
44136,2
44137,2
44138,0
44139,0
44140,2
44141,2
44142,1
44143,0
44144,2
44145,2
44146,1
44147,2
44148,2
44149,2
44150,1
44151,2
44152,2
44153,2
44154,2
44155,1
44156,0
44157,2
44158,2
44159,2
44160,2
44161,2
44162,2
44163,2
44164,2
44165,2
44166,2
44167,2
44168,0
44169,2
44170,2
44171,1
44172,2
44173,0
44174,2
44175,0
44176,2
44177,2
44178,0
44179,2
44180,1
44181,1
44182,0
44183,2
44184,1
44185,2
44186,2
44187,1
44188,1
44189,2
44190,0
44191,1
44192,2
44193,0
44194,1
44195,2
44196,2
44197,2
44198,1
44199,1
44200,2
44201,1
44202,2
44203,1
44204,0
44205,1
44206,1
44207,1
44208,1
44209,1
44210,2
44211,2
44212,1
44213,1
44214,1
44215,1
44216,1
44217,1
44218,2
44219,2
44220,0
44221,2
44222,2
44223,1
44224,0
44225,1
44226,1
44227,2
44228,2
44229,2
44230,1
44231,2
44232,2
44233,2
44234,2
44235,0
44236,1
44237,1
44238,1
44239,2
44240,1
44241,1
44242,1
44243,1
44244,0
44245,2
44246,2
44247,1
44248,1
44249,1
44250,2
44251,1
44252,2
44253,2
44254,1
44255,2
44256,2
44257,1
44258,2
44259,2
44260,2
44261,1
44262,1
44263,2
44264,1
44265,2
44266,2
44267,2
44268,0
44269,1
44270,1
44271,2
44272,2
44273,2
44274,1
44275,2
44276,1
44277,0
44278,2
44279,2
44280,2
44281,2
44282,2
44283,0
44284,2
44285,1
44286,1
44287,2
44288,2
44289,2
44290,2
44291,2
44292,1
44293,1
44294,1
44295,2
44296,1
44297,2
44298,1
44299,1
44300,2
44301,1
44302,1
44303,2
44304,0
44305,2
44306,2
44307,2
44308,0
44309,0
44310,0
44311,1
44312,2
44313,1
44314,1
44315,2
44316,2
44317,2
44318,2
44319,2
44320,1
44321,2
44322,2
44323,2
44324,1
44325,1
44326,1
44327,2
44328,2
44329,2
44330,1
44331,0
44332,1
44333,1
44334,2
44335,1
44336,2
44337,2
44338,2
44339,1
44340,1
44341,2
44342,1
44343,2
44344,2
44345,2
44346,2
44347,1
44348,2
44349,2
44350,2
44351,1
44352,0
44353,1
44354,1
44355,2
44356,1
44357,2
44358,2
44359,0
44360,2
44361,2
44362,2
44363,1
44364,2
44365,2
44366,1
44367,0
44368,2
44369,2
44370,1
44371,2
44372,2
44373,2
44374,2
44375,0
44376,0
44377,1
44378,1
44379,0
44380,2
44381,0
44382,1
44383,1
44384,2
44385,2
44386,2
44387,2
44388,2
44389,1
44390,1
44391,1
44392,2
44393,1
44394,2
44395,0
44396,2
44397,2
44398,1
44399,0
44400,1
44401,2
44402,2
44403,1
44404,1
44405,1
44406,2
44407,1
44408,2
44409,1
44410,2
44411,2
44412,1
44413,2
44414,2
44415,1
44416,1
44417,2
44418,2
44419,2
44420,2
44421,2
44422,1
44423,2
44424,1
44425,2
44426,2
44427,1
44428,1
44429,2
44430,1
44431,1
44432,1
44433,1
44434,2
44435,0
44436,1
44437,1
44438,2
44439,2
44440,0
44441,2
44442,2
44443,1
44444,1
44445,1
44446,2
44447,1
44448,2
44449,2
44450,1
44451,1
44452,2
44453,2
44454,2
44455,0
44456,2
44457,1
44458,2
44459,2
44460,2
44461,1
44462,2
44463,1
44464,1
44465,2
44466,2
44467,2
44468,1
44469,1
44470,1
44471,2
44472,1
44473,2
44474,2
44475,1
44476,2
44477,2
44478,1
44479,1
44480,2
44481,1
44482,2
44483,2
44484,2
44485,2
44486,0
44487,2
44488,2
44489,0
44490,1
44491,1
44492,2
44493,1
44494,2
44495,2
44496,1
44497,1
44498,1
44499,0
44500,2
44501,1
44502,1
44503,1
44504,0
44505,1
44506,2
44507,0
44508,1
44509,0
44510,1
44511,1
44512,1
44513,2
44514,1
44515,1
44516,1
44517,1
44518,0
44519,0
44520,2
44521,2
44522,1
44523,1
44524,1
44525,2
44526,2
44527,2
44528,2
44529,2
44530,1
44531,0
44532,2
44533,2
44534,1
44535,2
44536,2
44537,2
44538,1
44539,2
44540,2
44541,2
44542,1
44543,0
44544,1
44545,2
44546,2
44547,1
44548,1
44549,2
44550,1
44551,0
44552,0
44553,2
44554,1
44555,2
44556,2
44557,0
44558,1
44559,1
44560,1
44561,2
44562,2
44563,2
44564,2
44565,2
44566,0
44567,1
44568,2
44569,1
44570,0
44571,1
44572,0
44573,2
44574,1
44575,0
44576,2
44577,1
44578,0
44579,2
44580,1
44581,2
44582,2
44583,1
44584,0
44585,2
44586,1
44587,0
44588,2
44589,0
44590,2
44591,2
44592,1
44593,1
44594,2
44595,0
44596,2
44597,2
44598,1
44599,2
44600,2
44601,1
44602,0
44603,2
44604,1
44605,0
44606,2
44607,2
44608,1
44609,1
44610,2
44611,0
44612,1
44613,1
44614,1
44615,1
44616,2
44617,2
44618,2
44619,1
44620,1
44621,2
44622,0
44623,1
44624,2
44625,2
44626,2
44627,2
44628,0
44629,2
44630,1
44631,2
44632,2
44633,2
44634,2
44635,2
44636,1
44637,1
44638,2
44639,2
44640,1
44641,2
44642,1
44643,1
44644,1
44645,2
44646,1
44647,1
44648,2
44649,2
44650,1
44651,1
44652,0
44653,2
44654,2
44655,2
44656,1
44657,1
44658,2
44659,1
44660,1
44661,2
44662,1
44663,2
44664,1
44665,1
44666,0
44667,0
44668,1
44669,1
44670,2
44671,2
44672,1
44673,1
44674,2
44675,1
44676,2
44677,0
44678,0
44679,0
44680,2
44681,1
44682,2
44683,2
44684,2
44685,1
44686,1
44687,2
44688,1
44689,2
44690,2
44691,2
44692,1
44693,2
44694,1
44695,1
44696,1
44697,2
44698,2
44699,1
44700,1
44701,2
44702,2
44703,2
44704,2
44705,1
44706,1
44707,2
44708,1
44709,1
44710,1
44711,2
44712,0
44713,2
44714,2
44715,2
44716,2
44717,0
44718,1
44719,2
44720,2
44721,1
44722,1
44723,1
44724,0
44725,2
44726,0
44727,0
44728,2
44729,1
44730,0
44731,1
44732,2
44733,2
44734,2
44735,2
44736,2
44737,0
44738,1
44739,2
44740,1
44741,1
44742,1
44743,2
44744,2
44745,2
44746,2
44747,2
44748,1
44749,0
44750,2
44751,1
44752,2
44753,1
44754,2
44755,2
44756,2
44757,1
44758,1
44759,2
44760,2
44761,1
44762,1
44763,2
44764,2
44765,2
44766,2
44767,2
44768,2
44769,0
44770,1
44771,2
44772,1
44773,2
44774,1
44775,2
44776,2
44777,0
44778,1
44779,2
44780,2
44781,1
44782,0
44783,2
44784,2
44785,1
44786,0
44787,0
44788,0
44789,0
44790,1
44791,2
44792,2
44793,0
44794,2
44795,2
44796,2
44797,2
44798,1
44799,2
44800,1
44801,0
44802,1
44803,2
44804,2
44805,2
44806,2
44807,2
44808,2
44809,2
44810,2
44811,2
44812,2
44813,0
44814,2
44815,0
44816,1
44817,1
44818,1
44819,1
