id_cliente,cluster
1,1
2,0
3,0
4,0
5,0
6,2
7,0
8,0
9,0
10,0
11,0
12,0
13,0
14,0
17,1
18,0
19,0
20,2
21,1
22,0
23,0
24,0
25,0
26,0
27,0
28,0
29,0
30,0
31,1
32,0
33,0
35,0
36,1
38,0
39,2
40,2
41,1
42,0
43,2
44,0
45,1
46,2
47,0
48,2
49,1
50,0
51,0
52,0
53,0
54,0
55,0
56,0
57,1
58,1
59,0
60,0
61,0
62,1
63,0
64,0
66,1
67,0
68,0
69,0
71,0
73,1
74,0
75,0
77,0
78,0
79,1
80,1
81,0
82,0
83,0
84,0
85,1
86,0
87,0
88,0
89,0
90,0
91,1
92,0
93,2
94,0
95,0
96,0
97,0
98,0
99,1
100,0
101,0
102,0
103,0
104,0
105,0
106,0
107,0
108,0
109,2
110,0
111,0
112,2
115,0
116,1
117,0
118,2
120,0
121,1
122,0
123,1
124,1
125,2
126,2
127,2
128,0
129,0
130,0
131,1
132,0
133,0
134,0
136,2
137,0
138,0
140,0
141,0
142,0
145,0
146,0
147,0
148,0
149,0
150,0
151,0
152,1
153,0
154,0
155,0
156,0
157,0
158,0
159,0
160,0
161,0
162,1
163,0
164,0
165,0
166,0
167,0
168,2
169,0
170,0
172,1
173,0
174,1
175,1
176,1
177,0
178,0
179,0
180,0
181,0
182,0
183,0
184,0
185,0
186,0
187,0
189,0
190,0
191,2
192,0
193,0
194,0
195,0
196,0
197,0
198,0
199,0
200,0
201,1
202,0
203,0
204,2
205,0
206,1
207,0
208,0
209,0
210,0
212,1
213,1
214,0
215,2
216,1
217,2
218,2
219,0
220,0
221,0
222,0
224,1
225,0
226,2
227,2
228,0
229,0
230,0
231,0
232,0
233,0
234,0
236,2
239,0
240,1
241,0
244,0
245,0
246,0
248,0
249,0
250,1
251,0
253,2
254,0
256,0
257,0
258,2
259,0
260,0
261,0
263,0
264,0
265,0
266,0
267,0
268,0
269,0
270,2
271,1
272,0
273,0
274,0
275,0
276,2
277,0
278,0
279,0
280,0
281,0
282,0
283,0
284,0
285,0
287,0
288,2
289,0
290,0
291,1
293,1
295,0
296,0
298,2
299,2
300,0
301,1
302,0
303,0
304,1
305,0
306,0
307,1
308,0
309,0
310,0
311,0
312,0
313,0
314,2
315,0
316,0
317,0
318,0
321,0
322,0
323,0
324,0
325,0
326,0
327,0
328,0
329,2
330,0
331,0
332,1
333,0
334,0
335,0
336,1
337,2
338,0
339,0
340,0
341,0
342,0
343,2
344,0
345,0
346,2
347,0
348,0
349,0
350,0
351,0
352,0
353,1
354,0
355,0
356,0
357,0
358,0
359,0
360,2
362,0
363,1
364,0
365,0
367,1
368,0
370,0
371,0
372,0
373,0
374,0
375,0
376,0
377,0
378,0
379,0
380,1
381,1
382,0
383,0
384,0
385,2
386,0
387,0
388,0
389,0
391,0
392,0
395,0
396,0
398,0
399,0
400,2
401,0
402,0
403,0
404,0
405,2
406,1
407,0
408,0
409,0
410,0
411,0
412,0
413,0
414,0
415,1
416,0
417,1
420,0
421,0
422,0
424,0
425,0
426,0
427,1
428,0
429,0
430,0
431,0
432,1
433,0
434,0
435,0
436,0
437,2
438,0
439,1
440,0
441,0
442,0
443,1
444,0
445,0
446,0
447,0
449,0
450,2
451,1
452,0
453,0
454,0
455,0
456,0
457,1
458,2
459,0
460,0
461,1
463,0
464,0
465,0
466,1
467,0
468,2
470,0
471,1
472,0
473,0
475,0
476,0
477,0
479,0
480,1
481,0
482,0
483,0
484,1
485,0
486,2
488,0
489,0
490,0
491,0
493,0
494,0
495,0
496,0
498,1
499,0
500,0
501,2
502,0
503,0
504,0
505,0
507,0
509,0
510,0
511,0
513,2
514,1
516,0
517,0
518,0
519,0
520,0
521,0
522,0
523,1
524,0
525,2
526,1
527,1
528,0
529,0
530,1
531,2
532,0
533,1
535,0
536,2
537,0
538,0
539,0
540,1
541,0
542,0
543,0
544,0
545,0
546,0
547,0
548,0
549,2
550,0
552,0
553,0
554,0
555,0
556,0
558,0
559,0
560,0
561,0
562,0
563,0
564,0
565,0
566,0
567,0
568,0
570,0
571,0
572,2
573,2
574,1
576,2
577,0
578,0
579,0
580,0
581,1
582,0
583,0
584,1
585,0
586,0
587,1
588,0
589,0
590,0
591,1
592,0
593,0
594,0
595,0
598,0
599,0
600,0
601,2
602,0
603,0
604,1
605,0
606,1
607,1
609,0
610,2
612,1
613,0
614,0
618,2
619,1
620,1
621,0
622,0
623,0
625,2
626,0
628,2
629,0
630,0
631,0
633,0
634,0
635,0
636,0
637,0
638,0
639,1
642,0
643,0
644,2
645,0
646,0
647,0
648,0
650,1
651,0
652,0
653,2
654,1
655,0
657,0
658,2
659,0
660,1
661,0
662,0
663,0
664,0
665,0
666,0
667,0
668,0
669,0
670,0
671,0
672,0
673,0
676,0
677,0
678,1
680,0
682,2
683,0
684,0
685,0
686,0
687,2
688,0
689,0
690,0
691,0
692,0
694,1
695,0
696,1
697,0
698,0
699,0
700,0
701,0
702,1
703,0
704,0
705,1
706,1
707,1
708,0
709,0
710,0
711,2
712,0
713,1
714,0
715,1
717,0
719,0
720,0
722,0
723,0
724,1
725,0
726,0
727,0
728,0
729,1
730,1
731,1
732,0
733,0
734,0
735,0
736,0
737,0
738,0
739,0
740,0
741,0
742,1
743,0
745,2
746,1
747,0
748,0
749,0
750,0
751,1
752,1
753,0
754,1
755,0
756,0
757,2
758,0
759,1
760,0
761,0
762,0
763,0
764,0
765,0
766,0
767,0
768,0
769,0
771,0
772,0
773,0
774,0
775,0
776,0
777,0
779,1
780,2
781,0
782,0
783,1
784,0
785,0
786,0
787,1
788,0
789,0
790,0
791,0
792,1
793,0
794,0
795,0
796,0
798,0
799,0
800,1
801,0
802,0
805,0
806,0
808,0
809,0
810,1
811,0
812,0
813,0
814,2
815,0
816,0
817,1
818,0
819,0
821,0
822,0
823,2
824,0
825,2
826,0
827,0
828,2
829,0
831,0
832,0
833,0
834,0
835,0
836,1
837,1
838,0
840,0
842,0
843,0
844,0
845,1
846,0
848,0
849,0
850,0
851,0
852,0
853,0
854,0
855,1
856,1
857,0
858,0
859,0
860,0
861,0
862,0
863,0
864,0
865,0
866,0
867,0
868,0
869,0
870,0
871,1
872,0
873,0
874,0
875,0
876,2
877,0
878,0
879,1
880,0
881,0
882,0
883,0
884,1
885,1
886,0
887,0
889,0
890,0
891,0
892,0
893,1
894,0
895,0
896,0
897,0
898,0
899,0
900,0
901,0
902,0
903,0
904,0
905,0
906,0
907,1
908,0
909,2
910,1
911,0
912,1
913,0
914,0
915,1
916,0
917,0
918,0
919,0
920,0
921,0
922,0
923,0
926,0
927,1
928,1
929,0
930,0
931,0
932,2
933,0
934,0
935,2
936,0
937,0
938,0
941,0
943,2
944,0
945,0
946,0
947,0
948,0
949,0
950,0
951,0
952,0
953,0
954,0
955,0
956,0
957,0
958,1
959,2
960,0
961,0
962,0
963,0
964,0
965,0
966,0
967,2
968,0
969,0
970,0
971,0
972,2
973,1
974,0
975,2
978,1
979,0
980,0
981,0
982,0
983,2
984,0
985,0
986,0
987,0
988,0
989,0
990,0
991,0
992,1
993,0
994,0
995,2
997,0
998,2
1000,0
1002,0
1003,0
1006,0
1007,0
1008,0
1009,0
1010,0
1011,0
1012,1
1013,1
1014,1
1015,1
1016,0
1017,0
1018,0
1019,2
1020,0
1022,0
1023,1
1024,0
1025,0
1026,0
1027,0
1028,1
1029,0
1030,1
1032,0
1033,0
1034,0
1035,0
1036,0
1037,0
1038,0
1039,0
1040,1
1041,0
1042,0
1043,2
1044,2
1045,0
1047,0
1048,0
1049,0
1051,2
1052,1
1053,2
1054,0
1055,0
1056,0
1057,1
1058,0
1059,0
1060,0
1062,1
1063,0
1065,0
1066,0
1067,2
1068,1
1069,0
1070,0
1071,1
1072,0
1073,1
1074,1
1075,0
1076,0
1077,0
1078,0
1079,0
1081,0
1082,0
1083,0
1084,2
1085,0
1086,0
1087,0
1088,0
1089,0
1091,0
1092,0
1093,0
1094,0
1095,0
1096,0
1097,0
1098,0
1099,0
1100,0
1101,0
1102,0
1103,0
1104,0
1105,0
1108,0
1109,2
1111,1
1112,0
1113,0
1114,0
1115,1
1116,1
1117,0
1118,2
1119,0
1120,2
1121,0
1123,2
1124,1
1125,0
1126,1
1127,0
1128,1
1129,0
1130,0
1131,0
1132,0
1133,0
1134,0
1135,1
1136,0
1137,0
1138,0
1139,0
1140,1
1141,1
1143,0
1144,0
1145,0
1147,0
1149,0
1150,0
1151,1
1152,0
1153,0
1154,0
1155,0
1156,0
1157,1
1158,0
1159,0
1160,1
1161,0
1162,0
1163,0
1164,0
1165,0
1166,0
1168,0
1169,0
1170,0
1171,0
1172,0
1173,1
1174,0
1175,1
1176,0
1177,0
1178,0
1179,0
1180,1
1181,0
1182,0
1183,0
1184,0
1185,0
1186,0
1187,0
1189,0
1190,0
1191,0
1192,0
1193,0
1194,0
1196,2
1197,0
1198,0
1199,0
1200,0
1202,0
1203,0
1204,1
1205,0
1206,0
1207,0
1208,0
1211,1
1212,0
1213,0
1214,0
1215,2
1216,1
1217,1
1218,0
1219,0
1220,0
1221,0
1223,0
1224,0
1225,0
1226,1
1228,0
1229,0
1230,0
1231,0
1232,2
1233,1
1234,0
1235,1
1236,0
1237,1
1238,0
1239,1
1240,0
1241,0
1242,0
1243,0
1244,0
1245,0
1247,1
1249,1
1250,1
1251,2
1252,0
1253,0
1254,0
1255,2
1256,0
1257,0
1258,0
1259,0
1260,0
1261,0
1262,0
1263,1
1264,1
1265,2
1266,0
1267,0
1269,0
1270,0
1271,1
1272,1
1273,1
1274,0
1275,0
1276,0
1277,0
1279,0
1280,2
1281,0
1282,2
1283,1
1285,0
1286,0
1287,2
1288,0
1289,0
1290,0
1291,2
1292,0
1293,0
1294,0
1295,0
1296,0
1297,0
1298,0
1299,0
1300,0
1301,0
1302,1
1303,0
1304,0
1305,0
1306,0
1308,0
1309,0
1310,0
1311,0
1312,0
1313,0
1314,0
1315,1
1316,0
1317,1
1318,0
1319,0
1320,0
1321,0
1323,0
1324,0
1325,1
1326,0
1327,0
1328,0
1329,0
1330,0
1331,2
1332,1
1334,0
1335,0
1336,0
1337,0
1338,0
1339,1
1340,0
1341,1
1342,0
1343,0
1344,0
1346,1
1347,0
1348,0
1350,0
1352,0
1353,0
1354,0
1355,0
1357,0
1358,0
1360,0
1361,0
1362,1
1363,0
1364,1
1365,0
1366,0
1367,0
1368,0
1369,0
1370,0
1371,0
1372,0
1373,0
1375,0
1376,1
1377,1
1378,0
1379,0
1380,0
1381,1
1382,2
1383,0
1384,2
1385,1
1386,0
1387,0
1388,0
1389,0
1390,1
1391,0
1392,0
1393,0
1394,0
1395,1
1396,0
1397,0
1398,0
1399,0
1400,1
1401,0
1402,0
1403,0
1404,0
1405,0
1406,1
1407,0
1408,0
1410,0
1411,0
1412,0
1413,0
1415,0
1416,0
1418,0
1419,0
1420,0
1421,0
1422,2
1423,0
1424,0
1425,0
1426,0
1427,0
1429,0
1430,0
1431,1
1432,0
1434,0
1435,0
1436,0
1437,0
1438,0
1440,0
1441,0
1443,1
1444,0
1447,0
1448,0
1449,1
1450,0
1451,0
1453,0
1454,0
1455,0
1456,0
1458,0
1459,0
1460,0
1461,0
1462,2
1463,1
1464,0
1465,0
1466,1
1467,0
1468,0
1469,0
1470,1
1471,0
1472,0
1473,0
1474,1
1475,0
1476,0
1478,1
1479,0
1480,2
1481,0
1482,0
1483,0
1484,2
1485,0
1486,0
1487,0
1488,1
1489,0
1490,0
1492,1
1493,0
1494,0
1495,0
1496,0
1497,0
1498,1
1499,0
1500,1
1501,0
1502,0
1503,1
1504,1
1505,0
1507,0
1508,1
1509,1
1510,0
1511,0
1512,0
1513,0
1514,0
1515,1
1516,0
1517,0
1518,0
1519,0
1520,0
1521,0
1522,0
1523,0
1524,0
1525,0
1528,0
1529,0
1530,1
1531,0
1532,0
1533,0
1534,0
1535,0
1536,1
1537,0
1538,2
1539,0
1540,0
1541,0
1542,0
1543,0
1544,0
1545,0
1546,2
1548,0
1549,0
1551,1
1552,0
1553,2
1554,1
1555,2
1556,1
1557,0
1558,0
1559,0
1560,0
1561,2
1562,0
1564,0
1565,0
1566,0
1567,0
1568,1
1569,0
1570,0
1571,0
1573,0
1574,0
1575,0
1576,0
1577,0
1578,0
1580,0
1581,0
1582,0
1584,0
1586,0
1587,0
1588,1
1589,0
1590,0
1592,0
1593,0
1594,1
1595,2
1596,0
1597,0
1598,0
1599,1
1600,0
1601,1
1602,0
1603,0
1605,1
1606,0
1607,1
1608,0
1610,2
1611,0
1612,1
1613,0
1614,0
1615,0
1616,0
1618,0
1619,0
1620,0
1621,0
1622,0
1624,0
1625,0
1626,2
1627,0
1628,0
1629,2
1630,0
1631,0
1632,1
1633,0
1634,0
1636,1
1637,0
1638,1
1639,0
1640,0
1641,0
1642,0
1643,0
1644,0
1646,0
1647,0
1648,0
1649,0
1650,0
1651,1
1652,2
1653,2
1654,0
1656,1
1657,2
1658,0
1659,0
1660,0
1661,0
1662,0
1663,0
1665,0
1666,0
1667,0
1668,0
1669,0
1670,1
1671,0
1672,0
1673,0
1674,0
1675,0
1676,0
1677,0
1678,0
1679,0
1680,0
1681,1
1682,2
1683,1
1684,0
1686,0
1687,1
1688,0
1689,0
1691,0
1692,2
1693,0
1694,1
1695,0
1696,0
1697,0
1698,1
1699,0
1700,1
1702,1
1703,0
1704,0
1705,0
1706,0
1707,0
1708,0
1710,0
1711,0
1712,1
1713,0
1714,0
1715,2
1716,1
1717,0
1718,0
1719,0
1720,0
1721,0
1722,0
1724,0
1725,0
1726,0
1727,1
1728,0
1730,0
1731,0
1732,0
1733,0
1734,0
1735,0
1736,0
1737,0
1738,1
1739,1
1740,0
1741,0
1742,2
1743,0
1744,0
1745,0
1747,0
1749,0
1750,0
1751,1
1752,0
1753,0
1754,0
1755,0
1756,0
1757,2
1759,0
1760,1
1761,0
1762,0
1764,2
1765,0
1766,0
1767,0
1768,0
1769,0
1770,0
1771,0
1773,2
1774,0
1775,0
1776,0
1777,1
1779,0
1780,0
1781,0
1782,0
1784,0
1785,1
1786,0
1787,1
1789,0
1790,0
1791,0
1792,0
1793,0
1794,0
1795,0
1797,0
1798,1
1799,0
1801,2
1802,0
1803,2
1804,0
1805,2
1806,0
1807,1
1808,0
1809,0
1810,2
1811,1
1812,2
1813,0
1815,1
1817,0
1818,0
1819,0
1820,0
1821,0
1822,0
1823,0
1824,0
1825,0
1827,0
1828,0
1829,0
1830,0
1831,0
1832,1
1833,0
1834,0
1835,0
1836,0
1837,1
1840,0
1841,0
1842,0
1844,0
1845,0
1847,0
1848,0
1849,0
1850,0
1852,0
1853,0
1854,0
1855,2
1856,1
1857,0
1858,1
1859,0
1860,0
1861,0
1862,0
1863,0
1864,0
1865,0
1867,0
1868,0
1869,1
1870,1
1871,1
1872,0
1873,0
1874,0
1877,0
1878,1
1879,0
1880,0
1881,1
1882,0
1883,0
1884,2
1885,0
1886,0
1887,0
1888,0
1889,2
1890,1
1891,0
1892,0
1893,0
1894,0
1896,0
1897,0
1898,0
1899,0
1900,0
1901,0
1902,0
1903,0
1904,2
1905,0
1906,0
1908,0
1909,0
1910,0
1911,0
1912,1
1913,0
1914,0
1916,0
1917,0
1918,0
1919,0
1920,1
1921,0
1922,0
1923,0
1924,2
1925,0
1926,2
1927,0
1929,2
1930,0
1931,1
1932,0
1933,0
1934,2
1935,0
1936,0
1937,0
1938,2
1939,0
1940,0
1941,0
1942,1
1943,0
1944,0
1945,2
1946,0
1948,2
1949,0
1950,0
1951,0
1952,0
1953,1
1954,0
1955,0
1956,0
1958,0
1959,0
1960,0
1962,0
1963,0
1964,0
1965,0
1967,0
1968,0
1969,0
1970,0
1971,0
1972,0
1973,0
1974,0
1975,0
1976,0
1977,0
1978,0
1979,0
1980,0
1981,0
1982,1
1983,0
1984,0
1985,0
1988,0
1989,0
1990,0
1991,0
1992,0
1993,0
1994,2
1995,1
1996,0
1997,0
1998,0
1999,0
2001,0
2002,0
2003,0
2004,0
2005,0
2006,0
2007,0
2008,0
2009,0
2010,0
2011,0
2012,0
2013,0
2014,0
2015,0
2016,0
2017,0
2018,0
2019,0
2020,1
2023,0
2024,0
2026,0
2027,0
2028,1
2029,0
2030,0
2032,1
2033,0
2034,0
2035,1
2038,0
2039,0
2040,1
2041,0
2042,0
2043,0
2044,0
2045,0
2046,0
2047,0
2048,0
2049,1
2050,0
2051,1
2052,0
2054,0
2055,1
2056,0
2057,0
2059,1
2060,0
2061,1
2062,0
2063,0
2064,1
2065,1
2066,0
2067,0
2068,0
2069,0
2070,0
2071,0
2072,0
2073,1
2074,0
2075,1
2077,0
2078,1
2079,0
2080,0
2082,0
2083,0
2084,1
2085,0
2087,0
2088,0
2089,0
2090,0
2091,0
2092,0
2093,0
2094,1
2095,0
2097,0
2098,0
2099,2
2100,0
2102,0
2103,1
2104,2
2105,0
2106,0
2107,1
2108,0
2109,0
2110,1
2111,0
2112,2
2113,1
2115,0
2116,0
2117,0
2118,0
2119,0
2120,0
2121,0
2123,2
2124,0
2125,1
2127,0
2128,0
2129,0
2130,0
2132,1
2133,1
2134,0
2135,0
2136,0
2137,1
2138,0
2139,0
2140,0
2141,1
2142,0
2143,2
2144,0
2145,0
2146,0
2147,0
2148,0
2149,0
2150,0
2151,0
2152,0
2153,0
2155,0
2157,0
2158,0
2159,0
2160,0
2161,0
2162,0
2163,0
2164,2
2165,0
2167,2
2168,2
2169,0
2170,1
2171,0
2172,1
2173,0
2175,0
2176,0
2177,0
2179,1
2180,1
2181,0
2182,1
2183,0
2184,0
2186,0
2187,0
2188,0
2189,0
2190,0
2191,0
2192,0
2193,0
2194,0
2195,0
2196,0
2197,0
2198,0
2199,0
2200,1
2201,1
2202,0
2203,2
2204,1
2205,0
2206,0
2207,0
2208,0
2209,0
2210,0
2211,0
2212,0
2213,0
2214,0
2215,0
2216,0
2217,0
2218,0
2219,0
2220,1
2221,1
2222,0
2224,0
2225,0
2226,1
2227,0
2228,0
2229,0
2231,0
2232,1
2233,0
2234,0
2236,0
2237,2
2239,0
2240,2
2241,0
2242,0
2244,0
2245,0
2247,0
2248,0
2249,1
2250,0
2251,0
2253,0
2254,0
2255,2
2257,0
2258,0
2259,1
2260,1
2261,0
2262,0
2263,0
2264,1
2265,0
2266,0
2267,0
2268,0
2269,2
2270,0
2271,2
2273,0
2274,0
2275,0
2276,0
2277,0
2278,0
2279,0
2280,0
2281,0
2283,2
2284,1
2285,0
2286,0
2287,1
2288,0
2289,0
2290,0
2291,0
2292,0
2293,0
2294,0
2295,1
2296,0
2297,0
2298,0
2299,0
2301,1
2302,1
2303,0
2304,0
2305,0
2306,0
2307,0
2308,0
2309,1
2310,0
2311,0
2312,0
2313,2
2314,0
2315,0
2316,0
2317,0
2318,0
2320,0
2321,0
2322,0
2323,0
2324,2
2325,0
2326,0
2327,0
2328,0
2329,0
2330,0
2331,0
2332,0
2333,2
2334,1
2335,0
2336,1
2337,0
2338,2
2339,0
2340,0
2341,0
2342,2
2343,1
2346,0
2347,0
2348,0
2350,0
2351,2
2352,0
2353,1
2355,0
2356,0
2357,1
2358,0
2359,0
2360,0
2361,1
2362,0
2363,0
2364,1
2365,0
2368,0
2369,2
2373,0
2374,0
2375,0
2376,0
2377,0
2378,0
2379,0
2380,0
2381,0
2382,0
2384,0
2386,1
2387,0
2388,0
2389,0
2390,0
2391,0
2392,0
2393,0
2394,2
2395,2
2396,0
2397,0
2399,0
2400,1
2401,0
2402,0
2403,1
2404,0
2405,1
2406,0
2407,0
2408,0
2409,1
2410,0
2411,1
2412,0
2413,0
2414,1
2415,0
2416,0
2417,0
2419,0
2420,2
2421,0
2422,0
2423,0
2424,1
2425,1
2427,0
2428,0
2429,1
2430,0
2431,0
2432,0
2433,1
2434,0
2435,0
2436,0
2437,1
2438,0
2439,1
2440,0
2441,0
2442,2
2443,2
2444,0
2446,0
2447,0
2448,0
2449,2
2450,0
2451,1
2452,0
2453,0
2455,0
2456,1
2457,0
2458,0
2459,1
2460,2
2461,0
2462,2
2463,0
2464,0
2465,1
2466,2
2467,0
2468,0
2469,0
2470,1
2471,0
2472,1
2473,0
2474,0
2475,0
2476,0
2477,0
2478,2
2479,0
2480,0
2483,1
2484,0
2486,0
2487,0
2488,0
2489,1
2490,0
2491,0
2492,0
2493,0
2494,1
2495,0
2496,1
2497,0
2498,0
2499,0
2500,0
2501,1
2502,0
2503,0
2504,0
2505,1
2506,0
2507,0
2508,1
2509,1
2511,1
2512,0
2513,1
2514,2
2515,0
2516,0
2517,0
2519,2
2520,0
2521,0
2522,1
2523,1
2524,0
2526,0
2527,0
2528,0
2529,0
2530,0
2531,2
2532,0
2533,0
2534,0
2535,0
2536,0
2537,0
2538,0
2540,2
2541,0
2542,2
2543,0
2544,0
2545,0
2546,1
2547,0
2548,0
2549,0
2550,0
2551,0
2553,0
2554,1
2555,0
2556,0
2557,0
2558,0
2559,0
2560,0
2561,0
2562,0
2563,0
2564,1
2565,0
2566,0
2567,1
2568,0
2570,0
2572,0
2573,0
2574,0
2576,0
2578,0
2579,0
2580,0
2581,0
2582,0
2583,2
2584,0
2585,0
2586,0
2587,0
2588,0
2589,0
2590,0
2592,0
2593,1
2594,0
2595,0
2596,0
2597,0
2598,0
2599,0
2600,0
2601,0
2602,0
2603,0
2604,0
2606,0
2607,0
2608,1
2609,0
2610,0
2611,0
2612,0
2613,1
2614,0
2615,1
2616,0
2618,1
2619,0
2620,0
2621,0
2622,1
2623,0
2624,0
2625,0
2626,0
2627,0
2628,0
2631,0
2632,1
2633,0
2634,0
2635,0
2636,0
2637,0
2639,0
2640,0
2641,0
2643,0
2644,0
2645,1
2647,1
2648,0
2649,0
2650,0
2651,1
2652,0
2654,0
2655,0
2656,0
2658,0
2659,0
2660,1
2661,0
2663,0
2664,0
2665,2
2666,0
2667,0
2668,0
2669,0
2670,0
2671,1
2672,0
2673,1
2674,2
2675,0
2676,0
2677,1
2678,0
2679,0
2680,0
2681,0
2682,0
2683,0
2684,0
2685,1
2686,1
2688,0
2689,0
2691,0
2692,1
2693,0
2694,0
2695,0
2696,0
2698,0
2699,0
2700,2
2701,0
2702,2
2703,1
2704,1
2705,0
2706,0
2707,2
2708,0
2709,0
2710,0
2711,0
2712,0
2713,0
2714,2
2716,0
2717,2
2718,0
2719,1
2721,1
2722,1
2723,0
2724,0
2725,0
2726,0
2727,0
2728,2
2729,0
2730,1
2731,0
2732,0
2733,0
2734,0
2735,0
2736,2
2737,0
2738,0
2739,1
2741,0
2742,0
2743,0
2744,1
2745,0
2746,0
2747,0
2748,0
2749,0
2750,1
2751,1
2752,0
2754,0
2755,0
2756,1
2757,0
2758,0
2759,0
2760,0
2761,0
2762,0
2763,0
2765,1
2766,0
2767,1
2768,0
2769,0
2771,2
2772,0
2773,1
2774,0
2775,2
2776,0
2777,2
2778,0
2780,0
2782,0
2783,0
2784,0
2785,0
2786,1
2787,0
2788,0
2789,0
2790,2
2791,0
2792,1
2793,0
2794,0
2795,0
2796,0
2797,0
2798,0
2799,0
2800,0
2801,0
2802,0
2804,0
2805,0
2806,0
2808,0
2809,0
2810,0
2811,0
2812,0
2813,0
2814,0
2815,0
2816,0
2817,1
2818,0
2820,0
2821,0
2822,1
2823,0
2824,0
2825,0
2826,0
2827,0
2828,2
2829,1
2830,0
2831,2
2832,1
2833,0
2834,0
2835,0
2836,0
2838,0
2839,0
2840,0
2841,0
2842,0
2844,2
2845,0
2846,0
2847,0
2848,0
2849,1
2850,0
2851,0
2852,0
2853,0
2854,0
2855,0
2856,0
2857,0
2858,0
2859,0
2861,0
2862,0
2864,2
2865,0
2867,0
2868,0
2869,0
2870,0
2871,0
2872,0
2873,1
2874,0
2875,0
2876,0
2877,1
2878,0
2879,0
2880,0
2881,0
2882,0
2883,0
2884,0
2886,1
2887,0
2888,0
2889,0
2890,0
2891,2
2892,0
2894,0
2895,0
2896,0
2897,1
2898,0
2899,0
2902,0
2903,0
2904,0
2905,0
2906,0
2907,1
2908,0
2909,0
2910,0
2911,0
2912,0
2913,0
2914,0
2915,1
2916,0
2917,0
2918,2
2919,0
2921,0
2922,0
2923,0
2924,0
2925,1
2926,1
2927,0
2928,1
2929,0
2930,0
2931,0
2932,1
2933,0
2934,0
2935,0
2936,0
2938,0
2941,2
2942,0
2944,0
2946,0
2947,0
2948,2
2949,0
2950,0
2951,0
2952,0
2953,0
2954,0
2955,0
2956,1
2957,0
2958,0
2959,0
2960,1
2961,0
2962,2
2963,0
2964,0
2965,0
2966,1
2967,1
2968,0
2969,0
2970,0
2971,1
2972,0
2973,1
2974,0
2975,0
2977,0
2978,1
2979,0
2980,0
2981,1
2983,1
2984,0
2985,0
2986,0
2987,0
2988,0
2989,1
2990,0
2991,0
2993,0
2994,0
2995,0
2996,1
2997,0
2998,0
2999,0
3000,0
3001,0
3002,2
3003,0
3004,0
3005,1
3006,0
3008,2
3009,0
3011,0
3012,0
3013,1
3014,0
3015,0
3016,0
3018,0
3019,0
3020,0
3021,0
3022,0
3023,0
3024,2
3025,1
3026,0
3027,0
3028,0
3029,0
3030,0
3031,0
3032,0
3033,0
3034,0
3035,0
3036,2
3040,0
3041,1
3043,0
3044,0
3045,0
3046,0
3047,0
3048,0
3049,0
3050,0
3051,0
3052,0
3053,1
3054,0
3055,0
3057,0
3058,0
3059,0
3060,2
3061,1
3062,0
3064,0
3065,0
3066,0
3067,0
3068,0
3069,0
3070,1
3071,0
3072,1
3073,2
3074,1
3075,0
3076,1
3077,0
3078,0
3079,0
3080,0
3081,0
3082,0
3083,0
3084,0
3085,0
3086,0
3087,0
3088,1
3089,0
3090,0
3091,0
3092,0
3093,0
3094,0
3096,0
3098,0
3099,0
3100,0
3101,0
3102,0
3103,0
3104,2
3105,0
3106,2
3107,0
3108,0
3109,1
3110,0
3111,0
3112,0
3113,0
3115,0
3116,0
3117,2
3118,0
3119,0
3120,0
3121,1
3122,1
3123,0
3127,0
3128,0
3129,0
3131,0
3132,1
3133,0
3135,0
3136,0
3137,1
3138,1
3139,0
3141,1
3142,0
3143,1
3144,0
3145,0
3147,0
3148,0
3149,0
3151,0
3153,0
3154,0
3156,2
3157,0
3158,0
3159,2
3160,0
3161,0
3162,0
3163,0
3164,0
3165,0
3166,2
3167,1
3168,0
3169,0
3170,2
3171,0
3172,0
3173,0
3174,0
3175,1
3176,0
3177,0
3178,1
3179,0
3180,0
3181,1
3182,0
3183,0
3184,0
3186,0
3187,0
3188,1
3189,0
3191,1
3192,0
3193,2
3194,1
3195,0
3196,0
3197,0
3198,0
3199,0
3200,0
3201,0
3202,0
3203,1
3204,0
3205,0
3206,0
3207,0
3208,0
3209,0
3210,0
3211,2
3213,2
3214,0
3215,0
3216,0
3217,0
3218,0
3219,1
3220,0
3221,0
3223,0
3224,0
3225,0
3226,0
3227,0
3228,0
3229,0
3231,1
3232,0
3234,0
3235,0
3236,0
3238,0
3240,0
3241,0
3242,0
3243,0
3245,0
3246,0
3247,0
3248,2
3249,1
3250,1
3251,0
3252,0
3253,0
3254,0
3255,0
3256,1
3257,1
3258,1
3259,2
3260,0
3261,0
3262,1
3263,0
3264,0
3265,0
3266,0
3267,0
3268,0
3269,0
3270,2
3271,0
3273,0
3274,0
3275,0
3276,0
3277,0
3279,0
3280,0
3281,0
3282,0
3283,0
3284,2
3285,0
3286,0
3287,0
3288,0
3289,0
3290,0
3291,0
3292,0
3294,0
3295,0
3298,2
3299,0
3300,0
3301,0
3302,1
3303,0
3305,2
3306,1
3307,0
3308,0
3309,0
3310,0
3312,0
3314,0
3315,2
3316,1
3317,0
3318,0
3319,1
3320,0
3321,0
3322,0
3324,0
3326,0
3327,0
3328,0
3329,1
3330,0
3331,0
3332,0
3333,0
3334,0
3336,1
3337,0
3338,0
3339,0
3340,0
3341,0
3342,1
3343,0
3345,0
3346,0
3347,2
3348,1
3349,1
3350,0
3353,0
3354,0
3356,0
3357,0
3359,0
3360,0
3361,0
3362,0
3363,0
3365,0
3366,1
3367,2
3369,2
3370,1
3371,0
3372,1
3373,0
3374,0
3375,0
3377,0
3378,1
3379,0
3380,0
3381,0
3382,0
3383,0
3384,0
3386,0
3387,0
3388,2
3389,0
3390,0
3391,0
3392,0
3393,2
3394,0
3397,1
3398,0
3399,0
3400,0
3401,0
3402,1
3403,0
3404,0
3405,0
3407,0
3408,0
3409,0
3410,0
3411,0
3412,0
3413,0
3414,0
3415,0
3416,0
3417,0
3418,0
3419,0
3420,0
3421,1
3422,0
3424,0
3425,0
3427,0
3428,0
3429,0
3431,0
3432,0
3433,0
3434,0
3436,0
3437,0
3438,0
3439,1
3440,0
3441,0
3442,0
3443,0
3444,1
3446,1
3447,0
3450,0
3451,0
3452,0
3453,2
3456,0
3458,0
3459,0
3461,0
3462,1
3463,0
3464,0
3465,1
3466,0
3467,0
3468,0
3469,0
3470,0
3471,0
3472,1
3473,0
3474,0
3475,0
3476,0
3477,0
3478,0
3479,0
3480,0
3481,1
3482,0
3483,0
3484,0
3485,1
3486,0
3488,0
3489,1
3490,0
3491,0
3492,0
3493,0
3494,0
3495,0
3496,0
3497,0
3498,0
3499,0
3500,0
3502,1
3503,0
3504,2
3505,1
3506,0
3507,0
3508,0
3509,0
3511,0
3512,0
3513,2
3514,1
3515,0
3516,0
3517,0
3518,0
3519,0
3520,0
3521,1
3522,0
3523,0
3524,0
3525,1
3526,0
3528,0
3530,0
3531,1
3532,0
3533,1
3534,0
3535,0
3536,2
3537,0
3538,1
3540,0
3541,0
3542,2
3543,0
3544,0
3545,0
3546,0
3547,1
3548,1
3549,0
3550,0
3551,0
3552,0
3553,0
3554,1
3555,0
3556,0
3557,0
3558,0
3559,2
3560,0
3561,0
3562,0
3563,0
3565,0
3567,0
3568,0
3569,0
3570,0
3571,0
3572,0
3573,0
3574,2
3575,0
3576,0
3577,2
3578,0
3579,0
3581,0
3582,0
3583,2
3584,0
3585,0
3586,0
3587,0
3589,0
3590,0
3591,2
3593,2
3594,0
3595,0
3596,1
3597,0
3598,0
3599,0
3600,0
3601,2
3602,1
3604,0
3605,0
3606,0
3607,0
3608,1
3609,0
3610,0
3611,0
3612,0
3614,0
3615,0
3616,1
3617,0
3618,0
3619,0
3621,0
3622,1
3623,0
3624,0
3625,0
3626,0
3627,0
3628,1
3629,0
3630,0
3631,1
3632,0
3633,1
3634,0
3635,0
3636,0
3637,0
3638,0
3639,0
3641,0
3642,0
3643,0
3644,0
3645,1
3646,0
3647,0
3648,0
3649,2
3650,0
3651,0
3652,0
3654,0
3655,2
3656,1
3658,0
3659,2
3660,0
3661,1
3662,0
3664,0
3665,1
3666,0
3667,1
3668,2
3669,0
3671,0
3672,0
3674,0
3675,0
3676,0
3677,0
3678,1
3679,0
3680,0
3681,1
3682,0
3683,1
3684,1
3686,0
3687,1
3688,0
3689,0
3690,0
3691,0
3692,0
3693,0
3694,2
3695,1
3696,0
3697,0
3698,0
3699,0
3700,0
3701,0
3702,0
3703,1
3704,0
3705,0
3709,0
3710,0
3711,0
3712,0
3713,1
3714,0
3717,1
3718,2
3719,0
3720,0
3721,0
3722,0
3723,0
3724,0
3725,0
3727,0
3729,0
3730,0
3732,1
3733,2
3734,0
3735,0
3737,0
3738,0
3739,0
3740,0
3741,1
3742,0
3743,0
3744,0
3745,2
3746,0
3747,0
3748,0
3749,1
3750,0
3751,0
3752,2
3753,0
3755,0
3756,0
3757,0
3758,1
3759,2
3761,0
3762,0
3763,0
3764,1
3765,0
3766,0
3767,0
3768,2
3769,0
3770,0
3771,0
3772,1
3773,0
3774,1
3777,0
3778,0
3779,0
3780,0
3781,0
3782,0
3783,0
3784,0
3785,0
3787,0
3788,0
3789,2
3790,0
3791,0
3792,0
3793,0
3794,0
3795,0
3796,0
3797,0
3798,1
3801,0
3802,0
3803,0
3804,0
3805,2
3806,0
3807,0
3808,0
3809,0
3810,0
3811,0
3812,0
3813,1
3815,0
3816,0
3817,0
3818,0
3819,0
3820,0
3821,1
3823,0
3824,0
3825,2
3826,1
3827,0
3828,0
3829,0
3830,0
3831,0
3833,2
3835,2
3836,1
3837,0
3838,0
3839,0
3841,0
3842,1
3843,2
3844,0
3845,0
3846,0
3847,0
3848,0
3849,0
3850,0
3851,0
3852,0
3853,0
3854,0
3855,0
3856,2
3857,1
3858,0
3859,0
3860,0
3861,2
3862,0
3863,1
3864,0
3866,1
3867,0
3868,0
3869,0
3871,0
3872,0
3873,0
3874,0
3875,0
3876,0
3877,0
3878,1
3879,0
3880,0
3881,0
3883,1
3884,0
3885,1
3886,0
3887,0
3889,0
3890,0
3891,1
3893,0
3894,0
3895,0
3896,0
3897,0
3898,0
3900,0
3901,1
3902,1
3903,1
3904,0
3906,0
3907,0
3908,0
3910,2
3911,2
3912,0
3913,0
3914,0
3915,0
3916,0
3917,1
3919,2
3920,0
3921,0
3922,2
3923,0
3924,1
3925,0
3926,2
3927,0
3928,0
3929,0
3930,0
3931,0
3932,0
3933,0
3934,0
3935,0
3936,0
3937,0
3938,0
3939,1
3940,0
3941,1
3942,0
3943,0
3945,0
3947,0
3948,0
3949,1
3950,0
3951,1
3953,0
3954,0
3955,0
3957,0
3958,0
3959,1
3960,0
3961,0
3962,0
3963,0
3964,0
3965,1
3967,0
3968,0
3970,1
3972,0
3973,1
3974,0
3975,0
3976,0
3977,0
3978,0
3979,0
3980,0
3981,0
3982,0
3984,2
3985,2
3988,0
3989,0
3991,0
3992,0
3993,0
3994,0
3995,1
3996,0
3997,0
3998,0
3999,0
4002,0
4003,0
4004,0
4005,0
4006,0
4007,0
4008,0
4009,0
4010,0
4011,0
4012,0
4013,1
4014,0
4015,0
4016,2
4017,1
4018,0
4019,0
4021,1
4022,0
4023,2
4024,2
4025,0
4026,0
4029,0
4030,2
4031,0
4032,0
4033,0
4034,1
4035,0
4036,0
4037,0
4038,0
4039,0
4040,0
4042,0
4043,0
4044,0
4045,0
4046,0
4047,0
4049,0
4050,0
4051,0
4052,0
4053,0
4054,0
4055,0
4056,2
4057,0
4058,0
4059,0
4061,2
4062,0
4063,0
4064,0
4065,0
4066,0
4067,0
4068,0
4069,0
4070,0
4071,0
4072,0
4073,0
4074,0
4076,0
4077,0
4078,0
4079,1
4080,1
4081,1
4082,1
4083,0
4084,0
4085,0
4086,1
4087,0
4088,0
4089,0
4090,0
4091,1
4092,0
4094,0
4095,1
4096,0
4097,0
4098,0
4099,0
4100,0
4101,0
4102,2
4103,0
4104,0
4105,0
4106,0
4107,0
4108,0
4109,0
4110,1
4111,0
4112,0
4113,1
4114,1
4115,1
4116,0
4117,0
4118,1
4119,0
4120,1
4121,0
4122,0
4123,0
4124,0
4126,1
4127,0
4128,1
4129,1
4130,0
4131,0
4132,0
4133,0
4134,2
4135,0
4136,0
4137,0
4138,0
4139,0
4140,0
4141,0
4142,0
4143,2
4144,0
4145,0
4146,0
4147,1
4148,0
4149,0
4150,1
4151,0
4152,0
4153,1
4154,0
4155,0
4156,0
4157,1
4159,1
4160,0
4161,0
4163,0
4164,0
4165,0
4166,0
4167,0
4168,2
4169,1
4170,0
4171,0
4172,0
4173,0
4174,0
4176,0
4177,0
4178,0
4179,0
4180,1
4181,0
4183,0
4184,1
4185,0
4186,1
4187,1
4189,0
4190,2
4191,1
4192,0
4193,0
4194,0
4195,0
4196,0
4197,0
4198,0
4199,1
4200,2
4201,0
4202,2
4203,2
4204,2
4205,1
4206,0
4207,0
4208,0
4209,2
4210,0
4211,1
4212,0
4213,0
4214,0
4215,0
4216,0
4217,0
4219,1
4220,0
4221,0
4222,1
4223,1
4224,0
4225,0
4226,2
4227,0
4228,0
4229,0
4230,0
4231,2
4232,0
4234,0
4236,2
4239,0
4240,2
4241,0
4242,0
4243,0
4244,1
4245,0
4246,0
4247,0
4248,0
4249,0
4250,0
4252,0
4253,0
4254,0
4255,0
4256,0
4257,0
4258,2
4259,0
4260,0
4261,2
4263,0
4264,0
4265,0
4266,0
4267,0
4268,1
4269,0
4270,1
4271,0
4272,0
4273,0
4274,0
4275,0
4276,0
4277,0
4278,0
4279,0
4280,0
4281,0
4282,1
4283,0
4284,0
4285,2
4286,0
4287,1
4288,0
4289,1
4290,0
4291,0
4292,2
4293,0
4294,0
4295,0
4296,0
4297,0
4298,0
4299,1
4300,0
4301,0
4303,1
4305,0
4306,0
4307,0
4308,0
4309,0
4310,1
4311,0
4312,0
4313,0
4314,0
4315,0
4316,0
4317,1
4319,0
4320,2
4321,1
4322,1
4323,0
4324,0
4325,2
4326,0
4327,0
4328,0
4329,1
4331,0
4332,0
4333,1
4334,0
4335,2
4336,0
4337,0
4338,1
4339,0
4340,0
4341,0
4342,0
4343,1
4344,1
4345,0
4346,0
4348,0
4349,0
4350,0
4351,0
4352,0
4353,0
4354,0
4356,0
4357,0
4358,0
4359,0
4360,0
4361,1
4362,0
4364,0
4365,0
4366,1
4367,0
4369,2
4371,0
4372,0
4373,0
4374,0
4375,0
4376,1
4377,0
4378,0
4379,0
4381,0
4382,0
4383,0
4384,0
4385,0
4386,0
4387,2
4388,0
4389,0
4390,0
4392,0
4393,0
4394,0
4395,0
4396,0
4397,1
4398,0
4399,0
4401,0
4402,0
4403,0
4404,0
4405,1
4406,0
4407,0
4408,0
4409,0
4411,0
4413,0
4414,0
4415,0
4416,0
4417,2
4418,1
4419,0
4420,0
4421,0
4422,2
4423,0
4424,0
4425,0
4426,0
4427,0
4428,0
4429,0
4431,0
4432,0
4433,2
4434,0
4435,0
4436,1
4437,0
4438,0
4439,0
4440,0
4441,0
4442,0
4443,1
4444,0
4445,0
4446,0
4447,0
4448,0
4449,0
4450,0
4451,0
4453,0
4454,1
4455,0
4456,2
4457,0
4458,0
4459,0
4460,0
4461,1
4462,0
4463,0
4464,1
4465,1
4466,0
4467,0
4468,0
4469,0
4470,1
4471,0
4472,0
4473,0
4475,1
4476,0
4478,0
4479,1
4480,1
4481,0
4482,0
4483,0
4484,2
4487,0
4488,0
4489,1
4491,2
4492,0
4493,1
4494,0
4495,0
4496,2
4499,0
4500,1
4502,0
4503,0
4504,0
4505,1
4506,1
4507,0
4509,0
4511,0
4512,0
4513,0
4514,0
4515,2
4516,0
4517,0
4518,0
4520,0
4521,0
4522,0
4523,0
4524,0
4525,0
4526,1
4528,0
4529,0
4530,0
4531,0
4532,0
4533,1
4534,0
4535,0
4536,0
4537,0
4538,0
4539,0
4541,0
4542,0
4543,0
4544,0
4545,0
4546,0
4547,0
4548,0
4549,0
4550,0
4551,1
4552,0
4553,0
4554,0
4555,0
4556,1
4557,2
4558,0
4559,1
4560,1
4562,0
4564,0
4565,1
4566,0
4567,0
4568,1
4569,0
4570,1
4572,0
4573,1
4574,0
4576,0
4577,0
4578,0
4579,2
4580,1
4581,0
4582,0
4583,0
4584,2
4585,0
4586,0
4587,0
4588,0
4589,0
4590,0
4591,0
4592,0
4593,1
4594,0
4595,1
4596,0
4597,0
4598,0
4599,0
4600,0
4601,0
4602,0
4604,0
4605,0
4606,0
4608,0
4609,0
4610,2
4611,1
4612,0
4613,0
4614,0
4615,0
4616,0
4617,0
4618,0
4619,0
4620,0
4621,2
4622,0
4623,0
4624,0
4625,0
4626,0
4629,2
4630,1
4631,0
4632,0
4633,0
4634,1
4635,0
4637,1
4638,0
4639,2
4640,0
4641,0
4642,0
4643,0
4644,0
4645,0
4646,0
4647,0
4648,0
4649,0
4650,2
4651,0
4652,2
4653,0
4654,1
4655,0
4656,0
4657,0
4658,0
4659,1
4660,1
4661,0
4662,0
4663,0
4664,0
4665,1
4666,0
4667,0
4668,0
4669,0
4670,1
4671,1
4672,0
4673,0
4674,0
4675,0
4676,0
4677,0
4678,0
4679,1
4680,2
4681,0
4682,0
4683,0
4685,0
4686,0
4687,1
4688,0
4689,0
4690,0
4692,2
4693,2
4694,1
4695,0
4696,0
4697,2
4698,0
4699,0
4700,1
4701,1
4702,0
4703,0
4704,1
4705,0
4706,0
4709,0
4710,0
4711,0
4712,0
4713,0
4714,2
4715,0
4716,0
4717,0
4718,0
4719,1
4721,0
4722,0
4723,0
4724,0
4725,0
4726,0
4727,0
4728,0
4729,0
4730,0
4732,0
4733,1
4734,0
4735,0
4736,0
4737,1
4738,2
4739,0
4740,0
4741,0
4742,0
4743,0
4744,0
4745,0
4746,0
4747,0
4748,0
4749,1
4750,1
4751,0
4753,0
4754,0
4756,0
4757,1
4758,1
4760,0
4761,0
4762,1
4763,0
4765,0
4766,1
4767,0
4768,0
4769,2
4771,0
4772,0
4773,0
4774,0
4775,0
4776,0
4778,2
4779,0
4780,1
4781,0
4782,0
4785,0
4786,0
4788,0
4789,0
4790,2
4791,0
4792,1
4793,2
4794,0
4796,0
4798,0
4799,1
4800,0
4802,0
4803,0
4804,0
4805,0
4806,0
4807,0
4808,0
4809,2
4810,0
4811,0
4812,0
4813,0
4814,0
4815,0
4816,0
4817,0
4818,1
4819,0
4820,1
4821,0
4822,0
4823,0
4825,0
4826,0
4827,0
4828,2
4829,0
4830,2
4831,0
4833,0
4834,1
4835,0
4836,0
4837,0
4838,0
4839,2
4840,1
4841,0
4842,0
4843,0
4844,0
4845,1
4846,0
4847,0
4849,1
4850,2
4851,0
4852,0
4853,0
4854,0
4855,2
4856,0
4857,0
4858,1
4859,1
4860,1
4861,0
4862,0
4863,1
4864,0
4865,1
4866,0
4868,0
4869,0
4870,0
4872,0
4873,2
4874,0
4875,0
4876,0
4877,0
4878,0
4879,0
4880,0
4881,0
4882,0
4884,0
4885,0
4886,0
4887,0
4888,0
4889,1
4890,1
4891,1
4893,0
4894,0
4896,2
4897,0
4898,0
4899,0
4900,0
4901,0
4902,1
4903,0
4904,2
4905,0
4907,0
4908,0
4909,2
4910,0
4911,0
4912,0
4913,0
4915,0
4916,0
4917,0
4919,0
4920,0
4921,0
4922,0
4923,0
4924,2
4925,0
4926,0
4927,2
4928,0
4929,0
4930,0
4931,0
4933,1
4934,0
4935,0
4936,1
4937,0
4938,0
4939,0
4940,0
4941,0
4943,1
4944,0
4945,0
4946,0
4948,0
4949,0
4950,0
4951,2
4952,2
4953,0
4954,0
4955,0
4956,0
4957,1
4958,1
4959,0
4960,0
4961,0
4962,0
4964,0
4965,0
4966,0
4967,1
4968,0
4969,0
4970,2
4971,1
4972,0
4973,1
4974,0
4975,0
4976,1
4978,0
4979,1
4980,0
4981,1
4982,0
4983,2
4984,1
4985,2
4986,0
4987,0
4988,1
4989,0
4990,1
4991,0
4992,0
4993,0
4994,0
4995,0
4996,2
4997,0
4998,0
4999,1
5000,0
5002,1
5003,1
5004,0
5005,0
5008,0
5009,1
5010,0
5011,0
5012,0
5013,1
5014,0
5015,0
5016,0
5017,0
5018,0
5019,0
5020,0
5021,1
5022,1
5023,0
5024,0
5025,0
5026,1
5027,0
5028,0
5029,0
5030,0
5031,0
5032,0
5034,0
5035,0
5036,1
5037,1
5038,1
5039,0
5040,0
5041,0
5043,0
5044,1
5045,2
5046,0
5047,0
5048,0
5049,0
5050,0
5051,1
5052,0
5053,0
5054,0
5055,0
5057,0
5058,1
5059,0
5061,0
5064,0
5065,2
5066,0
5067,0
5068,0
5069,1
5070,0
5071,0
5072,2
5073,0
5074,0
5075,1
5076,0
5077,0
5078,0
5079,0
5080,1
5083,0
5084,0
5085,0
5087,0
5088,0
5089,0
5090,0
5091,0
5092,0
5093,0
5094,0
5095,0
5096,0
5097,0
5098,2
5099,0
5100,0
5101,2
5103,0
5104,0
5105,0
5106,0
5107,0
5109,2
5110,0
5111,1
5112,0
5113,0
5114,0
5115,0
5116,1
5117,0
5118,0
5119,0
5120,0
5121,0
5122,0
5123,0
5124,0
5125,0
5126,1
5127,0
5128,1
5130,1
5131,0
5132,2
5133,0
5134,0
5135,0
5136,0
5137,0
5138,0
5139,0
5140,0
5141,2
5142,0
5144,0
5145,0
5146,1
5147,0
5148,0
5149,0
5150,2
5151,1
5152,0
5153,0
5154,0
5155,1
5156,0
5157,0
5158,0
5159,0
5160,0
5161,0
5162,0
5163,1
5164,0
5165,1
5166,0
5167,2
5168,0
5169,0
5170,0
5171,0
5172,1
5173,1
5174,0
5175,1
5176,0
5177,0
5178,0
5179,0
5180,0
5181,0
5182,0
5183,2
5184,0
5185,0
5186,0
5188,0
5189,0
5191,2
5193,0
5194,0
5195,0
5196,0
5197,0
5198,0
5199,0
5200,0
5201,0
5203,0
5204,0
5206,0
5207,0
5208,0
5209,0
5210,0
5211,0
5212,0
5213,2
5214,1
5215,1
5216,0
5217,0
5218,0
5219,0
5221,1
5222,1
5223,0
5224,0
5225,0
5227,0
5228,0
5229,0
5230,1
5231,0
5232,0
5234,1
5235,0
5236,0
5237,0
5238,0
5239,1
5240,0
5241,0
5242,0
5243,0
5244,0
5245,0
5246,0
5247,0
5248,0
5249,0
5250,0
5251,0
5252,0
5254,0
5255,0
5256,0
5257,0
5258,1
5259,0
5260,0
5261,1
5262,2
5264,0
5265,1
5266,0
5267,0
5268,1
5269,1
5270,0
5271,1
5272,0
5273,1
5274,0
5275,0
5276,0
5277,1
5278,1
5279,0
5280,1
5281,0
5283,1
5284,0
5285,0
5286,0
5287,0
5288,1
5289,0
5290,0
5291,1
5292,1
5293,0
5294,0
5295,0
5296,0
5297,2
5299,1
5300,0
5301,1
5302,0
5304,0
5305,1
5307,1
5308,2
5309,1
5310,0
5311,0
5312,0
5313,2
5314,0
5315,0
5316,0
5317,1
5318,0
5319,0
5320,0
5322,0
5323,0
5324,1
5325,0
5326,0
5327,2
5328,0
5329,2
5330,0
5331,0
5332,1
5333,0
5334,0
5335,1
5337,0
5338,2
5339,0
5340,0
5341,0
5342,2
5344,0
5345,0
5346,0
5347,0
5348,2
5349,2
5350,0
5351,0
5352,0
5353,1
5354,0
5355,0
5356,0
5357,0
5358,0
5359,0
5360,0
5361,0
5362,0
5363,0
5364,0
5365,1
5366,0
5367,0
5368,0
5369,0
5370,0
5371,0
5372,2
5373,0
5374,0
5375,0
5377,0
5378,0
5379,0
5380,0
5381,0
5382,2
5383,0
5384,0
5386,1
5387,0
5388,0
5389,1
5390,2
5391,0
5392,0
5393,0
5394,0
5395,0
5396,0
5397,1
5398,0
5399,0
5400,0
5401,0
5403,0
5404,0
5405,2
5406,0
5407,0
5408,2
5409,2
5410,0
5412,0
5413,0
5414,0
5415,0
5416,0
5418,0
5419,0
5420,0
5422,0
5423,1
5424,2
5425,0
5426,0
5428,0
5430,2
5431,0
5433,0
5434,0
5435,2
5437,0
5438,0
5440,0
5441,0
5443,0
5444,0
5445,0
5446,0
5447,1
5448,1
5449,2
5450,1
5451,0
5452,0
5453,0
5454,0
5455,0
5456,1
5457,0
5458,0
5459,0
5461,0
5462,0
5463,0
5465,0
5466,0
5468,0
5469,0
5470,0
5471,0
5472,1
5473,0
5475,0
5476,0
5478,0
5480,1
5481,0
5485,0
5486,0
5487,1
5488,0
5489,0
5490,0
5492,0
5493,0
5494,2
5495,0
5496,0
5497,0
5499,1
5501,0
5503,0
5505,0
5506,0
5507,0
5508,0
5509,1
5510,0
5511,0
5512,0
5513,0
5514,0
5515,0
5517,0
5518,1
5519,0
5520,0
5521,0
5522,0
5523,2
5524,1
5525,0
5526,0
5527,0
5529,2
5530,0
5531,0
5533,2
5534,0
5535,1
5537,0
5538,0
5539,0
5541,0
5542,0
5543,2
5544,0
5545,0
5546,0
5547,0
5548,1
5549,2
5550,0
5551,2
5552,0
5553,0
5554,0
5555,0
5556,0
5557,0
5558,0
5559,0
5560,0
5561,0
5562,0
5563,0
5564,1
5565,0
5566,0
5567,0
5568,2
5569,0
5570,0
5571,0
5572,0
5573,0
5574,0
5575,0
5576,1
5577,0
5578,1
5579,0
5580,0
5581,0
5582,0
5583,0
5584,0
5585,0
5586,0
5587,0
5588,1
5589,1
5590,0
5591,1
5592,1
5593,1
5594,0
5595,0
5596,0
5597,0
5598,0
5599,0
5601,1
5602,1
5603,0
5604,1
5605,2
5606,0
5607,0
5608,2
5609,0
5610,0
5611,0
5612,0
5613,1
5614,0
5615,0
5617,1
5619,0
5620,1
5621,0
5622,2
5623,1
5625,1
5626,0
5627,0
5628,0
5629,0
5630,2
5631,0
5632,0
5633,1
5634,0
5637,0
5638,0
5639,0
5640,1
5641,1
5642,0
5643,0
5644,0
5645,0
5646,0
5647,0
5648,0
5649,0
5650,0
5651,1
5652,2
5653,2
5654,0
5655,0
5656,0
5657,0
5658,0
5659,0
5660,0
5661,0
5662,0
5664,0
5665,0
5666,0
5667,0
5668,0
5669,2
5670,1
5671,0
5672,0
5673,1
5674,0
5675,0
5676,0
5677,0
5678,1
5679,0
5680,2
5681,0
5682,1
5683,0
5684,0
5685,0
5686,1
5687,1
5688,0
5689,0
5690,0
5691,0
5692,0
5693,1
5694,0
5695,0
5696,2
5697,0
5698,0
5699,1
5700,0
5701,0
5702,0
5703,0
5704,0
5705,0
5706,0
5707,0
5708,0
5709,1
5710,0
5711,0
5712,0
5713,0
5714,0
5715,0
5717,0
5718,0
5719,0
5720,0
5721,0
5722,0
5723,0
5724,0
5727,0
5728,0
5729,0
5730,2
5731,0
5732,0
5733,0
5734,0
5735,0
5736,0
5737,0
5738,0
5739,2
5740,0
5741,0
5742,1
5743,0
5744,0
5745,0
5746,0
5747,0
5749,0
5750,0
5751,2
5752,0
5753,0
5754,0
5755,1
5756,0
5757,1
5758,0
5759,0
5760,0
5761,0
5762,0
5763,0
5764,0
5765,0
5766,0
5767,0
5768,0
5769,2
5770,1
5771,0
5772,0
5773,1
5774,1
5775,0
5777,0
5778,0
5779,1
5780,0
5781,0
5783,2
5785,1
5786,0
5787,0
5788,0
5789,0
5790,0
5791,0
5792,0
5793,0
5794,2
5796,0
5797,0
5798,2
5799,0
5800,0
5801,0
5802,1
5803,1
5805,0
5806,1
5807,2
5808,1
5810,0
5811,0
5812,1
5814,0
5815,0
5816,0
5817,1
5818,0
5819,0
5820,0
5821,0
5822,0
5823,2
5824,0
5825,2
5826,0
5828,0
5829,2
5830,1
5831,0
5832,2
5833,0
5834,0
5835,0
5836,0
5837,0
5839,1
5840,0
5841,0
5842,1
5843,0
5845,0
5846,0
5848,0
5849,0
5850,0
5852,0
5853,0
5854,2
5855,0
5856,0
5857,0
5859,0
5861,0
5862,0
5863,0
5864,0
5865,0
5866,0
5867,0
5868,0
5869,0
5870,0
5872,2
5873,0
5874,2
5875,0
5877,1
5878,0
5879,0
5880,0
5883,0
5884,2
5885,0
5886,1
5887,0
5889,0
5890,0
5891,0
5892,1
5893,0
5894,0
5896,0
5897,0
5898,0
5899,0
5900,0
5901,0
5903,0
5904,0
5905,0
5906,1
5907,0
5908,0
5909,2
5910,0
5912,1
5913,0
5914,0
5915,0
5916,0
5918,0
5919,0
5920,1
5921,0
5922,0
5923,2
5925,0
5926,0
5927,2
5928,0
5929,1
5931,0
5932,0
5933,1
5934,0
5935,0
5936,0
5937,0
5939,0
5940,0
5942,0
5943,0
5944,0
5945,0
5946,0
5947,0
5948,0
5949,0
5950,0
5951,0
5952,0
5953,0
5954,0
5955,0
5956,0
5957,0
5958,0
5959,0
5960,0
5961,0
5962,2
5965,0
5966,0
5967,0
5968,1
5969,0
5970,0
5971,0
5972,0
5973,1
5974,0
5975,0
5976,0
5977,0
5978,0
5979,0
5980,0
5981,1
5982,0
5983,0
5984,0
5985,1
5986,2
5987,2
5988,1
5989,0
5990,2
5991,0
5992,0
5993,0
5994,2
5996,0
5998,1
5999,0
6000,1
6001,0
6002,0
6003,0
6004,0
6005,0
6006,0
6007,0
6008,2
6009,0
6010,0
6012,1
6013,0
6014,0
6015,0
6017,0
6019,0
6021,0
6022,0
6023,0
6024,0
6025,0
6026,0
6027,0
6028,0
6029,0
6030,0
6032,0
6033,0
6034,0
6036,0
6037,0
6038,0
6039,0
6042,0
6043,0
6044,0
6045,1
6046,0
6047,0
6048,0
6049,0
6050,0
6053,0
6054,0
6055,0
6056,0
6057,1
6058,0
6060,0
6061,2
6062,0
6063,0
6064,0
6065,0
6066,0
6067,1
6068,0
6069,0
6070,0
6071,0
6073,0
6075,0
6076,0
6077,0
6078,0
6079,0
6080,0
6081,0
6082,0
6084,0
6085,0
6086,0
6087,0
6088,1
6090,0
6091,0
6092,0
6093,0
6094,0
6095,0
6096,0
6097,2
6098,1
6099,0
6100,0
6101,1
6102,0
6103,0
6104,0
6106,0
6107,2
6108,1
6109,0
6110,0
6111,0
6112,0
6113,1
6114,0
6115,0
6116,0
6117,1
6118,0
6121,1
6122,0
6123,0
6124,0
6125,0
6126,0
6127,0
6128,1
6130,0
6131,0
6132,0
6135,0
6136,0
6137,0
6138,0
6139,0
6140,0
6141,0
6142,0
6144,0
6145,0
6146,0
6148,0
6149,0
6150,0
6151,1
6152,0
6153,0
6154,0
6155,0
6157,0
6158,1
6159,0
6160,0
6161,0
6162,0
6163,0
6164,0
6165,1
6166,1
6167,0
6168,0
6169,0
6170,0
6172,0
6173,2
6174,0
6175,0
6176,0
6177,0
6178,0
6179,0
6180,0
6181,1
6183,1
6184,0
6185,0
6186,1
6187,0
6188,0
6189,0
6190,2
6191,1
6192,0
6193,0
6194,1
6195,0
6196,0
6197,1
6198,1
6199,0
6200,0
6201,0
6202,1
6203,0
6204,0
6205,0
6206,0
6207,0
6208,0
6209,0
6210,0
6211,0
6212,0
6214,0
6215,0
6216,0
6217,0
6218,0
6219,0
6220,0
6221,0
6222,1
6223,1
6224,1
6225,1
6226,2
6227,1
6228,0
6230,0
6231,0
6232,0
6233,0
6234,2
6235,1
6236,1
6238,0
6239,0
6241,2
6242,0
6243,0
6244,0
6245,2
6246,0
6247,0
6248,0
6249,0
6250,0
6251,2
6252,0
6254,0
6255,0
6257,0
6258,0
6259,0
6260,0
6261,0
6262,2
6263,0
6264,1
6265,0
6266,2
6267,0
6268,0
6269,0
6270,0
6272,1
6273,0
6274,0
6276,0
6278,0
6279,0
6280,0
6281,0
6282,0
6283,0
6285,0
6286,0
6287,0
6288,0
6289,0
6290,0
6291,0
6294,1
6295,0
6296,0
6297,1
6298,0
6299,0
6300,0
6301,0
6302,0
6303,2
6304,2
6305,0
6306,0
6307,0
6308,0
6309,1
6310,0
6311,2
6312,0
6313,0
6314,1
6316,0
6318,1
6320,0
6321,0
6322,0
6323,0
6324,0
6325,0
6326,0
6327,1
6328,0
6329,0
6330,0
6331,1
6332,1
6334,2
6335,0
6336,2
6337,0
6339,0
6340,0
6341,1
6342,0
6343,0
6344,0
6345,0
6346,0
6348,1
6349,0
6350,0
6351,0
6352,1
6354,1
6355,0
6356,1
6357,0
6358,0
6359,1
6360,0
6361,1
6362,0
6363,0
6364,0
6365,1
6366,0
6367,1
6368,1
6369,2
6370,0
6371,0
6372,2
6373,0
6374,0
6375,0
6376,0
6377,1
6378,0
6379,0
6380,0
6381,0
6382,0
6383,2
6384,1
6386,0
6387,0
6388,1
6389,0
6390,0
6391,1
6392,1
6393,0
6394,0
6395,0
6396,0
6397,0
6398,0
6399,1
6401,1
6402,0
6403,2
6405,0
6406,0
6407,0
6408,0
6409,1
6410,0
6411,1
6412,0
6414,2
6415,1
6416,0
6417,0
6418,0
6419,0
6420,0
6421,0
6422,0
6424,0
6425,1
6426,0
6427,0
6428,0
6429,0
6430,0
6431,0
6432,0
6433,0
6434,1
6435,1
6436,1
6437,0
6438,0
6439,0
6441,1
6442,0
6444,0
6445,1
6446,0
6447,0
6448,1
6449,1
6450,0
6451,0
6452,0
6453,0
6455,0
6456,2
6457,0
6458,0
6459,0
6460,0
6462,0
6463,0
6464,0
6465,0
6466,0
6467,0
6468,0
6469,0
6470,0
6471,1
6472,0
6473,0
6474,1
6477,2
6478,0
6479,2
6480,0
6481,1
6482,0
6483,0
6484,0
6485,0
6486,0
6487,0
6488,0
6489,1
6490,0
6491,0
6492,0
6494,0
6495,0
6496,0
6497,1
6498,0
6499,2
6500,0
6501,0
6502,0
6503,1
6505,0
6507,0
6508,1
6509,0
6510,0
6511,0
6512,0
6513,0
6514,1
6515,0
6517,0
6518,1
6519,0
6520,0
6521,0
6522,0
6523,1
6524,2
6525,0
6526,0
6527,0
6528,1
6529,0
6531,2
6532,0
6533,0
6534,0
6535,0
6536,0
6537,0
6539,0
6541,0
6542,2
6543,0
6544,1
6545,0
6546,0
6547,0
6548,0
6549,0
6550,0
6551,0
6552,0
6553,0
6554,1
6555,2
6556,0
6557,0
6558,0
6559,0
6560,1
6561,0
6562,0
6563,0
6564,0
6565,0
6566,0
6567,0
6568,0
6569,0
6570,1
6571,0
6572,0
6573,0
6574,0
6575,0
6576,0
6577,1
6578,1
6579,0
6580,0
6581,0
6583,0
6585,0
6586,0
6589,0
6590,1
6591,0
6592,0
6593,0
6595,2
6596,0
6597,1
6598,0
6599,2
6600,0
6601,0
6602,2
6603,0
6604,1
6605,0
6606,0
6607,0
6608,2
6609,0
6610,1
6611,0
6612,1
6613,1
6614,0
6615,0
6616,0
6617,1
6618,2
6619,0
6620,0
6621,0
6622,0
6623,0
6624,0
6625,0
6626,1
6627,0
6628,1
6629,2
6631,0
6632,2
6633,0
6634,1
6635,1
6636,0
6637,0
6638,1
6639,0
6640,0
6641,1
6642,0
6643,0
6644,0
6645,0
6646,2
6647,0
6648,1
6649,0
6650,2
6651,0
6652,0
6653,0
6654,0
6655,0
6656,1
6657,0
6658,0
6659,0
6660,2
6661,0
6662,0
6663,1
6664,2
6665,0
6667,0
6668,0
6670,2
6671,1
6672,0
6673,0
6675,0
6676,0
6677,2
6678,0
6679,1
6681,0
6683,1
6684,0
6685,0
6686,2
6687,1
6688,0
6689,0
6690,0
6691,0
6693,0
6694,0
6695,0
6696,0
6697,0
6698,0
6700,1
6701,2
6702,0
6703,0
6704,1
6706,0
6707,0
6708,1
6709,0
6710,0
6711,1
6712,0
6713,2
6714,0
6716,0
6717,0
6719,0
6720,1
6721,0
6722,0
6723,0
6724,0
6725,1
6726,0
6727,1
6728,0
6729,0
6730,0
6731,0
6732,0
6733,0
6734,0
6735,0
6736,0
6737,2
6738,0
6739,0
6741,0
6742,0
6744,0
6745,0
6746,2
6747,1
6748,0
6749,0
6751,0
6752,0
6753,1
6754,0
6755,0
6756,0
6758,1
6759,2
6760,0
6761,0
6763,0
6764,0
6765,2
6766,0
6767,0
6768,1
6769,0
6770,2
6771,1
6772,0
6773,0
6774,1
6775,0
6776,0
6777,0
6778,0
6779,0
6780,1
6781,0
6782,0
6783,1
6785,0
6786,0
6787,0
6789,0
6790,0
6791,0
6792,0
6793,0
6794,0
6795,1
6796,0
6798,0
6799,1
6800,0
6801,0
6802,0
6803,0
6804,0
6805,0
6806,2
6807,0
6808,0
6809,0
6810,0
6811,0
6812,0
6813,0
6814,0
6816,0
6817,2
6818,0
6819,0
6820,1
6821,0
6822,0
6823,1
6824,0
6826,1
6828,0
6829,0
6830,1
6831,0
6832,0
6833,1
6834,0
6835,0
6837,0
6838,0
6839,0
6841,2
6842,0
6843,1
6844,0
6845,0
6846,0
6847,0
6848,0
6849,0
6850,0
6851,0
6852,0
6853,0
6854,0
6855,0
6856,0
6857,0
6858,0
6859,2
6860,2
6861,0
6863,1
6864,0
6865,0
6866,1
6867,0
6868,0
6869,2
6870,2
6872,0
6873,0
6874,1
6875,1
6876,0
6877,0
6878,0
6880,0
6881,0
6882,0
6883,0
6884,0
6886,1
6887,0
6888,2
6889,0
6890,0
6891,2
6892,1
6893,2
6894,0
6895,0
6897,1
6898,0
6899,0
6900,0
6901,0
6902,0
6903,0
6904,1
6905,0
6906,0
6907,0
6908,0
6909,0
6910,0
6911,0
6912,0
6913,0
6914,0
6915,0
6916,0
6917,0
6918,0
6919,0
6920,0
6921,1
6922,2
6923,1
6924,0
6925,0
6926,1
6927,0
6928,0
6929,0
6930,0
6931,0
6932,1
6933,0
6934,0
6936,1
6937,0
6938,0
6939,0
6940,0
6941,0
6942,0
6943,1
6944,0
6945,0
6946,0
6947,0
6948,0
6949,0
6950,0
6951,0
6952,0
6953,0
6954,0
6955,2
6956,1
6957,0
6958,2
6959,0
6960,0
6961,0
6962,1
6963,0
6964,0
6965,0
6966,0
6967,0
6968,0
6969,0
6970,0
6971,0
6972,0
6973,0
6975,0
6976,1
6977,0
6978,0
6979,0
6980,0
6982,1
6983,0
6984,0
6985,0
6986,0
6987,0
6988,0
6990,0
6991,0
6992,0
6994,1
6995,0
6996,0
6997,0
6999,2
7000,0
7001,0
7002,2
7004,0
7005,0
7006,2
7007,0
7008,0
7009,0
7010,0
7011,0
7012,0
7014,0
7015,0
7017,0
7019,1
7020,0
7021,0
7022,1
7023,0
7025,0
7026,0
7027,0
7029,0
7030,0
7031,0
7032,1
7033,0
7034,0
7036,0
7037,0
7038,0
7039,0
7040,0
7041,0
7042,0
7043,0
7044,1
7046,0
7047,0
7048,2
7049,0
7050,0
7051,0
7052,1
7053,1
7054,0
7055,1
7056,0
7057,0
7058,0
7059,0
7060,0
7061,0
7062,2
7063,2
7064,1
7065,1
7066,0
7067,0
7068,0
7069,2
7070,0
7072,0
7073,0
7075,0
7076,0
7077,1
7078,0
7079,1
7080,1
7081,1
7082,0
7083,0
7084,0
7085,1
7086,0
7087,0
7088,2
7089,0
7090,0
7091,0
7092,0
7093,0
7094,0
7095,0
7096,0
7097,0
7098,1
7099,0
7100,0
7101,0
7102,2
7103,0
7105,0
7106,0
7107,1
7109,0
7110,0
7111,0
7112,0
7114,0
7115,1
7116,1
7117,0
7118,0
7119,0
7120,0
7121,2
7122,0
7123,0
7124,1
7126,0
7127,0
7128,1
7129,0
7131,0
7132,0
7133,0
7134,0
7135,0
7136,2
7138,2
7139,0
7140,0
7141,0
7142,0
7143,1
7144,0
7145,2
7146,0
7147,0
7148,0
7149,2
7151,0
7152,0
7153,0
7154,0
7155,0
7156,0
7157,0
7158,0
7160,0
7161,2
7162,0
7163,0
7164,0
7165,0
7166,0
7167,1
7168,1
7169,2
7170,0
7171,0
7172,0
7174,1
7175,0
7176,0
7177,0
7178,0
7179,0
7180,0
7181,0
7183,0
7184,1
7185,0
7186,0
7188,0
7189,0
7190,0
7191,0
7192,0
7193,0
7194,0
7196,0
7197,2
7198,2
7199,1
7200,0
7201,0
7202,0
7203,0
7204,0
7205,0
7206,0
7208,1
7209,0
7210,0
7213,0
7214,0
7215,0
7216,0
7217,0
7218,0
7219,0
7221,0
7222,1
7223,0
7224,0
7225,0
7226,0
7227,2
7228,0
7229,0
7230,0
7231,0
7232,1
7233,0
7234,0
7235,0
7236,1
7237,0
7238,0
7239,0
7240,0
7241,0
7242,0
7243,0
7244,0
7245,0
7246,0
7247,1
7248,0
7249,0
7250,0
7251,1
7252,0
7253,0
7254,0
7255,0
7256,0
7257,2
7258,0
7259,0
7262,2
7263,2
7264,0
7265,0
7266,0
7268,0
7269,0
7270,0
7271,1
7272,0
7273,1
7274,0
7275,0
7276,0
7277,0
7278,0
7279,0
7281,0
7282,1
7283,0
7286,0
7287,0
7289,0
7290,0
7291,1
7292,1
7293,0
7294,0
7295,0
7296,0
7297,0
7298,0
7299,0
7300,1
7301,1
7302,1
7303,1
7305,0
7306,0
7307,0
7308,0
7309,0
7310,0
7311,1
7312,0
7313,0
7315,0
7316,1
7317,0
7318,0
7319,0
7320,0
7321,2
7322,0
7323,0
7324,0
7325,0
7326,0
7327,2
7328,0
7329,0
7330,1
7331,0
7332,0
7334,0
7335,1
7337,0
7338,0
7339,1
7341,0
7342,0
7343,0
7345,0
7346,1
7348,0
7350,0
7351,0
7352,0
7353,0
7354,0
7355,0
7356,0
7357,0
7358,0
7359,0
7360,0
7361,2
7362,1
7363,1
7364,0
7365,0
7366,0
7367,0
7368,0
7369,0
7370,0
7371,0
7372,0
7373,0
7374,0
7375,1
7376,0
7377,0
7379,0
7380,0
7381,1
7382,0
7383,0
7384,0
7385,0
7386,0
7387,0
7388,0
7389,1
7390,0
7391,0
7392,0
7393,0
7394,0
7395,2
7396,0
7397,0
7398,0
7399,1
7400,0
7401,0
7402,0
7403,1
7404,0
7405,0
7406,0
7407,0
7408,0
7409,1
7410,0
7411,1
7412,0
7413,0
7414,1
7415,0
7416,1
7417,1
7418,0
7419,0
7420,1
7421,0
7422,0
7423,0
7424,0
7425,2
7426,0
7427,0
7428,0
7430,1
7431,0
7432,0
7433,0
7434,0
7435,0
7436,0
7437,0
7438,0
7439,0
7440,0
7441,1
7442,0
7443,0
7444,0
7445,0
7446,1
7447,1
7448,0
7449,0
7450,0
7451,0
7452,0
7453,0
7454,0
7455,0
7457,0
7458,1
7459,0
7460,0
7461,0
7462,0
7463,0
7464,2
7466,0
7467,0
7469,0
7470,0
7471,0
7472,0
7473,0
7474,0
7475,0
7476,0
7477,0
7478,0
7479,0
7480,2
7481,0
7482,0
7483,0
7485,0
7486,0
7487,0
7489,0
7491,0
7492,0
7493,0
7494,0
7495,0
7496,0
7497,0
7498,0
7499,0
7500,0
7501,0
7502,0
7503,0
7505,0
7506,1
7508,0
7509,0
7510,0
7511,0
7512,0
7513,2
7514,2
7515,0
7516,2
7517,1
7518,0
7520,0
7521,0
7522,1
7523,0
7524,1
7525,1
7526,0
7527,0
7528,0
7529,0
7530,0
7531,0
7532,0
7533,0
7534,0
7535,0
7536,1
7537,0
7538,1
7539,2
7540,0
7541,0
7542,2
7543,2
7544,0
7545,0
7546,1
7547,0
7548,2
7549,0
7550,0
7551,2
7552,0
7553,1
7554,0
7555,0
7556,1
7557,0
7558,0
7559,2
7560,0
7561,0
7562,0
7563,1
7564,0
7565,2
7566,1
7567,0
7568,0
7569,0
7570,2
7571,0
7572,1
7573,0
7574,0
7575,0
7576,0
7577,0
7578,0
7579,0
7580,0
7582,0
7583,1
7584,1
7585,0
7586,0
7590,0
7591,0
7592,0
7593,1
7594,0
7595,0
7596,0
7597,1
7598,0
7600,0
7602,0
7603,0
7604,0
7605,2
7606,0
7607,0
7608,0
7609,0
7610,0
7611,0
7613,2
7614,0
7615,0
7616,0
7617,0
7618,0
7619,0
7620,0
7621,0
7622,0
7623,0
7624,0
7625,0
7626,1
7627,0
7628,0
7629,0
7630,1
7631,0
7632,0
7633,0
7634,0
7635,1
7636,0
7638,0
7639,0
7640,0
7641,0
7642,0
7643,0
7644,0
7646,1
7647,0
7648,0
7649,0
7650,1
7651,0
7652,0
7653,0
7654,1
7655,1
7656,0
7657,0
7658,1
7659,0
7661,0
7662,0
7663,0
7664,0
7665,0
7666,0
7667,0
7668,1
7670,0
7671,0
7672,0
7673,0
7674,2
7675,2
7676,0
7677,0
7678,0
7679,0
7680,0
7681,0
7683,1
7684,0
7685,2
7686,0
7687,0
7688,0
7689,0
7691,0
7692,0
7693,0
7695,0
7696,0
7697,0
7699,0
7700,0
7701,0
7703,0
7704,0
7705,0
7706,0
7707,0
7708,0
7709,0
7710,0
7711,0
7712,0
7714,0
7716,0
7717,0
7719,0
7720,1
7721,0
7722,0
7723,0
7724,0
7725,0
7726,0
7727,2
7728,0
7730,0
7731,0
7732,0
7733,0
7734,0
7735,2
7736,0
7738,0
7739,0
7740,1
7741,0
7742,2
7743,0
7744,2
7746,1
7747,2
7748,0
7749,1
7750,0
7751,1
7752,0
7753,0
7755,0
7756,0
7757,0
7758,2
7759,0
7761,0
7762,0
7763,0
7764,2
7765,1
7766,2
7767,0
7768,2
7769,0
7770,0
7771,0
7772,1
7773,0
7774,1
7775,0
7776,1
7777,1
7779,2
7780,0
7781,0
7782,0
7783,0
7784,0
7786,0
7787,0
7788,0
7789,0
7790,0
7791,0
7792,1
7793,0
7794,0
7795,0
7796,0
7797,0
7798,0
7799,2
7800,0
7801,0
7802,0
7803,0
7804,0
7805,1
7806,0
7807,0
7808,1
7809,2
7810,1
7811,0
7812,1
7814,1
7815,1
7816,0
7817,0
7818,0
7819,1
7821,0
7823,0
7824,0
7825,0
7826,2
7827,0
7829,0
7830,1
7831,0
7832,0
7834,1
7835,0
7836,0
7837,0
7838,0
7839,0
7840,1
7841,0
7843,0
7844,0
7845,1
7847,1
7848,0
7849,0
7850,0
7851,0
7852,1
7853,0
7854,1
7855,0
7857,0
7858,0
7859,1
7860,0
7861,1
7862,2
7863,0
7864,0
7865,0
7866,0
7867,0
7868,0
7869,0
7870,0
7873,0
7874,1
7875,0
7876,0
7877,0
7878,0
7879,1
7880,0
7881,0
7882,1
7883,1
7884,2
7885,0
7886,1
7887,0
7888,0
7890,0
7891,0
7892,1
7895,0
7896,0
7898,0
7899,0
7900,0
7901,0
7902,0
7903,0
7904,0
7905,0
7906,0
7907,0
7908,0
7909,0
7910,0
7911,0
7912,1
7913,0
7914,0
7915,0
7916,0
7917,0
7918,2
7919,0
7920,0
7921,2
7922,0
7923,1
7924,0
7925,0
7926,0
7927,1
7928,0
7929,1
7930,0
7931,1
7933,2
7934,0
7936,0
7937,0
7938,0
7939,0
7940,1
7941,0
7942,1
7943,0
7945,1
7946,1
7947,0
7948,0
7949,0
7950,0
7951,0
7952,0
7953,0
7954,0
7955,0
7956,0
7957,1
7958,0
7959,0
7960,0
7961,2
7962,0
7963,0
7964,1
7965,1
7966,0
7967,0
7968,0
7970,1
7971,0
7972,0
7973,0
7974,0
7975,0
7976,1
7977,0
7978,0
7979,0
7980,0
7981,0
7982,2
7983,0
7984,1
7985,0
7986,0
7987,1
7988,0
7989,0
7990,0
7991,0
7992,0
7993,0
7994,2
7995,2
7996,0
7997,2
7998,0
7999,0
8000,1
8001,0
8002,0
8003,0
8005,0
8006,2
8007,0
8008,1
8009,0
8010,1
8011,1
8012,2
8013,1
8014,0
8016,2
8017,0
8018,0
8019,0
8020,1
8021,0
8022,0
8023,0
8024,0
8025,0
8026,0
8027,1
8028,0
8029,0
8030,0
8031,0
8034,1
8035,0
8036,0
8037,0
8039,1
8041,1
8042,0
8043,0
8044,0
8045,0
8047,0
8048,0
8050,1
8051,0
8053,0
8054,0
8055,0
8056,1
8057,0
8058,0
8059,0
8061,0
8062,0
8063,0
8064,0
8065,0
8066,0
8067,0
8068,0
8069,0
8070,0
8071,1
8072,0
8073,0
8075,0
8076,0
8078,0
8079,0
8080,2
8081,0
8082,1
8083,0
8084,0
8085,0
8086,1
8087,0
8088,0
8089,1
8090,0
8091,0
8092,0
8093,1
8094,1
8095,0
8096,1
8097,0
8098,1
8099,0
8100,2
8101,0
8102,0
8103,0
8104,0
8105,1
8106,0
8107,1
8108,0
8109,0
8110,1
8111,0
8112,0
8113,0
8114,0
8115,0
8116,0
8117,0
8119,0
8120,2
8121,0
8122,0
8123,0
8124,0
8125,0
8127,0
8129,1
8130,0
8132,0
8133,0
8135,0
8136,1
8137,0
8138,0
8139,0
8140,0
8141,0
8142,0
8143,0
8145,0
8146,0
8147,0
8148,1
8149,0
8151,0
8152,0
8153,0
8155,1
8156,0
8158,0
8159,2
8160,0
8161,0
8162,0
8163,0
8164,0
8165,0
8166,0
8167,0
8169,1
8170,0
8172,0
8173,0
8174,0
8175,0
8176,0
8177,0
8178,0
8179,0
8180,0
8181,0
8183,0
8184,0
8186,0
8187,0
8188,1
8189,0
8190,2
8191,0
8192,1
8193,1
8194,0
8195,0
8196,0
8199,1
8200,0
8201,0
8203,0
8204,1
8205,0
8206,2
8207,0
8208,0
8209,0
8210,2
8211,0
8212,2
8213,1
8214,0
8215,0
8217,0
8218,0
8219,1
8220,0
8221,0
8222,2
8223,0
8224,0
8225,1
8226,1
8227,0
8228,0
8229,0
8230,0
8231,0
8232,0
8233,0
8234,0
8235,0
8236,0
8237,2
8238,0
8239,0
8240,1
8241,0
8242,1
8243,0
8247,0
8248,2
8249,0
8250,0
8251,1
8252,0
8253,0
8254,0
8255,0
8256,0
8257,1
8258,1
8260,2
8261,0
8262,0
8263,1
8264,0
8265,0
8266,0
8267,0
8268,0
8269,0
8270,0
8271,0
8272,0
8273,1
8275,0
8276,0
8277,1
8278,0
8279,0
8282,0
8284,0
8285,0
8286,0
8287,0
8288,0
8289,0
8290,0
8291,0
8292,0
8293,0
8294,0
8295,0
8296,0
8297,0
8298,0
8299,0
8300,1
8301,0
8302,0
8303,0
8304,0
8305,0
8306,0
8307,2
8308,0
8309,0
8310,0
8311,0
8312,0
8313,0
8315,0
8316,1
8317,1
8318,1
8319,0
8320,2
8321,0
8322,0
8323,0
8324,0
8325,1
8326,0
8328,0
8329,0
8330,2
8331,0
8332,0
8333,2
8335,0
8336,0
8337,0
8338,0
8340,1
8341,0
8342,1
8343,0
8344,0
8345,0
8346,0
8347,0
8348,1
8349,1
8351,2
8352,0
8353,0
8354,0
8355,0
8356,0
8357,1
8358,0
8359,1
8360,0
8361,2
8362,0
8363,0
8364,0
8365,0
8367,0
8368,0
8369,2
8370,0
8371,2
8372,0
8373,0
8374,0
8375,0
8376,0
8378,2
8379,2
8380,0
8381,0
8382,1
8383,0
8384,0
8385,0
8388,0
8389,1
8390,0
8392,0
8393,0
8394,0
8395,0
8396,0
8397,0
8398,0
8399,1
8400,1
8401,0
8402,0
8404,1
8406,0
8407,0
8408,0
8409,0
8410,0
8411,0
8412,0
8413,1
8414,0
8415,0
8416,0
8417,0
8418,1
8419,0
8420,2
8421,0
8422,1
8423,0
8424,0
8425,0
8426,0
8427,0
8429,0
8430,0
8432,0
8433,0
8434,2
8435,0
8436,0
8437,2
8439,0
8440,0
8441,0
8442,0
8443,1
8444,0
8446,0
8447,0
8448,0
8449,0
8450,0
8452,0
8453,0
8454,0
8455,0
8456,0
8457,0
8458,0
8459,0
8460,0
8461,0
8462,0
8463,0
8464,0
8465,0
8466,0
8467,0
8468,0
8469,0
8470,0
8471,0
8472,0
8473,0
8474,0
8475,0
8477,0
8478,1
8479,2
8480,0
8481,0
8482,0
8483,0
8484,0
8485,0
8486,0
8488,0
8489,1
8490,0
8491,0
8492,0
8493,0
8495,0
8496,0
8497,0
8498,0
8499,0
8500,1
8501,0
8502,0
8503,0
8504,0
8506,0
8507,0
8509,0
8510,2
8511,0
8512,0
8514,0
8516,0
8517,2
8518,1
8519,0
8520,0
8521,1
8522,0
8523,0
8524,0
8525,2
8526,0
8527,0
8528,0
8530,0
8531,0
8532,0
8533,0
8535,0
8536,0
8537,0
8538,0
8539,0
8540,0
8541,1
8542,0
8543,0
8544,0
8545,0
8546,0
8548,0
8549,0
8550,0
8551,0
8552,0
8553,0
8554,0
8555,0
8557,0
8559,0
8560,0
8561,0
8562,0
8563,2
8564,0
8565,0
8566,0
8567,1
8568,0
8569,0
8570,0
8571,0
8572,2
8573,0
8574,0
8575,1
8576,1
8577,0
8578,0
8579,2
8580,0
8581,0
8582,0
8583,0
8584,0
8585,0
8587,0
8588,0
8589,1
8590,0
8591,1
8593,0
8594,2
8595,0
8596,0
8597,0
8598,0
8599,0
8601,0
8602,0
8604,2
8605,0
8606,0
8607,1
8608,0
8609,0
8610,0
8611,1
8612,1
8613,1
8614,0
8615,0
8616,0
8617,0
8618,0
8619,0
8620,0
8621,1
8622,2
8623,0
8624,0
8625,1
8626,2
8628,1
8629,0
8630,0
8631,2
8632,2
8633,1
8634,0
8635,1
8636,0
8637,1
8638,0
8639,1
8640,0
8642,1
8643,0
8644,0
8645,0
8646,0
8647,0
8648,0
8649,0
8650,2
8651,1
8652,0
8653,0
8654,0
8655,0
8657,0
8658,0
8659,0
8660,0
8661,0
8662,0
8664,0
8665,0
8667,0
8668,0
8669,0
8670,0
8671,1
8672,0
8674,2
8676,1
8677,0
8678,0
8679,0
8681,1
8682,1
8683,2
8684,1
8686,0
8687,1
8688,0
8689,2
8690,0
8691,0
8693,0
8694,0
8696,0
8697,1
8698,0
8699,0
8700,1
8701,0
8702,0
8703,0
8704,0
8705,0
8706,0
8707,0
8709,0
8710,1
8711,1
8712,1
8713,2
8714,1
8715,0
8716,0
8717,2
8718,0
8719,0
8720,0
8721,0
8722,2
8723,0
8725,0
8726,0
8727,0
8728,0
8729,0
8731,1
8732,1
8733,0
8734,0
8735,0
8736,0
8737,0
8738,0
8739,0
8740,1
8741,2
8742,0
8743,0
8744,2
8745,1
8746,0
8747,0
8749,0
8750,0
8751,0
8752,0
8753,1
8754,0
8755,0
8756,0
8757,0
8758,0
8759,0
8760,0
8761,0
8762,0
8763,0
8764,0
8765,0
8766,0
8767,1
8768,0
8769,1
8770,1
8771,0
8772,0
8773,1
8775,0
8776,2
8778,2
8779,1
8780,0
8781,0
8782,1
8783,0
8784,0
8785,0
8786,0
8787,1
8788,0
8789,0
8790,0
8791,1
8792,0
8793,0
8794,0
8795,0
8797,0
8799,0
8800,0
8801,0
8802,0
8803,0
8805,0
8806,1
8807,0
8809,2
8810,0
8811,0
8812,0
8815,0
8816,1
8817,0
8818,0
8820,0
8821,2
8822,0
8823,0
8824,0
8825,1
8826,0
8827,1
8828,0
8829,0
8830,1
8831,0
8832,0
8833,0
8834,0
8835,1
8836,0
8837,0
8838,0
8839,0
8840,0
8841,0
8843,0
8844,0
8845,0
8846,0
8847,0
8848,1
8849,0
8850,0
8851,0
8852,0
8853,0
8854,0
8855,0
8856,0
8857,0
8858,0
8859,0
8860,0
8861,0
8862,0
8863,0
8864,1
8865,1
8867,1
8868,0
8869,0
8870,0
8871,0
8872,0
8873,0
8874,0
8875,2
8877,0
8878,0
8879,0
8880,1
8881,0
8882,0
8883,0
8885,0
8887,0
8888,0
8889,0
8890,0
8892,0
8893,0
8894,0
8895,2
8897,0
8899,0
8900,0
8901,1
8902,0
8904,0
8905,0
8906,0
8908,0
8909,2
8910,0
8911,2
8912,1
8913,0
8914,0
8915,0
8917,0
8918,1
8919,0
8920,0
8921,0
8922,0
8923,0
8924,0
8925,0
8926,0
8927,0
8928,0
8929,0
8930,1
8932,0
8933,1
8934,1
8937,0
8938,2
8939,0
8940,2
8941,0
8942,0
8943,2
8944,2
8945,0
8946,2
8947,0
8948,2
8949,0
8950,0
8952,2
8953,0
8954,0
8955,0
8956,0
8957,0
8958,0
8959,1
8960,0
8961,0
8962,0
8963,0
8964,0
8965,0
8966,2
8967,1
8968,0
8969,0
8970,0
8971,0
8972,1
8973,0
8974,0
8975,1
8976,0
8977,0
8978,1
8979,0
8980,0
8981,1
8982,0
8984,2
8985,0
8986,0
8987,0
8988,0
8989,2
8990,0
8991,0
8992,0
8993,0
8994,0
8995,0
8996,0
8997,0
8998,2
8999,0
9000,0
9001,1
9002,0
9003,2
9004,0
9005,0
9006,0
9007,0
9008,1
9009,0
9011,1
9012,0
9013,0
9015,0
9016,0
9017,2
9018,0
9019,2
9020,0
9021,1
9022,0
9023,1
9024,0
9025,0
9026,0
9027,2
9028,0
9029,0
9030,0
9031,0
9032,0
9033,0
9034,0
9035,0
9036,0
9037,0
9038,0
9039,0
9040,0
9041,0
9042,1
9043,0
9044,0
9045,0
9046,0
9047,0
9048,0
9049,0
9050,0
9052,0
9053,0
9055,0
9056,0
9057,1
9058,2
9060,0
9061,0
9062,1
9063,0
9065,1
9066,2
9067,0
9068,0
9069,1
9071,2
9072,0
9073,2
9074,0
9075,1
9076,0
9077,2
9078,0
9079,2
9081,0
9082,0
9083,0
9084,0
9085,0
9086,0
9087,2
9088,0
9089,0
9090,0
9091,0
9092,0
9093,0
9094,0
9095,0
9096,0
9097,0
9098,0
9100,0
9101,0
9102,1
9103,0
9104,0
9105,0
9106,0
9107,0
9108,0
9109,0
9110,0
9111,0
9112,1
9113,0
9115,1
9116,0
9117,0
9118,0
9119,0
9120,0
9121,0
9122,0
9123,1
9125,0
9126,0
9127,0
9128,0
9129,0
9130,0
9131,1
9132,0
9133,0
9134,0
9135,0
9136,0
9138,0
9139,0
9140,1
9141,0
9142,0
9143,0
9144,1
9145,0
9146,0
9147,0
9148,0
9149,2
9150,1
9151,0
9152,1
9154,0
9155,0
9156,0
9157,0
9158,0
9159,0
9160,1
9161,0
9162,0
9164,0
9165,0
9166,0
9167,0
9168,1
9169,0
9172,0
9173,0
9174,0
9175,0
9176,0
9177,0
9178,1
9179,0
9180,0
9181,0
9182,0
9184,0
9185,0
9186,0
9187,0
9188,0
9189,0
9190,0
9191,0
9192,2
9194,1
9195,0
9196,2
9197,0
9198,0
9199,0
9200,0
9201,1
9202,0
9203,0
9204,0
9205,0
9206,0
9207,0
9208,0
9209,0
9210,0
9212,0
9213,1
9214,0
9215,0
9216,1
9217,0
9218,2
9219,0
9220,0
9221,0
9222,0
9223,0
9224,0
9225,0
9226,1
9227,1
9228,0
9229,0
9230,0
9231,0
9232,0
9233,2
9234,0
9235,0
9236,0
9237,0
9238,2
9239,0
9240,0
9241,0
9243,1
9244,2
9245,0
9246,0
9247,0
9248,1
9249,0
9251,0
9253,0
9254,0
9255,0
9256,0
9258,0
9259,1
9260,0
9261,2
9262,0
9263,0
9264,0
9265,0
9266,0
9267,0
9268,0
9269,2
9270,0
9271,1
9272,2
9273,0
9274,0
9275,1
9276,0
9277,0
9278,1
9279,0
9280,2
9281,0
9282,0
9283,0
9284,0
9286,2
9287,0
9288,0
9289,0
9290,0
9291,0
9292,0
9293,2
9295,0
9296,0
9297,0
9298,0
9299,0
9300,0
9301,0
9302,0
9303,0
9304,1
9305,1
9306,1
9307,0
9308,0
9309,1
9310,0
9312,0
9313,0
9314,0
9315,0
9316,0
9318,0
9319,0
9320,0
9322,1
9323,0
9324,0
9325,1
9326,0
9327,1
9328,0
9329,0
9330,0
9331,1
9332,0
9333,0
9334,0
9336,2
9339,0
9340,0
9341,1
9342,2
9343,1
9344,0
9345,0
9346,0
9348,0
9349,0
9350,0
9351,0
9352,0
9353,0
9354,0
9355,0
9356,1
9358,0
9359,0
9360,0
9361,0
9362,0
9363,0
9364,1
9365,1
9366,0
9367,0
9368,0
9369,0
9370,0
9371,0
9372,0
9373,0
9374,0
9375,0
9376,0
9377,0
9378,0
9379,0
9380,0
9381,1
9383,0
9385,0
9386,0
9387,0
9388,2
9389,0
9390,1
9391,0
9392,2
9393,2
9394,0
9395,0
9396,0
9397,1
9399,1
9400,0
9401,0
9402,0
9403,0
9404,1
9405,2
9406,0
9407,0
9409,0
9410,2
9411,2
9412,0
9413,0
9414,0
9415,2
9416,0
9417,2
9418,1
9419,0
9420,0
9421,1
9423,0
9424,0
9425,0
9426,0
9427,0
9428,0
9430,1
9431,0
9432,0
9433,0
9434,2
9435,1
9436,0
9437,0
9438,1
9439,0
9440,1
9441,0
9442,0
9443,0
9444,0
9445,0
9446,2
9447,2
9448,0
9449,0
9450,0
9451,0
9452,0
9453,0
9454,1
9455,0
9456,1
9457,0
9459,0
9460,0
9461,0
9462,1
9463,1
9466,0
9467,0
9468,0
9469,2
9470,0
9471,0
9472,0
9473,0
9474,0
9476,1
9478,0
9479,0
9480,0
9481,0
9482,0
9483,0
9484,1
9486,0
9487,1
9488,1
9489,1
9490,0
9491,1
9492,0
9493,0
9494,2
9495,0
9497,0
9498,0
9499,0
9500,0
9501,0
9502,0
9503,1
9504,0
9505,1
9507,1
9509,0
9510,2
9511,0
9512,0
9513,2
9514,0
9515,0
9516,0
9517,0
9518,2
9519,0
9520,0
9521,0
9522,0
9523,0
9524,0
9525,0
9526,0
9527,1
9528,0
9529,0
9530,0
9531,0
9532,0
9533,0
9534,0
9535,1
9536,0
9537,0
9538,1
9539,0
9540,0
9541,0
9542,2
9543,0
9544,0
9545,0
9546,0
9547,0
9548,0
9549,0
9550,0
9551,1
9552,2
9553,1
9554,1
9555,2
9556,2
9557,0
9558,0
9559,1
9560,0
9561,0
9562,0
9563,0
9564,2
9565,0
9566,0
9567,0
9568,1
9569,1
9570,0
9571,0
9572,0
9573,0
9574,0
9575,0
9576,1
9577,0
9578,0
9579,0
9580,0
9581,0
9582,0
9583,0
9584,0
9586,2
9587,2
9588,2
9589,0
9590,0
9591,0
9592,0
9593,0
9594,0
9595,1
9596,1
9598,0
9599,0
9600,1
9601,0
9602,0
9603,1
9604,0
9605,0
9607,0
9608,0
9609,0
9610,1
9611,0
9612,0
9613,0
9614,2
9615,0
9616,0
9617,0
9618,0
9619,0
9620,0
9621,0
9623,0
9624,0
9625,1
9626,1
9627,0
9628,0
9630,0
9631,0
9632,0
9633,0
9634,0
9635,0
9636,2
9638,0
9639,0
9640,1
9641,2
9642,0
9643,0
9644,0
9645,0
9646,0
9647,0
9648,2
9649,0
9650,2
9651,0
9652,0
9653,2
9655,0
9656,0
9657,0
9658,0
9659,0
9660,0
9661,0
9662,1
9663,2
9664,0
9665,0
9666,0
9667,0
9668,0
9669,0
9671,0
9672,0
9673,0
9674,1
9675,0
9676,0
9677,0
9678,0
9679,0
9680,0
9681,0
9684,0
9687,0
9688,0
9689,0
9690,0
9691,1
9692,2
9693,0
9694,0
9695,0
9696,1
9697,0
9698,0
9699,1
9700,2
9701,0
9702,0
9703,0
9704,0
9705,0
9706,0
9707,0
9708,0
9709,0
9710,2
9711,0
9712,0
9713,1
9714,0
9715,2
9716,2
9717,0
9718,0
9719,0
9720,0
9721,0
9722,0
9723,0
9724,0
9725,1
9726,1
9727,0
9728,0
9730,0
9731,0
9732,0
9733,0
9734,1
9735,1
9736,1
9737,2
9739,1
9740,1
9741,0
9742,0
9743,0
9744,0
9745,2
9746,0
9747,0
9748,0
9749,0
9750,1
9751,0
9752,0
9753,0
9754,0
9755,0
9756,0
9757,0
9758,0
9759,0
9760,0
9761,0
9762,0
9763,2
9764,0
9765,0
9766,0
9767,0
9768,0
9769,0
9770,0
9771,0
9772,1
9773,0
9774,0
9775,0
9776,0
9778,0
9779,0
9780,0
9781,0
9782,0
9783,0
9784,0
9785,2
9786,0
9788,0
9789,0
9791,0
9792,0
9793,0
9794,0
9795,0
9796,1
9797,0
9798,0
9799,0
9801,2
9803,0
9804,0
9805,1
9806,0
9807,0
9808,1
9809,0
9810,2
9811,0
9812,0
9813,0
9815,0
9816,0
9817,0
9818,0
9819,0
9820,1
9821,0
9822,0
9823,1
9824,0
9826,1
9828,0
9829,0
9830,0
9832,1
9833,0
9834,0
9835,0
9836,1
9837,0
9838,0
9839,0
9840,0
9841,2
9842,2
9843,0
9844,0
9845,2
9846,0
9847,2
9848,1
9849,0
9850,0
9851,0
9852,0
9853,0
9854,2
9855,0
9857,0
9858,0
9859,0
9860,0
9861,2
9863,2
9864,0
9865,0
9866,0
9867,0
9868,0
9870,1
9871,2
9872,0
9873,1
9874,0
9875,0
9876,0
9877,1
9878,0
9879,0
9880,2
9881,0
9882,0
9883,0
9884,1
9885,0
9886,0
9887,0
9888,0
9889,0
9890,0
9891,0
9892,0
9893,1
9894,0
9895,0
9896,0
9897,0
9900,0
9901,0
9902,0
9903,0
9904,0
9906,0
9907,0
9908,1
9910,0
9911,1
9912,0
9913,0
9914,1
9915,0
9916,0
9917,0
9918,0
9919,0
9920,0
9921,2
9922,0
9923,0
9924,0
9925,0
9926,1
9927,2
9928,2
9929,0
9930,0
9931,0
9932,0
9933,0
9934,2
9936,1
9937,2
9938,0
9940,0
9941,0
9942,0
9943,0
9944,0
9945,0
9946,0
9947,0
9948,0
9949,2
9950,0
9951,0
9952,0
9953,0
9954,0
9955,0
9956,1
9957,1
9958,0
9959,1
9960,0
9961,1
9962,2
9963,0
9964,0
9965,0
9966,0
9967,0
9968,0
9970,2
9971,0
9972,2
9973,2
9975,1
9976,0
9977,2
9978,0
9979,0
9980,0
9981,0
9982,0
9983,0
9984,1
9985,0
9986,0
9987,0
9988,0
9989,1
9990,0
9991,0
9992,0
9993,0
9995,1
9996,0
9997,1
9998,2
9999,0
10000,2
10001,0
10002,1
10003,0
10004,0
10005,0
10006,0
10007,1
10008,0
10010,0
10011,0
10012,0
10014,0
10015,0
10016,0
10017,0
10018,0
10019,0
10020,0
10021,0
10022,0
10023,0
10024,0
10025,0
10026,0
10027,2
10028,0
10029,1
10030,0
10031,0
10032,0
10033,0
10034,1
10035,0
10036,0
10038,0
10039,1
10040,1
10042,0
10043,0
10044,1
10045,0
10047,1
10048,0
10049,0
10050,0
10051,0
10052,0
10053,2
10054,0
10055,0
10056,0
10058,0
10060,0
10061,0
10062,0
10063,0
10064,0
10065,0
10066,1
10067,0
10068,0
10070,0
10071,0
10072,0
10073,2
10076,0
10077,0
10078,2
10079,0
10080,0
10082,0
10083,0
10084,0
10085,0
10086,0
10087,0
10089,0
10090,0
10091,0
10092,0
10093,0
10094,0
10095,0
10096,0
10097,0
10098,0
10100,2
10102,0
10103,0
10104,1
10105,0
10106,0
10107,0
10109,0
10110,0
10111,0
10113,1
10115,0
10116,2
10117,0
10118,1
10119,0
10120,0
10121,1
10122,1
10123,0
10124,0
10125,0
10127,0
10128,0
10129,0
10130,0
10131,1
10132,2
10133,1
10134,0
10135,0
10136,0
10137,0
10139,0
10140,0
10141,0
10142,0
10143,2
10144,0
10145,0
10146,0
10147,0
10148,0
10149,0
10150,1
10151,0
10152,0
10153,1
10154,0
10155,1
10156,1
10157,0
10158,0
10159,0
10160,0
10161,0
10163,0
10164,2
10165,0
10166,0
10167,2
10168,0
10169,0
10170,0
10171,0
10172,0
10173,0
10174,0
10175,0
10176,2
10177,1
10178,1
10179,0
10180,0
10181,1
10182,0
10183,0
10184,0
10185,0
10186,0
10188,0
10189,2
10190,0
10191,0
10192,0
10193,1
10194,0
10195,1
10196,0
10197,1
10198,2
10200,0
10201,0
10203,0
10204,0
10205,0
10207,0
10208,0
10209,2
10210,0
10211,0
10213,1
10214,0
10215,0
10216,0
10217,0
10218,0
10219,0
10220,0
10221,0
10222,0
10223,0
10224,0
10225,0
10226,2
10227,0
10228,0
10229,2
10230,0
10232,2
10233,0
10234,0
10238,0
10239,0
10240,0
10241,1
10242,0
10243,0
10244,0
10245,0
10246,0
10247,0
10248,0
10249,2
10250,0
10251,2
10252,1
10253,1
10254,0
10255,0
10256,0
10257,0
10258,0
10259,0
10260,0
10261,1
10262,1
10263,0
10264,0
10265,0
10266,0
10268,0
10269,1
10270,0
10271,1
10272,1
10273,0
10274,1
10275,1
10276,2
10277,0
10278,0
10279,0
10280,2
10281,0
10282,2
10283,0
10284,0
10286,0
10287,0
10288,0
10289,1
10290,1
10291,1
10292,0
10294,1
10295,0
10296,0
10298,0
10299,0
10300,0
10301,1
10302,0
10303,0
10305,0
10306,2
10307,0
10308,0
10309,0
10310,0
10311,0
10312,0
10313,0
10314,0
10315,0
10316,0
10317,0
10318,0
10319,0
10320,1
10321,0
10322,1
10323,0
10324,2
10325,2
10326,0
10327,1
10328,0
10329,0
10330,0
10331,0
10332,0
10334,2
10335,0
10336,1
10337,0
10338,0
10339,2
10341,0
10342,0
10343,0
10344,0
10345,0
10346,2
10347,0
10348,0
10349,0
10350,0
10351,0
10352,0
10353,0
10354,0
10355,0
10356,2
10358,0
10359,1
10360,0
10361,1
10362,0
10363,0
10364,0
10365,0
10367,0
10368,1
10370,2
10371,2
10372,2
10373,0
10374,0
10375,1
10376,0
10377,0
10378,0
10380,0
10381,0
10382,0
10383,0
10384,0
10385,2
10388,2
10389,0
10390,0
10391,1
10392,0
10393,0
10394,0
10395,0
10396,0
10397,0
10399,1
10400,0
10401,0
10402,0
10403,1
10404,1
10405,0
10406,0
10407,0
10408,0
10409,0
10410,0
10411,0
10412,0
10413,0
10414,2
10415,0
10416,0
10417,0
10418,0
10419,0
10420,0
10421,0
10422,0
10423,0
10424,0
10425,1
10426,0
10427,0
10428,0
10429,1
10430,2
10431,0
10433,1
10435,1
10436,0
10437,0
10438,0
10439,0
10440,0
10441,1
10442,1
10443,0
10444,0
10445,0
10446,1
10447,0
10448,0
10449,0
10450,0
10451,2
10452,0
10453,0
10456,1
10457,0
10458,0
10459,1
10460,0
10461,0
10462,0
10463,0
10464,0
10466,0
10467,0
10468,1
10469,0
10470,0
10471,0
10472,0
10474,0
10475,0
10476,0
10477,0
10478,1
10479,0
10480,0
10481,0
10482,1
10484,1
10485,0
10486,0
10487,0
10488,0
10490,2
10491,0
10492,1
10493,0
10494,0
10495,0
10496,0
10497,0
10498,0
10499,1
10500,1
10501,0
10503,0
10504,2
10505,1
10506,0
10507,0
10508,0
10510,0
10511,1
10513,0
10514,1
10515,0
10516,0
10517,0
10518,0
10519,0
10520,0
10521,0
10522,0
10523,1
10524,0
10525,0
10526,0
10527,1
10528,0
10529,0
10530,0
10531,0
10532,1
10533,1
10534,0
10535,0
10537,0
10538,1
10539,0
10540,1
10541,1
10542,0
10543,0
10544,0
10545,0
10546,0
10547,0
10548,0
10549,0
10550,0
10551,0
10552,0
10553,0
10554,1
10555,0
10557,0
10558,1
10559,1
10560,2
10561,0
10562,1
10563,0
10564,1
10565,1
10566,0
10567,0
10568,0
10569,0
10570,0
10571,0
10572,0
10573,0
10574,1
10575,0
10576,1
10577,0
10578,0
10579,0
10581,0
10582,0
10584,0
10586,0
10588,0
10589,0
10590,0
10591,0
10593,0
10594,1
10595,0
10596,1
10597,0
10598,0
10599,0
10600,0
10601,2
10602,0
10603,1
10604,0
10605,1
10607,0
10608,2
10609,0
10610,0
10612,0
10613,0
10614,0
10615,1
10616,0
10618,0
10619,0
10620,0
10621,0
10622,1
10623,0
10624,0
10625,0
10626,0
10627,1
10628,0
10630,0
10631,0
10632,0
10633,0
10634,0
10635,0
10636,0
10637,1
10638,0
10639,0
10641,0
10642,0
10643,1
10644,0
10645,0
10646,0
10647,0
10648,0
10649,0
10650,0
10652,0
10654,1
10655,0
10658,1
10659,0
10661,0
10662,0
10663,0
10664,0
10665,2
10667,0
10668,0
10669,0
10670,1
10671,1
10672,0
10673,0
10674,0
10675,1
10677,0
10679,1
10680,0
10681,1
10682,0
10683,0
10684,0
10685,0
10686,0
10687,0
10688,0
10689,0
10691,0
10692,0
10694,0
10695,0
10697,1
10698,0
10699,0
10700,0
10701,1
10702,0
10703,1
10704,0
10705,0
10706,0
10707,2
10708,0
10709,2
10710,0
10711,1
10713,0
10714,0
10715,1
10716,1
10717,0
10718,0
10719,0
10720,0
10721,0
10722,2
10723,1
10724,1
10725,0
10726,0
10727,0
10728,0
10730,0
10731,0
10732,1
10733,0
10734,0
10736,0
10738,0
10739,0
10740,1
10741,0
10742,0
10743,0
10744,0
10745,2
10747,0
10748,1
10749,0
10750,0
10751,0
10752,0
10753,0
10754,0
10755,1
10756,1
10757,0
10758,0
10759,0
10760,1
10761,0
10762,0
10763,0
10765,0
10767,0
10768,0
10770,0
10771,0
10772,0
10773,0
10774,0
10775,0
10776,0
10777,0
10778,2
10779,0
10780,0
10781,1
10783,2
10784,0
10785,0
10786,0
10787,0
10788,0
10789,0
10790,0
10791,0
10792,0
10793,0
10794,1
10795,0
10796,0
10797,0
10798,0
10799,0
10800,0
10802,0
10803,0
10804,1
10805,2
10806,0
10808,1
10809,0
10810,0
10811,0
10812,0
10813,0
10814,0
10816,0
10817,0
10818,0
10820,1
10821,2
10822,0
10823,0
10824,1
10826,0
10827,0
10828,0
10829,0
10830,0
10831,1
10832,0
10833,0
10834,0
10835,1
10836,0
10837,2
10839,0
10840,0
10841,0
10842,0
10843,0
10844,0
10845,2
10846,0
10847,1
10848,1
10849,0
10850,0
10851,0
10852,0
10853,2
10855,0
10856,0
10857,0
10858,0
10860,0
10861,0
10862,1
10863,0
10864,0
10865,1
10866,0
10867,0
10868,0
10869,0
10870,0
10871,0
10872,2
10874,1
10875,0
10876,0
10877,0
10878,0
10880,0
10881,0
10882,0
10883,0
10884,0
10885,0
10886,0
10887,1
10888,0
10890,0
10891,0
10892,0
10893,0
10894,2
10895,0
10896,0
10897,0
10898,0
10899,0
10900,0
10901,0
10902,1
10903,0
10904,0
10905,0
10906,0
10907,0
10908,0
10909,1
10910,2
10911,1
10912,0
10913,0
10914,0
10915,0
10917,2
10918,0
10919,0
10920,2
10922,0
10923,0
10925,0
10926,0
10927,0
10928,2
10929,0
10930,0
10931,0
10932,0
10933,1
10934,0
10935,0
10936,0
10937,1
10938,0
10939,1
10940,0
10941,2
10942,0
10943,0
10944,0
10945,1
10946,0
10947,0
10948,0
10949,1
10951,0
10952,0
10955,0
10956,0
10957,0
10958,2
10959,1
10960,0
10961,0
10962,0
10963,0
10964,1
10966,0
10967,0
10968,2
10969,0
10970,0
10971,0
10972,0
10973,1
10974,0
10975,0
10976,0
10978,0
10979,0
10980,0
10981,2
10982,1
10983,1
10984,0
10985,0
10986,0
10987,0
10988,0
10989,0
10990,0
10991,0
10992,0
10993,0
10994,0
10995,0
10996,0
10998,0
10999,0
11001,0
11003,1
11004,1
11005,0
11006,0
11007,1
11009,2
11010,0
11011,2
11012,2
11013,2
11014,0
11016,0
11017,1
11018,0
11019,0
11020,0
11021,1
11022,0
11023,1
11024,0
11026,2
11027,0
11028,0
11029,0
11030,0
11031,1
11033,0
11034,0
11035,0
11036,0
11037,0
11038,0
11039,0
11041,2
11042,0
11043,0
11044,2
11045,0
11046,0
11047,2
11048,0
11050,0
11051,0
11052,0
11054,0
11055,0
11057,1
11058,0
11059,0
11060,0
11063,0
11064,0
11065,1
11066,0
11068,1
11069,2
11070,0
11071,2
11072,0
11073,0
11074,0
11075,0
11076,0
11077,0
11078,0
11079,0
11080,1
11081,0
11084,0
11085,0
11086,0
11087,2
11088,1
11089,0
11090,0
11091,0
11092,0
11093,0
11094,0
11095,0
11096,0
11097,0
11098,0
11100,0
11101,0
11102,0
11103,0
11104,0
11105,0
11106,0
11107,1
11108,0
11110,0
11111,0
11112,1
11113,1
11115,0
11116,0
11117,0
11118,1
11119,0
11120,1
11121,1
11122,0
11123,0
11124,2
11125,0
11126,0
11127,0
11128,0
11129,0
11130,0
11131,0
11132,0
11133,2
11134,1
11135,0
11136,0
11137,0
11138,0
11139,0
11140,0
11141,1
11143,0
11144,0
11146,0
11147,0
11148,0
11149,0
11151,0
11152,2
11153,0
11154,0
11155,0
11157,1
11158,0
11159,0
11160,1
11161,0
11163,1
11164,1
11165,1
11166,0
11167,0
11168,0
11169,1
11171,0
11172,0
11173,0
11175,0
11176,2
11177,0
11178,0
11179,0
11180,2
11182,1
11183,0
11184,0
11185,0
11187,0
11188,0
11189,1
11190,0
11191,1
11192,1
11193,1
11194,0
11195,0
11196,0
11197,0
11198,0
11199,0
11200,1
11201,0
11202,0
11203,0
11204,0
11205,0
11206,1
11207,0
11208,0
11209,2
11210,0
11211,2
11212,0
11213,0
11214,0
11215,0
11216,0
11217,2
11218,1
11219,0
11220,0
11221,0
11222,0
11223,0
11224,1
11225,0
11227,0
11229,0
11230,0
11231,1
11232,0
11233,0
11234,0
11235,2
11237,0
11238,0
11239,0
11240,0
11241,2
11242,0
11243,0
11244,0
11245,0
11247,0
11248,1
11249,0
11250,1
11251,1
11252,1
11254,0
11255,0
11256,0
11257,0
11259,0
11260,0
11262,0
11263,0
11265,0
11266,2
11267,0
11268,0
11269,0
11270,0
11271,0
11273,1
11275,1
11276,0
11277,0
11278,1
11279,0
11280,0
11281,0
11282,0
11283,0
11284,0
11285,0
11286,0
11287,2
11288,0
11289,0
11290,0
11291,0
11292,1
11293,0
11294,0
11295,0
11296,0
11298,0
11299,0
11300,2
11301,0
11302,0
11303,0
11304,0
11305,0
11306,0
11307,0
11309,2
11310,0
11311,0
11312,0
11313,0
11314,0
11315,0
11316,0
11317,1
11318,0
11321,0
11322,0
11323,0
11324,0
11325,0
11326,0
11327,0
11328,0
11329,0
11330,0
11331,0
11332,0
11334,0
11335,0
11336,0
11337,0
11338,0
11339,0
11340,0
11341,2
11342,0
11343,0
11344,0
11345,2
11346,0
11347,0
11348,0
11349,0
11350,1
11351,1
11353,0
11354,2
11355,2
11356,0
11358,0
11359,0
11360,0
11361,0
11362,0
11364,0
11365,0
11366,0
11367,0
11368,0
11369,0
11370,0
11371,0
11372,0
11373,0
11374,0
11375,0
11376,1
11377,0
11378,0
11379,0
11380,2
11382,0
11383,1
11384,0
11385,1
11386,0
11387,0
11389,2
11390,0
11391,2
11392,0
11393,0
11394,0
11395,0
11396,1
11397,0
11398,0
11399,0
11400,0
11401,0
11402,0
11404,0
11405,0
11406,0
11407,0
11408,0
11409,0
11410,0
11411,0
11412,0
11413,0
11414,1
11415,0
11416,0
11417,0
11418,0
11419,0
11420,0
11422,0
11424,1
11425,0
11426,0
11427,0
11428,0
11429,2
11430,0
11431,1
11432,0
11433,0
11434,0
11435,0
11436,0
11437,0
11438,0
11439,0
11440,0
11441,0
11442,0
11443,0
11444,0
11445,1
11446,1
11447,0
11448,0
11449,0
11450,0
11452,0
11453,1
11454,0
11455,0
11456,0
11457,0
11459,1
11460,0
11461,0
11463,0
11464,2
11465,1
11466,0
11467,0
11468,0
11469,0
11470,0
11471,0
11472,2
11473,1
11474,0
11475,0
11477,0
11478,0
11479,0
11481,0
11482,0
11483,0
11485,0
11486,0
11487,0
11488,0
11489,0
11490,0
11491,0
11494,0
11496,2
11497,0
11498,2
11499,0
11500,0
11501,0
11502,0
11503,0
11504,0
11505,0
11506,0
11507,0
11508,1
11509,0
11510,1
11511,0
11512,2
11513,0
11514,0
11516,0
11517,0
11518,0
11519,0
11520,0
11521,1
11522,0
11523,0
11524,1
11525,0
11526,0
11527,0
11528,2
11529,0
11530,0
11531,0
11532,0
11533,0
11534,0
11535,0
11536,1
11537,0
11538,1
11539,1
11540,0
11542,1
11543,0
11544,1
11545,1
11546,0
11547,0
11548,0
11549,0
11550,0
11551,0
11552,0
11553,1
11554,2
11555,0
11556,1
11558,0
11559,0
11561,0
11562,2
11563,0
11564,1
11565,0
11566,0
11567,1
11568,0
11569,0
11570,0
11571,0
11572,0
11574,1
11575,1
11576,0
11577,0
11578,2
11579,0
11580,0
11581,2
11582,0
11584,1
11585,2
11586,0
11587,0
11589,0
11590,0
11591,0
11592,0
11593,0
11594,0
11595,1
11596,1
11597,2
11598,0
11599,0
11600,0
11601,0
11602,0
11603,0
11604,1
11606,0
11608,2
11609,0
11610,0
11611,0
11612,0
11613,1
11614,0
11615,0
11616,2
11617,0
11618,0
11619,2
11620,0
11621,0
11622,0
11623,2
11624,0
11625,0
11626,0
11627,0
11628,0
11629,0
11631,0
11632,0
11634,0
11635,0
11636,0
11637,0
11638,0
11639,0
11640,0
11641,0
11642,0
11643,2
11644,0
11645,2
11646,0
11647,0
11648,0
11649,0
11650,0
11651,0
11652,0
11653,0
11655,0
11656,1
11657,0
11658,0
11659,1
11660,0
11661,2
11662,0
11663,0
11664,0
11665,0
11666,2
11667,0
11668,0
11669,0
11670,0
11671,0
11672,0
11673,0
11674,0
11675,0
11676,0
11677,0
11678,1
11679,1
11680,0
11682,2
11683,1
11684,0
11685,0
11686,0
11687,0
11689,1
11690,0
11691,0
11692,0
11694,0
11695,0
11696,0
11697,0
11698,1
11699,1
11700,0
11701,0
11702,0
11703,0
11704,0
11705,1
11706,2
11707,2
11708,0
11709,0
11710,0
11711,0
11712,0
11713,0
11715,0
11716,0
11717,0
11718,0
11720,0
11721,1
11722,1
11723,0
11724,2
11725,0
11726,0
11727,0
11728,2
11729,0
11730,0
11731,0
11734,0
11735,0
11736,0
11737,0
11738,0
11739,0
11740,0
11741,0
11742,0
11743,0
11744,0
11745,0
11746,0
11747,0
11748,0
11749,0
11750,0
11751,0
11752,0
11753,0
11754,0
11755,2
11756,0
11758,0
11759,0
11761,0
11762,2
11763,0
11764,2
11765,1
11766,0
11767,0
11768,0
11769,2
11770,0
11771,0
11772,0
11773,0
11774,1
11775,0
11776,2
11777,2
11778,0
11779,0
11781,1
11782,0
11783,0
11784,0
11785,0
11786,1
11787,0
11788,0
11789,0
11791,0
11792,0
11793,1
11794,0
11795,0
11796,0
11797,0
11798,2
11799,0
11800,0
11801,0
11802,0
11803,2
11804,1
11806,0
11807,1
11808,0
11809,1
11810,1
11811,2
11812,0
11813,0
11814,0
11815,0
11816,0
11817,2
11818,0
11820,1
11821,0
11822,0
11823,0
11824,0
11825,0
11826,0
11827,0
11829,0
11831,0
11832,0
11833,2
11834,0
11835,0
11836,0
11837,0
11838,0
11839,0
11841,1
11842,0
11843,0
11844,0
11845,0
11846,0
11849,0
11850,0
11851,0
11852,0
11853,0
11854,0
11856,0
11857,0
11858,0
11859,0
11860,0
11862,0
11863,0
11864,0
11865,1
11866,0
11867,0
11868,0
11869,0
11870,0
11871,0
11872,0
11873,2
11874,0
11875,0
11876,0
11877,0
11878,0
11879,0
11880,0
11882,0
11883,0
11884,1
11885,0
11886,0
11887,1
11888,0
11889,2
11890,0
11891,0
11892,0
11893,0
11894,0
11895,0
11896,0
11897,1
11898,0
11899,0
11900,0
11901,0
11902,2
11903,0
11904,0
11905,0
11906,0
11907,0
11908,0
11911,0
11912,0
11914,0
11915,0
11916,0
11917,2
11918,2
11919,0
11920,0
11921,0
11923,0
11924,0
11926,0
11927,1
11928,1
11930,0
11931,2
11932,0
11933,1
11934,1
11935,2
11936,0
11937,0
11938,2
11940,0
11941,1
11942,0
11943,2
11944,0
11945,0
11946,0
11947,0
11948,0
11949,0
11950,0
11952,0
11953,0
11954,0
11955,0
11956,0
11959,1
11960,0
11961,0
11963,0
11964,0
11965,0
11966,0
11967,0
11969,0
11970,0
11971,0
11972,2
11973,2
11974,0
11976,0
11977,0
11978,0
11979,0
11980,0
11981,0
11982,0
11983,1
11984,0
11985,0
11986,1
11987,0
11988,2
11989,0
11990,1
11991,1
11992,0
11993,0
11994,0
11995,1
11996,0
11997,0
11998,0
11999,1
12000,0
12001,0
12002,0
12003,0
12004,2
12005,0
12007,0
12008,0
12009,0
12010,0
12011,0
12012,0
12013,0
12014,0
12015,0
12016,0
12017,0
12018,1
12020,0
12021,0
12022,0
12023,1
12024,1
12025,0
12026,0
12027,2
12028,0
12029,0
12030,0
12031,2
12032,0
12033,2
12034,0
12035,0
12037,0
12038,0
12039,0
12041,2
12042,0
12043,2
12044,1
12045,2
12046,1
12047,0
12048,0
12049,1
12050,0
12051,0
12052,0
12053,0
12054,1
12055,0
12056,2
12057,0
12058,0
12059,0
12061,2
12062,0
12063,1
12064,2
12065,0
12066,1
12067,0
12068,1
12069,0
12070,0
12071,0
12072,0
12073,0
12074,0
12075,0
12076,2
12077,0
12078,0
12079,0
12080,1
12081,0
12082,0
12083,0
12084,0
12085,1
12086,0
12087,0
12088,0
12089,0
12090,0
12091,0
12092,0
12093,0
12095,0
12096,0
12097,2
12098,2
12099,0
12100,0
12101,1
12102,0
12103,0
12104,0
12105,0
12106,0
12107,0
12108,0
12109,0
12110,0
12111,0
12112,1
12113,1
12114,0
12115,0
12117,0
12118,2
12119,0
12120,0
12121,1
12122,0
12123,2
12124,0
12125,1
12126,0
12127,1
12128,1
12129,2
12130,0
12131,0
12132,2
12133,2
12134,1
12135,0
12136,0
12137,1
12139,0
12140,0
12141,0
12142,0
12143,0
12144,0
12146,0
12147,0
12148,0
12149,0
12150,2
12151,0
12152,0
12153,0
12154,0
12155,0
12156,0
12157,0
12158,0
12159,1
12160,0
12161,0
12162,0
12163,0
12164,0
12165,0
12166,2
12167,1
12168,0
12170,0
12171,0
12172,0
12173,0
12174,2
12176,0
12177,1
12178,0
12179,0
12180,0
12181,0
12182,0
12183,0
12184,0
12186,0
12188,2
12189,0
12190,0
12192,0
12193,0
12194,1
12195,0
12197,1
12198,0
12199,0
12200,0
12201,0
12202,2
12203,0
12204,0
12205,0
12207,0
12208,0
12209,0
12210,0
12211,0
12212,0
12213,0
12215,0
12217,0
12218,0
12219,0
12220,2
12222,0
12223,0
12224,0
12225,0
12226,0
12227,0
12228,0
12229,1
12230,0
12231,0
12232,0
12233,0
12234,0
12235,0
12236,0
12239,1
12240,0
12241,0
12242,0
12243,0
12244,0
12245,0
12247,0
12248,0
12249,2
12250,0
12251,0
12252,0
12253,1
12254,0
12255,0
12256,0
12257,0
12258,0
12259,0
12261,2
12262,0
12263,0
12264,0
12265,0
12266,0
12267,2
12268,0
12269,0
12270,0
12271,0
12272,0
12273,0
12276,0
12277,1
12278,0
12279,0
12280,0
12281,0
12282,1
12284,0
12285,0
12286,0
12287,0
12288,0
12289,0
12290,2
12291,0
12292,0
12293,0
12294,2
12295,0
12296,1
12298,0
12299,0
12301,0
12302,0
12303,2
12304,0
12305,0
12306,0
12307,0
12309,2
12310,1
12311,0
12313,0
12314,0
12315,0
12316,0
12317,0
12318,1
12319,0
12321,1
12322,0
12323,0
12325,2
12326,1
12327,0
12328,0
12329,0
12330,0
12331,2
12332,0
12333,0
12334,0
12335,0
12336,2
12337,0
12339,0
12340,0
12341,0
12342,0
12344,0
12345,0
12346,0
12347,0
12349,0
12350,0
12351,0
12352,0
12353,0
12354,1
12356,1
12357,1
12358,0
12359,0
12360,0
12361,2
12362,0
12363,1
12364,0
12365,2
12366,0
12367,0
12368,0
12369,0
12370,0
12371,0
12372,1
12374,0
12375,0
12376,1
12378,0
12379,1
12380,0
12381,0
12382,0
12383,0
12384,1
12385,0
12386,2
12387,0
12388,0
12390,1
12391,0
12392,0
12393,0
12395,0
12397,0
12398,1
12399,2
12400,0
12401,0
12402,0
12403,2
12404,0
12405,0
12406,2
12407,0
12408,1
12409,0
12410,1
12411,0
12412,0
12413,0
12414,0
12415,0
12416,0
12417,0
12418,1
12419,0
12420,0
12421,0
12422,0
12423,0
12424,0
12425,1
12426,0
12428,0
12429,0
12430,1
12431,0
12432,0
12433,0
12434,0
12436,0
12437,0
12439,0
12440,0
12441,0
12442,0
12443,0
12444,0
12445,0
12447,0
12448,0
12449,0
12450,2
12451,0
12452,0
12453,0
12454,1
12455,2
12456,0
12457,0
12458,1
12459,0
12460,0
12461,0
12462,1
12463,0
12464,0
12465,0
12466,0
12467,0
12468,0
12469,0
12470,0
12471,2
12472,0
12474,0
12475,0
12476,0
12477,0
12479,0
12480,0
12481,0
12482,0
12483,0
12484,0
12485,1
12486,0
12487,0
12488,1
12489,1
12490,0
12491,0
12492,0
12493,0
12494,0
12495,0
12496,1
12497,0
12498,0
12499,0
12500,2
12501,0
12502,0
12504,0
12505,1
12506,2
12507,0
12509,0
12510,0
12511,1
12512,0
12513,0
12514,0
12515,0
12516,0
12517,0
12518,0
12519,0
12520,0
12521,0
12522,1
12523,0
12524,0
12525,1
12526,2
12528,1
12530,1
12531,0
12532,2
12533,2
12534,0
12535,0
12536,0
12537,0
12538,0
12539,0
12540,0
12541,0
12542,0
12545,0
12546,0
12547,0
12548,1
12549,1
12550,0
12551,2
12553,0
12554,0
12555,0
12556,0
12557,1
12558,0
12559,0
12560,2
12561,0
12562,0
12563,0
12565,0
12566,2
12567,0
12568,0
12569,0
12570,0
12571,0
12572,0
12573,0
12574,0
12575,0
12576,0
12577,0
12578,2
12580,0
12581,0
12582,2
12584,1
12585,0
12586,0
12587,1
12588,0
12589,1
12590,0
12592,0
12593,0
12594,0
12595,0
12596,0
12597,0
12599,0
12600,0
12601,0
12602,1
12603,0
12604,0
12605,0
12606,2
12607,2
12608,0
12609,0
12611,1
12612,0
12613,0
12614,0
12615,0
12616,0
12617,0
12618,1
12619,2
12620,1
12622,0
12623,2
12624,0
12625,1
12626,0
12628,0
12629,0
12630,0
12631,0
12632,0
12633,1
12634,1
12635,0
12636,0
12637,0
12638,0
12639,0
12641,0
12642,0
12643,0
12644,0
12645,0
12646,0
12647,1
12648,0
12649,0
12650,0
12651,0
12652,0
12653,0
12654,0
12655,0
12656,1
12657,2
12658,0
12659,0
12660,0
12661,0
12662,0
12663,2
12664,0
12665,0
12666,0
12667,2
12669,0
12670,0
12671,0
12672,0
12673,0
12674,1
12675,0
12676,1
12677,0
12679,2
12680,0
12681,0
12682,1
12683,2
12684,0
12685,0
12686,2
12688,0
12689,0
12690,0
12691,0
12692,0
12693,1
12694,0
12695,1
12696,0
12697,0
12698,0
12699,2
12700,0
12701,0
12702,0
12703,0
12704,0
12705,2
12706,2
12707,0
12708,0
12709,0
12710,0
12711,0
12713,2
12714,0
12715,0
12716,0
12717,0
12718,0
12719,0
12720,0
12721,0
12722,0
12723,0
12724,1
12725,1
12726,0
12727,0
12728,0
12729,0
12730,0
12731,0
12732,1
12733,0
12735,0
12736,0
12737,0
12738,0
12739,1
12740,1
12741,1
12742,0
12745,0
12747,0
12749,0
12750,0
12751,2
12752,0
12753,0
12755,1
12757,1
12758,0
12759,0
12760,2
12761,0
12763,0
12764,0
12765,0
12766,1
12767,0
12768,0
12769,2
12770,0
12771,0
12772,0
12773,0
12774,0
12775,2
12777,0
12778,0
12779,1
12780,0
12781,0
12782,1
12783,0
12784,2
12785,0
12787,0
12788,0
12789,0
12790,0
12791,0
12792,0
12793,0
12794,1
12795,0
12796,0
12797,0
12798,0
12799,1
12800,0
12801,0
12802,0
12803,0
12804,1
12805,2
12806,0
12807,1
12808,2
12809,0
12812,1
12813,0
12814,0
12815,1
12816,0
12817,0
12818,0
12819,0
12820,0
12821,0
12823,0
12824,0
12825,1
12826,0
12827,0
12828,0
12830,0
12831,1
12832,0
12833,0
12834,0
12835,0
12836,1
12837,0
12838,0
12839,0
12840,0
12841,1
12842,0
12843,0
12844,2
12845,0
12846,0
12847,0
12848,0
12849,1
12850,1
12851,2
12853,1
12854,0
12855,0
12856,0
12857,1
12858,0
12859,0
12860,0
12862,0
12863,0
12864,0
12865,0
12866,1
12867,0
12868,0
12869,0
12870,1
12871,0
12872,0
12873,1
12874,0
12875,0
12876,0
12878,2
12879,0
12880,1
12881,0
12882,1
12883,1
12884,0
12885,2
12886,0
12887,0
12888,0
12889,0
12890,0
12891,2
12892,0
12893,0
12894,0
12895,1
12896,2
12899,1
12900,0
12901,0
12902,0
12904,1
12905,1
12907,1
12908,0
12909,0
12910,0
12911,0
12912,1
12913,0
12914,0
12915,0
12916,0
12917,0
12918,1
12919,0
12920,0
12921,0
12923,0
12925,0
12926,0
12927,1
12929,0
12930,2
12931,0
12932,0
12933,0
12934,0
12935,0
12936,1
12937,1
12938,0
12939,0
12940,0
12941,0
12942,0
12943,0
12945,0
12946,2
12947,0
12948,0
12949,1
12951,0
12952,0
12954,0
12955,1
12956,0
12957,0
12958,0
12960,0
12961,0
12962,1
12963,0
12964,0
12965,0
12967,0
12969,2
12970,0
12971,0
12972,0
12973,0
12975,0
12976,0
12977,1
12978,0
12979,1
12980,0
12981,1
12982,0
12984,0
12986,0
12987,0
12988,0
12989,0
12990,0
12991,1
12992,0
12993,0
12994,0
12995,0
12996,1
12997,0
12998,1
12999,0
13001,0
13003,0
13004,1
13005,0
13007,2
13008,0
13009,0
13011,0
13012,0
13013,1
13014,0
13015,0
13016,1
13017,0
13018,0
13019,0
13020,0
13021,0
13022,0
13023,0
13024,0
13025,0
13026,0
13027,0
13028,0
13029,0
13030,0
13032,1
13033,0
13034,0
13035,0
13037,0
13038,0
13039,0
13040,0
13041,1
13042,0
13043,2
13044,0
13045,0
13046,2
13047,0
13048,0
13049,0
13050,0
13051,0
13052,2
13053,0
13054,1
13056,0
13057,1
13058,0
13059,1
13060,0
13061,0
13062,1
13063,0
13064,0
13065,0
13066,2
13067,2
13068,0
13069,0
13070,1
13071,0
13072,0
13073,0
13074,1
13076,1
13077,1
13078,0
13080,0
13081,0
13083,0
13084,2
13085,0
13086,0
13087,0
13088,0
13089,0
13091,0
13093,0
13094,2
13098,0
13099,0
13101,0
13102,0
13103,0
13104,0
13105,0
13106,0
13107,1
13108,2
13109,1
13110,0
13111,0
13112,0
13113,0
13114,0
13115,0
13116,0
13117,2
13119,0
13120,0
13121,0
13122,1
13123,0
13125,0
13126,0
13128,0
13129,0
13130,2
13131,0
13132,0
13133,0
13134,0
13135,1
13136,0
13137,0
13138,0
13139,0
13140,2
13141,0
13142,0
13143,0
13144,0
13145,0
13146,0
13147,1
13148,0
13149,0
13150,0
13151,0
13152,0
13153,0
13154,0
13155,2
13156,0
13157,2
13158,1
13159,0
13160,0
13161,0
13162,0
13163,0
13165,1
13166,0
13167,0
13168,1
13169,1
13172,0
13173,1
13174,0
13175,2
13176,0
13178,0
13179,0
13180,0
13182,0
13183,2
13184,1
13185,0
13186,0
13187,0
13188,0
13190,1
13191,0
13192,1
13193,1
13194,0
13195,1
13196,2
13197,0
13198,0
13199,1
13200,0
13201,2
13202,1
13203,1
13204,0
13205,0
13206,1
13207,1
13208,0
13211,0
13212,0
13213,2
13214,0
13215,0
13216,0
13217,0
13218,0
13219,0
13220,0
13221,1
13222,0
13223,0
13224,0
13225,0
13226,0
13227,1
13228,1
13229,1
13230,0
13231,0
13232,0
13234,2
13235,0
13236,2
13237,0
13238,0
13239,0
13240,0
13241,0
13244,0
13245,0
13246,0
13247,0
13248,0
13249,2
13250,0
13251,0
13252,0
13253,1
13254,0
13255,1
13256,0
13257,0
13258,0
13259,0
13260,0
13261,0
13262,0
13263,0
13265,0
13268,0
13269,0
13271,0
13272,0
13273,0
13274,0
13275,1
13277,1
13278,0
13279,0
13280,0
13281,0
13282,2
13283,1
13284,0
13285,0
13286,0
13287,0
13288,0
13289,1
13290,0
13291,0
13292,0
13293,0
13295,0
13296,0
13297,0
13298,0
13299,0
13301,0
13302,0
13303,0
13304,0
13305,0
13307,0
13308,0
13309,0
13310,1
13311,0
13312,0
13313,0
13314,0
13315,0
13316,0
13317,0
13318,0
13319,2
13320,0
13321,0
13322,0
13324,1
13325,0
13326,0
13327,1
13328,2
13329,2
13330,0
13331,0
13332,1
13333,2
13334,0
13335,0
13336,0
13337,0
13338,0
13339,0
13340,0
13341,1
13342,1
13343,0
13344,0
13345,0
13347,1
13348,0
13349,0
13350,0
13351,0
13352,0
13354,0
13355,0
13356,0
13357,0
13358,1
13359,0
13360,0
13361,0
13362,1
13364,0
13366,2
13367,0
13368,0
13369,0
13370,1
13371,0
13372,1
13374,0
13375,0
13376,0
13377,0
13378,0
13379,0
13380,1
13381,0
13382,0
13383,2
13384,0
13385,0
13386,0
13387,0
13388,0
13389,0
13391,0
13392,0
13393,0
13394,2
13395,1
13396,0
13398,1
13399,0
13400,0
13401,0
13402,2
13403,1
13404,0
13405,0
13406,0
13407,0
13408,0
13409,0
13410,0
13411,1
13412,0
13413,0
13414,1
13415,2
13416,0
13417,1
13418,0
13419,0
13421,0
13422,1
13423,0
13424,0
13425,0
13426,0
13427,0
13428,0
13430,2
13431,0
13432,1
13433,0
13434,1
13435,2
13436,0
13438,0
13439,2
13440,0
13441,0
13442,1
13443,0
13444,0
13446,1
13447,2
13448,0
13449,0
13450,0
13451,0
13452,0
13453,0
13454,0
13456,0
13457,0
13459,1
13462,0
13463,1
13464,0
13465,1
13466,0
13467,0
13469,0
13470,0
13471,0
13472,0
13473,0
13474,1
13475,0
13476,1
13477,1
13479,1
13480,0
13481,1
13482,0
13483,0
13484,0
13485,0
13486,0
13487,0
13488,0
13489,0
13490,1
13491,0
13492,0
13494,1
13496,0
13497,0
13499,0
13500,1
13501,1
13502,0
13503,0
13504,0
13505,0
13506,1
13507,0
13508,0
13509,1
13510,0
13511,0
13512,0
13514,0
13515,2
13516,1
13518,1
13519,0
13520,1
13521,0
13522,0
13523,2
13525,0
13526,0
13527,2
13528,0
13530,0
13532,0
13533,0
13534,0
13535,0
13537,0
13538,0
13539,0
13540,0
13541,1
13542,0
13543,0
13544,0
13545,0
13546,1
13548,0
13549,0
13551,0
13552,2
13553,2
13554,0
13555,0
13557,0
13558,2
13559,0
13560,0
13561,1
13562,0
13563,2
13565,1
13566,0
13567,0
13568,1
13569,0
13570,2
13571,2
13573,0
13575,0
13576,0
13577,0
13578,0
13579,0
13580,1
13581,2
13582,1
13583,0
13584,0
13585,0
13586,0
13587,0
13588,0
13589,0
13591,0
13592,0
13593,0
13595,0
13596,0
13599,0
13600,0
13601,0
13602,0
13603,0
13604,0
13605,0
13606,1
13607,2
13608,0
13609,0
13610,0
13611,0
13612,0
13613,2
13614,0
13615,2
13616,0
13618,0
13620,0
13621,0
13622,0
13623,0
13624,0
13625,0
13626,1
13628,0
13629,2
13630,0
13631,0
13632,0
13633,0
13634,0
13635,0
13637,0
13638,0
13639,0
13640,0
13641,0
13642,2
13643,0
13645,0
13647,0
13648,0
13649,0
13650,0
13651,0
13652,2
13653,0
13654,0
13655,0
13657,0
13658,0
13659,0
13661,2
13662,0
13663,0
13664,0
13665,0
13667,0
13668,1
13669,0
13670,0
13671,1
13673,0
13675,1
13676,0
13678,0
13679,0
13680,0
13681,1
13682,0
13683,1
13684,0
13685,0
13686,0
13687,1
13688,2
13689,2
13691,2
13692,0
13693,1
13694,0
13695,2
13696,0
13697,1
13698,0
13699,0
13700,0
13701,0
13702,1
13703,0
13705,0
13706,0
13707,1
13708,0
13709,0
13710,2
13711,0
13712,0
13713,1
13714,0
13715,1
13716,1
13718,2
13719,0
13720,0
13721,0
13722,0
13723,2
13724,0
13725,0
13726,1
13727,0
13728,0
13730,0
13731,0
13733,0
13734,2
13736,1
13737,0
13738,2
13739,0
13740,1
13742,0
13743,0
13744,0
13745,2
13746,0
13747,1
13748,0
13749,0
13750,0
13751,1
13752,0
13753,0
13754,0
13755,2
13756,0
13757,0
13758,0
13759,0
13760,0
13761,0
13762,0
13763,0
13764,0
13765,0
13766,2
13767,1
13768,0
13769,0
13770,0
13771,0
13773,0
13774,2
13776,0
13777,0
13778,0
13779,1
13781,1
13782,0
13783,0
13784,0
13785,0
13786,0
13787,0
13788,1
13789,0
13790,0
13791,0
13792,0
13793,0
13794,2
13795,0
13796,0
13797,0
13798,2
13799,0
13800,0
13801,1
13802,1
13803,0
13805,0
13806,0
13807,0
13808,0
13809,0
13810,0
13811,2
13812,0
13813,0
13814,0
13815,0
13816,0
13817,1
13818,0
13819,0
13820,2
13821,0
13822,0
13823,0
13824,2
13825,0
13826,0
13827,0
13828,0
13830,0
13831,0
13832,1
13833,2
13835,0
13836,2
13837,0
13838,1
13839,1
13840,1
13841,0
13842,0
13844,0
13845,0
13846,1
13847,0
13848,0
13849,0
13850,0
13851,0
13852,0
13853,0
13854,0
13855,0
13856,0
13857,0
13858,1
13859,0
13860,1
13861,0
13863,0
13864,0
13865,0
13866,1
13867,1
13868,0
13869,0
13870,1
13871,0
13873,0
13874,2
13875,1
13876,0
13877,0
13878,0
13879,0
13880,0
13881,0
13882,0
13883,0
13884,0
13886,0
13887,0
13888,1
13889,0
13890,0
13891,0
13892,0
13893,2
13894,0
13895,1
13896,0
13897,0
13898,0
13899,0
13900,0
13901,1
13902,0
13903,1
13904,0
13905,0
13906,0
13907,1
13908,1
13909,1
13910,0
13911,0
13912,2
13914,0
13915,0
13917,0
13918,0
13919,0
13920,0
13921,0
13922,0
13923,0
13926,0
13927,1
13928,1
13929,0
13930,0
13931,2
13932,0
13933,0
13934,0
13935,0
13936,1
13937,2
13938,1
13939,0
13940,0
13942,0
13943,1
13945,0
13946,0
13947,0
13948,0
13949,1
13950,0
13951,0
13952,0
13953,0
13954,0
13955,0
13956,1
13957,0
13958,1
13959,0
13960,0
13962,0
13963,1
13964,0
13965,0
13966,0
13967,0
13968,0
13969,0
13970,0
13971,1
13972,0
13974,0
13975,0
13976,0
13977,0
13978,0
13979,2
13980,0
13981,1
13982,0
13983,1
13984,0
13985,0
13986,2
13987,0
13988,0
13989,0
13991,1
13993,0
13994,0
13995,0
13997,0
13998,1
13999,0
14000,0
14001,0
14003,1
14004,0
14005,0
14006,0
14007,0
14008,0
14010,2
14013,0
14014,0
14015,0
14016,0
14017,1
14019,0
14020,0
14021,0
14022,2
14023,0
14024,0
14025,0
14026,1
14027,0
14028,0
14029,0
14030,1
14032,0
14033,0
14034,0
14035,1
14036,0
14037,2
14038,1
14039,0
14040,0
14041,0
14042,0
14043,0
14044,0
14045,0
14046,0
14047,0
14048,2
14049,2
14050,0
14051,0
14052,0
14053,1
14054,0
14055,0
14056,0
14057,0
14058,0
14060,1
14061,1
14062,2
14063,0
14064,0
14065,0
14066,1
14067,0
14068,0
14069,1
14070,1
14071,0
14072,0
14073,0
14074,0
14076,0
14077,0
14078,0
14079,0
14080,1
14081,0
14082,1
14083,0
14084,1
14085,1
14086,2
14087,0
14088,0
14089,0
14090,0
14091,0
14092,0
14093,1
14094,0
14095,0
14096,0
14097,0
14098,2
14100,0
14101,0
14102,0
14103,0
14104,0
14105,0
14106,2
14107,0
14108,1
14109,2
14111,1
14112,0
14113,0
14114,1
14115,0
14117,0
14118,0
14119,0
14120,0
14122,0
14123,0
14124,0
14125,0
14126,0
14127,1
14128,0
14129,0
14130,0
14133,0
14134,2
14135,0
14136,0
14137,0
14139,1
14140,0
14141,0
14142,1
14143,1
14144,0
14146,0
14148,1
14149,1
14150,2
14151,0
14152,2
14154,0
14155,0
14156,0
14157,0
14158,0
14159,0
14161,1
14162,0
14163,0
14164,1
14165,1
14166,0
14167,2
14168,0
14169,1
14170,2
14171,2
14172,0
14173,0
14174,1
14175,0
14176,0
14177,0
14178,0
14179,2
14180,0
14181,0
14182,0
14183,0
14184,0
14185,1
14186,2
14187,0
14188,0
14189,0
14190,1
14191,1
14192,2
14193,0
14194,0
14195,0
14196,0
14197,0
14198,0
14199,0
14200,0
14201,0
14203,0
14204,0
14205,0
14206,0
14207,0
14208,2
14209,0
14210,0
14211,0
14212,1
14213,0
14214,0
14215,0
14216,0
14217,1
14218,0
14219,0
14220,0
14221,1
14222,0
14223,0
14224,2
14226,0
14227,2
14228,0
14229,0
14230,0
14231,0
14232,0
14233,0
14234,2
14235,0
14236,0
14237,2
14238,0
14239,0
14240,0
14241,0
14242,0
14243,0
14244,0
14247,0
14248,0
14249,0
14250,1
14251,0
14252,0
14253,1
14254,0
14255,0
14256,0
14257,2
14258,0
14259,0
14260,0
14261,0
14262,0
14264,0
14265,0
14266,2
14267,0
14268,0
14269,0
14270,0
14271,0
14272,0
14273,0
14274,0
14275,0
14276,0
14277,0
14278,0
14279,2
14280,0
14281,2
14282,1
14283,0
14284,0
14285,0
14286,0
14287,0
14288,0
14289,2
14290,0
14291,2
14292,0
14293,0
14294,0
14295,0
14296,0
14297,0
14298,0
14300,0
14301,0
14302,0
14303,0
14304,0
14306,0
14307,0
14308,1
14309,1
14310,0
14311,1
14312,0
14313,1
14314,0
14315,0
14316,0
14317,0
14318,0
14319,1
14320,0
14321,0
14322,0
14323,0
14324,0
14325,0
14326,0
14327,0
14328,0
14329,0
14331,0
14332,0
14333,1
14334,0
14335,0
14336,0
14337,1
14338,0
14339,0
14340,0
14341,0
14342,2
14343,1
14344,0
14345,0
14346,0
14347,0
14348,0
14349,0
14350,0
14351,0
14352,0
14353,0
14354,1
14355,0
14356,0
14357,0
14359,1
14360,2
14361,0
14362,2
14363,1
14364,0
14365,0
14366,0
14367,0
14368,0
14369,1
14370,1
14372,0
14373,0
14374,0
14375,0
14376,0
14377,0
14378,0
14379,2
14380,0
14382,0
14383,0
14384,0
14385,0
14386,0
14387,0
14388,0
14389,0
14390,0
14391,0
14392,0
14393,1
14394,0
14395,0
14396,1
14397,0
14399,0
14400,0
14401,0
14402,0
14403,0
14404,0
14405,0
14406,0
14407,0
14408,0
14409,1
14410,1
14411,2
14412,0
14413,0
14414,0
14415,1
14416,0
14417,1
14418,0
14419,0
14421,0
14422,0
14423,0
14424,0
14425,0
14426,0
14427,2
14428,0
14429,0
14431,1
14432,1
14433,0
14434,0
14435,2
14436,0
14437,0
14438,0
14439,1
14440,1
14441,0
14444,0
14445,0
14446,1
14447,0
14448,1
14449,2
14450,0
14451,0
14452,0
14453,0
14454,0
14455,0
14456,0
14457,0
14458,0
14459,0
14460,2
14461,0
14463,0
14464,0
14465,0
14466,0
14467,0
14468,1
14469,0
14470,1
14471,0
14472,0
14473,0
14474,1
14475,0
14476,0
14477,1
14478,0
14479,0
14480,2
14481,0
14482,0
14483,0
14484,0
14485,0
14486,0
14487,1
14488,0
14489,1
14490,0
14491,0
14493,0
14494,0
14495,0
14496,1
14497,2
14498,0
14499,0
14500,0
14501,0
14502,1
14504,0
14505,0
14506,0
14507,0
14509,0
14510,0
14511,0
14512,0
14513,0
14514,2
14515,0
14516,0
14517,0
14518,0
14519,2
14520,0
14521,0
14522,0
14523,0
14524,0
14525,1
14526,0
14527,0
14528,0
14529,0
14530,0
14531,0
14532,0
14533,0
14535,0
14536,0
14537,0
14538,0
14539,0
14540,0
14541,0
14542,1
14543,0
14544,0
14545,0
14546,0
14547,1
14548,1
14549,0
14550,0
14551,0
14552,0
14553,0
14554,0
14555,0
14556,0
14557,0
14558,1
14559,2
14560,0
14561,0
14562,0
14563,0
14564,0
14566,0
14567,0
14568,0
14569,0
14571,0
14572,0
14573,0
14574,1
14575,1
14576,1
14577,0
14578,0
14579,0
14580,0
14581,0
14582,0
14583,0
14584,1
14585,2
14586,1
14587,0
14588,0
14589,0
14590,0
14591,0
14592,2
14593,0
14594,0
14596,0
14597,0
14598,0
14599,2
14601,0
14602,0
14603,0
14604,0
14605,0
14606,0
14607,0
14608,0
14609,0
14610,0
14611,0
14612,0
14613,1
14614,0
14615,0
14616,0
14617,1
14618,0
14619,0
14620,0
14621,2
14622,1
14623,1
14624,0
14625,1
14626,1
14627,0
14628,0
14630,0
14631,0
14632,1
14634,0
14635,0
14636,1
14637,0
14638,0
14639,0
14640,0
14641,0
14642,1
14643,0
14644,0
14645,0
14646,1
14647,0
14648,0
14649,0
14650,0
14651,0
14652,0
14653,0
14654,0
14655,0
14656,0
14657,0
14658,0
14659,0
14660,0
14661,1
14662,0
14663,0
14664,0
14666,0
14668,0
14669,0
14670,0
14671,0
14672,2
14673,0
14674,0
14675,0
14676,0
14677,0
14678,0
14679,0
14680,0
14681,1
14682,0
14683,0
14687,0
14690,1
14691,1
14692,0
14693,0
14694,0
14695,0
14696,0
14697,0
14699,0
14700,0
14701,0
14702,0
14703,0
14704,0
14705,0
14706,0
14707,1
14708,0
14709,1
14710,0
14711,0
14712,0
14713,0
14714,0
14715,0
14716,0
14717,0
14718,2
14719,0
14721,0
14722,2
14723,1
14725,0
14726,0
14727,0
14728,0
14729,0
14730,1
14731,0
14732,1
14733,0
14734,0
14736,0
14737,1
14739,1
14740,0
14741,0
14742,0
14743,2
14744,0
14745,0
14746,0
14747,0
14748,0
14751,0
14752,0
14753,1
14755,0
14756,0
14757,1
14759,0
14761,0
14762,0
14763,0
14764,0
14765,0
14766,1
14768,1
14769,1
14770,0
14771,2
14772,1
14773,1
14774,0
14775,0
14776,0
14777,0
14778,2
14779,0
14780,1
14781,0
14782,0
14783,0
14784,1
14785,0
14786,0
14787,0
14788,1
14789,0
14791,1
14792,0
14793,0
14794,0
14795,1
14796,0
14797,0
14798,0
14799,1
14800,0
14802,2
14803,0
14804,0
14806,1
14807,1
14808,0
14809,0
14812,0
14813,2
14814,0
14815,2
14816,0
14817,0
14818,0
14819,0
14820,0
14821,1
14823,0
14824,0
14825,1
14826,0
14827,1
14828,0
14829,0
14830,0
14831,0
14832,1
14833,0
14834,0
14835,1
14836,0
14837,0
14838,1
14839,1
14840,0
14842,0
14843,0
14844,0
14845,0
14847,0
14848,0
14849,0
14850,0
14852,0
14853,0
14854,0
14855,0
14857,0
14858,2
14859,2
14861,0
14862,1
14864,1
14865,2
14866,0
14867,1
14869,0
14870,0
14871,0
14872,0
14874,0
14875,0
14876,0
14877,0
14879,0
14880,0
14881,0
14882,1
14884,0
14885,0
14886,0
14887,0
14888,2
14889,1
14890,0
14891,0
14892,1
14893,1
14894,0
14895,0
14896,0
14897,0
14898,0
14900,0
14901,0
14902,0
14904,0
14905,0
14906,0
14907,0
14908,0
14909,0
14911,0
14912,0
14913,2
14914,0
14916,0
14917,0
14918,2
14919,0
14920,0
14921,0
14923,0
14924,0
14925,0
14926,0
14927,0
14928,1
14929,0
14930,0
14932,0
14934,0
14935,0
14937,0
14938,0
14939,0
14940,1
14941,0
14942,0
14943,1
14944,2
14945,0
14946,0
14947,0
14948,0
14949,0
14952,0
14953,0
14954,0
14956,0
14957,1
14958,0
14959,2
14960,0
14961,1
14962,0
14963,0
14964,0
14965,1
14966,0
14968,0
14969,0
14970,0
14971,0
14972,2
14973,0
14974,1
14975,0
14977,1
14978,0
14979,0
14980,0
14981,0
14982,1
14983,0
14984,1
14985,0
14986,0
14987,0
14988,1
14989,0
14990,0
14991,0
14992,0
14993,1
14994,0
14995,0
14996,0
14997,1
14998,0
14999,0
15000,0
15001,0
15002,1
15005,2
15006,0
15008,0
15009,0
15010,1
15011,1
15012,0
15013,0
15015,0
15016,0
15017,2
15018,0
15019,0
15020,0
15022,1
15023,0
15024,0
15025,0
15026,0
15028,0
15029,0
15030,0
15032,0
15033,0
15035,0
15036,0
15037,0
15039,0
15040,0
15041,0
15042,0
15045,0
15046,1
15047,2
15049,1
15050,0
15051,0
15053,0
15054,1
15055,0
15057,0
15058,0
15059,1
15060,0
15061,0
15062,0
15063,0
15064,0
15066,0
15067,0
15070,2
15071,0
15072,0
15073,0
15074,1
15075,0
15076,0
15077,0
15078,0
15080,2
15081,0
15082,0
15084,0
15085,0
15086,0
15087,2
15088,2
15089,1
15090,1
15091,0
15092,0
15093,0
15094,0
15095,0
15096,0
15097,0
15098,2
15099,0
15100,1
15101,0
15102,1
15103,0
15104,1
15105,0
15106,0
15107,1
15108,1
15109,0
15110,0
15111,0
15112,0
15113,0
15114,0
15115,0
15116,0
15117,0
15118,0
15119,0
15120,1
15121,0
15122,1
15123,0
15124,0
15125,1
15126,0
15127,0
15128,0
15129,0
15130,0
15131,0
15132,0
15133,1
15134,0
15135,0
15136,1
15137,0
15138,0
15139,0
15140,0
15141,0
15143,0
15144,1
15145,2
15146,0
15147,0
15148,0
15149,2
15150,0
15151,0
15152,0
15153,0
15154,0
15155,0
15156,0
15158,0
15159,0
15160,0
15162,0
15163,0
15164,2
15165,0
15166,0
15167,0
15168,0
15170,1
15172,2
15173,0
15174,0
15175,2
15176,0
15177,0
15179,0
15180,1
15181,0
15182,0
15183,0
15184,0
15185,0
15186,0
15188,0
15189,0
15190,0
15191,0
15192,1
15193,0
15194,0
15195,0
15196,0
15197,2
15198,0
15199,0
15200,0
15201,0
15202,0
15203,1
15204,1
15206,0
15207,0
15208,0
15209,1
15210,1
15211,0
15212,0
15213,0
15214,0
15215,1
15216,1
15217,0
15218,0
15219,0
15220,0
15222,1
15223,0
15224,0
15225,0
15226,2
15227,1
15228,1
15229,0
15230,0
15231,0
15232,2
15233,0
15234,1
15235,0
15236,0
15237,0
15238,1
15239,1
15241,0
15242,0
15243,0
15244,1
15245,0
15246,0
15249,1
15250,0
15251,0
15252,0
15253,0
15254,0
15255,0
15256,0
15257,1
15258,2
15259,0
15260,0
15261,0
15262,1
15263,0
15264,1
15266,0
15267,0
15268,1
15269,0
15270,0
15271,2
15272,1
15273,2
15274,0
15275,0
15276,2
15277,0
15278,0
15279,0
15280,0
15281,1
15282,0
15283,0
15284,0
15285,0
15286,0
15287,0
15288,1
15289,0
15290,0
15291,0
15292,0
15293,0
15294,0
15295,0
15296,2
15297,2
15298,2
15299,0
15300,0
15301,0
15302,0
15303,0
15304,0
15305,2
15307,1
15308,0
15309,0
15310,0
15311,0
15312,0
15313,0
15314,0
15315,0
15318,0
15320,0
15321,0
15322,1
15323,1
15324,0
15325,0
15326,0
15327,0
15328,1
15329,0
15330,0
15331,0
15332,0
15333,0
15334,2
15335,0
15336,0
15337,0
15338,1
15339,0
15340,0
15342,2
15343,0
15344,0
15346,0
15347,0
15348,1
15349,0
15351,2
15352,0
15353,0
15354,0
15355,0
15356,0
15358,2
15359,0
15360,0
15361,1
15362,2
15363,0
15364,0
15365,0
15366,2
15367,0
15368,0
15369,0
15370,0
15371,0
15372,0
15373,1
15374,0
15375,0
15376,0
15377,0
15379,0
15381,0
15383,2
15385,2
15386,0
15388,2
15389,0
15390,0
15391,0
15392,2
15393,1
15394,0
15395,0
15396,1
15397,0
15398,0
15399,0
15400,1
15401,0
15402,0
15403,0
15404,0
15405,0
15406,2
15407,0
15408,1
15410,0
15411,2
15412,0
15413,0
15414,0
15415,2
15418,0
15419,2
15420,0
15421,0
15422,0
15423,0
15424,0
15426,0
15427,0
15428,0
15429,1
15430,0
15431,0
15432,0
15433,0
15434,0
15435,0
15436,0
15437,0
15439,0
15440,0
15441,0
15442,0
15443,1
15444,0
15445,0
15446,0
15447,1
15448,1
15449,0
15450,1
15451,0
15452,0
15453,1
15454,1
15455,0
15456,0
15457,0
15458,0
15459,0
15460,0
15461,1
15462,0
15463,0
15464,1
15465,0
15466,0
15467,0
15468,0
15469,0
15470,0
15471,0
15472,0
15473,0
15474,0
15475,0
15476,0
15477,0
15478,0
15479,0
15480,0
15481,0
15482,0
15483,0
15484,0
15485,1
15486,0
15487,0
15488,2
15489,0
15492,0
15493,0
15494,1
15496,0
15497,0
15498,2
15499,0
15500,0
15501,0
15502,0
15503,0
15504,0
15505,0
15506,0
15507,0
15508,0
15510,0
15511,0
15512,1
15513,1
15514,0
15515,0
15516,0
15517,0
15518,1
15519,0
15520,0
15521,0
15522,0
15523,0
15524,0
15525,0
15526,0
15527,0
15528,0
15529,0
15530,0
15531,0
15532,2
15533,0
15534,0
15535,1
15536,1
15538,0
15539,1
15540,0
15541,0
15543,1
15544,0
15545,2
15546,0
15547,0
15548,0
15549,0
15551,1
15552,0
15553,0
15554,0
15555,1
15557,0
15558,0
15559,0
15560,2
15562,0
15563,0
15564,0
15565,0
15566,1
15567,1
15568,0
15570,0
15571,1
15572,0
15573,0
15574,0
15575,0
15576,0
15577,0
15578,0
15579,0
15580,0
15581,0
15582,1
15583,0
15586,1
15587,0
15588,0
15590,1
15591,0
15592,0
15593,0
15594,1
15595,0
15596,0
15597,0
15598,1
15599,1
15600,2
15601,1
15602,0
15603,0
15604,0
15605,0
15608,0
15610,0
15611,0
15612,0
15613,0
15614,0
15615,1
15616,0
15617,2
15618,2
15620,0
15621,1
15622,0
15624,0
15625,0
15626,0
15627,1
15629,0
15630,0
15631,0
15632,2
15633,2
15634,0
15635,0
15637,0
15638,1
15639,0
15640,0
15641,0
15642,0
15643,0
15644,0
15645,0
15646,1
15647,0
15648,0
15649,0
15650,0
15651,0
15652,0
15654,0
15655,0
15656,1
15658,0
15659,0
15660,0
15661,0
15662,1
15663,0
15664,2
15665,0
15666,2
15667,0
15668,0
15669,0
15670,0
15672,0
15673,0
15675,0
15677,0
15679,0
15680,2
15681,0
15684,1
15687,0
15688,1
15689,0
15690,0
15691,0
15692,0
15693,0
15694,1
15695,0
15696,0
15697,2
15698,0
15699,0
15700,0
15703,0
15704,0
15706,0
15707,0
15708,0
15709,0
15710,0
15711,0
15714,0
15715,0
15716,0
15717,0
15718,0
15719,0
15720,0
15721,0
15723,0
15724,0
15725,0
15726,0
15727,2
15728,0
15729,0
15731,0
15732,0
15733,0
15734,1
15735,0
15736,1
15737,0
15738,0
15739,1
15740,2
15741,2
15742,0
15743,0
15745,0
15746,1
15747,0
15748,0
15749,0
15750,0
15751,0
15752,0
15753,1
15754,0
15755,0
15756,1
15757,0
15758,1
15759,0
15760,1
15761,0
15762,0
15763,0
15764,1
15765,0
15766,0
15767,0
15768,0
15769,0
15770,0
15771,0
15772,0
15773,0
15774,0
15775,1
15776,0
15777,0
15778,0
15779,0
15780,0
15781,0
15782,0
15783,0
15784,0
15785,0
15786,0
15787,0
15788,0
15789,0
15790,0
15791,0
15792,1
15793,0
15794,0
15795,0
15796,0
15797,1
15798,0
15800,0
15801,0
15802,0
15803,0
15804,0
15805,0
15807,0
15808,2
15810,0
15811,0
15814,0
15815,1
15816,1
15817,0
15818,1
15820,2
15821,0
15822,0
15823,1
15824,0
15825,0
15826,0
15827,0
15828,1
15829,0
15830,1
15831,2
15832,0
15833,0
15834,0
15835,0
15836,0
15837,2
15838,0
15839,1
15840,0
15841,0
15842,0
15843,0
15844,2
15845,2
15847,0
15848,0
15850,0
15851,0
15852,0
15853,0
15854,0
15855,1
15856,0
15857,0
15858,0
15860,1
15861,0
15862,0
15863,0
15864,0
15865,1
15866,0
15867,0
15868,0
15869,0
15870,2
15871,1
15872,1
15873,2
15874,1
15875,0
15876,0
15878,2
15879,0
15880,0
15881,1
15882,0
15883,0
15884,0
15885,0
15886,0
15887,0
15888,1
15889,0
15893,0
15894,0
15895,0
15896,0
15897,0
15898,0
15899,0
15900,1
15901,0
15902,0
15903,0
15905,2
15906,0
15907,0
15908,0
15909,0
15910,0
15911,0
15912,0
15913,2
15914,0
15915,0
15916,0
15917,0
15918,2
15920,0
15921,2
15922,0
15923,0
15924,0
15925,0
15926,0
15927,1
15929,2
15930,0
15931,0
15932,0
15933,1
15934,0
15935,0
15936,0
15937,0
15938,0
15939,0
15940,0
15941,0
15942,0
15943,0
15945,0
15946,0
15947,0
15948,0
15949,0
15950,0
15951,0
15952,2
15953,0
15954,0
15955,0
15956,0
15957,0
15959,0
15960,0
15961,0
15962,0
15963,0
15964,0
15965,0
15966,0
15967,1
15968,0
15969,2
15970,0
15971,0
15972,0
15973,0
15974,0
15975,0
15977,0
15978,0
15980,0
15982,2
15984,0
15985,0
15986,0
15987,0
15989,0
15990,0
15991,0
15992,1
15994,0
15995,0
15997,0
15998,0
15999,0
16000,0
16002,1
16003,1
16004,2
16005,0
16006,0
16007,2
16008,0
16010,2
16011,0
16012,0
16013,0
16014,0
16015,0
16017,0
16018,0
16020,0
16021,0
16023,0
16024,0
16025,0
16026,1
16027,0
16028,0
16030,0
16031,0
16032,1
16033,2
16034,2
16035,1
16036,1
16037,0
16038,1
16039,1
16040,0
16041,1
16042,0
16043,0
16044,0
16045,0
16046,0
16047,0
16048,0
16049,0
16050,1
16051,0
16052,0
16053,0
16054,2
16055,0
16056,2
16058,0
16059,1
16060,0
16061,2
16062,1
16063,0
16064,0
16065,0
16066,0
16067,1
16068,2
16069,0
16070,0
16071,1
16072,0
16073,0
16074,2
16075,0
16076,0
16077,1
16078,0
16079,0
16080,0
16081,0
16082,0
16083,0
16084,0
16085,0
16086,0
16087,0
16089,0
16090,1
16091,0
16092,0
16093,0
16094,0
16095,0
16096,0
16097,0
16098,0
16099,1
16100,2
16101,0
16102,0
16103,1
16104,0
16105,1
16106,0
16107,0
16108,0
16109,0
16110,0
16111,0
16112,0
16113,1
16114,0
16115,0
16116,1
16117,1
16118,0
16119,0
16120,0
16121,1
16123,0
16124,0
16125,0
16126,1
16127,2
16128,0
16129,0
16130,1
16131,0
16132,2
16133,2
16134,0
16135,0
16136,0
16138,0
16139,0
16140,0
16141,1
16142,0
16144,2
16145,0
16146,0
16147,1
16148,2
16149,2
16150,2
16151,0
16152,0
16153,0
16154,0
16155,0
16156,2
16157,1
16158,0
16159,0
16160,0
16161,0
16162,2
16163,1
16164,2
16165,0
16166,0
16167,0
16168,0
16169,0
16170,1
16171,0
16172,0
16173,0
16174,0
16175,0
16177,0
16178,0
16180,0
16181,0
16182,0
16183,0
16184,0
16185,0
16186,0
16187,0
16188,2
16189,0
16190,1
16191,1
16192,1
16193,0
16194,0
16196,0
16197,1
16198,0
16199,0
16200,2
16201,0
16202,0
16203,0
16204,0
16205,0
16207,0
16208,1
16209,0
16210,2
16211,0
16212,0
16214,1
16215,0
16216,0
16218,1
16219,0
16220,0
16221,0
16222,0
16223,0
16224,0
16225,0
16226,0
16228,1
16229,0
16231,0
16232,1
16233,0
16234,0
16235,0
16236,0
16237,0
16238,1
16239,0
16240,1
16241,1
16242,0
16243,0
16244,0
16245,0
16246,0
16247,1
16250,0
16251,0
16252,0
16253,0
16254,0
16255,0
16256,0
16257,0
16258,0
16259,0
16260,0
16261,0
16262,0
16263,0
16265,0
16266,2
16267,0
16268,0
16269,1
16270,0
16271,0
16272,0
16273,0
16274,1
16275,0
16276,0
16277,0
16279,0
16280,0
16281,0
16282,0
16283,0
16284,0
16285,2
16286,0
16287,1
16288,0
16289,0
16290,0
16291,1
16292,2
16294,0
16295,0
16296,0
16297,0
16298,0
16300,0
16302,2
16303,1
16304,0
16305,0
16306,0
16308,0
16309,0
16310,0
16311,0
16312,2
16313,0
16314,0
16315,0
16316,0
16317,0
16318,0
16319,0
16320,0
16321,0
16322,0
16323,0
16324,0
16325,0
16326,0
16327,0
16328,0
16329,0
16330,0
16331,0
16332,0
16333,0
16334,0
16335,0
16336,0
16337,0
16339,0
16340,0
16341,0
16343,2
16344,1
16345,0
16347,0
16348,0
16349,0
16350,0
16351,0
16352,2
16353,0
16354,0
16355,0
16356,1
16357,0
16358,0
16359,0
16360,0
16361,0
16364,2
16365,0
16366,0
16367,0
16368,0
16369,0
16370,0
16371,1
16372,0
16373,0
16374,0
16375,0
16376,1
16377,0
16378,0
16379,0
16380,0
16381,0
16382,0
16383,2
16384,2
16385,0
16386,0
16387,0
16388,2
16389,1
16390,2
16391,0
16392,0
16394,1
16395,0
16396,1
16398,0
16399,2
16400,0
16401,0
16402,2
16403,0
16404,2
16406,0
16407,0
16408,1
16409,1
16410,0
16411,0
16412,1
16413,0
16414,2
16415,2
16416,0
16417,0
16418,2
16419,0
16420,0
16421,0
16422,1
16424,0
16425,0
16426,0
16427,0
16428,1
16429,0
16431,0
16432,0
16433,0
16434,0
16435,0
16436,0
16437,0
16438,0
16439,1
16440,1
16441,0
16442,0
16443,0
16444,0
16445,2
16446,0
16447,0
16448,0
16449,0
16450,1
16451,0
16452,2
16453,0
16454,1
16455,0
16456,0
16457,0
16458,0
16459,0
16460,0
16461,1
16462,0
16463,0
16464,0
16465,0
16467,0
16468,2
16469,0
16470,0
16471,0
16472,0
16473,0
16474,0
16475,2
16476,0
16477,0
16478,0
16479,0
16480,0
16481,0
16482,0
16483,0
16484,1
16486,0
16487,0
16488,0
16489,0
16490,2
16492,1
16493,0
16494,0
16495,0
16497,0
16498,0
16499,0
16500,0
16501,0
16503,0
16504,0
16505,0
16506,0
16507,0
16508,0
16509,0
16510,0
16511,0
16512,0
16513,0
16514,0
16515,0
16516,0
16517,1
16518,0
16519,0
16520,0
16521,0
16522,1
16523,0
16524,0
16525,1
16526,0
16527,0
16528,0
16529,0
16530,1
16531,0
16532,0
16533,0
16534,0
16535,0
16536,0
16537,2
16538,0
16539,0
16540,0
16541,2
16542,1
16543,0
16544,2
16545,1
16546,0
16547,0
16548,0
16549,1
16550,1
16551,0
16552,0
16553,0
16555,0
16556,0
16557,0
16558,0
16559,0
16560,0
16561,0
16562,2
16563,1
16565,1
16566,0
16567,0
16568,0
16569,0
16570,0
16572,0
16573,0
16575,0
16576,0
16577,0
16579,0
16580,0
16582,2
16583,0
16584,0
16585,0
16586,0
16587,0
16588,0
16589,0
16590,0
16591,0
16592,1
16593,0
16594,0
16595,0
16596,1
16597,0
16598,0
16599,1
16602,1
16603,0
16604,0
16605,1
16607,0
16608,0
16609,1
16610,0
16611,0
16612,0
16613,1
16614,1
16615,0
16617,0
16618,1
16619,0
16620,0
16621,2
16622,0
16623,0
16625,0
16626,1
16627,0
16628,0
16629,0
16630,1
16631,0
16632,0
16633,1
16634,0
16635,0
16636,0
16637,2
16638,0
16640,1
16641,0
16642,0
16643,0
16644,0
16645,0
16646,0
16647,0
16648,0
16649,0
16650,0
16652,0
16653,0
16654,0
16655,1
16656,0
16657,0
16658,0
16660,0
16661,2
16662,1
16663,0
16664,0
16665,0
16666,0
16667,0
16668,0
16669,0
16671,1
16672,0
16673,0
16674,0
16675,2
16678,0
16679,1
16680,0
16681,0
16683,0
16684,0
16685,1
16686,0
16687,0
16688,0
16689,0
16690,0
16691,0
16692,0
16693,0
16694,0
16695,0
16696,2
16697,0
16698,0
16699,0
16700,0
16701,0
16703,0
16704,1
16705,1
16706,0
16707,2
16708,1
16710,0
16711,0
16713,0
16714,0
16715,2
16716,0
16717,0
16718,0
16719,0
16720,1
16721,0
16722,0
16724,0
16725,0
16726,0
16727,0
16728,0
16729,0
16730,1
16731,0
16732,0
16733,2
16734,0
16735,0
16736,0
16737,0
16738,0
16739,0
16740,0
16741,0
16742,0
16743,0
16744,0
16745,0
16746,0
16747,0
16749,0
16750,0
16751,0
16752,0
16754,1
16755,1
16756,2
16757,0
16759,0
16760,0
16761,0
16762,0
16764,0
16766,0
16767,1
16768,0
16769,0
16770,1
16771,1
16772,0
16773,0
16774,0
16775,0
16776,0
16777,1
16778,1
16779,0
16780,0
16781,0
16782,0
16783,1
16784,0
16785,0
16786,0
16787,0
16789,1
16790,1
16791,0
16792,0
16793,0
16794,0
16795,0
16796,0
16797,0
16798,0
16799,1
16800,2
16801,0
16802,0
16803,0
16804,0
16806,2
16808,0
16809,0
16810,0
16811,0
16812,0
16813,0
16814,0
16815,1
16816,0
16817,0
16818,1
16819,1
16820,0
16821,0
16822,0
16823,0
16824,0
16825,2
16826,0
16827,0
16828,0
16829,0
16830,2
16831,0
16832,0
16833,0
16834,0
16835,2
16836,0
16837,0
16838,1
16839,0
16840,0
16841,0
16842,0
16843,0
16844,0
16845,2
16846,0
16847,0
16849,0
16850,1
16851,2
16852,0
16853,0
16855,0
16857,2
16858,2
16859,0
16860,0
16861,0
16862,0
16863,1
16864,0
16865,0
16866,0
16867,1
16869,0
16870,0
16871,0
16872,0
16873,0
16874,0
16875,0
16876,0
16877,0
16878,0
16879,1
16880,0
16881,0
16882,1
16883,0
16884,1
16885,1
16886,1
16887,1
16889,1
16890,2
16891,0
16892,1
16893,0
16894,0
16895,0
16896,0
16897,1
16898,0
16899,0
16900,1
16901,1
16902,0
16903,0
16904,1
16905,0
16906,1
16907,0
16908,2
16909,0
16910,0
16911,0
16913,0
16914,0
16915,0
16916,0
16917,0
16918,0
16919,0
16920,2
16921,0
16922,0
16923,0
16924,0
16925,0
16926,0
16927,0
16928,1
16929,0
16930,0
16931,0
16932,0
16933,2
16934,0
16935,0
16936,0
16937,0
16938,0
16939,0
16940,0
16941,0
16942,0
16943,0
16944,0
16945,0
16947,0
16948,1
16949,0
16950,0
16951,0
16952,0
16953,0
16954,2
16955,0
16956,0
16957,0
16958,0
16959,0
16960,1
16962,0
16963,0
16964,0
16965,0
16966,0
16967,0
16968,0
16969,0
16970,0
16971,0
16972,0
16973,0
16974,0
16975,0
16976,0
16977,0
16978,0
16979,0
16980,0
16981,0
16982,0
16983,2
16984,0
16985,1
16986,0
16987,0
16989,2
16990,0
16991,0
16992,0
16993,0
16994,2
16995,0
16997,0
16998,0
17001,1
17002,1
17003,1
17004,1
17005,2
17006,0
17007,2
17008,1
17009,0
17010,0
17011,0
17012,2
17013,2
17014,0
17015,0
17016,0
17017,0
17018,2
17019,1
17020,2
17021,0
17022,0
17023,0
17024,0
17025,0
17026,0
17027,0
17028,0
17030,0
17031,0
17032,2
17034,0
17035,0
17036,2
17037,0
17039,0
17040,0
17041,0
17044,0
17045,1
17046,0
17047,0
17048,0
17049,0
17050,0
17051,0
17052,0
17053,1
17054,1
17055,0
17056,0
17057,0
17058,0
17059,0
17060,0
17061,0
17062,0
17063,0
17064,0
17065,0
17066,2
17067,1
17068,0
17069,0
17070,0
17071,0
17072,0
17073,0
17074,0
17075,0
17076,0
17079,0
17080,0
17081,0
17082,0
17083,0
17084,0
17085,1
17086,1
17089,0
17090,0
17091,2
17092,1
17093,0
17094,0
17095,1
17096,0
17097,0
17098,0
17099,0
17100,0
17101,2
17102,0
17103,0
17105,1
17106,2
17107,2
17108,0
17109,0
17110,0
17111,1
17112,0
17113,0
17114,0
17115,0
17116,0
17117,0
17118,0
17119,0
17120,0
17121,0
17122,0
17123,0
17124,2
17125,0
17126,0
17127,0
17128,0
17129,0
17130,0
17131,0
17132,0
17133,0
17134,0
17136,2
17138,0
17139,0
17140,0
17142,0
17143,0
17144,0
17145,0
17146,1
17147,0
17149,0
17150,1
17151,0
17152,0
17154,1
17155,1
17157,0
17158,0
17159,1
17161,1
17162,0
17163,0
17164,0
17165,0
17166,1
17167,0
17168,0
17169,0
17170,1
17172,0
17173,0
17174,0
17175,0
17176,0
17177,0
17178,0
17179,0
17180,0
17181,0
17182,0
17183,0
17184,1
17185,0
17186,0
17187,1
17188,0
17189,0
17190,0
17192,0
17193,0
17194,0
17195,0
17197,1
17198,0
17199,0
17200,0
17201,0
17202,0
17203,1
17204,0
17205,0
17206,0
17207,0
17208,0
17210,0
17211,0
17212,0
17213,0
17214,0
17216,1
17217,0
17218,0
17219,0
17220,0
17221,0
17222,0
17223,0
17224,1
17225,0
17226,1
17228,0
17229,0
17230,0
17231,0
17232,0
17233,0
17234,0
17235,0
17237,0
17238,0
17239,0
17240,2
17241,0
17242,0
17244,1
17245,2
17246,0
17247,1
17248,0
17249,1
17250,0
17252,0
17253,0
17254,0
17255,0
17256,0
17257,2
17258,0
17259,2
17260,0
17261,0
17262,0
17264,0
17265,1
17267,0
17268,0
17269,1
17270,0
17271,0
17272,0
17273,0
17275,0
17276,0
17277,0
17278,0
17279,1
17280,1
17281,0
17282,0
17283,1
17284,0
17285,2
17286,0
17287,0
17288,0
17289,0
17290,0
17292,1
17293,2
17294,1
17295,1
17296,0
17297,1
17298,1
17299,0
17300,0
17302,2
17303,0
17304,0
17306,0
17307,0
17308,0
17309,0
17310,1
17311,0
17312,1
17313,1
17314,0
17315,0
17316,0
17317,0
17318,1
17319,1
17320,1
17321,0
17322,0
17323,1
17324,0
17325,0
17326,0
17327,0
17328,0
17329,0
17330,0
17331,0
17332,1
17333,0
17334,1
17335,0
17336,0
17337,1
17338,0
17339,1
17340,0
17342,0
17343,0
17344,0
17345,0
17346,1
17347,0
17348,1
17349,0
17350,1
17351,0
17352,1
17353,0
17354,0
17355,0
17356,0
17357,0
17358,0
17359,0
17360,0
17361,1
17362,1
17363,0
17364,0
17365,0
17366,0
17367,0
17368,0
17369,0
17370,0
17371,0
17372,0
17373,1
17374,0
17375,0
17376,1
17377,0
17378,0
17379,0
17380,0
17381,0
17382,0
17383,0
17384,0
17385,2
17386,0
17387,0
17388,0
17389,0
17390,0
17391,0
17393,0
17394,0
17395,0
17396,0
17397,2
17398,0
17399,0
17400,1
17401,0
17402,2
17403,2
17404,0
17405,1
17407,0
17408,1
17409,0
17410,0
17411,0
17412,0
17413,0
17414,2
17415,0
17416,0
17417,0
17418,0
17419,0
17420,0
17421,0
17422,1
17423,0
17425,0
17426,0
17427,0
17428,0
17429,1
17430,0
17432,0
17433,0
17434,0
17435,0
17436,0
17437,0
17438,0
17439,2
17440,0
17441,1
17442,1
17443,0
17444,0
17446,0
17448,0
17450,0
17451,0
17452,1
17453,1
17455,0
17456,0
17458,2
17459,0
17460,0
17461,0
17462,0
17463,1
17464,0
17465,0
17466,1
17467,0
17468,0
17469,0
17470,0
17471,2
17472,0
17473,0
17474,0
17476,2
17477,0
17478,0
17479,0
17481,0
17482,0
17483,0
17484,0
17485,0
17486,0
17487,0
17488,0
17489,0
17490,0
17491,1
17492,0
17493,0
17494,0
17495,0
17496,0
17498,0
17499,0
17500,0
17501,2
17502,0
17503,0
17504,0
17505,0
17506,0
17507,0
17508,0
17509,0
17510,0
17511,0
17513,0
17514,2
17515,0
17516,0
17517,0
17518,1
17519,0
17520,1
17521,0
17522,0
17523,0
17524,0
17526,2
17527,0
17528,0
17529,0
17530,0
17531,1
17532,0
17533,2
17534,0
17535,0
17536,0
17537,0
17538,0
17539,0
17540,0
17541,0
17542,0
17543,2
17544,1
17546,0
17547,0
17548,1
17549,0
17550,0
17551,0
17552,2
17553,1
17555,2
17556,0
17557,0
17558,0
17559,0
17560,0
17561,0
17562,0
17564,2
17565,0
17566,2
17567,0
17568,1
17570,0
17571,1
17572,0
17573,0
17575,1
17576,0
17577,1
17578,0
17579,0
17580,0
17581,0
17582,0
17583,0
17584,0
17585,2
17586,1
17587,0
17588,1
17589,1
17592,0
17593,0
17594,1
17595,0
17596,0
17597,0
17598,0
17599,0
17600,1
17601,0
17602,0
17603,0
17604,0
17605,0
17606,0
17608,0
17609,0
17610,0
17611,1
17612,0
17613,0
17614,2
17615,0
17616,0
17617,0
17618,0
17619,1
17620,0
17621,0
17622,1
17623,0
17624,0
17625,0
17627,0
17628,0
17629,0
17630,1
17631,0
17632,0
17633,2
17634,0
17635,1
17636,0
17638,0
17639,0
17640,2
17641,2
17642,2
17643,2
17644,0
17645,2
17646,0
17648,0
17649,1
17650,0
17651,0
17652,0
17653,0
17654,0
17655,0
17656,0
17657,0
17658,0
17659,0
17660,0
17661,0
17662,0
17663,1
17664,0
17665,0
17666,0
17667,0
17668,0
17669,0
17670,0
17671,0
17673,1
17674,0
17675,0
17676,1
17677,1
17678,0
17679,0
17680,0
17681,0
17682,0
17683,1
17685,0
17686,0
17687,0
17688,0
17689,0
17690,0
17691,1
17692,1
17693,1
17694,0
17696,0
17698,1
17699,0
17700,0
17701,1
17702,0
17703,1
17704,0
17705,1
17706,0
17707,0
17708,0
17709,0
17710,0
17713,1
17715,0
17716,1
17717,2
17718,0
17719,0
17720,0
17721,0
17722,0
17723,0
17725,0
17726,0
17728,0
17729,0
17730,1
17731,2
17732,0
17733,0
17734,0
17735,1
17736,1
17737,0
17738,0
17739,2
17740,0
17741,2
17743,0
17744,0
17745,2
17746,0
17747,0
17748,0
17749,1
17750,0
17751,0
17754,0
17755,0
17756,0
17759,0
17760,0
17761,1
17764,0
17765,0
17766,0
17767,0
17768,2
17769,0
17770,0
17771,0
17773,0
17774,0
17775,2
17776,0
17777,0
17778,0
17779,0
17780,0
17781,1
17782,0
17783,1
17785,0
17786,0
17787,0
17788,1
17790,0
17791,0
17793,1
17794,0
17795,0
17797,0
17798,0
17799,2
17800,0
17801,0
17802,0
17803,1
17804,0
17805,0
17806,1
17807,1
17808,0
17809,1
17810,0
17812,1
17813,0
17814,0
17815,2
17816,0
17817,2
17818,0
17819,1
17820,0
17821,1
17822,0
17823,0
17824,0
17825,0
17826,2
17827,0
17828,0
17829,0
17830,0
17831,0
17832,0
17833,0
17834,1
17835,1
17836,1
17837,0
17838,0
17839,0
17840,0
17841,0
17843,1
17845,0
17846,0
17847,0
17848,0
17849,1
17850,0
17852,2
17853,0
17854,1
17855,0
17856,0
17857,0
17858,0
17859,1
17860,0
17862,0
17863,2
17864,0
17865,0
17866,0
17867,0
17868,0
17869,0
17870,0
17871,0
17872,0
17873,0
17874,1
17875,0
17876,0
17877,0
17878,0
17880,0
17881,0
17882,0
17883,0
17884,0
17885,0
17887,1
17888,0
17889,0
17891,1
17892,0
17893,0
17894,0
17896,0
17897,2
17898,0
17899,1
17901,0
17902,0
17903,0
17904,0
17905,1
17906,0
17907,0
17909,0
17910,0
17911,0
17912,0
17913,0
17914,0
17915,1
17916,0
17917,0
17918,0
17920,0
17921,0
17922,0
17923,0
17924,0
17925,2
17926,0
17927,0
17928,0
17929,2
17930,0
17932,0
17933,0
17935,1
17936,1
17937,0
17938,0
17939,0
17940,0
17941,0
17942,0
17943,0
17945,0
17946,0
17947,0
17948,0
17949,0
17950,0
17951,0
17953,0
17954,1
17957,0
17958,2
17959,0
17960,0
17961,0
17962,0
17963,0
17964,0
17965,0
17966,0
17967,0
17968,1
17969,1
17970,0
17971,0
17972,0
17974,2
17975,0
17976,1
17978,0
17980,0
17981,1
17982,0
17983,0
17984,0
17985,0
17986,2
17987,0
17990,0
17991,0
17992,1
17993,0
17994,0
17995,0
17996,0
17997,0
17998,0
17999,0
18001,0
18002,0
18003,2
18005,0
18006,0
18007,1
18008,0
18009,0
18010,0
18011,0
18012,1
18013,0
18014,0
18015,2
18016,0
18017,1
18018,0
18019,0
18020,2
18021,0
18022,0
18023,1
18024,0
18026,0
18027,0
18028,0
18029,1
18030,0
18031,2
18032,0
18033,0
18034,0
18035,0
18036,0
18038,0
18039,0
18040,0
18041,0
18042,0
18043,0
18044,0
18045,0
18046,0
18047,0
18049,0
18050,0
18051,2
18053,2
18054,1
18055,0
18056,0
18058,0
18059,0
18060,0
18061,2
18062,0
18063,0
18064,0
18065,0
18066,0
18067,2
18068,0
18069,0
18070,0
18071,0
18072,0
18073,0
18074,0
18075,0
18076,0
18078,0
18079,0
18080,0
18082,0
18084,1
18085,0
18086,0
18087,0
18088,0
18089,2
18090,0
18091,0
18092,0
18093,1
18095,1
18096,2
18097,0
18098,1
18099,2
18101,0
18102,0
18103,1
18104,0
18105,1
18106,1
18107,0
18108,1
18109,0
18110,0
18111,0
18112,0
18113,0
18114,1
18116,0
18117,1
18118,0
18119,0
18120,2
18121,0
18122,0
18123,0
18124,0
18125,0
18126,0
18129,0
18130,0
18131,1
18132,0
18133,0
18134,0
18135,0
18136,0
18137,0
18138,1
18140,1
18141,2
18142,1
18143,0
18144,0
18145,0
18146,0
18147,0
18148,0
18149,0
18153,0
18154,0
18155,0
18156,0
18157,0
18158,1
18159,1
18160,0
18161,0
18162,0
18163,0
18164,0
18165,1
18166,0
18167,0
18168,1
18169,0
18170,1
18171,1
18172,0
18173,0
18174,0
18175,0
18176,0
18177,0
18178,1
18179,0
18180,0
18181,0
18182,0
18184,1
18185,0
18186,0
18187,2
18188,0
18189,0
18190,0
18191,1
18192,1
18193,0
18194,0
18195,0
18196,0
18198,2
18199,0
18200,1
18201,0
18202,0
18203,0
18204,0
18205,0
18206,0
18207,0
18210,0
18211,1
18213,0
18214,0
18215,0
18216,0
18217,0
18218,0
18219,0
18220,0
18221,0
18222,0
18223,0
18224,0
18225,0
18226,0
18227,0
18228,1
18229,1
18230,0
18231,0
18232,0
18233,0
18234,0
18235,0
18236,0
18237,2
18238,0
18239,0
18240,0
18242,0
18243,0
18244,0
18245,0
18247,0
18248,0
18251,0
18252,0
18253,0
18254,1
18255,0
18256,0
18257,0
18258,2
18259,0
18262,0
18263,0
18264,0
18265,0
18267,0
18269,2
18270,1
18271,0
18272,0
18273,0
18274,0
18275,0
18277,2
18278,0
18279,0
18280,0
18281,2
18283,0
18284,0
18285,0
18286,0
18287,1
18290,0
18292,0
18294,0
18295,0
18297,0
18298,0
18299,0
18300,0
18301,0
18302,0
18303,0
18305,0
18306,0
18307,0
18308,0
18309,1
18310,0
18311,0
18312,0
18313,2
18314,0
18315,0
18316,2
18318,0
18319,0
18320,2
18323,0
18324,0
18325,0
18326,1
18327,0
18328,0
18329,0
18330,1
18331,0
18332,0
18333,0
18334,1
18335,2
18336,0
18337,1
18338,1
18339,0
18340,0
18341,0
18342,0
18343,0
18345,0
18346,0
18347,0
18348,0
18349,0
18350,0
18351,1
18352,0
18353,0
18354,0
18355,0
18356,0
18357,0
18358,0
18359,0
18360,0
18361,0
18362,2
18363,0
18364,1
18365,0
18366,0
18367,0
18368,0
18370,0
18371,0
18372,0
18373,0
18374,0
18375,0
18376,0
18377,1
18378,0
18379,0
18380,0
18381,1
18382,0
18384,0
18385,2
18386,0
18387,1
18388,0
18389,2
18390,0
18391,0
18392,0
18393,0
18395,0
18397,1
18398,0
18399,0
18400,0
18401,2
18402,1
18403,0
18404,0
18405,0
18406,0
18407,1
18408,0
18409,0
18410,0
18411,0
18412,1
18413,0
18414,0
18415,1
18416,2
18417,0
18418,0
18419,2
18420,1
18421,0
18422,0
18424,0
18425,0
18426,0
18428,2
18429,0
18430,1
18431,1
18432,0
18433,0
18434,1
18435,2
18436,1
18437,1
18439,0
18440,0
18441,0
18442,2
18443,0
18444,0
18445,0
18446,0
18447,0
18448,0
18449,0
18450,2
18451,1
18452,1
18453,0
18454,0
18455,0
18456,0
18458,0
18460,0
18462,2
18463,0
18464,0
18465,1
18466,0
18467,2
18468,1
18469,0
18470,0
18471,2
18472,0
18473,0
18474,0
18475,0
18476,2
18477,1
18478,1
18479,1
18480,0
18481,0
18482,1
18483,0
18484,0
18485,0
18486,1
18487,2
18488,0
18489,0
18490,0
18491,0
18492,0
18493,0
18494,1
18495,0
18496,0
18497,0
18498,1
18499,0
18500,1
18501,0
18502,0
18504,0
18505,0
18506,0
18507,0
18508,0
18510,1
18511,0
18512,0
18513,0
18514,0
18517,0
18518,0
18519,0
18521,0
18522,0
18523,0
18524,0
18526,1
18527,0
18528,1
18529,2
18530,0
18531,1
18532,0
18533,0
18534,0
18535,0
18536,0
18537,0
18538,0
18539,2
18541,0
18542,0
18543,0
18544,0
18545,0
18546,0
18547,0
18548,1
18549,0
18552,0
18553,2
18554,1
18555,0
18556,0
18558,0
18560,0
18561,0
18562,2
18563,0
18564,1
18565,0
18566,0
18568,0
18569,0
18570,0
18571,0
18572,0
18573,0
18574,1
18575,1
18576,0
18578,2
18579,1
18580,0
18581,1
18582,0
18583,0
18584,1
18585,0
18586,0
18587,0
18588,0
18589,0
18590,0
18591,0
18594,0
18595,0
18597,0
18598,0
18599,1
18600,0
18601,0
18602,0
18603,0
18605,0
18606,0
18607,1
18608,0
18609,0
18610,0
18611,0
18612,0
18614,0
18615,0
18616,0
18617,0
18618,0
18619,0
18620,0
18622,0
18623,1
18624,0
18625,0
18626,0
18628,0
18629,0
18630,0
18631,2
18632,2
18633,0
18634,0
18635,1
18636,0
18637,0
18638,1
18639,0
18640,0
18641,0
18642,0
18643,0
18644,0
18646,0
18647,1
18648,2
18649,0
18650,0
18651,2
18652,1
18653,0
18655,2
18656,0
18657,0
18658,0
18659,0
18660,1
18661,0
18663,0
18664,0
18665,0
18666,0
18667,0
18668,0
18669,0
18671,0
18672,1
18673,0
18674,0
18675,1
18677,0
18678,0
18679,0
18681,1
18682,0
18683,0
18684,1
18685,0
18686,2
18687,2
18688,0
18689,0
18690,1
18691,1
18692,0
18693,1
18694,0
18695,0
18696,0
18697,0
18698,0
18699,0
18700,2
18701,0
18702,1
18703,0
18704,0
18705,1
18706,0
18708,0
18709,0
18710,0
18711,0
18712,2
18713,2
18714,0
18715,0
18716,0
18717,0
18719,0
18720,0
18721,0
18722,1
18725,0
18726,0
18727,0
18728,2
18729,0
18730,0
18731,0
18732,0
18734,0
18735,2
18736,0
18738,0
18739,0
18740,0
18741,0
18742,1
18743,1
18744,0
18745,0
18746,0
18747,0
18748,1
18749,0
18750,0
18751,1
18753,0
18755,0
18756,1
18757,2
18758,0
18759,0
18760,0
18761,1
18762,0
18763,0
18764,1
18765,0
18766,0
18767,0
18768,0
18769,0
18771,0
18772,2
18773,1
18774,0
18776,0
18777,0
18778,0
18779,2
18780,0
18781,1
18782,2
18783,2
18784,2
18785,0
18786,0
18787,2
18788,1
18790,0
18791,0
18792,0
18793,1
18794,0
18795,0
18796,1
18797,1
18798,0
18799,0
18800,1
18801,0
18802,0
18803,0
18804,2
18805,0
18806,0
18807,2
18808,0
18809,1
18810,2
18811,0
18813,0
18815,0
18816,0
18817,0
18818,1
18819,2
18821,0
18822,2
18823,0
18824,1
18825,0
18828,0
18829,0
18830,0
18831,0
18832,0
18833,0
18834,2
18835,0
18836,2
18837,2
18838,2
18839,0
18841,1
18843,0
18844,1
18845,0
18846,0
18847,0
18848,1
18849,0
18851,0
18852,0
18853,0
18854,0
18855,0
18856,0
18857,0
18861,0
18862,0
18864,1
18865,1
18866,0
18867,2
18868,0
18869,0
18870,0
18871,1
18872,0
18873,0
18874,2
18875,0
18876,0
18877,0
18878,0
18879,0
18881,0
18882,0
18884,0
18885,0
18886,0
18887,1
18888,0
18889,0
18890,0
18891,2
18892,0
18893,1
18894,2
18895,0
18896,2
18897,0
18898,0
18899,0
18900,0
18901,0
18902,0
18903,0
18904,0
18905,1
18906,1
18907,0
18908,2
18909,0
18911,2
18912,1
18913,0
18914,0
18915,0
18916,0
18917,0
18918,0
18919,1
18920,2
18921,1
18922,0
18923,1
18925,0
18926,0
18927,1
18928,0
18929,0
18930,0
18931,0
18932,2
18933,0
18934,0
18935,0
18937,0
18938,0
18939,2
18940,0
18941,0
18942,0
18943,0
18945,0
18946,0
18947,0
18949,0
18950,0
18951,1
18952,2
18954,0
18955,0
18956,0
18958,0
18959,0
18960,1
18961,0
18962,0
18963,0
18964,0
18965,0
18966,0
18967,1
18968,0
18969,1
18970,0
18972,0
18973,0
18974,0
18975,0
18976,1
18977,0
18979,0
18980,1
18981,0
18983,2
18985,0
18986,0
18987,0
18988,1
18989,0
18991,0
18992,0
18993,2
18995,0
18996,0
18997,0
18998,1
18999,0
19000,0
19001,1
19002,1
19003,0
19004,0
19008,0
19010,1
19011,0
19012,1
19013,0
19014,0
19015,0
19016,2
19017,0
19020,0
19021,1
19022,0
19023,0
19024,0
19025,0
19026,2
19027,0
19029,1
19031,0
19034,1
19036,2
19037,0
19038,0
19039,0
19040,0
19041,1
19042,0
19043,0
19044,0
19046,0
19047,2
19048,0
19049,0
19050,2
19051,0
19052,0
19053,1
19054,0
19055,0
19056,0
19058,0
19059,0
19060,2
19061,0
19062,0
19063,0
19064,0
19065,0
19067,0
19069,0
19070,0
19071,0
19072,2
19073,0
19074,0
19075,0
19076,2
19077,2
19079,0
19080,1
19081,1
19082,2
19083,0
19084,1
19085,0
19086,0
19087,0
19088,0
19089,1
19090,0
19091,0
19092,0
19093,0
19094,0
19095,0
19096,0
19097,1
19098,2
19099,0
19101,0
19102,0
19103,0
19104,2
19105,0
19106,1
19108,0
19109,0
19110,0
19111,0
19112,0
19113,1
19114,0
19115,0
19116,1
19117,0
19118,1
19119,1
19120,0
19121,0
19122,0
19123,0
19124,0
19125,0
19126,0
19127,0
19128,0
19129,1
19130,0
19131,0
19132,0
19133,0
19134,1
19136,2
19137,0
19139,1
19140,0
19141,0
19142,0
19143,0
19144,1
19145,0
19146,0
19147,1
19148,0
19149,0
19150,2
19151,0
19152,0
19153,1
19154,0
19155,0
19156,0
19157,1
19158,0
19159,0
19160,0
19161,0
19162,2
19163,0
19164,0
19165,0
19166,0
19167,0
19168,2
19169,0
19170,1
19171,0
19172,0
19173,0
19174,0
19175,0
19176,1
19177,0
19178,0
19179,0
19181,0
19182,1
19183,0
19184,0
19185,0
19186,0
19187,0
19188,2
19189,0
19191,2
19192,0
19193,0
19194,0
19196,2
19197,0
19198,0
19199,0
19200,1
19201,0
19202,0
19203,0
19204,1
19205,0
19206,0
19207,0
19208,0
19209,0
19211,0
19212,2
19213,0
19214,0
19215,2
19216,2
19217,0
19218,0
19219,0
19220,0
19221,0
19222,0
19223,0
19224,0
19225,0
19226,1
19227,0
19228,0
19229,0
19230,1
19231,0
19232,0
19233,0
19234,0
19235,0
19236,0
19237,0
19238,0
19239,0
19240,0
19241,0
19242,1
19243,0
19244,0
19245,0
19246,0
19247,0
19248,0
19249,0
19250,0
19251,0
19252,2
19253,1
19254,0
19255,0
19256,0
19257,1
19258,0
19259,0
19260,0
19261,1
19262,0
19263,0
19264,0
19265,0
19266,1
19267,0
19270,0
19271,0
19272,0
19273,0
19274,1
19275,0
19276,0
19277,2
19280,0
19281,0
19282,1
19283,1
19284,1
19285,0
19286,0
19287,0
19288,0
19289,0
19290,2
19291,0
19292,0
19293,0
19294,2
19295,0
19296,0
19297,0
19298,0
19299,0
19300,1
19301,0
19302,0
19303,0
19304,0
19305,2
19307,0
19308,0
19309,1
19310,0
19311,0
19312,0
19313,0
19314,0
19315,0
19316,0
19317,0
19318,2
19319,0
19320,0
19321,0
19322,0
19323,0
19324,1
19325,0
19326,1
19328,0
19329,1
19330,0
19331,1
19333,0
19334,0
19336,0
19338,0
19339,1
19340,0
19341,2
19342,0
19343,1
19344,0
19345,0
19346,0
19347,0
19348,1
19349,0
19350,2
19351,0
19352,1
19353,0
19354,0
19355,0
19356,0
19357,0
19358,1
19359,2
19360,0
19361,0
19362,1
19363,0
19364,0
19365,0
19366,0
19367,0
19368,0
19370,1
19371,1
19372,0
19373,0
19374,0
19375,1
19376,0
19377,0
19378,0
19379,0
19380,0
19381,0
19382,0
19383,0
19384,1
19385,0
19386,2
19387,1
19388,2
19390,2
19391,0
19392,0
19393,0
19394,0
19395,0
19396,0
19397,0
19399,0
19400,1
19401,0
19402,0
19403,2
19404,0
19405,0
19407,0
19408,0
19409,0
19410,1
19411,0
19413,1
19414,0
19415,0
19416,0
19417,0
19418,1
19419,0
19420,0
19421,0
19422,1
19424,0
19426,0
19427,0
19428,0
19429,0
19430,1
19431,0
19432,0
19433,0
19434,0
19435,1
19436,0
19438,0
19439,0
19440,1
19441,0
19442,0
19443,0
19446,0
19447,0
19448,0
19449,0
19450,0
19451,0
19452,0
19453,0
19454,0
19455,1
19456,0
19457,0
19458,0
19459,1
19460,0
19462,2
19463,0
19464,0
19465,0
19466,2
19467,0
19468,0
19469,0
19470,1
19471,0
19472,1
19474,1
19475,0
19476,0
19477,0
19478,0
19479,0
19480,0
19481,0
19482,0
19483,1
19484,0
19486,1
19487,2
19488,0
19489,1
19490,0
19491,1
19492,2
19493,2
19494,1
19495,2
19496,0
19497,0
19498,0
19499,0
19500,0
19501,0
19502,0
19503,0
19504,0
19506,0
19507,0
19508,1
19509,0
19511,0
19512,0
19513,0
19514,0
19515,0
19516,0
19517,2
19518,0
19519,2
19520,0
19521,0
19522,1
19523,0
19524,0
19525,0
19526,0
19527,0
19528,1
19529,0
19530,2
19531,1
19532,0
19533,1
19534,0
19535,0
19537,1
19538,0
19539,2
19540,0
19541,0
19542,0
19543,0
19544,0
19545,1
19546,1
19547,0
19548,2
19549,0
19550,0
19551,0
19552,0
19553,0
19554,0
19555,0
19556,0
19557,0
19558,2
19559,2
19561,0
19562,1
19563,0
19564,0
19565,0
19566,0
19567,1
19568,0
19569,2
19570,0
19571,0
19572,0
19573,0
19574,0
19575,0
19576,0
19577,0
19578,1
19579,1
19580,0
19581,0
19582,0
19583,1
19584,0
19585,0
19586,0
19587,0
19588,1
19589,0
19590,0
19591,1
19592,2
19593,0
19594,0
19595,0
19596,0
19597,0
19598,0
19599,0
19601,0
19602,0
19603,2
19604,0
19606,2
19607,0
19608,0
19611,0
19612,2
19613,0
19614,0
19615,1
19616,0
19618,2
19619,0
19620,0
19621,1
19622,0
19623,0
19624,0
19625,1
19627,0
19628,0
19629,0
19630,1
19631,0
19632,0
19633,0
19634,0
19635,0
19636,0
19637,0
19638,0
19639,1
19640,0
19641,0
19642,0
19643,0
19644,0
19646,0
19647,0
19648,0
19649,0
19650,0
19651,0
19652,0
19653,0
19654,0
19655,0
19656,0
19657,0
19658,0
19659,0
19660,0
19662,0
19663,0
19664,0
19665,2
19666,0
19667,0
19668,2
19669,0
19670,0
19671,0
19672,1
19673,0
19674,0
19675,0
19676,0
19677,0
19678,0
19679,0
19680,2
19681,0
19682,0
19683,0
19685,0
19686,1
19687,0
19688,0
19689,0
19690,0
19692,0
19693,1
19695,1
19696,0
19697,0
19698,1
19699,0
19700,0
19701,0
19702,0
19703,1
19704,0
19705,0
19706,1
19707,0
19708,0
19709,1
19710,0
19711,0
19712,2
19713,0
19714,0
19715,0
19717,2
19718,0
19719,0
19720,1
19722,1
19723,0
19724,0
19725,0
19726,1
19728,2
19729,0
19730,0
19731,0
19732,0
19733,0
19734,0
19735,0
19737,0
19738,0
19739,1
19740,2
19741,0
19742,1
19743,0
19744,0
19745,0
19747,0
19748,2
19749,0
19750,0
19751,0
19752,2
19753,0
19754,0
19755,0
19756,0
19757,0
19758,0
19759,0
19760,0
19761,0
19762,2
19763,1
19765,0
19766,1
19767,0
19768,1
19769,0
19772,0
19773,0
19774,0
19775,1
19776,0
19777,0
19778,0
19779,0
19780,0
19781,0
19782,0
19784,2
19785,0
19786,0
19787,0
19788,1
19789,0
19791,0
19792,1
19793,0
19794,0
19795,0
19796,0
19797,0
19799,0
19800,0
19801,0
19802,1
19803,0
19804,0
19805,0
19806,0
19807,0
19808,0
19809,0
19810,0
19811,0
19813,0
19815,0
19816,1
19817,0
19818,1
19819,0
19820,0
19821,0
19822,1
19823,0
19824,1
19825,0
19826,0
19827,0
19828,0
19830,0
19831,0
19832,0
19833,0
19834,1
19835,0
19836,0
19837,0
19838,2
19839,0
19841,0
19842,2
19843,0
19844,0
19845,0
19846,0
19847,1
19848,0
19849,0
19850,2
19851,0
19852,1
19853,0
19854,1
19855,0
19856,0
19858,0
19859,0
19860,1
19862,1
19864,0
19865,1
19866,0
19867,0
19868,0
19869,0
19870,0
19871,1
19872,2
19873,0
19874,0
19875,0
19876,0
19877,1
19878,0
19879,0
19880,0
19881,0
19883,2
19884,1
19885,0
19886,1
19887,2
19889,0
19890,0
19892,0
19893,0
19894,2
19895,0
19896,0
19897,0
19898,0
19899,0
19900,0
19902,0
19903,0
19905,1
19907,0
19908,0
19909,0
19910,0
19911,0
19912,0
19913,0
19914,0
19915,0
19916,0
19917,0
19919,0
19920,0
19921,2
19922,0
19923,1
19924,0
19925,0
19926,0
19927,0
19928,1
19929,0
19930,2
19931,0
19932,0
19933,0
19934,1
19935,0
19936,0
19937,0
19938,0
19940,0
19941,0
19942,0
19943,0
19944,2
19945,1
19948,0
19949,0
19950,1
19951,0
19952,1
19955,0
19956,0
19957,0
19958,0
19959,2
19960,0
19961,0
19962,0
19963,2
19964,0
19965,0
19966,0
19967,0
19968,0
19969,0
19970,1
19971,0
19973,0
19974,0
19975,0
19976,1
19977,0
19978,1
19979,0
19980,0
19981,0
19982,1
19983,0
19984,0
19985,1
19986,0
19987,1
19988,0
19989,0
19990,0
19991,0
19993,0
19994,1
19995,0
19996,0
19997,0
19998,0
19999,0
20001,0
20002,2
20003,0
20005,0
20006,1
20007,0
20008,0
20009,1
20010,1
20011,0
20013,0
20014,0
20015,1
20017,0
20019,0
20020,0
20021,0
20022,0
20024,1
20025,0
20027,0
20028,0
20029,0
20031,0
20033,0
20034,0
20035,0
20037,0
20038,0
20039,0
20040,0
20041,0
20042,0
20043,0
20044,0
20045,0
20046,0
20047,0
20048,0
20050,0
20052,0
20053,0
20054,0
20055,0
20056,0
20057,0
20058,2
20059,0
20060,0
20061,0
20062,2
20063,0
20064,0
20065,0
20067,0
20068,1
20069,0
20070,0
20071,0
20072,0
20073,0
20074,2
20075,0
20076,0
20077,1
20078,0
20080,0
20081,0
20082,0
20083,2
20084,0
20085,0
20086,0
20087,0
20088,0
20089,0
20091,2
20092,0
20093,0
20094,0
20095,2
20096,0
20097,2
20098,0
20099,2
20100,0
20101,1
20102,0
20103,0
20104,0
20106,0
20107,1
20108,2
20109,0
20110,1
20112,0
20113,0
20114,0
20115,0
20116,0
20118,1
20119,0
20120,1
20121,0
20122,0
20123,0
20124,0
20127,2
20128,1
20129,0
20130,0
20131,0
20132,2
20133,0
20134,0
20135,0
20136,0
20137,0
20138,0
20139,0
20140,0
20142,1
20143,0
20144,1
20145,0
20146,0
20147,0
20149,2
20150,2
20151,0
20152,0
20153,2
20154,0
20155,1
20156,0
20157,0
20158,1
20159,0
20160,0
20161,0
20162,0
20163,0
20164,0
20165,1
20166,0
20167,2
20168,1
20169,0
20170,0
20171,0
20172,0
20173,0
20174,0
20175,2
20176,0
20177,0
20178,2
20181,0
20182,0
20183,0
20184,2
20186,0
20187,0
20188,0
20189,2
20190,0
20191,0
20192,0
20193,1
20194,0
20195,0
20196,0
20197,0
20198,1
20199,0
20200,0
20201,1
20202,0
20203,0
20204,0
20205,2
20206,0
20207,1
20208,0
20209,0
20210,0
20211,1
20212,0
20214,0
20215,0
20216,0
20217,0
20219,0
20220,0
20221,0
20222,0
20223,0
20225,1
20226,1
20227,0
20228,0
20229,0
20230,0
20231,0
20232,0
20233,0
20234,1
20235,0
20236,0
20238,0
20239,2
20240,0
20242,0
20243,0
20244,0
20245,0
20246,2
20247,0
20248,2
20249,2
20250,0
20251,0
20252,2
20253,0
20254,0
20255,0
20256,0
20257,0
20258,0
20259,0
20260,0
20261,1
20262,0
20263,0
20264,1
20265,0
20266,0
20267,0
20268,0
20269,2
20270,1
20272,0
20273,0
20274,0
20275,0
20276,1
20277,0
20280,0
20281,0
20282,0
20283,2
20284,0
20285,0
20287,1
20288,0
20289,0
20290,0
20291,2
20292,0
20293,0
20294,0
20295,0
20296,0
20297,0
20298,0
20299,1
20300,0
20301,1
20302,2
20303,0
20304,0
20305,2
20306,1
20307,1
20308,0
20309,0
20311,0
20312,0
20314,0
20315,2
20316,0
20317,0
20318,0
20319,0
20320,1
20321,0
20322,0
20323,0
20324,0
20326,0
20327,0
20329,0
20330,0
20332,0
20334,0
20335,0
20336,0
20337,0
20338,0
20339,0
20340,1
20341,1
20342,0
20343,0
20344,2
20346,0
20347,0
20348,0
20349,0
20350,0
20351,0
20352,0
20353,0
20354,0
20355,0
20357,0
20359,0
20360,0
20361,1
20362,2
20363,0
20365,0
20366,0
20367,0
20369,0
20370,0
20371,0
20372,0
20373,0
20374,0
20375,0
20376,1
20377,1
20378,0
20379,0
20380,0
20381,0
20382,2
20383,0
20384,0
20385,0
20386,0
20387,0
20388,2
20389,1
20390,2
20391,0
20392,2
20393,1
20394,1
20397,0
20398,0
20399,0
20400,0
20401,0
20402,0
20403,0
20404,0
20405,0
20406,0
20407,0
20409,0
20410,2
20411,2
20412,2
20413,0
20414,1
20415,0
20416,1
20417,2
20418,1
20419,0
20420,0
20421,2
20422,0
20423,0
20424,1
20425,0
20426,0
20427,0
20429,0
20431,1
20432,0
20433,1
20434,1
20435,1
20436,0
20437,1
20438,0
20439,0
20440,0
20442,0
20443,1
20445,0
20446,0
20447,0
20448,0
20449,0
20451,0
20452,1
20454,0
20455,0
20456,1
20457,0
20458,1
20459,2
20460,0
20462,1
20463,0
20464,0
20465,0
20466,0
20467,0
20469,0
20470,0
20471,0
20472,0
20473,0
20474,0
20475,0
20476,0
20477,1
20478,0
20479,0
20480,0
20481,2
20482,2
20483,2
20484,0
20485,0
20486,0
20488,0
20489,0
20490,0
20491,0
20492,0
20493,0
20494,0
20495,0
20496,2
20497,0
20498,0
20499,0
20500,1
20501,1
20502,0
20503,0
20505,0
20506,0
20507,0
20508,0
20509,0
20512,1
20513,0
20514,0
20515,0
20516,0
20517,0
20518,0
20520,0
20521,0
20524,0
20526,1
20528,0
20529,0
20530,0
20531,0
20532,0
20533,0
20534,0
20535,0
20536,1
20537,0
20539,0
20540,0
20541,0
20542,0
20543,0
20545,0
20546,0
20549,0
20550,0
20551,1
20552,0
20553,0
20554,0
20555,0
20556,0
20557,0
20558,0
20559,0
20560,0
20561,0
20562,1
20563,0
20564,2
20565,0
20566,0
20567,0
20568,0
20569,0
20570,0
20571,0
20572,0
20573,0
20574,2
20575,0
20577,0
20578,1
20580,0
20581,0
20582,1
20583,0
20585,0
20588,0
20589,0
20590,0
20591,0
20592,0
20593,0
20594,0
20596,2
20597,0
20598,0
20599,0
20600,1
20601,0
20602,0
20603,0
20604,0
20605,0
20606,0
20607,0
20608,0
20610,0
20611,0
20612,0
20613,0
20614,0
20616,0
20617,0
20618,0
20619,0
20620,0
20622,1
20623,0
20624,2
20625,0
20626,0
20627,2
20628,0
20629,0
20630,2
20631,0
20632,0
20633,0
20634,0
20635,0
20637,0
20638,0
20639,0
20640,0
20641,0
20643,0
20644,0
20645,0
20646,0
20647,1
20648,0
20649,0
20651,0
20652,0
20653,0
20654,0
20655,0
20656,0
20657,1
20658,0
20659,0
20660,0
20661,0
20663,0
20664,0
20665,1
20666,1
20667,0
20668,0
20669,1
20670,0
20671,1
20673,0
20674,0
20675,0
20676,2
20678,0
20679,2
20680,0
20681,0
20682,0
20683,0
20684,0
20685,0
20686,0
20687,0
20688,2
20689,0
20690,0
20691,0
20692,0
20693,0
20694,0
20695,0
20696,0
20697,0
20698,1
20699,0
20700,0
20701,0
20702,2
20703,0
20704,0
20705,1
20706,0
20707,0
20708,0
20710,2
20712,0
20713,0
20714,0
20715,1
20716,0
20717,0
20719,0
20720,0
20721,0
20722,0
20723,0
20724,0
20725,1
20726,0
20727,0
20728,0
20729,0
20731,0
20732,0
20733,0
20734,0
20735,0
20736,0
20737,0
20738,0
20739,0
20740,0
20741,0
20742,1
20743,0
20744,0
20745,0
20746,0
20747,2
20748,0
20749,0
20750,0
20751,1
20752,0
20753,0
20754,0
20755,0
20756,1
20757,0
20758,0
20759,0
20760,0
20761,0
20762,0
20763,0
20765,1
20766,0
20767,1
20768,0
20769,0
20771,0
20772,0
20773,0
20774,2
20776,1
20777,0
20779,0
20781,0
20782,0
20783,1
20784,0
20786,0
20787,0
20788,0
20789,0
20790,0
20791,0
20792,0
20793,0
20794,0
20795,0
20797,0
20798,0
20800,0
20801,0
20802,0
20803,0
20804,2
20805,1
20807,0
20808,0
20809,0
20810,0
20811,0
20814,0
20815,0
20816,0
20817,1
20818,0
20819,1
20820,1
20821,1
20822,0
20823,0
20824,2
20825,1
20826,0
20827,0
20828,0
20829,0
20831,1
20832,2
20833,0
20834,0
20835,0
20836,0
20837,1
20838,0
20839,0
20840,1
20841,0
20842,0
20843,1
20844,2
20845,2
20846,2
20848,0
20849,0
20850,0
20851,0
20852,0
20853,2
20854,0
20855,1
20856,0
20857,0
20858,0
20859,0
20860,0
20861,0
20862,0
20864,0
20865,0
20866,0
20867,0
20868,0
20869,0
20870,0
20871,0
20872,0
20873,0
20874,0
20875,0
20876,0
20879,0
20880,0
20882,1
20883,1
20884,0
20885,0
20886,0
20887,2
20888,0
20889,0
20890,0
20891,0
20892,0
20894,0
20895,0
20896,0
20897,0
20898,0
20899,0
20900,0
20901,0
20902,1
20904,0
20905,0
20906,0
20907,0
20908,0
20909,0
20911,1
20912,0
20914,0
20915,0
20916,0
20917,0
20918,0
20919,0
20920,0
20922,0
20924,1
20927,2
20928,0
20929,0
20930,0
20931,0
20932,1
20933,0
20934,0
20935,0
20936,1
20937,0
20938,0
20939,0
20940,0
20941,0
20942,0
20944,0
20945,0
20946,0
20947,0
20948,0
20949,0
20950,0
20951,0
20952,0
20953,0
20954,0
20955,0
20956,0
20957,0
20958,0
20960,0
20961,0
20962,0
20963,0
20964,0
20965,0
20966,0
20967,2
20968,0
20969,0
20970,0
20971,1
20972,0
20973,0
20974,0
20975,0
20976,0
20977,0
20978,0
20980,0
20981,0
20982,0
20983,0
20984,0
20985,1
20986,1
20987,0
20988,0
20990,0
20991,0
20992,1
20993,0
20994,0
20995,0
20996,0
20997,0
20998,0
20999,0
21000,0
21001,2
21002,0
21003,0
21004,0
21007,0
21008,1
21009,0
21010,0
21011,0
21012,0
21013,0
21014,1
21015,0
21016,1
21017,2
21018,0
21019,1
21021,2
21022,0
21023,0
21024,1
21025,0
21026,1
21029,0
21030,1
21031,0
21032,0
21033,0
21034,1
21035,0
21036,0
21037,1
21038,0
21039,2
21040,1
21042,0
21043,0
21044,0
21045,1
21046,0
21047,0
21049,1
21050,0
21051,0
21052,0
21054,0
21056,0
21057,0
21058,2
21059,1
21060,0
21061,1
21062,0
21063,0
21064,1
21065,0
21066,0
21067,1
21068,0
21069,0
21070,0
21071,0
21072,0
21073,0
21075,1
21076,0
21077,1
21078,0
21079,0
21080,0
21082,0
21083,0
21084,0
21085,0
21086,1
21087,1
21089,0
21090,0
21091,0
21092,0
21093,1
21094,0
21095,0
21096,0
21097,0
21098,0
21099,2
21100,0
21101,1
21102,0
21103,0
21104,2
21105,0
21107,2
21108,1
21109,0
21110,0
21111,2
21112,0
21114,0
21115,0
21116,1
21117,0
21118,0
21119,0
21120,0
21121,0
21122,0
21123,0
21124,0
21126,0
21127,0
21129,1
21130,0
21131,0
21132,1
21133,2
21134,0
21135,1
21136,0
21137,0
21138,0
21139,1
21140,0
21141,1
21142,0
21143,0
21144,0
21145,0
21146,0
21147,0
21148,1
21149,1
21150,0
21151,0
21152,1
21154,0
21155,1
21156,0
21157,0
21158,0
21159,0
21160,0
21162,0
21163,0
21164,0
21165,0
21166,1
21167,0
21168,0
21169,0
21170,0
21171,0
21172,2
21173,1
21174,0
21175,0
21176,1
21177,0
21178,0
21179,0
21180,0
21181,0
21182,0
21183,0
21184,0
21185,0
21186,0
21187,0
21188,0
21189,0
21190,0
21191,2
21192,0
21193,0
21194,0
21195,0
21196,1
21197,0
21198,0
21199,0
21200,0
21201,0
21202,0
21203,2
21204,2
21205,0
21206,0
21207,0
21208,0
21209,0
21211,1
21212,0
21214,1
21215,0
21217,0
21218,0
21219,0
21220,1
21221,2
21222,0
21223,0
21224,0
21225,1
21226,0
21227,0
21228,0
21229,2
21230,1
21231,0
21232,0
21233,0
21234,0
21235,0
21236,0
21237,0
21238,0
21239,0
21240,1
21241,0
21242,0
21243,2
21244,0
21245,0
21246,1
21247,0
21248,2
21249,0
21250,0
21251,0
21252,0
21253,0
21254,0
21255,0
21256,1
21257,1
21259,1
21260,0
21261,1
21262,0
21264,0
21266,1
21267,0
21268,0
21269,0
21270,0
21271,0
21272,0
21273,0
21274,0
21276,2
21278,0
21279,0
21280,2
21281,0
21283,0
21284,0
21285,0
21286,0
21287,0
21288,2
21289,0
21290,0
21291,1
21292,0
21294,0
21296,0
21297,0
21298,0
21299,0
21300,0
21301,0
21302,2
21303,0
21304,2
21305,0
21306,0
21307,1
21308,0
21309,0
21310,0
21311,1
21312,0
21314,0
21315,2
21316,2
21317,0
21318,0
21319,0
21320,0
21321,0
21322,0
21323,0
21324,0
21325,2
21326,0
21327,0
21328,0
21330,0
21331,0
21332,0
21333,1
21334,2
21335,1
21336,0
21337,0
21338,0
21339,1
21340,0
21341,0
21342,1
21343,0
21344,2
21345,0
21346,0
21347,0
21348,0
21349,1
21350,2
21351,0
21352,1
21355,0
21356,0
21357,0
21358,0
21360,1
21361,0
21362,0
21363,1
21364,0
21365,2
21366,0
21368,1
21369,0
21370,2
21371,0
21374,0
21375,1
21376,0
21377,0
21378,0
21379,0
21380,0
21381,0
21382,2
21383,0
21384,1
21385,0
21386,1
21387,0
21388,0
21389,2
21391,0
21392,0
21393,0
21394,0
21395,0
21396,0
21397,0
21399,0
21400,0
21401,0
21402,0
21403,0
21404,2
21405,2
21406,0
21407,0
21408,0
21411,1
21412,0
21413,0
21414,0
21415,0
21416,2
21417,0
21418,0
21419,0
21420,0
21421,0
21422,0
21423,1
21424,0
21425,0
21426,0
21427,0
21428,0
21429,0
21430,1
21431,2
21432,1
21433,0
21435,0
21437,0
21438,1
21439,0
21440,0
21441,0
21442,0
21443,0
21444,1
21447,0
21448,0
21449,0
21451,0
21452,0
21453,1
21454,0
21456,0
21457,0
21458,0
21459,0
21460,0
21461,0
21462,0
21463,0
21464,0
21465,0
21466,0
21467,0
21468,0
21469,1
21470,0
21471,0
21472,0
21473,0
21474,0
21475,1
21476,0
21477,0
21478,2
21479,0
21480,0
21481,0
21482,0
21483,2
21484,0
21485,1
21486,0
21487,0
21488,1
21489,0
21490,0
21491,1
21492,0
21494,0
21496,0
21497,0
21498,0
21499,0
21500,0
21501,0
21503,1
21504,0
21505,1
21506,0
21507,1
21508,0
21509,0
21510,1
21511,0
21513,0
21514,0
21515,0
21516,0
21517,0
21518,1
21519,0
21520,0
21521,0
21522,0
21523,0
21524,1
21525,0
21526,1
21527,0
21528,0
21529,1
21530,1
21531,0
21532,0
21533,0
21534,0
21535,0
21536,0
21537,0
21538,0
21539,2
21540,1
21541,0
21542,0
21543,0
21544,0
21545,0
21546,0
21547,0
21548,0
21549,0
21551,0
21552,1
21554,0
21555,2
21556,2
21557,0
21558,0
21559,0
21560,0
21561,0
21562,0
21563,1
21564,1
21565,0
21566,0
21567,0
21568,0
21569,2
21570,0
21571,1
21572,0
21573,0
21574,0
21575,0
21576,0
21577,0
21578,0
21579,0
21581,0
21582,0
21583,0
21584,0
21585,0
21587,0
21588,0
21590,0
21591,0
21594,0
21595,1
21596,1
21600,0
21601,0
21602,1
21603,0
21606,0
21607,0
21608,0
21609,0
21610,0
21611,0
21612,0
21613,0
21614,0
21615,0
21616,0
21617,0
21618,1
21619,0
21620,2
21622,2
21623,2
21624,0
21625,0
21626,0
21627,1
21628,0
21629,0
21630,0
21631,0
21632,2
21634,0
21635,1
21636,0
21637,2
21638,0
21640,1
21641,0
21642,0
21643,0
21644,2
21645,0
21646,1
21647,0
21648,0
21649,2
21650,1
21651,0
21652,0
21653,1
21654,0
21655,1
21656,0
21657,1
21658,1
21659,0
21660,0
21661,0
21662,1
21663,2
21664,0
21665,0
21666,0
21667,1
21668,0
21669,0
21670,0
21671,2
21672,0
21673,1
21674,0
21676,0
21677,1
21678,0
21680,0
21681,1
21682,0
21683,2
21685,0
21686,1
21687,0
21688,0
21689,0
21690,0
21691,1
21692,0
21693,0
21694,0
21695,1
21696,0
21697,0
21698,0
21699,1
21700,0
21701,0
21702,0
21703,0
21704,0
21706,2
21707,0
21708,0
21709,0
21711,0
21712,0
21713,0
21714,0
21715,2
21716,0
21717,1
21718,0
21719,0
21720,0
21721,0
21722,0
21723,0
21724,0
21725,2
21726,1
21727,0
21728,1
21729,0
21730,0
21731,0
21732,0
21733,0
21734,0
21736,0
21737,0
21738,1
21739,0
21741,0
21742,0
21743,2
21744,0
21745,0
21747,0
21748,2
21751,0
21752,0
21753,0
21755,0
21756,0
21757,0
21758,0
21759,0
21761,0
21762,1
21763,0
21764,2
21765,0
21766,0
21767,0
21768,0
21769,0
21770,0
21771,0
21772,0
21773,0
21774,0
21775,0
21776,0
21777,0
21778,0
21779,0
21780,0
21781,0
21782,0
21783,0
21784,1
21785,0
21786,0
21787,0
21788,1
21789,0
21790,0
21792,0
21793,0
21794,0
21795,0
21796,0
21797,0
21798,0
21799,0
21800,0
21801,2
21802,0
21803,2
21804,0
21805,2
21806,0
21807,0
21808,1
21809,0
21810,1
21811,0
21812,0
21813,0
21814,0
21815,1
21816,0
21817,0
21818,2
21819,0
21820,0
21821,1
21822,0
21823,0
21824,0
21825,0
21826,1
21828,0
21829,0
21830,0
21831,0
21832,0
21833,1
21834,0
21835,0
21836,0
21838,1
21839,0
21841,0
21843,0
21844,1
21845,0
21846,0
21848,1
21849,1
21850,1
21851,0
21852,0
21853,0
21854,2
21855,0
21856,0
21857,1
21858,0
21859,0
21861,0
21863,0
21864,0
21865,0
21866,0
21867,1
21868,0
21869,0
21870,1
21871,0
21872,0
21873,0
21874,0
21875,0
21876,2
21877,0
21878,2
21879,0
21880,1
21882,2
21884,0
21885,0
21886,0
21887,2
21888,0
21889,0
21890,0
21892,0
21893,0
21894,0
21895,0
21896,1
21897,1
21898,0
21900,0
21901,0
21902,0
21903,0
21904,0
21905,0
21906,0
21908,0
21911,0
21913,0
21914,0
21918,1
21919,0
21920,0
21921,0
21922,0
21923,2
21925,0
21926,0
21927,0
21928,1
21929,0
21930,1
21931,0
21932,0
21933,0
21934,0
21935,1
21936,0
21937,0
21938,0
21939,0
21940,0
21941,0
21942,0
21943,0
21944,2
21945,0
21946,0
21947,0
21948,0
21950,0
21952,0
21953,2
21954,0
21955,0
21957,0
21958,0
21959,2
21960,0
21961,1
21963,0
21964,0
21965,0
21966,1
21967,0
21970,1
21971,0
21972,1
21973,0
21974,0
21975,0
21976,0
21977,0
21978,0
21979,0
21981,0
21983,0
21984,1
21985,0
21986,0
21987,0
21988,0
21989,0
21990,0
21991,1
21992,1
21993,0
21994,1
21995,2
21996,0
21997,0
21998,1
21999,0
22000,2
22001,0
22002,0
22003,0
22004,0
22005,0
22006,0
22007,2
22008,0
22009,0
22010,0
22011,0
22012,0
22013,0
22014,0
22015,0
22016,0
22017,2
22018,0
22019,0
22021,0
22022,0
22023,0
22024,1
22025,0
22026,0
22027,1
22028,0
22029,0
22030,0
22031,0
22032,1
22033,0
22034,2
22035,0
22036,0
22038,0
22039,0
22040,1
22041,0
22042,0
22043,0
22044,0
22045,0
22046,0
22048,0
22049,0
22050,0
22051,0
22053,0
22054,0
22055,1
22056,0
22057,0
22058,0
22059,1
22060,0
22061,0
22062,0
22064,0
22065,1
22066,0
22067,0
22068,1
22069,2
22070,0
22071,0
22072,0
22073,0
22074,2
22075,0
22076,0
22077,0
22078,2
22079,0
22080,0
22081,0
22082,0
22083,0
22084,2
22086,0
22087,0
22088,0
22090,1
22091,0
22092,1
22094,2
22095,1
22096,0
22097,1
22098,0
22099,2
22100,0
22101,0
22104,1
22105,0
22106,0
22107,0
22108,1
22109,1
22110,0
22111,0
22112,0
22113,0
22114,1
22115,0
22116,2
22117,0
22118,0
22119,0
22120,1
22121,0
22122,0
22123,0
22124,1
22125,0
22126,0
22128,0
22129,0
22131,0
22132,0
22133,1
22134,0
22135,0
22136,0
22137,0
22138,0
22139,0
22140,0
22141,0
22142,0
22143,0
22144,0
22145,0
22146,0
22147,0
22149,0
22151,2
22152,0
22153,0
22154,0
22155,1
22157,0
22159,0
22160,1
22161,0
22162,1
22163,0
22164,0
22165,0
22166,0
22167,0
22168,2
22170,0
22171,0
22173,1
22174,0
22175,0
22176,0
22177,0
22179,2
22180,1
22181,2
22183,1
22184,2
22185,0
22186,0
22187,2
22188,0
22189,0
22190,1
22191,0
22192,0
22193,0
22194,0
22196,0
22197,0
22198,0
22199,1
22200,0
22201,0
22202,0
22203,0
22204,0
22205,1
22206,0
22207,1
22208,0
22209,0
22210,0
22211,1
22212,0
22213,1
22215,1
22216,1
22217,0
22219,0
22220,1
22224,0
22225,0
22226,0
22227,0
22228,2
22229,0
22230,0
22231,0
22232,0
22235,0
22237,0
22238,0
22239,0
22240,0
22241,0
22242,1
22243,0
22244,0
22246,0
22247,0
22248,0
22250,0
22251,0
22253,0
22254,0
22255,0
22257,0
22258,0
22259,0
22260,0
22261,0
22262,2
22263,0
22264,0
22265,0
22266,1
22267,1
22268,0
22269,1
22270,2
22271,2
22272,0
22273,0
22274,0
22275,0
22276,0
22277,0
22278,0
22279,0
22280,1
22281,0
22282,0
22283,0
22284,0
22285,0
22286,0
22287,1
22288,0
22289,1
22290,0
22291,1
22292,2
22293,0
22295,0
22296,0
22297,0
22298,0
22299,0
22300,0
22301,0
22302,0
22303,0
22304,1
22305,0
22306,0
22307,0
22308,1
22309,0
22310,0
22311,0
22312,0
22313,0
22314,0
22315,0
22316,0
22318,0
22319,0
22320,0
22321,2
22322,0
22323,0
22324,0
22325,0
22326,1
22327,1
22328,1
22329,0
22330,0
22331,2
22332,0
22333,2
22334,0
22335,0
22336,0
22337,0
22338,0
22339,0
22340,1
22341,1
22342,0
22343,0
22344,0
22345,0
22346,0
22347,0
22348,0
22349,1
22350,0
22351,2
22352,1
22353,0
22354,0
22355,1
22356,2
22357,0
22358,0
22359,2
22360,1
22362,0
22363,1
22364,0
22365,1
22366,1
22367,1
22368,0
22369,2
22370,0
22372,2
22373,0
22375,0
22376,2
22377,2
22378,0
22379,0
22380,0
22381,0
22382,0
22383,0
22385,0
22386,0
22387,0
22388,2
22389,0
22390,0
22391,0
22392,1
22393,0
22394,0
22395,0
22396,1
22397,2
22398,0
22399,0
22401,0
22402,0
22403,0
22404,0
22405,0
22406,0
22407,0
22408,0
22410,2
22411,0
22412,0
22413,2
22414,2
22415,0
22416,0
22417,0
22418,0
22419,2
22421,0
22422,1
22423,0
22425,2
22427,0
22428,0
22429,0
22430,0
22431,0
22432,1
22433,0
22434,1
22435,0
22437,0
22438,0
22439,0
22440,0
22441,0
22442,0
22443,0
22444,0
22445,0
22446,0
22447,0
22448,0
22450,0
22451,0
22452,0
22453,1
22454,0
22456,0
22457,0
22458,0
22459,0
22460,0
22461,0
22462,0
22463,0
22464,0
22465,0
22466,0
22467,0
22468,0
22469,2
22470,0
22471,1
22472,0
22473,0
22474,0
22475,0
22476,2
22477,1
22478,1
22479,0
22480,0
22481,0
22482,0
22483,0
22484,0
22485,0
22486,0
22487,2
22488,0
22489,0
22490,1
22491,0
22492,0
22493,0
22494,0
22495,1
22496,0
22497,0
22498,0
22499,1
22500,0
22501,0
22502,1
22503,0
22505,0
22506,0
22507,1
22508,0
22509,1
22510,0
22511,0
22512,0
22513,0
22514,0
22515,1
22516,0
22517,0
22518,0
22519,0
22520,0
22521,0
22522,1
22523,0
22524,0
22525,2
22526,2
22527,0
22528,0
22529,0
22531,0
22532,0
22533,0
22534,0
22535,2
22536,1
22537,0
22539,0
22540,0
22542,0
22543,0
22544,1
22545,0
22547,0
22548,0
22549,0
22550,2
22551,0
22552,0
22553,0
22554,2
22555,0
22556,0
22558,1
22560,0
22561,0
22562,0
22563,2
22564,0
22565,0
22566,0
22567,0
22568,0
22569,0
22572,0
22573,0
22574,0
22576,2
22577,0
22578,0
22579,1
22580,0
22581,0
22582,2
22584,0
22585,0
22586,0
22587,0
22588,0
22589,0
22590,2
22591,0
22594,0
22595,0
22596,0
22597,0
22598,0
22599,1
22601,1
22603,0
22604,0
22605,0
22606,0
22607,0
22608,0
22609,0
22610,1
22612,1
22613,0
22614,0
22615,0
22616,0
22617,0
22618,0
22619,1
22621,2
22622,0
22623,0
22624,2
22625,0
22627,0
22629,0
22630,0
22632,0
22633,0
22634,1
22635,0
22636,1
22637,0
22639,2
22640,0
22641,0
22642,0
22643,0
22644,1
22645,0
22646,1
22647,0
22649,0
22650,1
22651,0
22652,1
22653,0
22654,1
22655,0
22656,0
22657,0
22658,1
22659,1
22660,0
22661,0
22662,0
22663,0
22664,0
22665,0
22666,0
22667,1
22668,2
22669,0
22670,0
22671,0
22672,0
22673,0
22674,0
22675,1
22676,0
22681,0
22682,0
22683,0
22684,2
22685,0
22686,1
22687,0
22688,1
22689,0
22690,0
22691,0
22692,0
22693,0
22694,0
22695,0
22696,0
22697,0
22698,0
22700,0
22701,0
22702,0
22703,0
22704,0
22705,2
22707,0
22708,0
22709,1
22710,0
22711,0
22712,1
22713,0
22714,0
22715,0
22717,0
22718,0
22719,0
22720,0
22721,0
22722,0
22723,0
22725,0
22726,0
22727,0
22728,0
22729,0
22730,1
22731,1
22732,0
22733,0
22734,2
22735,0
22736,0
22738,0
22739,0
22740,1
22741,2
22742,0
22743,2
22744,0
22747,0
22748,1
22749,1
22750,0
22751,0
22752,1
22753,0
22754,0
22755,0
22756,0
22757,0
22758,0
22759,0
22760,0
22761,0
22762,0
22763,1
22764,0
22765,0
22766,0
22767,0
22768,0
22769,0
22770,0
22771,0
22772,1
22773,0
22774,0
22775,0
22776,0
22777,1
22778,0
22779,2
22780,0
22781,0
22782,0
22783,1
22784,1
22785,1
22786,0
22787,1
22788,1
22789,0
22790,1
22791,0
22792,0
22793,0
22794,0
22795,0
22796,0
22797,0
22799,0
22800,0
22801,0
22802,2
22803,1
22804,0
22805,0
22806,1
22808,0
22809,1
22810,0
22811,0
22812,0
22813,0
22814,0
22815,1
22816,2
22818,1
22819,0
22820,0
22821,0
22822,0
22823,0
22824,0
22825,0
22826,1
22827,0
22828,0
22829,2
22830,1
22831,0
22832,1
22833,0
22834,1
22835,0
22836,1
22837,0
22838,0
22840,0
22841,1
22842,0
22844,1
22845,0
22846,0
22847,0
22848,0
22849,0
22851,1
22852,1
22853,0
22854,0
22855,0
22856,0
22857,0
22858,0
22859,1
22860,0
22861,2
22862,0
22863,0
22864,0
22865,1
22867,0
22868,0
22869,0
22871,0
22872,0
22873,0
22874,2
22875,0
22876,0
22877,1
22878,0
22879,0
22880,0
22881,0
22882,1
22883,0
22884,1
22885,0
22886,0
22887,0
22888,0
22889,0
22890,0
22891,1
22892,0
22893,0
22894,1
22895,0
22896,0
22898,1
22899,1
22900,0
22901,0
22903,1
22904,0
22905,0
22906,1
22908,1
22909,0
22910,2
22911,0
22912,2
22913,0
22914,0
22915,0
22916,0
22917,0
22918,0
22919,0
22920,0
22921,0
22922,0
22923,0
22924,1
22925,0
22926,0
22929,2
22930,1
22931,0
22932,0
22933,0
22934,0
22935,2
22936,0
22938,0
22939,0
22940,0
22941,1
22942,0
22943,0
22944,0
22945,0
22946,0
22947,0
22948,2
22949,0
22951,0
22952,0
22953,0
22954,0
22955,0
22956,0
22957,1
22958,0
22959,0
22964,0
22965,0
22966,0
22967,1
22968,0
22969,0
22970,0
22971,2
22972,0
22973,1
22974,0
22975,0
22976,0
22978,0
22981,1
22982,0
22983,0
22984,0
22985,0
22986,0
22987,0
22988,0
22990,0
22992,0
22993,0
22994,0
22995,0
22996,0
22997,0
22998,0
22999,0
23000,0
23001,0
23002,0
23003,0
23004,0
23005,0
23006,1
23007,2
23008,0
23009,2
23010,0
23012,0
23013,1
23015,0
23016,0
23017,1
23019,0
23021,0
23022,0
23023,0
23024,1
23025,0
23026,0
23027,1
23028,0
23029,0
23030,0
23031,0
23032,0
23033,0
23034,0
23035,0
23036,0
23037,0
23038,1
23039,0
23040,0
23041,1
23043,0
23044,0
23045,0
23046,0
23047,0
23048,0
23049,0
23050,2
23051,1
23052,0
23053,0
23055,1
23057,0
23058,0
23060,0
23061,0
23062,0
23063,0
23064,0
23065,1
23066,2
23067,0
23068,0
23070,0
23072,1
23073,0
23074,0
23075,0
23076,1
23077,0
23078,0
23079,0
23080,0
23081,0
23082,0
23083,0
23084,0
23085,0
23086,1
23087,0
23088,0
23089,0
23090,0
23091,0
23092,1
23093,0
23094,1
23095,0
23096,0
23097,0
23098,0
23099,0
23100,0
23101,0
23102,2
23104,0
23105,0
23106,1
23107,1
23108,2
23109,0
23110,0
23111,1
23112,0
23113,0
23114,0
23115,0
23116,0
23117,0
23118,2
23119,0
23120,2
23121,0
23122,0
23123,0
23124,0
23125,0
23126,1
23128,2
23129,0
23131,0
23132,1
23133,0
23134,0
23135,0
23136,0
23137,0
23138,0
23139,0
23140,0
23142,0
23143,0
23144,0
23145,0
23147,0
23148,0
23149,0
23150,0
23151,0
23152,0
23153,0
23154,2
23155,0
23156,0
23157,0
23159,0
23160,0
23161,0
23162,1
23163,1
23164,0
23165,0
23166,1
23167,0
23169,0
23170,0
23171,1
23172,0
23173,0
23174,0
23175,0
23176,0
23177,0
23179,0
23180,0
23181,0
23182,0
23183,0
23184,0
23185,1
23186,0
23188,0
23189,0
23190,0
23191,0
23192,1
23193,0
23194,0
23195,0
23196,2
23197,0
23198,0
23199,0
23200,0
23201,0
23202,0
23203,0
23205,2
23206,0
23207,1
23208,1
23209,0
23210,0
23211,0
23212,0
23215,0
23216,0
23217,0
23218,2
23219,1
23220,0
23221,2
23222,0
23223,0
23224,0
23225,0
23226,0
23227,0
23228,0
23229,0
23230,0
23231,0
23232,1
23233,0
23234,0
23235,0
23236,0
23237,0
23238,0
23239,0
23240,0
23241,0
23243,0
23244,0
23245,0
23246,1
23247,0
23249,0
23250,0
23251,2
23252,0
23253,0
23254,0
23256,0
23257,1
23258,2
23259,1
23260,0
23261,0
23263,1
23264,0
23265,0
23267,1
23268,2
23269,0
23270,0
23272,0
23273,0
23274,0
23275,0
23276,0
23277,0
23279,0
23281,0
23282,1
23283,0
23284,0
23285,0
23286,2
23287,1
23288,2
23289,0
23290,1
23291,0
23292,0
23293,1
23294,1
23295,2
23296,1
23297,0
23298,0
23299,1
23300,1
23301,0
23302,0
23303,0
23304,0
23305,1
23306,0
23307,0
23308,0
23309,0
23310,0
23311,0
23312,0
23313,2
23314,0
23315,0
23316,2
23317,2
23318,1
23319,0
23320,0
23321,0
23322,0
23323,1
23324,0
23325,0
23326,0
23327,0
23328,0
23329,2
23331,0
23332,0
23333,0
23334,1
23335,2
23336,0
23337,0
23338,0
23339,0
23340,1
23341,0
23342,1
23343,0
23344,0
23345,0
23346,0
23348,0
23349,0
23350,0
23351,0
23354,0
23355,0
23357,0
23358,0
23359,0
23360,0
23361,0
23362,0
23363,1
23364,0
23365,0
23366,0
23367,0
23368,0
23369,0
23370,1
23371,0
23372,0
23373,0
23374,0
23375,0
23376,2
23378,0
23379,0
23381,0
23382,0
23384,0
23385,0
23387,0
23388,2
23389,2
23390,0
23391,0
23392,0
23393,0
23394,0
23395,0
23396,1
23397,0
23398,0
23399,0
23400,0
23401,2
23402,0
23404,0
23405,1
23407,0
23408,0
23410,0
23411,1
23412,0
23413,0
23414,0
23415,0
23416,0
23417,0
23419,0
23420,0
23423,0
23424,0
23425,0
23426,0
23427,0
23428,0
23429,0
23430,0
23431,0
23432,0
23433,0
23434,1
23435,0
23436,0
23437,0
23438,0
23439,0
23440,0
23441,0
23442,0
23443,0
23444,1
23445,0
23446,0
23447,0
23448,1
23449,1
23450,0
23451,2
23452,1
23453,0
23454,0
23455,0
23456,0
23457,0
23459,0
23460,2
23461,0
23462,0
23463,0
23464,0
23465,0
23466,0
23467,0
23469,0
23470,1
23472,1
23473,2
23474,2
23475,0
23476,0
23477,0
23478,0
23480,0
23481,0
23482,1
23483,0
23484,0
23485,1
23486,0
23487,0
23488,0
23489,0
23491,0
23492,0
23493,0
23494,0
23495,2
23496,0
23497,1
23498,0
23499,0
23500,0
23502,2
23503,0
23504,1
23505,0
23506,0
23508,0
23510,0
23511,0
23512,0
23513,0
23514,2
23515,0
23516,1
23517,0
23518,0
23519,0
23521,0
23522,0
23523,0
23525,1
23526,0
23528,1
23529,0
23530,0
23531,1
23532,0
23533,0
23534,0
23535,0
23536,1
23537,0
23538,1
23540,0
23541,0
23543,0
23544,0
23545,1
23547,0
23548,0
23549,0
23550,0
23551,0
23553,0
23554,1
23555,1
23556,0
23558,1
23559,0
23560,0
23561,0
23562,0
23563,1
23564,0
23565,0
23566,0
23567,0
23568,0
23570,0
23572,0
23574,0
23575,1
23576,1
23577,0
23578,0
23580,0
23581,0
23582,0
23583,0
23584,2
23585,0
23586,1
23587,1
23588,0
23589,0
23590,0
23591,1
23592,0
23594,0
23595,0
23596,1
23597,0
23598,0
23599,0
23600,0
23601,0
23602,2
23603,1
23604,1
23605,2
23606,0
23607,1
23608,0
23610,2
23611,1
23612,0
23613,0
23614,0
23615,0
23616,0
23617,0
23618,0
23619,0
23620,0
23621,0
23622,0
23623,0
23624,0
23625,1
23629,0
23630,2
23631,0
23632,0
23633,0
23634,0
23635,0
23636,0
23637,1
23638,0
23639,0
23640,0
23641,0
23642,0
23643,0
23645,0
23646,0
23647,1
23648,0
23649,0
23650,0
23651,2
23652,0
23653,0
23654,0
23655,0
23656,0
23657,0
23658,1
23659,0
23660,0
23661,0
23662,0
23664,0
23666,1
23667,0
23668,2
23669,0
23670,0
23673,0
23674,0
23675,0
23676,0
23677,0
23678,1
23679,1
23680,0
23681,1
23683,0
23684,0
23685,0
23686,0
23688,0
23689,1
23690,0
23691,2
23692,0
23693,1
23694,0
23695,0
23696,0
23697,1
23698,0
23699,0
23700,0
23701,0
23702,0
23703,0
23704,0
23705,0
23707,0
23708,0
23709,0
23710,0
23711,0
23713,0
23714,0
23715,2
23716,0
23717,1
23718,0
23719,1
23720,0
23721,0
23722,0
23723,0
23724,0
23725,0
23726,2
23727,1
23728,0
23729,0
23730,0
23731,0
23732,0
23733,0
23734,0
23735,2
23736,1
23737,0
23738,0
23739,0
23740,1
23741,0
23742,0
23743,1
23744,1
23745,2
23747,1
23749,0
23750,0
23751,0
23752,0
23753,2
23754,1
23755,2
23756,0
23757,1
23758,0
23759,0
23760,0
23761,0
23762,0
23763,0
23764,0
23767,0
23768,0
23769,2
23770,0
23771,0
23773,0
23774,0
23775,0
23776,0
23777,0
23778,0
23779,0
23780,0
23781,0
23782,0
23783,0
23784,0
23785,0
23786,0
23787,0
23788,0
23789,0
23790,0
23791,0
23792,0
23794,0
23795,0
23796,1
23797,1
23798,0
23799,0
23801,0
23802,0
23803,1
23804,0
23805,0
23806,0
23807,0
23808,0
23809,1
23811,0
23812,0
23813,0
23814,0
23815,0
23816,0
23817,0
23819,0
23820,0
23821,0
23822,0
23823,0
23825,1
23826,0
23827,0
23828,0
23829,0
23830,0
23831,1
23832,0
23833,0
23834,0
23835,0
23836,0
23837,0
23838,0
23839,1
23840,0
23841,0
23842,0
23843,0
23844,0
23845,0
23846,0
23847,1
23848,0
23849,0
23850,0
23851,0
23852,1
23853,0
23854,0
23855,0
23856,1
23858,0
23859,1
23860,2
23862,0
23864,0
23865,0
23866,0
23867,0
23868,2
23869,0
23870,0
23871,0
23873,0
23874,1
23875,1
23876,1
23877,0
23878,0
23880,2
23881,0
23882,2
23883,1
23884,0
23885,0
23886,1
23887,0
23888,2
23889,0
23890,0
23891,0
23892,0
23893,0
23894,1
23895,0
23896,0
23898,0
23899,1
23900,0
23901,0
23902,0
23903,0
23904,0
23905,0
23906,1
23907,0
23908,0
23909,0
23910,0
23911,0
23912,1
23913,0
23914,0
23915,0
23916,1
23917,0
23918,1
23919,0
23920,0
23921,0
23922,0
23923,0
23924,0
23925,0
23926,1
23929,0
23930,0
23931,0
23932,1
23933,0
23934,0
23935,1
23936,0
23937,0
23938,0
23939,1
23940,0
23941,0
23942,0
23943,2
23944,0
23946,0
23947,0
23948,1
23950,2
23951,1
23952,1
23953,0
23954,0
23955,0
23957,2
23958,1
23959,0
23960,0
23962,0
23964,1
23965,2
23966,0
23967,1
23968,0
23969,0
23970,0
23971,0
23972,2
23973,0
23974,0
23975,0
23976,2
23978,0
23979,2
23980,0
23981,0
23982,0
23983,0
23984,0
23985,2
23986,2
23987,0
23988,1
23989,0
23990,0
23992,0
23993,0
23994,0
23995,1
23996,1
23997,0
23998,0
24000,0
24001,0
24002,1
24003,0
24005,0
24007,1
24008,2
24009,0
24010,0
24011,0
24012,1
24013,0
24014,0
24015,1
24017,0
24018,0
24019,0
24020,0
24021,0
24022,0
24023,1
24024,0
24025,0
24026,0
24027,0
24028,0
24029,0
24031,2
24032,0
24033,1
24034,0
24035,0
24036,0
24037,1
24038,0
24039,0
24040,0
24041,0
24042,0
24043,1
24044,0
24045,0
24046,0
24047,0
24048,1
24049,0
24050,0
24051,0
24052,2
24053,0
24054,0
24055,2
24056,0
24058,0
24059,0
24060,0
24061,0
24062,0
24063,2
24065,2
24067,2
24069,0
24070,0
24071,0
24072,0
24073,0
24075,0
24076,0
24077,1
24078,0
24079,0
24080,1
24081,0
24082,0
24083,2
24084,0
24085,0
24086,1
24087,0
24088,2
24089,0
24090,0
24091,0
24092,0
24093,2
24094,0
24095,0
24096,0
24097,0
24098,0
24099,0
24100,0
24101,0
24102,0
24103,0
24104,2
24106,0
24107,2
24108,0
24109,2
24110,0
24111,1
24112,0
24113,0
24114,0
24115,0
24116,0
24117,0
24118,0
24119,0
24120,2
24121,0
24122,0
24123,0
24124,2
24125,0
24126,0
24127,2
24128,0
24129,0
24130,1
24131,1
24132,0
24133,0
24134,0
24135,0
24136,0
24137,2
24138,2
24139,0
24140,2
24141,1
24142,0
24144,0
24145,0
24146,0
24147,0
24148,2
24149,0
24150,0
24151,0
24153,0
24154,2
24155,0
24157,0
24158,0
24159,0
24160,1
24161,0
24162,0
24163,0
24164,1
24165,0
24166,0
24167,0
24168,0
24170,2
24171,2
24173,0
24174,1
24175,0
24176,0
24177,0
24179,1
24181,0
24182,0
24183,0
24184,0
24185,0
24186,1
24188,1
24189,0
24191,0
24192,0
24193,0
24194,0
24195,0
24196,1
24198,0
24199,2
24200,1
24201,0
24202,0
24203,0
24204,0
24205,0
24206,0
24207,0
24208,0
24210,1
24211,2
24212,1
24213,0
24214,0
24215,0
24216,0
24217,1
24219,1
24220,2
24221,0
24222,1
24223,0
24224,2
24226,0
24227,0
24228,0
24229,0
24231,0
24232,0
24233,0
24234,0
24236,0
24237,1
24238,2
24239,0
24240,0
24241,1
24242,0
24244,0
24245,0
24246,0
24247,0
24248,0
24249,0
24250,1
24251,0
24253,2
24255,2
24256,0
24257,0
24258,0
24259,0
24260,0
24261,2
24263,0
24264,0
24265,0
24266,2
24267,2
24269,0
24271,0
24273,0
24274,0
24275,0
24276,0
24277,0
24278,0
24279,0
24281,0
24282,0
24283,0
24284,2
24286,0
24287,1
24288,0
24289,1
24290,2
24291,0
24292,0
24293,0
24294,1
24295,0
24296,1
24297,0
24298,0
24299,0
24300,0
24302,0
24303,0
24304,0
24306,0
24308,0
24309,0
24310,0
24311,1
24312,2
24313,0
24314,1
24315,1
24318,0
24319,2
24320,0
24321,0
24322,0
24323,0
24324,1
24325,0
24326,0
24327,0
24328,0
24329,2
24330,0
24331,0
24332,0
24333,0
24334,0
24335,2
24336,1
24337,1
24338,2
24339,2
24340,0
24341,0
24342,0
24343,0
24344,0
24345,0
24346,0
24348,0
24349,0
24350,1
24351,0
24352,0
24353,0
24354,1
24355,0
24356,0
24357,0
24358,0
24359,0
24360,0
24361,0
24362,0
24363,0
24364,1
24365,0
24367,0
24370,0
24371,0
24372,1
24373,0
24374,1
24375,0
24376,0
24377,0
24378,0
24379,0
24380,0
24381,0
24382,0
24383,0
24384,0
24385,0
24386,0
24387,0
24388,0
24389,0
24390,0
24392,0
24393,0
24394,0
24395,0
24396,0
24397,0
24398,0
24401,0
24402,0
24403,0
24404,0
24405,0
24406,0
24407,0
24408,1
24409,0
24410,0
24411,0
24412,0
24413,0
24414,0
24415,2
24416,0
24417,0
24418,2
24419,0
24420,0
24421,0
24422,2
24423,0
24425,0
24426,2
24427,0
24428,0
24429,0
24430,0
24431,1
24432,0
24433,0
24434,0
24435,0
24436,1
24437,0
24438,0
24439,0
24440,0
24441,0
24442,0
24443,0
24444,0
24445,0
24446,2
24447,0
24448,0
24449,0
24451,2
24452,0
24453,0
24454,0
24455,0
24456,0
24458,0
24459,0
24460,0
24461,1
24462,2
24464,0
24465,0
24466,0
24467,0
24468,0
24469,0
24471,2
24472,0
24473,0
24474,0
24475,0
24476,0
24477,0
24478,0
24479,1
24480,1
24481,0
24482,1
24483,0
24484,0
24485,0
24486,0
24487,0
24488,0
24489,0
24490,0
24491,1
24492,1
24493,0
24495,0
24496,1
24497,1
24498,0
24499,0
24500,0
24503,0
24504,0
24505,0
24506,1
24507,0
24508,0
24509,0
24511,0
24512,0
24513,0
24514,0
24515,0
24516,1
24517,0
24518,0
24519,0
24520,2
24521,1
24522,0
24523,1
24524,0
24525,0
24526,1
24527,0
24528,0
24529,0
24530,0
24531,0
24532,1
24533,0
24534,0
24535,0
24536,0
24537,0
24539,0
24540,0
24541,0
24543,2
24544,1
24545,0
24546,0
24547,0
24548,0
24549,0
24550,0
24551,0
24552,0
24553,0
24554,0
24555,1
24556,0
24557,0
24558,0
24559,0
24560,0
24561,2
24562,0
24563,0
24564,0
24565,0
24566,0
24568,0
24569,0
24570,2
24571,1
24572,0
24574,0
24575,0
24576,0
24577,1
24578,0
24579,0
24580,0
24581,0
24582,0
24583,0
24585,0
24586,2
24587,0
24588,1
24589,0
24590,0
24591,0
24593,0
24594,0
24595,0
24597,1
24598,2
24600,0
24602,1
24603,0
24604,0
24605,1
24606,0
24607,0
24608,0
24609,0
24610,0
24612,0
24613,0
24614,0
24615,1
24616,0
24617,0
24618,1
24620,0
24621,0
24622,0
24623,0
24624,0
24625,0
24626,0
24627,0
24628,0
24629,0
24630,0
24631,0
24632,0
24633,0
24634,0
24635,0
24636,0
24637,1
24638,0
24639,0
24640,0
24641,0
24642,0
24643,0
24644,0
24645,0
24646,0
24647,1
24648,0
24649,0
24650,2
24651,0
24652,0
24653,0
24654,0
24655,0
24656,1
24657,0
24658,0
24659,0
24660,0
24661,0
24662,0
24664,1
24665,0
24666,0
24667,0
24668,0
24670,0
24671,1
24672,2
24673,0
24674,2
24675,0
24676,1
24677,2
24678,0
24680,0
24681,0
24682,0
24683,0
24684,0
24685,0
24686,0
24688,0
24689,0
24690,1
24691,1
24692,0
24693,0
24694,0
24695,1
24696,0
24698,1
24699,0
24700,2
24701,1
24702,0
24703,0
24704,0
24705,0
24706,0
24707,0
24708,0
24709,0
24710,0
24711,0
24712,2
24713,0
24714,1
24716,2
24717,1
24718,0
24719,0
24720,0
24721,0
24722,1
24723,0
24724,0
24725,2
24726,0
24728,0
24729,1
24730,0
24731,0
24733,0
24734,1
24735,0
24736,0
24737,1
24738,0
24739,2
24740,2
24741,1
24742,2
24745,0
24746,1
24747,0
24748,0
24749,0
24750,0
24751,0
24752,0
24753,2
24754,0
24756,1
24758,0
24759,0
24760,0
24761,0
24762,0
24764,0
24766,1
24767,0
24768,0
24769,0
24770,1
24771,1
24774,0
24775,0
24776,0
24777,0
24778,2
24779,0
24780,0
24781,0
24782,0
24783,0
24784,2
24785,0
24786,1
24787,1
24788,0
24790,1
24791,1
24792,0
24793,0
24794,0
24795,2
24796,2
24797,0
24799,0
24800,0
24801,0
24802,0
24803,0
24804,0
24805,0
24806,2
24807,0
24808,0
24809,0
24810,0
24811,1
24813,0
24814,0
24815,0
24818,0
24819,0
24820,1
24823,0
24824,0
24825,2
24827,0
24828,2
24829,0
24831,2
24832,0
24833,0
24834,0
24835,0
24836,1
24837,0
24838,0
24839,0
24840,0
24841,0
24842,0
24843,2
24845,0
24846,0
24847,0
24848,2
24849,0
24850,0
24851,1
24852,1
24853,0
24854,0
24855,0
24856,1
24857,0
24858,0
24859,0
24860,0
24861,0
24862,0
24863,1
24864,0
24865,0
24866,0
24867,0
24868,0
24870,0
24871,0
24873,0
24874,0
24875,2
24876,0
24877,0
24878,0
24880,0
24881,1
24882,0
24883,1
24884,1
24885,0
24886,1
24887,0
24888,0
24889,0
24891,0
24892,0
24894,0
24895,0
24896,1
24897,0
24898,0
24899,0
24901,0
24902,0
24903,0
24904,0
24905,0
24906,0
24907,0
24908,0
24909,0
24910,0
24911,0
24912,0
24913,0
24914,0
24915,0
24916,0
24917,0
24918,0
24920,0
24921,0
24922,0
24923,1
24925,0
24926,0
24927,0
24928,0
24929,0
24930,0
24931,0
24932,0
24935,1
24936,0
24937,0
24939,0
24941,1
24942,0
24943,2
24944,0
24945,0
24946,0
24947,0
24948,0
24949,0
24950,0
24951,2
24952,0
24953,0
24954,1
24955,0
24956,0
24958,1
24959,1
24960,0
24961,0
24962,0
24963,0
24964,0
24965,0
24966,0
24967,1
24968,1
24969,2
24970,0
24971,0
24972,0
24973,0
24974,0
24975,0
24976,0
24977,0
24978,1
24979,0
24980,0
24982,0
24983,0
24984,0
24985,0
24986,1
24987,0
24988,0
24989,0
24990,0
24991,0
24992,1
24993,2
24994,1
24995,0
24996,0
24997,0
24998,1
24999,0
25000,0
25001,0
25002,0
25003,0
25004,0
25005,0
25006,0
25007,1
25008,0
25009,0
25010,1
25011,0
25012,0
25013,0
25014,1
25015,0
25017,0
25018,0
25019,0
25020,1
25021,1
25022,0
25023,0
25024,0
25025,0
25026,0
25027,0
25028,0
25029,0
25030,1
25031,0
25032,1
25033,0
25034,0
25036,0
25037,0
25038,1
25040,0
25041,2
25042,2
25043,0
25044,0
25046,0
25047,0
25048,0
25051,0
25052,1
25053,0
25054,0
25055,1
25056,0
25057,0
25058,0
25059,0
25060,0
25062,1
25063,0
25064,0
25065,1
25066,0
25067,0
25068,0
25069,0
25070,0
25071,0
25072,0
25073,1
25074,2
25075,0
25076,0
25077,0
25079,0
25080,1
25081,0
25082,0
25083,1
25085,0
25086,1
25087,0
25088,0
25089,0
25090,0
25091,0
25092,0
25093,0
25094,0
25096,0
25097,0
25098,0
25099,0
25100,0
25101,0
25102,0
25103,1
25104,0
25105,1
25106,1
25107,0
25108,1
25109,0
25111,1
25112,1
25113,2
25114,0
25115,0
25117,0
25118,0
25119,0
25120,0
25121,0
25122,0
25124,0
25125,0
25126,2
25127,0
25128,0
25129,1
25130,0
25131,0
25132,1
25134,0
25135,1
25137,2
25138,0
25139,2
25141,0
25142,0
25143,0
25144,0
25145,2
25146,0
25147,1
25148,0
25149,0
25150,0
25151,0
25152,0
25153,0
25154,0
25155,0
25156,1
25157,0
25158,0
25159,0
25160,0
25161,0
25162,2
25164,0
25165,0
25166,2
25167,0
25168,0
25169,0
25171,0
25172,0
25173,0
25174,0
25175,0
25176,0
25177,0
25178,0
25179,1
25180,0
25181,0
25182,1
25183,2
25184,2
25185,1
25186,0
25187,2
25188,0
25189,0
25190,0
25191,0
25192,0
25193,0
25195,0
25196,0
25197,2
25198,0
25199,0
25200,0
25201,0
25202,0
25203,0
25204,0
25205,1
25206,0
25207,0
25209,2
25210,0
25211,2
25213,0
25216,0
25217,1
25218,0
25219,0
25220,0
25221,2
25222,2
25224,0
25225,1
25226,0
25227,0
25228,0
25229,0
25231,0
25232,0
25234,0
25235,0
25236,0
25237,0
25238,0
25239,0
25240,1
25241,2
25242,0
25244,0
25245,0
25246,2
25247,0
25248,0
25250,0
25251,0
25252,0
25253,1
25254,0
25255,0
25256,0
25257,0
25258,0
25259,0
25260,0
25261,0
25262,0
25263,0
25264,2
25265,0
25267,0
25268,1
25269,0
25270,0
25271,0
25272,2
25273,0
25274,0
25276,0
25277,2
25278,0
25280,0
25281,0
25282,0
25283,0
25284,0
25285,2
25286,1
25287,0
25288,0
25289,0
25290,0
25291,0
25292,0
25293,0
25294,1
25295,2
25296,0
25297,0
25298,0
25299,0
25300,0
25301,1
25302,0
25303,1
25304,2
25305,0
25306,1
25307,1
25309,1
25310,0
25311,1
25312,0
25313,1
25314,0
25315,1
25316,0
25317,1
25318,0
25319,0
25320,0
25321,0
25322,0
25323,1
25324,0
25325,0
25326,0
25327,0
25328,0
25329,1
25330,0
25331,0
25332,0
25333,0
25334,0
25335,0
25336,0
25337,0
25338,2
25339,0
25340,2
25341,0
25342,0
25343,0
25344,0
25345,1
25346,0
25347,0
25348,0
25349,0
25350,0
25351,0
25353,0
25354,0
25355,1
25356,0
25357,0
25358,0
25359,0
25360,0
25361,0
25362,0
25363,1
25364,0
25366,0
25367,1
25368,1
25371,0
25372,0
25373,2
25374,0
25375,0
25376,0
25377,0
25378,2
25379,0
25380,0
25381,1
25382,1
25383,0
25384,1
25386,0
25387,0
25388,0
25389,0
25390,1
25391,0
25392,0
25393,0
25394,0
25395,0
25396,0
25397,0
25398,0
25399,0
25401,1
25402,0
25403,0
25404,0
25406,0
25407,1
25408,0
25409,0
25410,0
25411,0
25413,1
25414,0
25415,0
25416,0
25417,0
25418,0
25419,0
25420,0
25421,0
25422,0
25423,0
25424,1
25425,0
25427,0
25428,1
25429,0
25430,2
25432,0
25433,0
25434,0
25435,0
25436,0
25437,0
25438,0
25439,0
25440,2
25441,0
25442,0
25443,0
25444,0
25445,1
25446,0
25447,0
25448,0
25449,0
25450,0
25451,0
25452,0
25453,0
25454,0
25455,2
25456,0
25457,0
25459,1
25460,0
25462,0
25463,0
25464,0
25465,0
25466,0
25467,0
25468,0
25469,0
25470,2
25471,0
25472,0
25473,0
25474,0
25475,0
25476,0
25477,0
25478,0
25479,0
25480,1
25481,1
25482,0
25483,1
25484,0
25485,0
25486,0
25487,1
25488,1
25489,0
25491,0
25492,0
25493,0
25495,0
25496,0
25497,0
25498,2
25500,0
25501,0
25502,1
25505,0
25506,0
25507,0
25508,1
25509,0
25510,0
25512,1
25513,0
25514,0
25515,0
25516,0
25517,0
25519,0
25520,1
25521,0
25522,0
25523,0
25526,0
25527,0
25528,0
25529,0
25530,1
25531,0
25532,0
25533,0
25534,0
25535,0
25536,1
25537,0
25538,1
25539,0
25540,0
25541,0
25542,0
25543,2
25544,0
25545,0
25546,0
25547,0
25548,0
25549,0
25550,0
25551,0
25552,0
25553,0
25554,1
25555,0
25556,1
25557,0
25558,2
25559,0
25560,0
25561,1
25562,2
25563,0
25564,0
25565,0
25566,0
25567,2
25568,0
25569,0
25570,0
25571,0
25573,1
25574,0
25575,0
25576,0
25577,0
25578,0
25579,0
25580,2
25581,0
25582,0
25583,2
25584,1
25585,0
25586,0
25587,1
25588,0
25589,0
25590,0
25591,0
25593,0
25594,0
25595,0
25596,1
25597,0
25598,0
25599,0
25600,0
25601,0
25602,0
25603,0
25604,1
25605,0
25606,0
25607,0
25608,0
25610,0
25611,0
25612,0
25613,0
25615,0
25616,0
25617,0
25618,2
25619,0
25620,0
25621,0
25622,2
25623,0
25624,1
25625,0
25626,0
25627,0
25628,2
25631,0
25632,0
25633,0
25634,0
25635,0
25636,1
25637,0
25638,0
25639,0
25640,1
25641,0
25642,0
25643,1
25644,1
25645,0
25646,2
25647,0
25648,0
25649,0
25650,0
25651,2
25652,0
25653,0
25654,0
25655,0
25656,0
25657,0
25658,0
25659,0
25660,2
25662,1
25664,0
25665,0
25666,0
25668,0
25669,0
25670,0
25671,0
25672,0
25673,0
25674,0
25675,0
25676,0
25677,0
25678,0
25679,0
25680,0
25681,0
25682,0
25683,0
25684,0
25685,0
25686,0
25687,0
25688,0
25690,0
25691,0
25693,1
25694,0
25697,0
25698,2
25699,0
25700,0
25701,0
25702,0
25703,0
25704,0
25706,0
25707,0
25708,1
25709,0
25710,0
25711,0
25714,1
25715,1
25716,0
25717,1
25718,0
25719,0
25720,0
25721,0
25722,0
25723,0
25724,0
25725,0
25726,0
25727,2
25728,0
25729,0
25730,0
25731,0
25732,1
25733,0
25734,0
25735,1
25736,2
25737,0
25738,0
25739,0
25740,0
25742,2
25743,0
25744,0
25745,0
25747,1
25748,0
25749,2
25750,1
25751,1
25752,0
25753,0
25754,1
25755,0
25756,1
25757,0
25758,0
25759,0
25760,2
25761,0
25762,0
25763,0
25764,0
25765,0
25766,2
25767,0
25768,0
25770,0
25771,0
25772,1
25773,0
25774,0
25775,0
25776,0
25777,0
25778,0
25779,0
25780,0
25781,0
25782,0
25783,0
25784,2
25785,0
25786,1
25787,0
25788,1
25789,0
25790,0
25791,0
25792,0
25793,0
25794,0
25797,0
25798,1
25800,0
25801,0
25802,0
25803,0
25804,0
25805,1
25806,0
25808,0
25809,0
25810,0
25811,0
25812,0
25813,0
25814,0
25815,2
25816,1
25817,0
25818,0
25819,0
25820,0
25821,0
25822,0
25823,1
25824,0
25825,1
25827,0
25828,0
25830,0
25831,0
25832,0
25833,0
25834,1
25835,0
25837,0
25838,0
25840,0
25841,1
25842,0
25843,0
25844,2
25846,0
25847,2
25848,0
25849,0
25851,0
25852,0
25853,0
25854,0
25855,0
25856,0
25857,0
25858,1
25860,0
25861,0
25863,0
25864,1
25866,0
25867,0
25868,0
25869,1
25870,0
25871,0
25872,0
25873,0
25874,0
25875,0
25876,0
25877,0
25878,1
25879,0
25880,0
25881,0
25882,0
25883,0
25884,1
25885,1
25886,0
25887,0
25888,0
25889,0
25890,2
25891,0
25892,1
25893,1
25894,0
25895,0
25896,1
25897,0
25898,0
25899,0
25900,1
25901,0
25902,0
25903,0
25904,0
25905,2
25906,1
25907,0
25908,1
25909,0
25910,0
25911,0
25912,0
25915,0
25916,2
25917,0
25918,0
25919,0
25920,0
25921,2
25922,0
25923,1
25924,0
25925,0
25926,1
25927,0
25928,0
25929,0
25930,2
25931,0
25932,0
25933,0
25934,0
25935,0
25937,1
25938,0
25939,0
25940,0
25941,0
25942,1
25943,0
25944,0
25945,1
25946,0
25947,0
25948,0
25949,1
25950,0
25951,1
25952,0
25953,2
25954,0
25955,0
25956,0
25957,1
25958,0
25959,0
25960,2
25961,1
25962,0
25963,0
25964,2
25966,0
25967,2
25968,1
25969,0
25970,0
25971,0
25972,0
25973,0
25974,1
25975,2
25976,0
25977,0
25979,0
25980,0
25982,0
25983,0
25984,0
25986,0
25987,1
25988,0
25989,0
25990,1
25991,1
25992,0
25993,1
25994,0
25995,0
25996,0
25997,0
25998,0
25999,2
26000,0
26001,0
26003,1
26004,1
26005,2
26006,0
26007,0
26008,0
26009,2
26011,0
26012,0
26013,0
26014,0
26016,0
26017,1
26018,0
26019,0
26020,0
26021,0
26022,0
26023,0
26025,0
26026,2
26027,0
26028,0
26029,2
26031,1
26032,0
26033,0
26034,0
26035,1
26036,1
26037,0
26038,1
26039,0
26040,0
26041,0
26042,2
26043,0
26044,1
26045,0
26046,0
26047,0
26048,0
26049,0
26051,0
26052,0
26053,0
26054,0
26055,0
26056,0
26057,2
26058,0
26059,1
26060,0
26061,0
26063,2
26064,0
26065,0
26066,0
26067,1
26068,1
26069,1
26071,0
26072,0
26073,0
26074,1
26075,0
26076,0
26077,0
26081,0
26082,0
26083,2
26084,0
26085,0
26086,0
26087,2
26088,0
26090,0
26092,2
26094,0
26095,2
26096,0
26097,1
26098,0
26099,0
26100,0
26102,0
26103,0
26104,2
26105,0
26106,1
26107,0
26108,2
26109,0
26110,0
26111,0
26112,0
26113,0
26115,0
26116,1
26117,0
26118,0
26119,0
26120,0
26121,0
26122,0
26123,0
26124,0
26125,2
26126,0
26127,0
26128,0
26129,2
26130,0
26131,0
26132,0
26133,1
26134,0
26135,0
26136,1
26137,0
26138,0
26139,0
26140,0
26141,0
26142,0
26143,0
26144,0
26145,1
26146,1
26147,0
26148,0
26150,0
26151,0
26152,0
26153,0
26154,0
26155,0
26156,0
26158,0
26159,0
26160,0
26161,2
26163,0
26164,1
26165,0
26166,0
26167,0
26168,0
26169,0
26170,1
26171,0
26172,0
26173,0
26174,0
26175,0
26176,0
26177,0
26178,0
26179,0
26180,0
26182,2
26183,0
26184,0
26185,0
26186,2
26188,1
26189,0
26191,0
26192,0
26194,0
26195,0
26196,1
26197,2
26198,0
26199,2
26200,0
26201,0
26202,1
26204,0
26205,0
26207,1
26208,2
26209,0
26210,0
26212,0
26213,0
26214,0
26215,0
26216,1
26217,0
26218,0
26219,0
26220,0
26221,1
26222,0
26223,0
26224,0
26225,1
26227,0
26228,0
26229,0
26230,0
26231,0
26232,0
26233,0
26234,0
26235,0
26237,0
26238,1
26239,0
26240,0
26241,0
26242,0
26243,0
26244,0
26245,2
26246,0
26247,0
26248,0
26249,0
26250,0
26251,0
26252,0
26253,0
26254,0
26255,2
26256,0
26257,0
26258,0
26260,0
26261,0
26262,0
26263,0
26264,0
26265,0
26266,1
26267,0
26268,0
26269,0
26270,0
26271,2
26272,0
26273,1
26274,0
26275,0
26276,1
26277,0
26278,0
26279,0
26280,1
26282,0
26283,0
26284,0
26285,1
26286,0
26287,0
26288,1
26290,1
26291,0
26292,0
26293,0
26294,0
26295,0
26296,0
26297,0
26298,0
26300,0
26301,0
26302,1
26304,0
26305,0
26306,0
26307,0
26308,0
26309,0
26310,0
26312,0
26313,0
26314,0
26315,0
26316,0
26317,0
26318,0
26319,0
26320,0
26321,0
26322,0
26323,0
26324,1
26325,2
26327,1
26328,0
26329,0
26330,0
26331,0
26332,0
26333,2
26334,0
26335,0
26336,0
26337,0
26338,1
26339,0
26340,0
26342,0
26343,0
26344,0
26345,1
26346,0
26347,0
26348,0
26349,0
26350,0
26351,0
26352,0
26353,0
26354,0
26355,0
26357,0
26358,0
26359,0
26360,0
26361,1
26362,0
26363,0
26364,1
26366,0
26367,0
26368,2
26369,0
26370,0
26371,0
26372,0
26373,2
26375,0
26376,0
26377,0
26378,0
26379,0
26380,0
26381,1
26382,0
26383,0
26384,0
26386,0
26387,2
26389,2
26390,0
26391,1
26392,0
26393,0
26394,1
26395,0
26397,0
26398,0
26399,0
26400,0
26401,0
26403,1
26405,0
26406,0
26408,0
26409,0
26410,1
26411,0
26412,2
26413,0
26414,0
26415,0
26416,0
26417,0
26418,2
26419,0
26420,0
26421,0
26422,0
26423,0
26424,1
26426,0
26427,0
26428,0
26431,0
26432,2
26434,0
26435,1
26436,0
26437,2
26438,0
26439,2
26440,2
26441,0
26443,0
26444,0
26446,0
26447,0
26448,0
26449,0
26450,1
26451,0
26452,2
26453,0
26454,2
26455,0
26456,0
26457,1
26458,0
26459,0
26460,0
26461,0
26462,0
26463,2
26464,1
26465,0
26466,0
26467,0
26468,1
26469,1
26470,1
26471,0
26472,0
26473,0
26474,2
26475,1
26476,2
26477,0
26478,0
26479,1
26482,0
26483,0
26484,1
26485,0
26486,0
26487,2
26488,0
26489,0
26491,0
26493,0
26494,0
26496,0
26497,0
26498,0
26499,1
26500,1
26501,1
26502,0
26503,0
26504,0
26505,0
26506,1
26507,0
26509,1
26510,0
26511,2
26512,0
26513,0
26514,0
26515,0
26516,0
26517,0
26518,1
26520,0
26522,0
26523,0
26524,2
26525,1
26526,1
26527,2
26530,0
26531,0
26532,0
26533,0
26534,0
26537,0
26538,2
26539,0
26540,0
26541,0
26542,0
26543,0
26545,0
26546,1
26547,0
26548,1
26549,0
26550,2
26551,0
26552,0
26553,2
26554,1
26555,0
26556,0
26557,2
26558,0
26559,2
26560,0
26561,0
26562,1
26563,0
26564,0
26565,0
26566,0
26567,0
26568,0
26569,0
26570,0
26571,0
26572,1
26573,1
26574,0
26575,0
26576,0
26577,0
26578,0
26579,0
26580,0
26581,0
26582,0
26583,1
26584,0
26585,0
26586,1
26587,1
26588,0
26589,0
26590,2
26591,0
26592,0
26593,2
26594,1
26595,0
26596,0
26597,0
26598,0
26599,1
26600,2
26601,1
26602,0
26603,0
26604,0
26605,0
26606,0
26607,0
26609,0
26610,0
26611,2
26612,0
26613,0
26614,0
26616,0
26617,0
26619,0
26620,0
26621,0
26622,0
26623,1
26624,0
26625,0
26626,0
26628,0
26629,0
26630,1
26631,0
26632,0
26633,0
26635,0
26636,0
26637,1
26638,1
26639,2
26640,0
26641,0
26642,0
26643,0
26644,0
26645,0
26646,0
26648,0
26649,0
26650,2
26651,0
26652,0
26653,0
26654,0
26655,0
26656,1
26657,0
26658,0
26659,0
26660,0
26661,0
26662,0
26663,0
26664,2
26665,0
26666,0
26667,0
26668,0
26670,0
26672,2
26673,0
26674,2
26675,0
26676,0
26677,2
26678,0
26679,0
26680,0
26681,0
26682,0
26683,0
26684,2
26685,1
26687,0
26688,0
26689,0
26690,1
26691,0
26693,0
26694,1
26695,0
26696,1
26697,0
26698,0
26699,1
26700,1
26701,2
26702,1
26703,0
26704,0
26705,0
26706,1
26707,0
26708,0
26709,0
26710,0
26711,1
26712,1
26713,0
26714,0
26715,0
26716,0
26717,0
26719,1
26720,0
26721,0
26723,0
26724,0
26725,0
26726,0
26727,0
26728,0
26729,0
26730,0
26732,1
26733,0
26734,0
26735,0
26736,0
26737,0
26738,1
26739,0
26740,0
26741,0
26742,0
26743,0
26744,0
26745,0
26747,0
26748,0
26749,1
26750,0
26751,0
26752,1
26753,1
26754,2
26755,1
26756,0
26757,0
26758,0
26759,0
26760,0
26761,0
26762,0
26763,0
26764,0
26766,0
26767,1
26768,2
26769,0
26772,0
26773,1
26774,0
26775,0
26776,0
26777,1
26778,2
26779,1
26780,0
26781,1
26782,0
26783,2
26784,0
26785,1
26786,0
26787,2
26788,0
26789,0
26791,0
26792,0
26793,1
26794,0
26795,0
26796,1
26797,0
26798,0
26799,0
26801,0
26802,0
26804,1
26805,0
26806,0
26807,0
26810,0
26811,0
26812,1
26813,1
26814,2
26815,0
26817,2
26819,0
26821,0
26822,0
26823,0
26824,0
26825,0
26826,0
26827,1
26828,0
26829,1
26831,0
26832,1
26833,0
26834,0
26835,0
26836,0
26837,0
26838,0
26839,2
26840,0
26841,0
26842,0
26843,0
26844,0
26845,0
26846,1
26847,2
26848,1
26849,0
26850,0
26851,0
26852,0
26853,1
26855,2
26856,0
26857,0
26858,0
26859,2
26860,1
26862,1
26863,0
26864,1
26865,0
26866,0
26867,0
26868,0
26869,0
26870,0
26871,0
26872,0
26873,0
26875,0
26876,0
26877,0
26878,0
26879,0
26880,2
26881,1
26882,1
26883,0
26884,0
26885,0
26886,0
26887,0
26888,0
26889,0
26890,0
26891,0
26892,0
26893,1
26895,1
26896,0
26897,0
26899,0
26901,0
26902,0
26903,1
26904,2
26905,0
26906,2
26907,0
26908,0
26909,1
26910,0
26911,0
26912,0
26913,0
26914,0
26916,0
26917,0
26918,0
26919,0
26920,1
26921,0
26922,0
26923,0
26924,0
26925,0
26926,0
26927,2
26928,0
26930,0
26931,0
26932,0
26933,0
26935,0
26936,0
26937,0
26938,0
26939,0
26940,0
26941,0
26942,0
26943,0
26944,0
26945,0
26946,0
26948,2
26949,0
26950,1
26951,0
26952,0
26953,0
26954,0
26955,0
26956,0
26957,0
26958,2
26959,0
26960,0
26961,1
26962,0
26963,0
26964,0
26965,0
26966,0
26967,1
26969,0
26970,0
26971,0
26972,0
26973,0
26974,0
26975,0
26976,2
26978,0
26979,0
26980,0
26981,0
26982,0
26983,0
26984,1
26985,1
26986,0
26987,0
26988,0
26989,2
26990,2
26991,0
26992,0
26993,0
26994,0
26995,0
26996,0
26997,1
26998,0
27000,0
27001,0
27002,0
27003,2
27004,0
27005,0
27006,2
27007,0
27008,1
27009,0
27010,0
27011,0
27012,2
27013,0
27014,0
27015,0
27016,0
27017,0
27018,0
27019,0
27020,1
27021,0
27022,0
27023,0
27024,0
27025,0
27026,0
27027,0
27028,2
27029,0
27030,0
27031,0
27032,0
27033,0
27034,2
27035,0
27036,0
27037,1
27038,0
27039,0
27040,1
27041,1
27042,0
27043,1
27044,0
27045,0
27046,0
27048,2
27049,2
27050,1
27051,0
27052,0
27053,0
27054,0
27055,1
27056,0
27057,2
27058,0
27059,0
27060,0
27061,0
27062,0
27065,0
27066,0
27067,2
27068,2
27069,1
27070,0
27071,0
27072,0
27073,2
27074,0
27075,0
27076,0
27077,1
27078,0
27079,0
27080,0
27081,0
27083,0
27084,0
27085,0
27086,1
27087,2
27089,2
27090,0
27091,0
27092,0
27093,0
27094,0
27095,1
27096,0
27097,0
27098,0
27099,1
27102,0
27103,2
27104,0
27105,0
27106,0
27108,2
27109,1
27110,0
27111,0
27112,0
27113,1
27114,0
27115,0
27116,0
27117,0
27118,0
27119,0
27120,1
27121,2
27122,0
27123,0
27124,2
27125,0
27126,1
27127,0
27128,0
27130,1
27131,1
27132,1
27133,0
27134,1
27135,0
27137,0
27138,0
27139,0
27140,0
27141,2
27142,0
27143,0
27144,0
27145,2
27146,0
27147,0
27148,0
27150,0
27151,0
27152,0
27153,0
27154,0
27155,2
27156,0
27157,1
27158,0
27161,0
27162,2
27163,1
27164,1
27166,0
27167,0
27168,0
27169,0
27170,0
27171,0
27172,1
27173,0
27174,0
27176,1
27178,0
27179,0
27180,2
27181,0
27183,0
27184,0
27185,0
27186,0
27187,0
27188,1
27189,0
27190,0
27191,1
27192,0
27193,1
27194,0
27195,0
27196,1
27198,0
27199,0
27200,0
27201,0
27202,0
27203,0
27205,0
27206,0
27207,0
27208,0
27209,0
27210,0
27212,0
27213,0
27214,0
27215,1
27216,0
27217,0
27218,0
27219,0
27220,0
27221,0
27222,0
27223,2
27224,0
27225,0
27226,0
27227,0
27228,0
27229,0
27230,0
27231,0
27232,0
27233,0
27234,2
27235,0
27238,0
27239,2
27240,0
27242,2
27243,0
27244,0
27246,0
27247,0
27249,0
27250,0
27251,0
27252,0
27253,0
27254,1
27255,0
27256,0
27257,0
27258,0
27259,0
27260,0
27261,0
27263,0
27264,0
27265,0
27266,0
27269,0
27270,0
27271,0
27274,0
27275,0
27276,0
27277,0
27279,0
27281,0
27282,2
27283,0
27284,0
27285,0
27286,0
27288,1
27289,0
27290,0
27291,0
27292,0
27293,0
27294,0
27295,2
27296,0
27297,0
27298,0
27299,0
27300,1
27301,1
27302,0
27303,0
27304,1
27305,1
27307,1
27308,0
27309,0
27312,0
27313,1
27314,0
27315,0
27317,0
27319,0
27321,1
27323,0
27324,0
27325,0
27326,0
27327,0
27329,0
27330,2
27331,1
27332,0
27333,2
27334,0
27335,0
27336,2
27337,0
27338,0
27339,0
27340,0
27341,1
27342,0
27343,0
27344,0
27345,2
27346,0
27347,0
27348,0
27349,0
27350,0
27351,0
27353,0
27354,1
27355,0
27356,0
27357,0
27358,0
27359,0
27360,0
27361,0
27362,0
27365,0
27366,0
27367,0
27368,1
27370,2
27371,0
27372,1
27373,0
27374,0
27375,0
27376,0
27377,0
27378,0
27379,0
27382,0
27383,0
27384,0
27385,0
27386,0
27387,1
27388,2
27390,1
27391,0
27393,0
27394,0
27395,0
27396,1
27397,0
27398,0
27399,0
27400,1
27401,0
27402,0
27403,0
27404,0
27405,0
27407,0
27408,0
27409,0
27410,1
27411,0
27412,1
27413,0
27414,1
27416,0
27417,0
27418,0
27421,2
27422,0
27423,0
27424,1
27425,0
27426,0
27427,1
27428,0
27429,0
27430,2
27431,1
27432,0
27433,1
27434,0
27435,2
27437,2
27439,0
27440,0
27441,0
27442,0
27443,0
27444,0
27445,0
27446,0
27447,0
27448,0
27449,0
27450,0
27452,0
27453,0
27454,0
27455,0
27456,1
27457,0
27458,1
27459,0
27460,0
27461,0
27462,0
27463,0
27464,0
27465,0
27466,0
27467,0
27469,0
27470,2
27471,1
27472,0
27473,0
27474,0
27475,1
27476,2
27477,0
27478,0
27479,1
27480,0
27481,0
27482,0
27483,0
27484,0
27485,2
27486,0
27487,0
27489,0
27490,0
27491,0
27492,0
27493,0
27494,0
27495,2
27496,0
27497,0
27499,0
27500,0
27501,0
27502,2
27503,1
27504,0
27505,0
27506,0
27508,0
27509,1
27511,1
27512,0
27513,1
27514,0
27515,0
27516,0
27517,0
27518,0
27519,0
27520,1
27521,1
27522,0
27523,0
27525,0
27526,0
27527,0
27528,1
27529,0
27530,0
27531,0
27532,0
27533,1
27534,1
27535,0
27536,2
27537,1
27538,0
27539,0
27540,0
27541,0
27542,0
27543,0
27546,0
27547,0
27548,0
27549,0
27550,0
27552,1
27554,1
27555,0
27556,0
27557,0
27558,1
27559,0
27560,1
27561,0
27562,2
27563,0
27564,0
27565,0
27566,0
27567,1
27568,1
27569,2
27570,0
27571,1
27572,0
27573,0
27574,1
27575,0
27576,0
27577,1
27578,0
27579,1
27580,0
27584,0
27585,0
27586,0
27587,0
27588,1
27589,0
27591,0
27592,0
27593,2
27594,0
27595,0
27596,0
27597,0
27598,0
27599,1
27600,0
27601,0
27602,0
27603,1
27604,0
27605,0
27606,0
27607,0
27608,0
27609,1
27610,0
27611,0
27612,0
27613,0
27614,0
27615,0
27616,0
27618,0
27619,0
27622,0
27623,0
27625,0
27626,0
27627,0
27628,2
27629,0
27630,1
27631,0
27632,0
27633,1
27635,1
27637,0
27638,0
27639,0
27640,0
27642,0
27643,1
27644,0
27645,2
27646,0
27647,0
27648,0
27649,1
27650,0
27651,0
27653,1
27654,0
27655,0
27657,0
27658,0
27659,0
27660,1
27661,0
27662,0
27664,2
27666,0
27667,0
27668,0
27669,0
27670,0
27671,0
27672,0
27673,1
27674,0
27675,0
27676,0
27677,1
27678,0
27679,0
27680,0
27681,0
27682,0
27683,0
27684,0
27685,0
27686,0
27688,0
27689,0
27690,0
27691,0
27693,1
27694,0
27695,0
27696,0
27697,0
27699,0
27700,0
27701,0
27702,1
27703,0
27704,1
27705,0
27706,1
27707,0
27708,0
27710,0
27711,0
27712,0
27713,2
27714,0
27715,0
27717,0
27718,0
27719,0
27720,0
27722,0
27723,0
27724,0
27725,0
27726,0
27727,0
27728,0
27729,2
27730,0
27731,0
27732,0
27733,1
27734,0
27735,0
27736,0
27738,0
27740,0
27741,0
27742,0
27743,0
27744,0
27745,0
27747,0
27749,0
27750,1
27751,0
27752,0
27753,2
27754,0
27755,0
27756,2
27757,2
27758,2
27760,0
27761,0
27762,0
27763,1
27764,0
27765,0
27766,0
27767,0
27768,1
27769,0
27770,0
27771,0
27772,0
27773,0
27774,0
27775,0
27776,0
27777,2
27778,0
27779,0
27780,0
27781,1
27782,0
27783,0
27784,0
27785,0
27787,0
27788,0
27789,0
27790,1
27791,0
27792,0
27793,1
27794,0
27795,0
27796,0
27798,1
27799,0
27800,0
27801,0
27802,0
27803,0
27804,0
27805,0
27806,0
27807,1
27808,0
27809,0
27810,0
27811,0
27812,0
27813,0
27814,2
27816,1
27817,0
27818,0
27819,0
27820,0
27821,2
27822,0
27823,0
27824,0
27825,1
27826,0
27828,0
27829,0
27831,0
27832,0
27833,0
27834,0
27836,0
27837,1
27838,0
27839,0
27840,0
27841,0
27842,1
27843,0
27844,0
27845,2
27846,0
27847,0
27848,0
27849,0
27850,0
27851,0
27852,0
27853,0
27854,2
27855,0
27856,0
27857,1
27858,0
27859,1
27860,0
27861,0
27862,0
27863,0
27864,2
27865,1
27866,2
27867,0
27868,1
27869,0
27870,1
27871,0
27872,1
27874,0
27875,2
27876,0
27877,0
27878,2
27879,0
27880,0
27881,0
27882,0
27883,0
27885,0
27887,0
27888,0
27889,0
27890,0
27891,0
27892,0
27893,0
27894,1
27895,2
27896,2
27897,0
27898,0
27899,1
27901,0
27904,0
27905,0
27906,0
27907,1
27908,0
27909,1
27910,0
27911,0
27912,0
27913,0
27914,0
27915,0
27916,0
27917,0
27918,1
27919,0
27920,0
27921,0
27922,0
27923,1
27925,1
27926,0
27927,0
27928,0
27929,0
27930,0
27932,0
27933,0
27935,1
27936,0
27937,0
27939,1
27940,0
27941,0
27942,0
27943,0
27944,0
27945,0
27946,0
27947,2
27948,0
27949,0
27951,0
27952,0
27953,0
27955,1
27956,1
27957,1
27958,1
27959,1
27960,0
27961,1
27962,0
27963,0
27964,0
27966,1
27967,0
27969,1
27970,0
27971,0
27973,0
27974,0
27975,2
27976,0
27977,0
27978,0
27979,1
27980,0
27981,0
27982,0
27983,2
27984,0
27985,1
27986,0
27987,0
27989,1
27990,0
27991,0
27992,0
27993,0
27994,1
27995,0
27996,0
27997,1
27998,0
27999,0
28000,0
28001,0
28002,0
28003,0
28004,0
28005,0
28007,0
28008,0
28009,0
28010,0
28011,0
28012,0
28013,0
28015,1
28016,0
28017,0
28018,0
28019,0
28020,1
28022,2
28024,1
28025,0
28026,0
28027,0
28028,0
28029,0
28030,1
28031,0
28032,0
28033,2
28034,0
28036,0
28038,0
28039,0
28040,1
28041,1
28042,0
28043,0
28044,0
28045,0
28047,0
28048,1
28049,0
28050,0
28051,0
28052,0
28053,2
28055,0
28056,0
28057,0
28058,0
28059,1
28060,0
28061,0
28062,0
28063,0
28064,0
28066,0
28067,0
28068,0
28069,0
28070,0
28071,0
28072,0
28073,0
28074,1
28075,0
28076,0
28077,0
28078,0
28079,0
28081,1
28082,1
28083,0
28084,0
28085,0
28086,0
28087,0
28088,0
28090,0
28091,0
28092,0
28094,0
28095,0
28096,0
28097,0
28098,0
28099,0
28102,0
28103,0
28104,2
28106,0
28107,1
28108,0
28109,0
28110,0
28111,1
28112,0
28113,0
28115,0
28116,0
28117,0
28118,0
28119,1
28120,0
28121,1
28122,0
28123,0
28124,0
28125,0
28126,0
28127,0
28128,0
28129,0
28130,0
28131,0
28132,0
28133,0
28134,0
28135,0
28136,1
28138,0
28139,0
28140,0
28141,0
28142,0
28143,0
28144,0
28145,0
28146,0
28148,0
28149,0
28150,0
28151,0
28152,0
28153,0
28154,1
28155,0
28156,0
28157,0
28158,2
28159,1
28160,1
28162,0
28163,0
28164,1
28165,0
28166,0
28167,0
28168,0
28169,0
28170,0
28171,2
28172,0
28173,0
28174,2
28175,0
28176,0
28177,1
28178,0
28179,1
28180,0
28181,0
28182,0
28183,1
28184,0
28185,2
28186,2
28187,1
28188,0
28189,0
28190,2
28191,1
28192,1
28193,0
28195,0
28197,0
28198,0
28199,0
28200,0
28201,0
28202,0
28203,0
28204,0
28205,0
28206,0
28207,0
28208,0
28209,0
28210,0
28211,0
28212,2
28214,0
28215,0
28216,0
28217,0
28218,1
28219,1
28220,1
28221,0
28222,2
28224,2
28225,0
28226,0
28227,2
28228,0
28229,0
28230,1
28231,1
28232,0
28233,0
28234,0
28235,0
28236,0
28238,0
28239,1
28240,0
28241,0
28242,0
28244,0
28246,0
28247,0
28249,1
28250,2
28251,0
28253,2
28254,0
28255,0
28256,0
28257,0
28258,0
28259,1
28260,0
28261,1
28262,0
28263,0
28264,0
28265,0
28266,1
28267,2
28268,0
28269,1
28270,0
28271,0
28272,0
28273,0
28274,0
28275,0
28276,0
28277,1
28278,0
28279,1
28280,0
28281,0
28282,0
28283,0
28285,0
28286,0
28287,0
28288,0
28289,0
28290,0
28292,1
28293,0
28294,0
28295,0
28297,2
28298,2
28299,0
28302,2
28303,0
28304,0
28305,0
28307,1
28308,0
28309,1
28310,0
28312,2
28313,0
28314,0
28315,0
28316,0
28317,0
28318,1
28320,0
28321,0
28322,0
28323,0
28324,0
28325,0
28326,0
28327,0
28328,1
28329,1
28330,1
28331,0
28333,0
28334,1
28335,0
28338,0
28339,0
28340,0
28341,0
28342,0
28343,0
28344,1
28346,0
28347,0
28348,0
28349,0
28350,1
28351,0
28352,2
28353,0
28354,0
28356,0
28357,2
28358,0
28359,0
28361,0
28362,0
28364,0
28365,0
28366,1
28367,0
28368,0
28369,1
28370,0
28371,0
28373,0
28374,0
28375,2
28376,0
28377,0
28378,0
28379,0
28380,0
28381,0
28383,0
28384,0
28385,1
28386,0
28387,0
28388,0
28391,1
28392,2
28393,0
28394,0
28395,0
28396,0
28397,0
28398,0
28399,1
28400,1
28401,0
28402,0
28403,0
28404,0
28405,0
28406,0
28407,2
28408,0
28409,2
28410,1
28411,0
28412,0
28413,0
28414,0
28415,0
28417,0
28418,0
28419,0
28420,0
28421,1
28422,0
28423,0
28424,0
28425,0
28426,2
28427,0
28428,0
28429,1
28430,0
28431,0
28432,0
28433,0
28434,0
28435,0
28436,1
28439,2
28440,1
28441,0
28442,0
28445,0
28446,0
28451,1
28452,1
28453,0
28454,1
28455,1
28456,0
28457,0
28459,0
28460,1
28461,0
28463,0
28464,0
28465,0
28466,0
28467,0
28468,0
28469,0
28470,1
28471,0
28472,0
28473,0
28474,1
28475,0
28476,0
28477,0
28478,1
28479,0
28480,0
28481,0
28482,1
28484,0
28485,0
28486,0
28487,0
28488,0
28490,0
28491,0
28492,0
28493,1
28494,1
28495,2
28496,0
28497,1
28498,0
28499,0
28500,0
28501,0
28502,1
28503,0
28504,0
28505,0
28506,0
28507,2
28508,0
28509,0
28510,0
28511,0
28513,0
28514,0
28516,1
28517,0
28518,0
28519,0
28520,0
28521,1
28522,2
28523,0
28524,0
28525,1
28526,0
28527,0
28528,0
28530,0
28531,0
28532,0
28533,0
28534,0
28535,0
28536,0
28537,0
28538,0
28539,2
28540,0
28541,0
28542,2
28543,0
28544,0
28545,0
28546,0
28547,0
28548,0
28549,0
28550,2
28553,0
28554,0
28555,1
28557,0
28558,0
28559,2
28560,1
28561,0
28562,0
28563,0
28564,0
28565,0
28566,1
28567,1
28568,0
28569,0
28570,0
28571,0
28572,0
28573,0
28574,0
28577,1
28578,0
28579,0
28580,0
28581,0
28582,0
28583,1
28584,0
28585,1
28586,0
28587,0
28589,1
28590,0
28591,0
28592,0
28593,0
28594,0
28595,0
28596,2
28597,0
28598,1
28600,1
28601,0
28602,0
28603,0
28604,0
28605,1
28606,0
28608,0
28609,0
28611,0
28612,2
28613,0
28614,2
28616,1
28617,0
28618,0
28619,0
28620,0
28621,0
28622,2
28623,1
28624,0
28625,0
28626,0
28627,1
28630,0
28631,0
28632,1
28633,1
28635,0
28636,2
28638,2
28639,1
28640,0
28641,0
28642,0
28643,0
28644,0
28645,0
28646,0
28647,0
28648,0
28649,0
28650,0
28651,0
28652,0
28653,0
28654,0
28655,0
28656,0
28657,1
28658,1
28659,1
28660,0
28661,0
28662,0
28663,0
28664,0
28665,0
28666,0
28667,0
28668,0
28669,1
28670,0
28671,0
28672,0
28673,0
28674,2
28675,0
28676,0
28677,1
28678,0
28679,0
28681,0
28682,0
28683,0
28684,0
28685,0
28686,0
28687,0
28688,0
28690,0
28691,1
28692,1
28693,0
28694,1
28695,0
28696,0
28697,0
28699,0
28700,0
28701,0
28702,0
28703,1
28704,0
28705,0
28706,0
28707,0
28708,0
28709,0
28710,2
28711,1
28712,1
28713,0
28714,0
28716,0
28717,0
28718,1
28720,0
28721,2
28722,0
28723,0
28724,0
28725,0
28727,0
28728,0
28729,0
28730,0
28731,0
28732,0
28733,1
28734,0
28735,2
28736,0
28737,2
28738,0
28740,0
28741,0
28743,0
28744,0
28745,0
28746,2
28747,0
28748,0
28749,0
28751,0
28752,0
28753,0
28754,0
28755,1
28756,1
28757,0
28758,0
28759,0
28760,2
28761,0
28762,1
28763,0
28764,0
28765,2
28766,0
28767,0
28768,0
28769,0
28770,0
28771,0
28772,0
28773,0
28774,0
28776,0
28777,0
28778,0
28779,0
28780,0
28781,2
28782,0
28783,0
28784,1
28785,0
28786,0
28787,0
28788,0
28789,0
28790,2
28791,0
28792,0
28793,0
28794,0
28795,0
28796,2
28798,0
28799,1
28800,0
28801,0
28802,0
28803,0
28804,0
28805,0
28806,0
28807,1
28808,1
28809,1
28810,0
28811,1
28812,0
28813,0
28814,0
28815,0
28816,1
28817,0
28818,1
28820,0
28821,1
28822,0
28823,0
28824,0
28825,0
28826,1
28827,0
28828,0
28829,0
28830,0
28831,0
28833,0
28834,0
28835,0
28836,0
28837,0
28838,0
28839,0
28840,0
28841,0
28842,2
28843,0
28844,0
28845,0
28846,0
28847,0
28848,0
28849,0
28850,0
28851,0
28852,0
28853,1
28854,1
28855,1
28856,0
28857,0
28859,1
28860,0
28861,1
28862,0
28863,0
28864,0
28865,0
28866,1
28867,0
28868,1
28869,0
28870,0
28871,0
28872,0
28873,1
28874,0
28876,2
28877,0
28878,0
28880,0
28881,0
28882,0
28883,0
28884,0
28885,0
28886,0
28887,0
28888,1
28889,0
28890,0
28891,1
28892,1
28893,0
28894,0
28895,0
28896,0
28897,0
28898,0
28899,0
28900,0
28901,2
28903,0
28904,1
28905,0
28907,0
28908,0
28910,0
28911,0
28912,0
28913,0
28914,0
28915,0
28916,0
28917,0
28918,2
28919,0
28920,0
28921,0
28922,0
28923,0
28924,0
28925,1
28926,0
28927,0
28928,0
28929,0
28930,0
28931,0
28933,0
28934,0
28935,0
28936,0
28937,0
28938,0
28939,0
28941,0
28942,2
28943,0
28944,0
28945,1
28946,0
28947,0
28948,1
28949,0
28950,1
28951,0
28952,0
28953,0
28954,0
28955,0
28956,0
28957,0
28959,2
28960,0
28961,0
28962,0
28963,0
28964,0
28965,2
28966,1
28967,1
28968,0
28969,1
28971,0
28974,0
28975,0
28976,0
28977,0
28978,0
28981,1
28982,0
28983,0
28984,0
28986,0
28987,0
28988,2
28989,0
28991,0
28992,0
28993,2
28996,0
28997,0
28998,0
28999,0
29001,0
29004,1
29005,1
29006,0
29007,2
29008,0
29009,0
29010,1
29011,0
29012,1
29013,0
29014,0
29015,0
29016,0
29017,0
29018,0
29019,0
29021,0
29023,1
29024,0
29025,1
29028,1
29029,0
29030,0
29031,0
29032,0
29033,0
29037,0
29038,0
29039,0
29040,0
29041,0
29042,0
29043,0
29044,1
29045,0
29046,0
29047,0
29048,0
29049,0
29050,0
29051,0
29052,0
29053,1
29054,0
29055,1
29056,1
29057,2
29058,0
29059,0
29060,2
29061,0
29062,2
29063,0
29066,0
29067,1
29068,0
29069,2
29070,0
29071,0
29072,0
29073,1
29074,0
29075,2
29077,0
29078,0
29079,0
29080,0
29081,0
29082,0
29083,0
29084,0
29085,0
29087,0
29088,0
29089,0
29090,0
29092,0
29093,2
29094,0
29095,1
29097,2
29098,0
29099,1
29100,0
29101,0
29102,1
29103,0
29104,0
29105,0
29106,0
29107,0
29108,0
29109,0
29110,0
29111,0
29112,1
29113,0
29114,0
29115,0
29116,0
29117,0
29118,0
29119,0
29120,0
29121,0
29122,1
29123,0
29124,1
29125,1
29127,0
29128,2
29129,0
29131,0
29132,0
29133,2
29134,1
29135,0
29136,0
29137,0
29138,0
29139,0
29140,1
29141,0
29142,2
29143,0
29144,0
29145,0
29147,0
29148,0
29149,0
29151,0
29152,0
29153,0
29154,1
29155,0
29156,0
29157,0
29158,0
29159,0
29160,2
29161,0
29162,0
29163,0
29165,0
29168,0
29169,0
29170,0
29171,0
29172,1
29173,0
29174,0
29175,0
29176,0
29177,0
29178,0
29179,0
29180,0
29181,0
29182,2
29183,0
29184,1
29185,0
29186,0
29187,2
29188,0
29189,0
29190,0
29193,0
29194,0
29195,0
29196,0
29197,0
29199,0
29201,0
29203,0
29204,1
29205,1
29206,0
29208,2
29209,0
29210,1
29211,0
29212,0
29213,2
29214,0
29215,1
29216,0
29217,0
29218,0
29219,2
29220,0
29221,0
29222,1
29223,0
29224,0
29225,0
29226,0
29227,2
29228,0
29230,0
29231,0
29232,1
29233,0
29234,0
29235,1
29236,0
29237,0
29238,0
29239,0
29240,1
29241,0
29242,0
29244,0
29245,0
29246,1
29247,0
29248,2
29249,0
29250,0
29251,1
29252,0
29253,2
29254,1
29255,0
29256,0
29257,0
29258,0
29259,0
29260,0
29261,1
29262,0
29263,0
29264,0
29265,0
29266,0
29267,0
29268,0
29269,1
29271,0
29272,0
29273,2
29274,0
29276,0
29277,1
29278,0
29279,0
29280,2
29281,0
29282,0
29284,0
29285,0
29286,0
29287,0
29288,0
29289,0
29290,0
29291,0
29293,0
29294,0
29295,2
29297,1
29298,0
29299,1
29300,0
29301,0
29302,0
29303,2
29304,0
29305,0
29306,0
29308,0
29309,0
29310,0
29311,0
29312,0
29313,0
29314,0
29315,0
29317,0
29318,0
29319,0
29320,1
29321,0
29322,0
29324,0
29325,0
29326,0
29327,0
29328,0
29329,0
29330,0
29331,0
29332,0
29333,0
29334,0
29335,0
29336,2
29337,0
29338,0
29339,0
29341,0
29342,0
29343,0
29344,0
29345,0
29346,0
29347,0
29348,0
29349,0
29350,0
29351,0
29352,2
29353,0
29354,0
29356,0
29357,2
29358,0
29360,0
29361,0
29362,0
29363,0
29364,0
29365,0
29366,0
29367,2
29368,0
29369,1
29370,2
29371,0
29372,0
29374,0
29375,0
29376,0
29377,0
29378,0
29379,1
29380,0
29381,0
29382,0
29383,1
29384,0
29385,1
29386,2
29387,0
29388,0
29389,0
29390,0
29391,0
29392,0
29393,0
29394,0
29395,0
29396,0
29397,0
29398,0
29399,0
29400,0
29401,0
29402,0
29403,0
29405,0
29406,0
29407,0
29408,1
29409,1
29410,1
29411,0
29412,1
29413,0
29414,0
29415,0
29416,0
29417,1
29419,0
29420,0
29421,2
29422,0
29423,0
29425,0
29426,2
29427,0
29428,1
29429,0
29430,0
29431,0
29432,0
29433,0
29434,1
29435,1
29436,1
29437,0
29438,0
29439,0
29440,1
29441,0
29442,0
29443,0
29444,1
29445,0
29446,0
29447,0
29448,2
29449,0
29450,1
29451,0
29452,0
29453,0
29454,0
29455,0
29456,0
29458,0
29459,0
29460,1
29461,0
29462,0
29463,0
29464,0
29465,0
29466,1
29467,0
29468,0
29469,0
29471,0
29472,0
29473,1
29474,1
29475,0
29476,0
29477,0
29478,0
29479,0
29480,0
29481,0
29482,0
29483,0
29484,0
29485,0
29486,0
29487,0
29488,2
29489,0
29490,0
29491,0
29492,0
29493,0
29494,0
29495,0
29496,0
29497,0
29498,0
29499,0
29500,1
29501,0
29503,1
29504,0
29505,2
29506,0
29507,0
29508,1
29509,1
29511,1
29512,0
29513,0
29514,0
29515,2
29516,0
29517,0
29518,0
29519,0
29520,0
29521,0
29522,0
29523,1
29524,0
29525,1
29526,0
29527,0
29528,0
29529,0
29531,0
29532,0
29533,0
29534,0
29535,0
29536,0
29537,0
29538,0
29539,0
29540,0
29543,0
29544,0
29545,0
29546,0
29547,0
29548,0
29549,1
29550,2
29551,0
29552,2
29553,0
29554,0
29555,0
29556,0
29557,0
29558,0
29559,0
29560,0
29561,0
29563,0
29564,1
29565,2
29566,0
29567,0
29568,0
29569,0
29570,0
29571,1
29572,0
29573,1
29574,0
29575,0
29576,1
29577,2
29578,1
29579,1
29580,0
29581,0
29582,0
29583,0
29586,0
29587,0
29588,0
29589,0
29590,0
29591,0
29592,0
29593,0
29596,2
29597,0
29598,0
29599,1
29600,0
29601,1
29602,0
29604,0
29605,0
29606,0
29608,0
29609,0
29610,0
29611,0
29612,0
29613,0
29614,0
29615,0
29617,0
29618,0
29619,0
29620,0
29621,0
29622,0
29623,0
29624,0
29625,0
29626,0
29627,0
29628,0
29631,0
29632,0
29633,0
29634,0
29635,1
29636,0
29637,0
29638,0
29639,0
29640,0
29641,1
29642,0
29643,0
29644,0
29645,0
29647,0
29648,0
29649,1
29650,1
29651,0
29652,0
29653,0
29654,0
29655,0
29656,0
29657,0
29658,0
29659,0
29660,2
29661,0
29662,1
29663,1
29664,0
29665,0
29666,0
29667,0
29668,0
29669,0
29670,0
29671,0
29673,0
29674,0
29675,1
29676,1
29677,0
29678,0
29679,1
29680,0
29681,0
29682,0
29683,1
29684,0
29686,2
29688,0
29689,0
29690,0
29691,0
29693,0
29694,1
29695,2
29696,0
29697,0
29698,2
29699,0
29701,0
29702,0
29703,0
29704,0
29705,0
29706,0
29707,1
29708,2
29709,0
29710,0
29711,0
29712,1
29714,0
29715,0
29716,1
29717,1
29718,0
29719,0
29720,0
29721,0
29722,0
29723,0
29725,0
29726,0
29727,1
29728,0
29729,0
29730,2
29731,1
29732,0
29733,0
29734,0
29735,0
29736,0
29737,1
29738,1
29739,0
29740,0
29741,0
29743,0
29744,0
29745,0
29746,1
29747,1
29748,0
29749,1
29750,0
29751,0
29752,0
29753,0
29754,0
29755,0
29756,0
29757,0
29758,0
29759,0
29760,0
29762,0
29763,1
29764,2
29765,0
29766,1
29767,0
29768,0
29770,0
29771,0
29772,0
29773,0
29774,0
29775,0
29777,0
29779,1
29780,0
29781,0
29782,0
29783,0
29784,0
29785,0
29786,0
29787,0
29788,0
29789,0
29790,0
29791,0
29792,0
29793,0
29794,1
29795,2
29796,0
29797,0
29798,0
29799,0
29800,0
29801,0
29802,0
29803,0
29804,1
29805,2
29806,0
29807,0
29808,0
29809,0
29810,0
29811,0
29812,1
29813,0
29814,1
29815,0
29816,0
29818,1
29819,0
29820,0
29822,0
29823,2
29824,0
29825,0
29826,0
29828,0
29829,0
29830,0
29831,0
29832,1
29835,0
29836,0
29837,2
29838,1
29839,0
29840,0
29841,1
29842,0
29843,0
29844,0
29845,2
29846,0
29847,0
29848,0
29849,0
29850,1
29851,0
29852,1
29853,0
29854,1
29856,0
29858,0
29860,0
29861,0
29862,0
29863,0
29864,0
29865,0
29866,0
29867,0
29868,0
29869,2
29871,2
29872,0
29873,0
29874,0
29876,0
29877,0
29878,0
29879,2
29880,0
29881,0
29882,0
29883,0
29884,0
29885,0
29887,0
29888,0
29889,1
29890,0
29891,2
29892,0
29893,2
29894,1
29895,0
29896,1
29897,0
29898,0
29899,0
29900,0
29901,0
29902,0
29903,0
29904,0
29905,1
29906,0
29907,0
29908,1
29909,0
29910,0
29911,0
29912,0
29913,0
29914,0
29915,0
29917,0
29918,0
29919,0
29920,0
29921,2
29922,0
29923,0
29924,0
29925,1
29926,0
29927,0
29928,0
29929,1
29930,0
29931,0
29932,0
29933,1
29934,0
29935,1
29936,0
29937,0
29938,0
29939,1
29940,1
29941,0
29943,0
29945,0
29946,0
29947,0
29948,0
29951,0
29952,0
29954,0
29955,0
29956,0
29957,0
29958,0
29959,2
29960,1
29961,0
29962,0
29963,1
29964,0
29965,0
29967,0
29968,2
29969,0
29970,0
29971,1
29973,0
29974,0
29975,0
29976,0
29977,0
29978,0
29979,2
29980,0
29981,0
29982,0
29983,0
29985,0
29986,2
29988,2
29989,0
29990,0
29991,1
29992,0
29993,0
29994,0
29995,1
29996,0
29997,0
29998,0
29999,0
30000,2
30001,0
30002,0
30003,2
30004,0
30006,0
30007,1
30008,0
30009,0
30010,2
30011,0
30012,0
30013,0
30014,0
30015,2
30016,0
30017,1
30018,0
30019,1
30020,0
30021,1
30022,1
30023,0
30024,0
30025,0
30026,0
30027,0
30028,0
30030,0
30031,0
30032,2
30033,0
30034,0
30036,0
30037,0
30038,1
30039,0
30040,2
30041,0
30042,0
30043,0
30044,0
30045,0
30046,0
30048,0
30049,1
30050,0
30052,0
30053,0
30054,0
30055,0
30056,0
30057,0
30058,0
30059,0
30060,0
30061,2
30062,0
30063,0
30064,0
30065,0
30066,0
30067,0
30069,0
30070,0
30071,0
30072,0
30073,0
30075,0
30076,1
30078,1
30079,2
30081,0
30082,0
30083,0
30084,0
30085,0
30086,0
30088,0
30089,0
30090,2
30091,0
30092,0
30093,0
30094,1
30095,2
30096,0
30097,0
30098,0
30099,0
30100,0
30101,0
30102,0
30103,0
30104,2
30105,0
30106,0
30107,0
30108,1
30109,0
30110,0
30111,0
30112,0
30113,0
30114,0
30115,0
30116,0
30117,0
30119,0
30120,0
30121,0
30122,0
30123,1
30124,0
30125,1
30126,0
30127,0
30128,0
30129,0
30130,0
30131,0
30134,0
30135,1
30136,0
30138,1
30139,0
30140,0
30141,0
30142,0
30144,0
30145,0
30146,0
30148,0
30149,1
30150,0
30151,0
30152,0
30153,2
30155,0
30157,0
30158,0
30159,0
30160,0
30161,0
30162,0
30163,0
30164,1
30165,2
30166,0
30167,0
30168,1
30169,0
30170,0
30171,1
30172,0
30173,0
30174,2
30175,0
30176,1
30177,0
30178,0
30179,0
30180,2
30181,0
30182,0
30183,0
30184,0
30186,0
30187,1
30188,2
30189,0
30190,0
30191,0
30192,0
30194,0
30195,2
30196,2
30198,0
30199,0
30200,0
30201,0
30202,0
30203,0
30204,2
30205,0
30206,0
30207,1
30208,0
30209,0
30211,0
30212,0
30213,0
30214,0
30215,1
30216,0
30217,0
30218,0
30219,0
30220,0
30221,0
30222,1
30223,1
30224,0
30225,1
30226,0
30227,0
30228,0
30229,0
30230,0
30232,0
30233,0
30234,0
30236,0
30237,0
30238,0
30239,1
30240,2
30241,0
30242,0
30243,0
30244,0
30245,1
30246,0
30247,0
30248,0
30249,0
30250,0
30251,0
30252,0
30253,0
30255,0
30256,1
30257,0
30258,1
30260,0
30261,0
30262,0
30263,0
30266,1
30267,0
30268,0
30269,0
30270,1
30271,0
30272,0
30274,0
30275,0
30276,0
30277,1
30278,0
30279,1
30280,0
30281,0
30282,0
30283,2
30284,0
30286,0
30287,0
30288,0
30289,0
30290,0
30291,1
30293,0
30295,1
30296,0
30297,0
30298,0
30299,0
30300,0
30301,0
30302,0
30303,0
30305,0
30306,0
30307,0
30310,0
30311,2
30312,0
30313,0
30314,0
30315,1
30316,0
30317,2
30318,0
30319,1
30320,0
30321,0
30323,0
30324,0
30325,0
30326,0
30327,0
30328,0
30329,0
30330,0
30331,2
30332,0
30333,1
30334,1
30335,0
30336,0
30337,0
30338,0
30339,0
30340,0
30341,0
30342,0
30343,2
30345,0
30346,0
30347,2
30348,1
30349,2
30350,2
30351,0
30352,0
30353,0
30354,0
30355,0
30356,1
30357,0
30358,0
30359,0
30361,0
30362,0
30363,0
30364,0
30365,0
30366,0
30367,0
30368,0
30369,0
30370,0
30371,0
30372,0
30373,0
30374,0
30375,1
30376,0
30378,0
30379,0
30380,0
30381,0
30382,0
30383,0
30384,0
30385,0
30386,0
30387,0
30389,0
30391,0
30392,1
30394,0
30395,0
30396,2
30397,0
30398,0
30399,0
30400,0
30401,0
30402,0
30403,1
30404,2
30405,0
30406,0
30407,2
30408,0
30409,0
30410,1
30411,0
30412,0
30413,1
30414,1
30415,0
30416,0
30417,0
30419,0
30420,0
30421,0
30422,0
30423,0
30424,0
30425,0
30426,0
30427,0
30428,0
30429,0
30430,1
30431,0
30432,0
30433,0
30434,0
30435,1
30436,0
30438,1
30439,1
30440,0
30441,0
30442,0
30445,1
30446,0
30447,2
30448,1
30449,1
30450,0
30451,0
30452,0
30453,1
30454,0
30455,2
30456,0
30457,0
30460,1
30461,0
30462,1
30463,0
30464,0
30466,0
30468,2
30469,2
30470,0
30471,0
30472,0
30473,0
30474,0
30475,0
30477,0
30478,0
30479,0
30480,2
30482,0
30483,0
30484,1
30485,0
30486,1
30487,0
30488,0
30489,1
30490,1
30491,0
30492,0
30493,0
30494,0
30495,1
30496,0
30497,0
30498,0
30499,0
30500,0
30501,2
30502,1
30504,0
30506,1
30507,0
30508,0
30509,0
30510,0
30511,0
30512,0
30513,0
30514,0
30515,1
30516,0
30517,0
30518,1
30519,0
30520,0
30521,0
30523,0
30524,1
30525,0
30526,1
30527,0
30528,0
30529,0
30530,0
30531,0
30532,0
30533,0
30535,2
30536,0
30537,0
30538,0
30539,0
30540,0
30541,0
30542,0
30543,0
30545,0
30546,0
30547,0
30548,2
30549,0
30551,0
30553,0
30554,0
30555,1
30556,0
30558,1
30559,0
30560,0
30561,0
30562,2
30563,0
30564,0
30565,0
30566,1
30567,1
30568,0
30569,0
30570,2
30571,2
30572,0
30573,0
30574,0
30575,0
30577,0
30578,1
30579,0
30580,0
30582,0
30583,0
30584,0
30585,0
30586,1
30587,0
30588,0
30589,0
30590,1
30591,1
30592,0
30593,1
30594,1
30595,0
30596,0
30597,0
30598,0
30599,0
30600,0
30601,0
30602,0
30603,0
30604,0
30606,0
30607,0
30608,0
30609,0
30610,0
30611,0
30612,0
30613,1
30614,1
30615,0
30616,0
30617,0
30618,0
30619,0
30620,0
30621,2
30622,0
30623,0
30625,0
30626,2
30628,0
30629,0
30630,0
30631,0
30633,1
30634,0
30636,2
30637,0
30638,2
30639,0
30640,2
30641,0
30642,0
30643,0
30644,0
30645,0
30646,1
30647,0
30648,0
30649,1
30650,0
30652,0
30653,0
30654,0
30655,0
30657,0
30658,0
30659,0
30660,1
30661,0
30662,0
30663,0
30664,0
30665,2
30666,0
30667,2
30668,2
30669,0
30670,0
30671,0
30673,0
30674,0
30675,0
30677,1
30678,0
30680,0
30681,0
30682,2
30683,1
30684,0
30685,1
30686,0
30687,0
30689,1
30690,0
30691,0
30692,1
30693,0
30694,0
30695,0
30696,0
30697,2
30698,2
30699,0
30700,0
30701,0
30702,0
30703,0
30704,0
30705,0
30706,0
30707,0
30708,0
30709,0
30710,0
30711,0
30712,0
30713,0
30714,0
30715,0
30716,0
30718,0
30719,0
30720,0
30721,0
30722,2
30723,0
30724,0
30725,0
30726,0
30727,0
30728,1
30729,1
30730,0
30731,0
30732,0
30733,2
30735,0
30736,0
30737,0
30738,0
30739,0
30740,0
30741,0
30742,1
30743,0
30744,1
30745,0
30746,0
30748,0
30749,0
30750,0
30751,0
30752,2
30753,0
30754,2
30756,0
30757,1
30758,0
30759,0
30760,0
30761,0
30762,0
30763,0
30764,0
30765,0
30766,0
30767,1
30768,0
30769,0
30770,0
30771,1
30772,0
30773,0
30774,1
30775,0
30776,0
30777,0
30778,1
30779,0
30780,0
30781,0
30782,1
30783,0
30784,0
30785,0
30786,0
30787,0
30789,0
30790,0
30791,0
30792,0
30793,0
30794,0
30795,1
30796,0
30797,0
30798,0
30799,2
30800,0
30802,2
30803,2
30804,0
30805,0
30806,0
30807,0
30808,0
30809,0
30810,1
30811,0
30812,0
30813,1
30814,0
30815,0
30816,2
30820,0
30821,0
30823,0
30824,2
30825,0
30826,0
30827,1
30828,0
30829,0
30830,0
30831,0
30832,0
30833,0
30834,0
30835,0
30837,0
30839,0
30840,0
30841,0
30842,0
30843,2
30844,1
30845,0
30846,0
30847,0
30848,0
30849,0
30850,0
30851,0
30852,0
30854,0
30855,0
30857,1
30859,0
30860,0
30861,0
30862,0
30863,0
30864,0
30865,0
30866,0
30868,2
30869,0
30870,0
30871,0
30872,0
30873,0
30874,2
30876,0
30877,0
30878,0
30879,0
30880,1
30881,0
30882,0
30883,0
30884,0
30885,0
30886,1
30887,0
30888,0
30889,0
30891,0
30892,0
30893,0
30894,0
30895,0
30896,0
30897,0
30898,0
30899,0
30900,0
30901,0
30902,0
30903,0
30904,1
30905,0
30906,1
30907,0
30908,0
30909,0
30910,0
30911,0
30912,0
30913,2
30914,0
30915,0
30916,0
30917,1
30918,0
30919,0
30920,0
30921,0
30922,0
30923,1
30924,0
30926,0
30927,0
30928,0
30929,0
30932,1
30934,1
30935,0
30937,1
30939,0
30940,0
30941,0
30942,1
30943,0
30944,2
30945,0
30946,0
30947,0
30948,1
30949,0
30950,1
30951,1
30952,1
30953,0
30955,1
30957,1
30958,0
30959,0
30960,2
30961,0
30962,0
30963,1
30964,1
30965,1
30966,0
30967,0
30968,0
30969,0
30971,0
30972,1
30974,1
30976,1
30978,2
30980,1
30981,1
30982,0
30983,0
30984,0
30985,0
30986,0
30987,0
30988,0
30989,1
30990,0
30992,0
30993,0
30995,0
30996,0
30997,0
30998,1
30999,0
31000,0
31001,0
31002,0
31003,0
31004,1
31006,0
31007,0
31008,0
31009,0
31010,0
31011,0
31012,0
31013,0
31014,0
31015,1
31017,0
31018,0
31020,0
31021,2
31022,0
31023,0
31024,0
31025,0
31026,0
31029,1
31030,0
31031,0
31032,0
31033,0
31034,1
31035,0
31036,0
31037,0
31038,0
31039,1
31040,0
31041,0
31042,0
31043,0
31044,0
31045,0
31046,1
31047,0
31048,2
31049,0
31050,2
31051,2
31052,0
31053,1
31054,1
31055,0
31056,0
31057,0
31058,0
31059,0
31060,1
31062,0
31063,0
31064,0
31065,2
31066,0
31067,0
31068,0
31070,0
31071,2
31072,1
31073,0
31074,0
31075,0
31076,1
31077,0
31078,0
31079,0
31080,1
31081,1
31082,1
31083,0
31084,0
31085,0
31086,0
31087,2
31089,0
31090,0
31091,0
31092,0
31093,1
31094,2
31095,1
31096,1
31097,0
31098,0
31099,0
31100,0
31101,2
31102,0
31103,2
31104,0
31105,0
31106,1
31107,0
31108,1
31109,0
31110,2
31111,2
31112,0
31113,0
31114,1
31115,0
31116,2
31117,2
31118,0
31119,0
31120,0
31121,0
31122,1
31123,0
31124,0
31125,0
31126,0
31127,1
31128,0
31130,0
31131,2
31132,0
31133,0
31134,1
31135,0
31138,0
31139,1
31140,1
31142,0
31144,1
31145,1
31146,0
31147,0
31148,0
31149,0
31150,0
31151,0
31152,0
31153,0
31154,0
31155,0
31156,2
31157,0
31158,0
31160,1
31161,0
31163,0
31164,0
31165,0
31166,0
31167,1
31168,0
31169,0
31170,0
31171,0
31172,0
31173,0
31175,0
31176,0
31177,0
31178,0
31179,0
31181,0
31182,0
31183,0
31185,0
31186,1
31188,0
31189,0
31190,0
31191,2
31192,2
31194,0
31195,1
31196,0
31198,0
31199,0
31200,0
31201,0
31202,0
31203,0
31204,0
31205,2
31206,0
31207,2
31208,0
31209,0
31210,0
31211,0
31212,0
31213,0
31214,0
31215,0
31216,0
31217,0
31218,1
31220,0
31221,0
31222,0
31223,0
31224,0
31225,1
31226,0
31227,0
31228,2
31230,0
31232,0
31233,0
31234,0
31235,0
31236,0
31237,0
31238,0
31239,0
31240,1
31241,0
31242,0
31243,0
31244,0
31245,0
31246,0
31247,0
31248,0
31249,0
31250,2
31251,0
31252,0
31253,0
31254,0
31255,0
31256,0
31257,0
31258,0
31259,0
31260,0
31261,0
31262,0
31263,0
31264,0
31265,2
31267,1
31269,0
31272,0
31273,0
31274,0
31275,0
31276,0
31277,0
31278,0
31280,1
31281,0
31282,0
31283,0
31284,0
31285,0
31287,2
31288,0
31289,0
31290,1
31291,0
31292,0
31293,0
31294,0
31295,2
31296,1
31297,0
31298,1
31299,0
31300,0
31301,1
31302,0
31303,0
31305,2
31306,0
31307,0
31308,2
31309,1
31310,1
31311,0
31312,0
31313,0
31314,1
31315,0
31316,0
31317,0
31318,0
31319,0
31320,0
31321,0
31322,1
31323,0
31324,0
31325,0
31326,0
31327,1
31328,0
31329,0
31331,0
31332,0
31333,2
31334,1
31335,0
31336,0
31337,0
31338,0
31339,0
31340,0
31341,0
31342,0
31343,0
31344,0
31345,0
31346,0
31347,0
31348,1
31349,0
31350,0
31352,0
31353,0
31354,0
31355,0
31356,0
31357,0
31358,0
31359,0
31360,0
31361,1
31362,0
31363,0
31364,0
31365,2
31366,0
31367,0
31368,0
31369,0
31370,0
31371,0
31372,1
31373,0
31374,0
31375,1
31376,1
31377,0
31378,1
31379,1
31380,0
31381,1
31382,0
31383,0
31384,0
31385,0
31386,0
31387,0
31388,0
31389,1
31390,0
31391,0
31393,0
31394,0
31395,0
31396,0
31397,0
31398,0
31399,0
31400,0
31401,0
31402,1
31404,0
31406,0
31407,0
31408,0
31409,0
31410,0
31411,1
31412,0
31413,0
31414,0
31415,1
31416,0
31417,1
31419,0
31420,2
31421,0
31422,0
31424,0
31425,0
31427,0
31428,0
31430,0
31431,0
31432,0
31433,0
31435,0
31436,0
31437,0
31438,0
31439,0
31440,1
31441,0
31442,0
31443,1
31445,0
31446,0
31447,0
31448,0
31449,1
31450,0
31451,2
31452,0
31454,0
31455,0
31456,0
31457,0
31458,0
31459,0
31460,0
31461,0
31463,0
31464,0
31465,1
31466,0
31467,0
31468,0
31469,0
31470,0
31471,0
31472,0
31474,0
31475,0
31476,0
31477,0
31478,0
31479,0
31480,0
31481,0
31482,2
31485,1
31486,0
31488,0
31489,0
31490,0
31491,1
31492,2
31493,1
31494,0
31495,0
31496,0
31497,0
31498,1
31500,0
31502,0
31503,0
31504,0
31505,0
31506,1
31507,0
31508,0
31509,0
31511,0
31512,2
31514,0
31515,0
31516,0
31518,0
31519,0
31520,0
31521,0
31522,0
31523,0
31524,0
31525,0
31526,0
31527,0
31528,0
31529,0
31530,0
31531,0
31532,0
31533,0
31534,0
31535,0
31536,0
31537,0
31538,0
31539,0
31540,1
31541,1
31542,0
31543,0
31544,1
31547,0
31548,0
31549,0
31550,0
31551,0
31552,0
31553,0
31554,0
31555,1
31556,0
31557,0
31559,0
31560,1
31561,0
31562,1
31563,0
31564,0
31566,0
31567,0
31568,1
31569,1
31570,0
31571,0
31573,1
31576,0
31577,0
31578,0
31579,0
31581,2
31582,0
31583,0
31584,1
31585,0
31586,0
31587,0
31588,0
31589,0
31590,0
31591,1
31593,1
31594,0
31595,0
31596,0
31597,0
31598,0
31599,0
31600,1
31601,0
31602,0
31603,0
31604,0
31605,0
31606,0
31607,0
31608,0
31609,1
31610,0
31611,1
31612,0
31613,2
31614,0
31615,1
31616,0
31617,0
31618,1
31619,2
31620,0
31622,1
31623,0
31625,0
31626,1
31627,0
31628,0
31629,1
31630,1
31631,0
31632,0
31633,0
31634,0
31635,0
31636,0
31637,0
31638,0
31639,2
31640,0
31641,0
31642,0
31643,0
31644,0
31645,2
31646,0
31647,0
31648,0
31649,1
31650,0
31651,0
31652,0
31653,0
31654,0
31655,1
31656,0
31657,1
31658,0
31659,0
31660,1
31662,0
31663,0
31664,0
31665,1
31666,1
31667,2
31668,0
31669,0
31671,1
31672,1
31673,0
31674,0
31675,0
31676,1
31677,0
31678,0
31679,0
31680,0
31681,1
31682,0
31683,0
31684,2
31685,0
31686,0
31688,0
31689,0
31690,2
31691,0
31692,1
31693,0
31694,0
31695,1
31696,2
31697,0
31698,0
31699,0
31700,0
31701,0
31702,0
31703,0
31704,0
31705,0
31706,0
31707,2
31708,0
31709,0
31711,0
31712,0
31713,0
31714,0
31716,0
31718,1
31719,0
31720,1
31721,0
31723,0
31724,0
31725,0
31726,1
31727,2
31728,0
31729,0
31730,0
31731,0
31732,1
31733,0
31734,0
31735,2
31736,0
31737,2
31738,0
31739,1
31740,0
31741,0
31742,0
31743,0
31744,0
31745,0
31746,1
31748,0
31749,2
31750,0
31751,1
31752,0
31753,0
31754,2
31755,2
31756,0
31757,2
31758,0
31759,1
31761,0
31762,0
31765,1
31766,0
31767,0
31768,0
31769,0
31770,0
31771,0
31772,0
31773,0
31776,0
31777,2
31778,0
31779,0
31780,0
31782,0
31783,0
31784,0
31785,2
31786,0
31787,0
31790,1
31791,0
31792,0
31793,0
31794,0
31795,0
31796,0
31798,0
31799,0
31800,0
31801,0
31802,2
31805,1
31806,2
31808,2
31809,0
31810,0
31812,0
31813,0
31815,0
31816,2
31817,0
31818,1
31819,0
31820,1
31821,1
31822,1
31823,0
31824,0
31825,0
31826,0
31827,0
31828,0
31829,1
31830,1
31831,0
31833,0
31835,0
31836,0
31838,1
31839,0
31841,0
31842,1
31843,0
31844,0
31845,0
31846,0
31847,0
31848,0
31849,2
31850,2
31851,0
31852,0
31853,0
31854,0
31855,0
31856,0
31857,0
31858,0
31859,1
31860,0
31861,0
31863,0
31865,0
31866,2
31867,0
31868,0
31869,0
31870,1
31871,0
31872,1
31873,0
31875,1
31876,0
31877,1
31879,0
31880,0
31881,0
31882,0
31883,0
31884,0
31885,0
31886,1
31887,0
31888,2
31889,1
31890,0
31891,0
31892,1
31893,0
31894,0
31895,1
31896,0
31897,0
31898,1
31899,0
31901,0
31902,0
31903,0
31904,1
31905,0
31906,0
31907,0
31909,1
31910,0
31911,0
31912,0
31914,0
31915,0
31917,0
31918,1
31919,0
31920,0
31921,2
31922,0
31923,0
31924,0
31925,0
31926,0
31927,0
31928,0
31929,1
31930,0
31931,0
31932,0
31933,0
31934,0
31935,0
31936,1
31937,0
31938,0
31939,0
31941,0
31942,0
31943,0
31944,0
31945,0
31946,0
31947,0
31948,0
31949,0
31951,0
31952,1
31953,0
31954,0
31955,0
31956,0
31957,0
31958,0
31960,2
31961,2
31962,0
31963,1
31964,0
31965,1
31966,0
31967,0
31968,0
31969,0
31970,0
31971,0
31972,2
31973,0
31974,2
31975,0
31976,0
31977,0
31978,0
31980,0
31981,0
31982,1
31983,2
31984,0
31985,2
31986,0
31987,1
31988,0
31989,1
31990,0
31991,0
31993,1
31994,0
31995,0
31996,0
31998,0
31999,0
32000,1
32001,0
32002,1
32003,0
32005,0
32006,0
32007,2
32008,0
32009,0
32010,0
32011,0
32012,0
32013,0
32014,0
32015,0
32016,1
32017,0
32018,0
32020,1
32021,1
32022,0
32023,0
32025,0
32026,1
32027,1
32028,0
32029,0
32030,0
32031,0
32033,0
32034,0
32036,0
32038,0
32040,0
32041,0
32043,0
32044,0
32045,0
32046,0
32047,0
32048,1
32049,0
32051,1
32052,0
32053,2
32054,2
32055,1
32056,0
32057,0
32058,0
32059,0
32060,0
32061,0
32062,0
32063,1
32064,0
32065,1
32066,0
32067,0
32068,0
32070,1
32073,0
32074,1
32075,0
32076,0
32077,2
32078,0
32079,2
32080,1
32081,0
32082,0
32083,0
32084,2
32085,0
32086,0
32087,0
32088,0
32090,0
32091,0
32092,0
32093,0
32094,0
32095,0
32096,0
32097,0
32098,2
32100,2
32101,0
32102,0
32103,0
32104,0
32105,0
32107,0
32108,0
32110,0
32111,0
32112,1
32113,0
32114,0
32115,0
32116,0
32117,0
32119,0
32120,0
32121,0
32122,0
32123,0
32124,2
32126,0
32127,0
32128,0
32130,0
32131,0
32132,0
32133,0
32134,0
32135,0
32136,1
32138,0
32139,0
32140,0
32141,0
32142,0
32143,0
32145,0
32147,0
32148,0
32149,0
32151,0
32152,1
32153,0
32154,0
32155,2
32156,0
32157,0
32158,0
32159,1
32160,0
32161,2
32162,0
32163,0
32164,0
32165,0
32166,0
32167,1
32168,0
32169,0
32170,1
32171,0
32172,0
32173,2
32174,0
32176,0
32177,0
32178,0
32179,0
32180,0
32181,0
32182,0
32183,0
32184,0
32185,0
32186,0
32187,0
32188,0
32189,0
32190,0
32191,0
32192,0
32193,0
32195,1
32196,0
32197,0
32198,0
32199,0
32200,0
32201,0
32202,2
32203,0
32204,0
32205,0
32206,0
32207,0
32208,0
32209,1
32211,2
32212,0
32213,0
32215,2
32216,1
32217,2
32218,0
32219,0
32220,2
32221,0
32223,0
32224,1
32225,0
32226,0
32227,2
32228,0
32229,2
32230,0
32231,0
32232,0
32233,0
32235,0
32236,2
32237,0
32238,0
32239,0
32240,2
32241,0
32242,0
32243,0
32244,1
32245,0
32246,2
32248,2
32249,0
32250,0
32251,0
32252,0
32253,0
32254,1
32255,0
32256,2
32258,2
32259,2
32260,0
32261,0
32262,0
32264,0
32265,0
32266,0
32267,0
32268,2
32269,0
32270,0
32271,1
32272,0
32273,0
32275,0
32276,1
32277,0
32278,0
32279,0
32280,0
32281,0
32282,0
32283,0
32284,0
32285,0
32286,0
32287,0
32288,0
32289,0
32290,2
32291,1
32292,1
32293,0
32294,0
32295,0
32296,2
32297,0
32299,0
32300,0
32301,0
32302,1
32304,1
32305,0
32306,0
32307,1
32309,1
32310,2
32311,0
32312,0
32313,0
32314,0
32315,0
32316,0
32318,0
32319,0
32320,2
32321,1
32322,2
32323,0
32324,0
32325,0
32326,0
32327,1
32328,1
32330,0
32331,0
32332,2
32333,0
32334,0
32335,1
32336,2
32337,0
32338,0
32339,0
32341,0
32344,0
32345,0
32346,1
32347,0
32348,0
32349,1
32350,0
32352,0
32353,0
32354,0
32355,0
32356,0
32357,0
32358,0
32359,0
32360,0
32361,1
32362,2
32363,1
32364,1
32365,0
32366,0
32367,0
32368,0
32369,1
32370,1
32371,0
32372,1
32373,0
32375,0
32376,0
32377,0
32378,0
32379,0
32380,0
32381,0
32382,0
32383,1
32384,0
32386,0
32387,1
32388,1
32389,2
32390,0
32391,0
32392,0
32393,0
32394,0
32395,1
32396,0
32397,0
32398,0
32399,2
32400,0
32401,0
32402,0
32403,0
32404,0
32405,1
32406,0
32407,1
32408,0
32409,0
32410,1
32411,0
32412,0
32413,0
32414,0
32415,0
32416,0
32417,0
32418,0
32419,0
32420,0
32421,0
32422,0
32423,0
32424,0
32426,0
32427,1
32428,0
32429,0
32430,0
32431,0
32432,0
32433,0
32434,2
32435,2
32436,0
32438,0
32439,1
32441,0
32442,0
32444,0
32446,0
32447,0
32448,1
32449,0
32450,2
32452,0
32453,0
32454,0
32455,0
32456,0
32458,0
32459,0
32461,0
32462,0
32463,0
32464,0
32465,0
32466,0
32468,0
32469,0
32470,0
32471,0
32472,0
32473,1
32475,0
32477,0
32478,0
32479,0
32480,0
32481,1
32482,0
32483,0
32484,0
32485,0
32486,1
32487,0
32488,0
32489,1
32490,0
32491,0
32493,0
32494,0
32495,0
32496,0
32497,0
32498,1
32499,0
32500,0
32501,1
32502,0
32503,0
32504,2
32505,1
32507,1
32508,0
32510,0
32511,0
32512,0
32513,0
32515,0
32516,2
32517,0
32518,0
32519,0
32520,0
32521,0
32522,1
32523,0
32524,2
32525,0
32526,0
32527,0
32528,1
32529,1
32530,0
32532,0
32533,0
32534,0
32535,0
32536,0
32537,0
32538,0
32539,0
32540,1
32541,0
32543,0
32545,0
32546,0
32547,0
32548,1
32549,2
32550,0
32551,0
32552,0
32553,1
32554,0
32555,1
32556,0
32557,0
32558,0
32559,0
32560,0
32561,0
32563,0
32564,1
32565,0
32566,0
32567,0
32568,0
32569,0
32570,2
32571,1
32572,0
32573,0
32574,0
32575,0
32576,0
32577,0
32578,0
32579,0
32580,1
32581,0
32584,0
32585,0
32586,0
32587,0
32588,1
32590,1
32591,0
32592,0
32593,0
32594,1
32595,0
32596,0
32597,0
32598,2
32599,0
32601,0
32602,1
32604,0
32605,0
32606,0
32607,0
32608,0
32609,0
32610,0
32611,1
32612,0
32613,2
32614,0
32615,0
32617,0
32618,2
32619,0
32620,0
32621,0
32622,1
32623,0
32624,2
32625,0
32626,0
32627,2
32628,0
32629,0
32630,0
32631,0
32632,0
32633,0
32634,0
32635,0
32636,0
32638,0
32639,0
32640,0
32641,0
32642,0
32643,0
32644,1
32645,0
32646,0
32647,0
32648,2
32649,1
32650,0
32651,0
32652,0
32653,0
32654,0
32655,0
32656,1
32657,0
32659,0
32660,0
32661,1
32662,0
32663,1
32664,0
32665,0
32666,0
32667,0
32668,0
32669,1
32670,0
32671,0
32672,0
32674,1
32675,1
32676,0
32677,0
32678,0
32679,0
32680,0
32681,0
32682,1
32683,2
32684,0
32685,0
32686,0
32687,0
32688,0
32689,0
32690,0
32691,0
32692,0
32693,0
32694,0
32695,0
32696,1
32697,0
32698,0
32699,0
32700,0
32701,0
32703,0
32704,0
32705,1
32706,0
32707,1
32708,0
32709,0
32710,0
32711,1
32712,0
32713,0
32714,0
32715,1
32716,0
32717,0
32718,0
32719,0
32721,0
32722,2
32723,0
32724,1
32726,1
32727,0
32728,0
32729,0
32730,1
32731,0
32732,0
32733,0
32734,0
32735,0
32736,0
32737,0
32739,1
32740,0
32741,1
32742,0
32745,1
32746,1
32747,0
32748,0
32749,0
32750,1
32751,1
32752,1
32754,0
32755,1
32756,0
32758,1
32759,1
32760,0
32761,1
32762,1
32763,2
32764,0
32765,0
32766,0
32767,0
32768,0
32769,1
32771,0
32772,0
32774,0
32775,0
32776,0
32777,0
32778,0
32779,0
32780,0
32781,2
32784,0
32785,0
32786,0
32789,0
32790,0
32791,0
32792,0
32793,1
32795,1
32796,0
32797,0
32799,0
32800,1
32801,0
32802,0
32803,0
32804,0
32805,0
32806,1
32807,0
32808,0
32809,2
32811,0
32812,0
32813,0
32814,0
32815,0
32816,2
32817,2
32818,0
32819,0
32820,0
32821,0
32823,0
32824,2
32825,1
32826,1
32827,0
32828,0
32829,1
32830,0
32831,0
32832,0
32834,0
32837,0
32838,1
32839,0
32840,2
32842,0
32843,0
32844,0
32845,1
32846,0
32847,0
32848,0
32849,2
32850,0
32851,0
32852,0
32853,0
32854,0
32855,0
32856,1
32857,0
32858,1
32860,0
32861,0
32862,1
32864,0
32865,0
32867,0
32868,0
32869,0
32870,0
32871,0
32872,0
32873,0
32874,0
32875,0
32876,0
32878,1
32879,0
32880,2
32881,2
32882,0
32883,0
32884,0
32885,0
32886,0
32887,0
32888,0
32889,0
32890,0
32891,0
32892,0
32893,0
32894,0
32896,0
32897,0
32898,0
32899,0
32900,0
32901,0
32902,1
32903,0
32904,0
32905,0
32906,1
32907,0
32908,1
32909,0
32910,0
32911,1
32912,0
32913,0
32914,0
32915,1
32916,0
32917,0
32918,0
32919,1
32920,0
32921,0
32922,0
32924,0
32925,0
32926,2
32927,1
32928,1
32929,0
32930,0
32931,0
32932,0
32933,0
32934,0
32935,0
32936,2
32938,0
32939,0
32940,2
32941,2
32942,0
32944,0
32945,0
32947,1
32948,0
32949,0
32950,0
32951,1
32952,0
32953,0
32954,0
32955,1
32956,0
32957,0
32958,0
32959,0
32961,0
32962,0
32964,0
32965,0
32966,0
32967,1
32968,0
32969,0
32970,0
32971,0
32972,0
32973,0
32974,0
32975,1
32976,0
32977,2
32978,2
32979,0
32980,0
32981,1
32982,0
32983,0
32985,0
32986,0
32987,1
32988,0
32989,1
32991,0
32993,0
32994,0
32995,1
32996,2
32997,0
32998,0
32999,0
33000,0
33002,0
33003,0
33004,0
33005,0
33008,0
33009,1
33010,0
33011,0
33012,0
33013,0
33014,1
33015,0
33016,0
33017,1
33019,0
33020,0
33021,0
33022,1
33023,2
33024,0
33026,0
33027,0
33028,1
33029,0
33030,0
33031,0
33032,0
33033,1
33034,1
33035,0
33036,0
33037,0
33038,1
33039,0
33040,0
33041,0
33042,0
33043,0
33044,0
33045,0
33046,0
33047,0
33048,0
33049,0
33050,0
33051,1
33052,0
33053,0
33054,0
33055,0
33056,0
33058,0
33060,0
33061,1
33062,0
33063,1
33064,2
33065,2
33066,1
33067,1
33070,1
33071,2
33072,1
33073,0
33074,0
33075,2
33076,0
33077,2
33078,0
33079,0
33080,0
33081,0
33082,0
33083,0
33084,0
33085,0
33086,0
33087,0
33088,0
33089,0
33090,1
33091,0
33092,0
33093,0
33094,0
33095,0
33097,0
33098,0
33099,0
33100,0
33101,1
33102,0
33103,1
33104,0
33105,0
33106,0
33107,0
33108,2
33109,2
33110,0
33111,0
33113,0
33114,2
33115,2
33116,0
33117,0
33118,0
33119,0
33120,0
33121,0
33122,0
33123,2
33124,0
33125,0
33126,0
33127,1
33129,0
33130,0
33131,0
33132,0
33133,0
33134,0
33135,0
33136,1
33137,0
33138,0
33139,0
33140,1
33143,0
33144,1
33145,0
33146,0
33147,1
33148,1
33149,0
33150,0
33153,0
33154,0
33155,0
33156,0
33158,0
33159,0
33160,1
33161,1
33162,0
33164,0
33165,2
33166,2
33167,0
33168,2
33169,0
33170,0
33171,0
33172,0
33173,0
33174,0
33175,0
33176,0
33177,0
33178,0
33179,0
33180,0
33181,0
33182,0
33183,1
33184,0
33185,0
33186,0
33187,0
33188,2
33189,0
33190,0
33191,1
33192,2
33193,0
33194,0
33195,0
33196,1
33197,0
33198,0
33199,0
33200,1
33201,0
33202,0
33203,0
33205,0
33206,0
33207,0
33208,0
33209,0
33210,1
33211,0
33212,0
33213,0
33214,0
33216,0
33217,0
33218,0
33219,0
33220,2
33221,0
33223,0
33224,2
33226,0
33227,0
33228,0
33229,1
33231,0
33232,2
33233,0
33234,0
33235,1
33236,0
33237,0
33238,0
33239,0
33240,0
33241,0
33242,1
33243,0
33244,1
33246,0
33249,1
33250,1
33251,0
33252,0
33253,0
33254,0
33255,0
33256,0
33257,0
33258,0
33259,0
33260,0
33261,0
33262,0
33264,0
33266,0
33267,0
33268,1
33269,0
33270,0
33272,0
33273,0
33274,1
33275,0
33276,0
33277,0
33279,2
33280,1
33281,1
33282,1
33283,0
33284,0
33285,1
33286,1
33287,0
33288,0
33289,0
33290,0
33291,1
33292,2
33293,0
33294,0
33295,0
33297,0
33298,0
33299,0
33300,0
33301,2
33302,0
33303,0
33304,0
33306,0
33307,0
33308,0
33310,0
33311,1
33312,0
33314,0
33315,0
33316,1
33317,0
33318,2
33319,0
33320,0
33321,0
33322,0
33323,0
33324,0
33325,0
33326,0
33327,0
33328,0
33330,0
33331,0
33332,0
33333,0
33334,0
33335,0
33336,0
33337,1
33338,1
33339,0
33340,0
33341,0
33342,0
33343,0
33344,0
33345,0
33346,1
33347,0
33348,0
33349,0
33350,0
33351,2
33353,0
33354,0
33355,0
33356,0
33357,0
33359,0
33360,0
33361,0
33362,0
33364,1
33365,0
33366,0
33367,2
33368,0
33369,0
33370,0
33371,0
33372,1
33373,0
33375,0
33376,0
33377,0
33378,0
33379,0
33380,2
33381,1
33382,1
33383,1
33385,0
33386,0
33387,0
33388,0
33389,0
33390,0
33391,2
33392,1
33393,0
33394,0
33395,0
33396,0
33398,0
33399,0
33400,1
33401,0
33402,0
33403,1
33404,0
33405,0
33406,0
33407,0
33408,0
33409,0
33410,1
33411,0
33412,0
33413,0
33414,0
33415,0
33416,0
33417,0
33418,0
33420,0
33421,0
33422,2
33423,1
33424,0
33425,1
33426,1
33427,0
33428,2
33429,1
33430,0
33431,0
33432,0
33433,0
33434,0
33435,0
33436,0
33437,0
33438,1
33439,1
33440,0
33441,0
33442,0
33443,0
33444,0
33446,0
33447,1
33448,0
33449,0
33450,0
33451,0
33452,1
33454,0
33455,0
33456,0
33457,0
33458,0
33459,0
33460,1
33461,0
33462,0
33463,0
33464,0
33465,0
33466,0
33467,0
33468,0
33469,1
33470,0
33471,0
33472,0
33473,1
33474,0
33475,0
33476,0
33478,0
33480,1
33481,0
33482,0
33483,0
33484,0
33485,2
33486,0
33487,1
33488,0
33489,2
33490,0
33491,0
33493,0
33494,0
33495,1
33496,0
33498,0
33499,0
33500,0
33501,0
33502,0
33503,0
33504,0
33505,2
33506,1
33507,1
33508,0
33509,0
33510,1
33511,0
33512,0
33513,0
33514,0
33515,2
33516,0
33518,0
33519,0
33520,2
33521,1
33522,0
33523,0
33525,0
33526,1
33527,0
33528,0
33529,0
33530,0
33531,0
33532,0
33533,0
33534,0
33535,0
33536,0
33538,2
33539,1
33540,1
33541,0
33542,0
33543,1
33544,0
33545,0
33546,0
33547,0
33548,0
33549,0
33550,0
33552,0
33554,0
33555,0
33556,0
33558,0
33559,0
33560,0
33561,1
33562,2
33563,0
33564,0
33565,0
33566,0
33567,0
33568,0
33569,0
33570,1
33571,0
33572,0
33573,1
33574,1
33575,0
33576,0
33577,0
33578,0
33579,0
33580,0
33581,0
33582,0
33584,0
33585,0
33586,0
33587,1
33588,0
33589,1
33590,0
33591,0
33592,0
33593,0
33594,0
33595,1
33596,0
33597,0
33598,0
33599,0
33601,0
33602,2
33603,0
33604,0
33605,0
33606,0
33607,0
33609,0
33610,2
33611,0
33612,0
33613,0
33614,0
33615,1
33616,1
33618,1
33619,0
33620,0
33621,2
33622,0
33623,0
33624,0
33625,0
33626,1
33627,0
33628,1
33629,0
33630,1
33631,0
33632,0
33633,0
33634,0
33635,1
33636,1
33637,0
33639,0
33640,0
33641,0
33643,0
33644,0
33645,0
33647,0
33648,0
33650,0
33651,1
33652,2
33653,1
33654,0
33655,0
33657,0
33658,0
33659,0
33661,0
33662,0
33663,0
33664,0
33665,0
33666,0
33667,1
33668,0
33669,1
33671,2
33672,1
33673,1
33674,0
33675,2
33676,0
33677,0
33678,0
33679,0
33680,0
33681,0
33682,2
33683,1
33684,0
33686,0
33687,0
33688,0
33689,0
33690,2
33691,1
33692,0
33693,0
33694,0
33695,2
33696,0
33697,1
33698,0
33699,0
33700,0
33701,2
33702,0
33703,0
33704,1
33706,1
33707,0
33708,2
33709,2
33710,0
33711,1
33712,0
33713,0
33714,0
33715,0
33716,0
33717,2
33718,0
33719,0
33721,0
33722,0
33723,0
33724,0
33725,0
33726,0
33727,0
33728,0
33729,0
33730,0
33731,1
33732,0
33733,0
33734,0
33735,0
33736,1
33737,0
33738,0
33739,1
33740,1
33741,1
33742,0
33743,0
33744,0
33745,0
33747,1
33748,0
33749,1
33750,0
33751,0
33752,0
33753,0
33754,0
33755,0
33757,0
33758,0
33760,0
33761,2
33762,0
33763,0
33764,2
33765,0
33766,0
33767,0
33768,0
33769,0
33770,0
33771,0
33772,0
33773,0
33774,1
33775,0
33777,0
33778,2
33779,0
33780,2
33781,0
33782,0
33784,0
33785,0
33786,0
33788,0
33791,0
33792,0
33793,1
33795,0
33796,0
33797,0
33798,0
33799,2
33800,1
33801,0
33802,1
33803,1
33804,0
33805,0
33806,2
33808,0
33809,0
33810,0
33811,0
33812,0
33813,0
33814,0
33816,0
33817,0
33819,0
33822,0
33823,0
33825,0
33826,0
33827,2
33828,0
33829,0
33831,2
33833,0
33834,0
33835,0
33836,0
33838,0
33840,0
33841,0
33842,0
33843,1
33845,2
33846,0
33848,0
33849,0
33850,0
33851,0
33852,2
33853,0
33854,0
33855,1
33856,0
33857,0
33858,0
33860,0
33861,0
33862,1
33863,0
33864,1
33865,0
33866,0
33868,1
33869,0
33870,0
33871,0
33872,0
33873,0
33874,0
33875,0
33876,2
33877,0
33878,1
33879,0
33880,1
33881,0
33882,0
33883,2
33884,0
33885,0
33886,1
33887,0
33888,1
33889,0
33890,0
33891,0
33892,0
33893,0
33894,0
33896,0
33897,0
33898,0
33900,0
33901,1
33902,0
33903,0
33904,0
33905,0
33906,0
33908,0
33909,1
33910,0
33911,0
33912,0
33913,0
33914,0
33915,0
33916,0
33919,0
33920,1
33921,0
33922,0
33923,1
33924,0
33925,0
33927,0
33928,0
33930,0
33931,0
33932,2
33933,0
33935,0
33936,2
33937,0
33938,1
33939,2
33940,0
33941,0
33942,0
33943,0
33944,0
33945,1
33946,0
33947,0
33948,0
33949,0
33950,1
33951,0
33952,2
33953,0
33954,0
33955,0
33956,0
33957,0
33958,1
33959,1
33960,0
33961,0
33962,0
33963,0
33964,0
33966,1
33967,0
33968,0
33969,0
33970,0
33971,0
33972,1
33973,1
33974,0
33975,2
33976,0
33977,0
33978,0
33981,1
33982,0
33983,0
33984,0
33985,0
33986,0
33987,1
33988,0
33989,0
33990,0
33991,0
33992,1
33993,0
33995,0
33996,0
33997,1
33998,0
33999,1
34000,0
34001,0
34002,0
34003,0
34004,0
34005,1
34006,0
34007,0
34008,0
34010,0
34011,1
34012,0
34013,0
34014,1
34015,0
34016,0
34017,0
34018,0
34020,0
34021,0
34022,0
34023,0
34024,0
34025,0
34026,1
34027,0
34029,0
34031,2
34033,0
34034,0
34035,0
34036,1
34037,1
34038,0
34039,0
34040,0
34041,0
34042,0
34043,0
34044,0
34045,2
34046,0
34047,2
34049,0
34050,0
34051,0
34052,1
34053,1
34055,0
34056,0
34057,0
34058,0
34060,1
34061,0
34062,0
34063,0
34064,0
34065,0
34066,0
34068,0
34069,0
34070,0
34071,0
34073,0
34074,0
34075,1
34076,0
34077,0
34078,2
34080,0
34081,0
34082,0
34084,0
34085,1
34086,0
34087,0
34088,0
34089,0
34092,0
34094,0
34095,0
34096,0
34097,0
34098,1
34099,0
34100,0
34101,1
34102,2
34103,0
34104,0
34105,0
34106,0
34107,1
34108,1
34109,0
34110,2
34111,0
34112,0
34113,0
34114,0
34115,2
34116,0
34117,2
34118,0
34119,0
34120,0
34122,1
34123,0
34124,0
34125,0
34126,0
34127,0
34128,1
34129,0
34130,0
34131,0
34132,0
34133,0
34134,0
34135,1
34136,0
34137,1
34138,0
34139,0
34140,0
34141,0
34142,1
34143,0
34144,0
34145,0
34146,0
34147,1
34148,0
34149,0
34151,0
34152,1
34153,0
34154,1
34155,0
34156,0
34157,0
34158,0
34159,2
34160,0
34162,0
34163,0
34164,1
34165,2
34166,0
34167,2
34168,0
34169,0
34170,0
34171,0
34172,1
34173,0
34174,1
34175,0
34176,0
34177,0
34178,0
34180,2
34181,0
34183,0
34184,0
34185,1
34186,0
34187,0
34188,2
34189,0
34190,0
34191,0
34192,0
34194,1
34195,0
34196,0
34198,0
34199,0
34200,1
34201,0
34202,1
34203,1
34204,0
34206,0
34207,0
34208,1
34209,0
34210,0
34211,0
34212,0
34213,2
34214,1
34215,0
34217,0
34218,2
34219,0
34220,0
34221,0
34222,0
34223,1
34224,0
34225,0
34226,0
34227,2
34228,0
34229,0
34231,0
34232,1
34233,0
34234,0
34235,2
34236,0
34237,0
34239,0
34240,0
34241,0
34242,1
34243,0
34244,0
34245,0
34247,0
34248,0
34249,2
34250,2
34251,0
34252,0
34253,0
34254,0
34255,0
34256,0
34257,0
34258,1
34259,0
34260,0
34261,0
34262,1
34263,0
34264,0
34266,0
34268,2
34269,0
34270,1
34271,0
34272,0
34273,0
34275,0
34276,0
34277,0
34278,1
34279,0
34280,0
34281,0
34282,0
34283,0
34284,0
34286,0
34287,0
34288,1
34289,0
34290,0
34291,0
34292,2
34293,0
34294,0
34295,2
34296,1
34297,1
34299,0
34300,1
34301,0
34302,0
34303,0
34304,0
34305,0
34306,0
34307,1
34308,0
34309,0
34310,0
34311,0
34312,0
34313,0
34314,0
34315,1
34316,0
34317,0
34318,2
34319,0
34320,1
34321,0
34322,0
34323,0
34324,0
34325,0
34326,0
34327,1
34328,1
34329,0
34330,0
34331,0
34332,0
34333,2
34335,0
34336,1
34337,0
34338,0
34339,0
34340,0
34342,0
34344,0
34345,0
34347,2
34348,0
34349,0
34350,0
34351,1
34352,0
34353,0
34355,0
34356,0
34357,0
34358,0
34360,0
34361,0
34362,2
34363,1
34364,1
34365,0
34366,2
34367,2
34368,0
34369,0
34371,2
34372,0
34374,0
34375,1
34376,0
34377,0
34378,1
34379,0
34380,0
34381,0
34383,2
34384,0
34385,0
34386,1
34387,1
34388,0
34389,0
34390,0
34391,0
34393,1
34394,1
34395,1
34396,0
34397,2
34398,0
34399,0
34400,0
34401,2
34402,0
34403,1
34404,0
34405,0
34407,0
34408,0
34409,0
34410,0
34411,1
34416,0
34417,1
34418,0
34419,0
34420,0
34421,0
34422,0
34423,1
34424,0
34425,1
34426,1
34428,2
34429,0
34430,0
34431,0
34432,0
34433,0
34435,0
34436,0
34437,0
34438,0
34439,0
34440,1
34441,0
34442,0
34443,0
34444,1
34445,0
34446,0
34448,0
34449,0
34451,0
34452,1
34453,0
34454,0
34455,0
34456,0
34457,1
34459,0
34461,0
34462,0
34463,0
34464,0
34465,0
34468,0
34469,1
34470,0
34471,0
34472,0
34473,1
34474,0
34475,0
34476,1
34477,0
34478,1
34479,0
34480,0
34481,0
34482,0
34483,1
34484,0
34485,0
34486,1
34487,0
34488,0
34489,0
34490,0
34491,0
34492,1
34493,0
34494,0
34495,0
34496,1
34497,2
34498,0
34499,0
34500,1
34501,0
34502,0
34503,0
34504,0
34505,2
34506,0
34507,0
34508,0
34509,1
34510,0
34511,0
34512,1
34513,1
34514,1
34515,0
34516,0
34517,0
34518,0
34519,1
34520,2
34521,0
34522,0
34523,0
34524,0
34525,0
34526,0
34527,0
34528,0
34529,0
34530,1
34531,0
34533,0
34534,1
34535,0
34536,1
34537,1
34538,0
34540,0
34541,1
34543,0
34545,0
34546,0
34547,0
34548,0
34549,0
34551,0
34552,1
34553,0
34554,1
34555,0
34556,2
34558,0
34559,0
34560,0
34561,2
34562,0
34564,0
34565,0
34566,0
34568,0
34569,0
34570,1
34571,0
34573,0
34576,0
34577,0
34578,1
34579,0
34580,0
34581,0
34582,0
34584,1
34585,0
34586,0
34587,0
34588,0
34589,0
34590,0
34591,0
34592,0
34593,2
34595,0
34596,0
34597,0
34599,0
34600,0
34601,0
34602,0
34603,0
34604,2
34605,0
34606,0
34607,1
34608,0
34609,0
34610,0
34611,0
34612,1
34613,0
34614,1
34615,1
34616,0
34617,0
34620,1
34621,0
34622,1
34623,1
34624,0
34625,0
34626,0
34627,0
34628,0
34629,1
34630,0
34632,0
34633,2
34634,0
34635,0
34636,0
34637,0
34638,0
34639,0
34640,0
34641,0
34642,0
34643,0
34645,0
34646,0
34647,0
34648,0
34649,0
34650,2
34651,0
34652,0
34653,1
34654,0
34655,1
34656,0
34658,2
34659,0
34661,1
34662,0
34663,0
34664,0
34665,0
34666,1
34667,0
34668,0
34669,0
34670,0
34671,0
34672,2
34673,0
34674,2
34675,1
34676,1
34677,0
34678,0
34681,0
34682,2
34683,0
34684,1
34685,0
34686,0
34687,0
34688,0
34689,0
34690,0
34691,0
34692,0
34693,2
34694,0
34695,0
34696,0
34698,0
34699,0
34700,1
34701,0
34702,0
34703,0
34704,0
34706,0
34707,0
34708,1
34710,1
34711,0
34712,1
34713,0
34714,0
34715,0
34716,0
34717,0
34718,1
34719,0
34720,0
34721,0
34722,0
34724,0
34725,1
34726,1
34727,2
34728,0
34729,0
34731,0
34732,1
34733,0
34734,0
34735,0
34736,1
34737,0
34739,0
34740,0
34741,1
34742,0
34743,0
34744,1
34745,0
34746,0
34747,1
34748,0
34749,0
34750,1
34751,2
34752,0
34753,0
34754,0
34755,0
34756,0
34757,0
34758,0
34759,0
34760,0
34761,0
34762,1
34763,0
34764,0
34765,1
34766,0
34767,0
34768,1
34770,0
34771,0
34772,0
34773,0
34774,0
34775,0
34776,0
34777,0
34778,2
34779,0
34780,0
34781,0
34782,0
34783,0
34784,0
34785,0
34786,0
34787,0
34788,0
34789,0
34790,0
34791,0
34792,0
34793,0
34794,0
34795,0
34796,0
34797,1
34798,0
34799,1
34800,0
34801,0
34802,1
34803,0
34804,0
34805,0
34806,0
34807,1
34808,0
34809,1
34810,0
34812,0
34813,2
34814,0
34815,0
34816,0
34817,1
34818,0
34819,1
34820,0
34821,0
34822,0
34823,0
34824,0
34825,0
34826,0
34827,0
34828,0
34829,0
34830,1
34831,0
34832,0
34833,0
34834,0
34835,0
34836,0
34838,2
34839,1
34841,0
34843,1
34844,1
34845,2
34846,1
34847,0
34848,0
34849,0
34852,0
34853,0
34854,0
34855,0
34856,0
34859,1
34860,0
34861,0
34863,0
34864,0
34865,0
34866,0
34867,0
34868,1
34869,0
34870,0
34872,0
34873,0
34874,0
34875,0
34876,0
34877,0
34879,1
34880,0
34881,0
34883,0
34884,0
34886,1
34887,0
34888,0
34889,0
34890,1
34891,0
34892,0
34894,0
34895,0
34896,1
34897,0
34898,1
34899,0
34900,0
34901,0
34902,0
34903,0
34905,1
34906,1
34907,1
34908,0
34909,0
34910,0
34911,2
34912,0
34913,0
34914,0
34915,1
34916,0
34917,0
34918,0
34919,0
34920,0
34921,0
34922,0
34923,1
34924,1
34925,0
34926,2
34927,0
34928,0
34929,0
34931,1
34932,0
34933,0
34934,0
34935,0
34936,0
34937,0
34938,0
34939,0
34940,2
34941,0
34942,0
34944,0
34945,0
34946,0
34947,2
34948,0
34949,0
34950,1
34951,0
34952,2
34953,0
34954,0
34955,0
34956,2
34957,0
34958,0
34959,0
34960,0
34961,0
34962,0
34963,2
34964,0
34966,0
34967,0
34968,1
34969,0
34970,0
34971,1
34972,0
34973,0
34974,0
34975,2
34976,2
34977,0
34978,0
34979,1
34980,0
34981,0
34982,0
34983,0
34984,1
34985,0
34986,0
34988,2
34989,0
34990,0
34991,0
34993,0
34994,0
34995,2
34996,1
34997,0
34998,0
34999,0
35000,0
35001,0
35002,0
35003,0
35004,0
35005,0
35007,2
35008,0
35009,0
35010,0
35011,0
35012,0
35013,0
35014,0
35015,0
35016,2
35017,0
35018,0
35019,1
35021,0
35022,0
35023,1
35024,1
35026,1
35027,0
35028,0
35029,1
35030,0
35031,2
35032,0
35033,1
35034,0
35035,0
35036,0
35037,0
35038,0
35039,0
35040,0
35041,0
35042,0
35043,0
35044,0
35045,0
35046,0
35047,0
35048,0
35049,0
35050,0
35051,1
35052,0
35053,0
35054,0
35055,0
35056,0
35058,0
35059,0
35060,0
35061,2
35062,0
35063,0
35064,0
35065,0
35066,1
35067,0
35068,0
35069,0
35070,0
35071,0
35072,0
35073,0
35074,0
35075,0
35076,0
35077,0
35078,0
35079,0
35080,0
35081,0
35082,0
35084,0
35085,0
35087,0
35088,0
35090,0
35091,0
35092,0
35093,0
35094,1
35095,1
35096,0
35098,0
35099,0
35100,0
35101,0
35102,0
35103,0
35104,0
35105,0
35106,0
35108,1
35109,0
35110,0
35111,1
35112,0
35113,0
35114,2
35115,0
35116,0
35117,0
35118,0
35119,0
35120,1
35121,0
35122,0
35123,0
35124,0
35126,0
35127,1
35128,0
35129,0
35130,1
35131,0
35132,2
35133,0
35134,2
35135,0
35136,0
35137,0
35138,0
35139,1
35140,0
35141,0
35142,0
35143,0
35144,0
35146,0
35147,0
35148,0
35149,2
35150,1
35151,0
35152,0
35153,0
35154,0
35155,0
35156,0
35157,0
35158,0
35159,0
35160,0
35161,0
35162,0
35163,0
35164,0
35165,0
35166,0
35167,0
35168,0
35169,1
35171,0
35172,0
35173,0
35174,0
35175,0
35176,0
35177,0
35178,0
35179,2
35180,0
35181,2
35182,0
35183,0
35184,0
35185,0
35187,1
35188,0
35189,0
35190,0
35191,0
35193,2
35195,0
35196,0
35197,2
35199,2
35200,2
35202,0
35203,0
35204,1
35205,1
35206,0
35207,0
35208,2
35209,0
35210,2
35211,1
35213,1
35214,0
35215,0
35216,0
35217,0
35218,0
35219,2
35220,0
35221,0
35222,0
35223,0
35224,0
35226,1
35227,0
35228,0
35229,0
35230,0
35231,0
35232,0
35233,1
35234,0
35235,1
35236,0
35237,0
35238,0
35239,1
35240,0
35242,0
35243,0
35244,0
35246,0
35247,0
35248,0
35249,0
35250,0
35251,0
35252,0
35253,2
35254,0
35255,2
35256,1
35257,2
35258,0
35259,0
35260,0
35261,0
35262,0
35263,0
35264,0
35265,0
35266,0
35267,0
35268,0
35269,0
35270,1
35272,0
35273,2
35274,2
35275,0
35276,0
35277,0
35278,1
35279,0
35280,0
35281,0
35282,2
35283,0
35284,0
35285,1
35286,0
35287,0
35288,0
35290,1
35291,0
35293,0
35294,0
35295,2
35296,0
35297,0
35298,0
35299,0
35300,0
35301,0
35302,0
35303,0
35304,1
35305,0
35308,1
35309,0
35310,0
35312,2
35313,0
35315,0
35316,1
35317,0
35318,1
35320,0
35321,1
35323,0
35324,0
35325,0
35326,0
35327,0
35330,0
35331,0
35332,0
35333,0
35334,0
35335,0
35337,0
35338,0
35339,0
35340,0
35341,0
35342,1
35343,0
35344,0
35345,0
35346,2
35347,0
35348,0
35349,2
35351,0
35352,0
35353,0
35354,0
35355,1
35356,0
35357,0
35358,1
35359,0
35360,1
35361,0
35362,2
35365,2
35367,0
35368,0
35369,1
35370,0
35371,2
35372,0
35373,0
35374,0
35375,2
35376,0
35377,0
35378,0
35379,0
35380,0
35381,0
35382,0
35383,0
35384,2
35385,0
35386,0
35387,0
35388,0
35389,0
35390,0
35391,0
35392,0
35393,1
35394,0
35395,0
35396,0
35397,0
35398,0
35399,1
35400,0
35401,0
35402,0
35403,1
35404,0
35405,2
35406,0
35407,2
35408,0
35410,2
35411,0
35412,0
35413,0
35415,0
35416,0
35418,0
35419,0
35420,1
35421,0
35422,1
35423,0
35424,0
35425,0
35426,0
35427,0
35428,0
35429,0
35430,0
35431,2
35432,0
35433,0
35434,0
35435,0
35436,0
35437,0
35439,0
35440,0
35441,0
35442,1
35443,2
35444,0
35445,0
35446,2
35447,2
35448,0
35449,0
35450,2
35451,0
35453,0
35454,0
35455,0
35456,0
35457,0
35458,0
35459,1
35460,1
35463,0
35464,1
35465,0
35466,0
35467,0
35468,0
35469,0
35470,0
35471,0
35472,0
35473,0
35474,0
35475,0
35476,1
35477,0
35478,0
35479,0
35480,0
35481,0
35482,0
35483,0
35485,2
35486,0
35487,0
35489,0
35491,2
35492,0
35493,0
35494,1
35495,0
35496,1
35497,0
35498,0
35499,0
35500,0
35501,0
35502,0
35503,0
35506,0
35508,1
35509,0
35510,0
35511,0
35512,1
35513,0
35515,0
35516,0
35517,2
35518,0
35519,0
35520,2
35521,0
35522,1
35524,1
35525,0
35526,0
35527,0
35528,0
35529,0
35530,2
35531,0
35532,0
35533,0
35534,0
35535,0
35536,0
35537,0
35539,0
35540,0
35541,1
35542,1
35543,0
35544,0
35546,0
35548,0
35549,0
35551,1
35552,0
35553,0
35556,0
35557,0
35558,0
35559,0
35560,0
35561,0
35562,0
35563,0
35564,0
35565,0
35566,0
35567,0
35569,0
35571,1
35572,1
35573,1
35575,0
35576,0
35577,0
35578,1
35579,0
35580,0
35581,0
35582,0
35583,0
35584,0
35585,0
35586,0
35587,0
35588,0
35589,0
35590,0
35591,0
35592,0
35593,0
35595,0
35596,0
35597,0
35599,0
35600,0
35602,0
35603,0
35604,0
35605,0
35606,1
35608,2
35609,0
35612,0
35613,0
35614,1
35615,0
35616,0
35617,0
35618,1
35619,1
35620,0
35621,0
35622,0
35623,0
35624,0
35625,2
35626,0
35627,0
35628,0
35629,0
35630,0
35631,0
35632,1
35634,0
35635,0
35636,0
35637,0
35638,0
35639,2
35640,0
35642,0
35643,0
35644,0
35645,1
35646,0
35647,0
35648,2
35649,0
35650,0
35651,2
35652,0
35653,2
35654,0
35655,0
35656,0
35658,0
35660,1
35661,0
35662,0
35663,0
35664,2
35665,2
35666,2
35667,0
35668,0
35669,0
35670,0
35671,1
35672,0
35673,0
35674,0
35676,0
35677,0
35679,0
35680,0
35681,0
35682,0
35683,0
35684,0
35685,0
35686,0
35688,0
35689,0
35690,0
35691,0
35692,0
35693,1
35695,0
35696,1
35697,0
35698,0
35699,0
35700,0
35701,0
35702,0
35703,0
35704,0
35705,0
35706,0
35707,0
35708,0
35709,0
35710,0
35711,0
35712,0
35713,1
35714,0
35715,0
35716,0
35717,0
35719,0
35721,0
35722,0
35723,0
35724,0
35726,0
35727,0
35728,0
35729,1
35730,0
35731,0
35732,1
35733,2
35734,0
35735,0
35737,0
35738,0
35739,0
35740,0
35741,0
35742,0
35743,0
35744,1
35745,1
35746,1
35747,0
35748,0
35749,0
35750,0
35751,2
35752,0
35753,0
35754,2
35755,0
35756,0
35757,0
35758,0
35759,0
35760,0
35761,0
35762,2
35763,0
35764,0
35765,0
35766,2
35767,2
35768,0
35769,0
35770,0
35771,0
35772,0
35773,0
35774,2
35775,0
35776,0
35777,0
35778,0
35779,0
35780,0
35781,2
35782,0
35783,0
35784,0
35785,0
35786,0
35787,0
35788,1
35789,0
35790,2
35791,0
35792,0
35793,0
35794,0
35795,2
35796,0
35797,0
35798,0
35799,0
35800,0
35801,0
35802,0
35803,0
35804,0
35806,0
35808,0
35809,0
35810,0
35811,0
35812,0
35813,0
35814,0
35815,0
35816,0
35817,1
35818,0
35819,0
35820,0
35821,0
35822,1
35823,0
35824,0
35825,0
35826,0
35827,0
35829,0
35830,0
35831,0
35832,1
35833,0
35835,0
35837,0
35838,0
35839,0
35840,0
35841,0
35842,0
35843,0
35844,2
35845,2
35846,1
35847,0
35848,0
35849,0
35850,0
35851,0
35852,0
35853,2
35854,0
35855,0
35856,0
35857,0
35858,0
35859,0
35861,0
35862,0
35863,0
35864,0
35865,0
35866,1
35867,0
35868,0
35869,1
35870,0
35871,0
35873,0
35875,1
35876,1
35877,0
35878,0
35879,0
35880,0
35881,2
35882,0
35883,0
35884,0
35885,0
35886,0
35887,0
35888,1
35889,1
35890,2
35891,0
35892,1
35894,0
35895,0
35896,1
35897,0
35898,0
35899,2
35900,2
35901,1
35902,0
35903,1
35904,0
35905,0
35906,0
35907,0
35908,0
35909,0
35910,0
35911,0
35912,0
35913,0
35915,0
35916,0
35917,0
35918,0
35919,0
35920,0
35921,0
35922,0
35923,0
35924,0
35925,2
35926,0
35927,0
35928,0
35929,0
35930,0
35931,2
35932,0
35933,0
35934,0
35935,0
35937,1
35938,0
35939,0
35940,0
35941,0
35942,0
35943,0
35945,0
35946,2
35947,0
35948,2
35950,0
35951,0
35953,0
35954,0
35955,1
35956,0
35957,0
35958,0
35959,1
35960,0
35961,0
35962,1
35963,0
35964,1
35965,2
35966,0
35967,1
35968,0
35969,0
35970,0
35971,0
35972,0
35973,1
35974,0
35975,2
35976,0
35977,0
35978,0
35979,0
35980,0
35981,0
35982,2
35983,0
35984,0
35985,0
35986,0
35987,1
35988,1
35989,0
35990,0
35992,0
35993,1
35994,0
35995,0
35996,0
35997,1
35998,0
35999,2
36000,0
36002,0
36004,0
36005,0
36006,0
36007,2
36008,0
36009,0
36011,0
36012,0
36013,0
36014,0
36015,0
36016,0
36017,0
36018,0
36019,0
36020,1
36021,0
36022,1
36023,0
36024,2
36025,1
36026,0
36027,0
36028,0
36029,0
36030,0
36031,0
36032,0
36033,1
36034,0
36035,0
36036,2
36037,0
36038,0
36039,1
36040,0
36041,1
36042,1
36043,0
36044,0
36045,2
36046,1
36047,0
36048,1
36049,1
36050,2
36051,0
36052,2
36053,1
36054,1
36055,2
36056,0
36057,0
36058,1
36061,0
36062,0
36064,0
36065,0
36066,0
36067,0
36068,0
36069,0
36070,1
36071,0
36072,0
36073,0
36074,0
36075,0
36076,0
36077,0
36078,1
36079,2
36080,1
36081,1
36082,0
36083,0
36084,1
36085,0
36086,1
36087,0
36088,0
36089,0
36090,1
36091,1
36093,0
36094,0
36095,1
36096,0
36097,0
36098,1
36099,0
36100,0
36101,1
36102,0
36103,1
36104,0
36105,0
36106,0
36108,0
36109,0
36110,1
36111,2
36112,0
36113,1
36114,1
36116,0
36117,0
36118,0
36119,0
36120,0
36121,0
36122,0
36123,0
36124,0
36125,0
36126,0
36127,0
36128,0
36129,0
36130,0
36131,2
36132,0
36133,0
36134,2
36135,0
36136,2
36137,0
36138,1
36139,0
36140,0
36141,0
36142,0
36143,0
36144,0
36145,0
36146,0
36147,0
36148,0
36150,0
36151,0
36152,0
36153,0
36154,1
36156,0
36157,0
36158,0
36159,0
36160,0
36161,0
36162,0
36163,0
36164,0
36165,2
36166,0
36167,0
36168,0
36169,0
36170,0
36171,0
36173,0
36174,0
36175,1
36176,1
36177,2
36178,0
36179,0
36181,0
36182,0
36183,1
36185,0
36186,2
36187,0
36188,0
36189,0
36190,0
36191,0
36192,2
36193,1
36194,0
36195,0
36196,1
36197,2
36198,0
36199,0
36200,1
36201,0
36202,0
36203,0
36204,0
36205,0
36206,1
36207,1
36208,1
36209,2
36210,0
36212,1
36213,1
36214,0
36215,0
36216,0
36217,0
36218,1
36219,0
36220,0
36221,0
36223,0
36224,0
36225,0
36226,0
36227,1
36228,1
36229,1
36230,0
36232,0
36233,1
36234,1
36235,0
36236,0
36237,0
36238,0
36239,1
36242,0
36243,0
36244,0
36245,0
36246,2
36247,0
36248,0
36250,0
36251,0
36252,0
36253,0
36254,0
36255,0
36256,2
36257,0
36258,0
36259,0
36260,2
36261,0
36262,0
36263,2
36264,1
36265,0
36266,0
36268,1
36269,0
36270,0
36271,0
36272,0
36273,0
36274,0
36275,1
36276,0
36277,1
36279,0
36280,0
36281,0
36282,1
36283,0
36284,0
36285,2
36286,0
36287,0
36288,0
36289,0
36290,1
36291,0
36292,2
36294,0
36295,2
36296,2
36297,1
36298,0
36299,0
36300,0
36301,0
36303,0
36304,0
36305,0
36307,0
36309,0
36310,1
36311,0
36312,0
36313,0
36314,0
36315,0
36316,0
36317,0
36318,0
36319,1
36322,0
36323,0
36324,0
36325,0
36326,0
36327,1
36328,0
36329,0
36330,0
36331,0
36332,0
36333,0
36334,1
36335,0
36337,0
36338,0
36339,0
36340,0
36341,0
36342,0
36343,2
36345,2
36346,0
36347,0
36348,1
36349,0
36350,0
36351,0
36352,2
36353,0
36354,1
36355,1
36356,2
36357,0
36358,0
36359,0
36361,0
36362,2
36363,0
36364,0
36365,0
36366,0
36367,0
36368,0
36370,0
36371,0
36372,0
36373,1
36374,0
36375,0
36376,0
36377,0
36378,1
36379,0
36380,0
36381,1
36382,0
36383,0
36384,0
36385,0
36386,0
36387,0
36388,0
36389,0
36390,0
36392,2
36393,0
36394,0
36396,0
36397,0
36398,0
36399,2
36400,1
36402,0
36403,0
36404,1
36405,0
36406,0
36407,0
36408,0
36409,0
36410,1
36411,0
36412,0
36414,0
36415,0
36416,2
36417,1
36418,0
36419,0
36420,1
36421,0
36422,0
36423,0
36424,0
36425,0
36426,0
36427,0
36428,0
36430,2
36431,0
36432,1
36433,0
36434,0
36435,1
36436,0
36437,0
36438,0
36439,0
36440,0
36441,1
36442,0
36443,0
36444,0
36445,0
36446,0
36447,0
36448,0
36449,0
36450,0
36451,0
36452,0
36453,1
36454,0
36455,0
36456,0
36457,0
36458,0
36459,0
36460,0
36461,0
36463,0
36464,0
36465,0
36466,1
36467,0
36469,2
36472,0
36473,2
36475,0
36476,0
36479,1
36480,0
36481,0
36483,1
36485,0
36486,0
36487,0
36488,1
36489,0
36490,0
36491,2
36492,0
36493,0
36494,0
36495,1
36496,1
36497,0
36498,0
36499,0
36500,0
36501,0
36502,1
36503,1
36504,0
36505,0
36506,0
36507,2
36508,0
36509,0
36510,0
36511,1
36512,0
36513,0
36514,0
36515,0
36516,0
36517,1
36520,0
36521,2
36522,0
36523,0
36524,0
36525,0
36526,0
36527,0
36528,0
36530,0
36531,0
36532,0
36533,0
36534,0
36535,0
36536,0
36537,0
36538,0
36539,0
36540,0
36541,0
36542,0
36543,0
36545,2
36546,1
36547,0
36548,0
36549,0
36550,0
36551,0
36552,0
36553,0
36554,0
36555,0
36556,0
36557,0
36558,0
36559,0
36560,0
36561,0
36563,1
36564,0
36565,0
36566,0
36567,0
36568,0
36569,0
36570,0
36571,0
36572,0
36573,0
36574,1
36575,0
36576,0
36577,0
36579,0
36580,0
36582,0
36583,0
36584,0
36585,0
36586,1
36588,0
36589,0
36590,0
36591,0
36592,0
36593,0
36594,0
36595,0
36596,0
36597,1
36598,0
36599,0
36600,0
36602,2
36603,2
36604,0
36605,0
36606,0
36607,0
36609,0
36610,0
36611,0
36612,0
36613,1
36614,1
36615,1
36616,0
36617,0
36618,0
36619,0
36620,2
36621,0
36622,0
36623,0
36624,0
36625,1
36626,1
36627,0
36628,0
36629,2
36630,0
36631,0
36632,0
36633,0
36634,0
36635,0
36636,0
36637,0
36638,0
36639,0
36640,0
36641,1
36642,0
36643,2
36644,0
36645,0
36646,1
36647,1
36648,0
36649,0
36650,1
36651,0
36652,0
36653,1
36655,1
36656,0
36657,2
36658,0
36659,0
36660,0
36662,0
36663,1
36665,1
36666,0
36667,0
36668,0
36669,0
36670,0
36671,0
36672,0
36673,2
36674,0
36675,0
36676,0
36677,0
36680,0
36681,0
36682,2
36685,2
36686,0
36687,0
36689,1
36690,0
36691,0
36692,0
36693,0
36694,0
36695,0
36696,0
36697,1
36698,0
36699,0
36700,0
36701,1
36702,0
36703,0
36704,1
36705,0
36707,1
36708,0
36709,0
36710,0
36711,0
36712,0
36713,0
36714,0
36715,2
36716,0
36717,1
36718,0
36719,0
36720,0
36721,0
36723,1
36724,0
36725,1
36727,0
36728,0
36729,0
36730,0
36731,0
36732,0
36733,1
36734,0
36735,0
36736,0
36737,1
36738,0
36739,0
36740,1
36741,0
36742,0
36743,1
36744,0
36745,0
36746,0
36747,1
36748,0
36749,0
36750,2
36751,0
36752,0
36753,0
36754,0
36755,0
36757,0
36758,0
36759,1
36760,1
36761,0
36762,1
36763,0
36764,0
36765,0
36766,0
36767,0
36768,2
36769,0
36770,0
36771,0
36772,0
36773,0
36774,0
36775,0
36776,0
36777,1
36779,0
36780,2
36781,1
36782,0
36783,1
36784,0
36785,0
36786,0
36787,0
36788,0
36789,1
36790,0
36791,0
36792,0
36794,1
36796,0
36797,0
36799,0
36800,1
36802,0
36803,0
36804,0
36805,2
36806,0
36807,0
36808,1
36809,0
36810,0
36811,0
36812,0
36813,0
36814,0
36817,2
36818,2
36819,0
36820,0
36821,0
36822,0
36823,0
36824,0
36825,0
36827,2
36828,0
36829,2
36830,0
36831,0
36832,1
36833,0
36834,0
36835,0
36836,1
36837,0
36839,0
36840,0
36841,0
36843,2
36844,0
36846,2
36847,1
36848,2
36849,1
36850,0
36851,0
36852,0
36853,0
36854,2
36855,0
36856,0
36857,2
36858,0
36859,0
36860,0
36861,0
36862,0
36864,0
36865,0
36866,0
36867,2
36868,0
36869,0
36870,0
36871,0
36872,0
36873,0
36874,1
36875,2
36877,0
36878,2
36879,1
36880,1
36882,0
36884,0
36886,0
36887,0
36888,1
36889,0
36890,0
36891,0
36892,0
36893,0
36894,0
36896,0
36897,0
36898,0
36899,0
36900,0
36902,0
36903,0
36904,0
36905,0
36906,0
36907,1
36908,1
36909,0
36910,0
36911,2
36912,0
36913,1
36915,0
36916,0
36917,0
36918,0
36919,0
36920,0
36921,0
36922,0
36923,0
36925,0
36926,0
36927,0
36928,2
36929,0
36930,2
36931,0
36932,0
36933,0
36936,0
36937,0
36938,0
36939,0
36940,1
36941,0
36942,0
36944,0
36945,0
36946,0
36947,0
36948,1
36949,0
36950,2
36951,0
36952,2
36953,0
36954,0
36956,0
36957,0
36958,1
36959,0
36960,1
36961,1
36962,1
36963,0
36964,1
36966,0
36967,0
36968,0
36970,0
36971,0
36972,0
36973,0
36974,0
36975,1
36976,1
36977,2
36978,0
36980,2
36981,0
36982,1
36983,0
36984,0
36985,0
36986,0
36987,0
36988,1
36989,0
36990,0
36991,0
36992,0
36993,0
36994,0
36995,2
36996,0
36997,0
36998,1
36999,2
37000,0
37001,1
37002,2
37003,0
37004,1
37005,1
37006,0
37007,0
37008,0
37009,1
37010,0
37011,0
37012,0
37013,1
37014,0
37015,0
37016,0
37017,0
37018,1
37019,0
37020,0
37021,0
37023,1
37024,2
37025,0
37026,0
37027,0
37029,0
37030,1
37031,2
37032,1
37033,0
37034,0
37035,0
37036,0
37037,0
37038,0
37039,0
37040,0
37041,1
37042,0
37043,0
37044,2
37045,0
37046,0
37047,0
37048,0
37049,0
37050,0
37051,0
37052,0
37054,0
37055,0
37056,0
37057,0
37058,0
37059,0
37060,0
37062,1
37063,0
37064,0
37065,0
37066,0
37067,0
37068,0
37069,0
37070,0
37071,1
37072,0
37073,0
37074,0
37075,0
37076,1
37077,0
37078,0
37079,2
37080,0
37081,0
37082,1
37083,2
37084,1
37085,2
37086,0
37087,0
37088,0
37089,1
37090,0
37091,0
37092,0
37093,0
37094,2
37095,1
37096,0
37097,0
37098,0
37099,1
37100,0
37101,0
37102,1
37103,0
37104,0
37105,0
37106,0
37107,0
37108,1
37109,1
37110,0
37111,0
37113,1
37114,0
37115,0
37116,1
37119,0
37120,0
37121,1
37122,0
37123,2
37124,0
37125,0
37126,0
37127,0
37128,1
37129,1
37130,0
37132,0
37133,0
37134,0
37135,0
37136,0
37137,0
37138,0
37140,2
37141,0
37142,0
37143,0
37144,0
37145,0
37146,2
37147,0
37149,0
37150,1
37151,1
37152,0
37153,0
37154,0
37155,0
37157,0
37158,0
37159,0
37160,0
37161,0
37162,0
37163,2
37164,2
37165,0
37166,0
37167,0
37168,0
37169,0
37170,0
37171,0
37172,2
37173,0
37174,0
37175,0
37176,0
37177,2
37178,0
37179,1
37180,0
37182,0
37183,0
37184,0
37187,0
37188,0
37189,0
37190,2
37191,2
37192,0
37193,0
37194,1
37195,0
37196,0
37197,0
37199,2
37200,0
37201,2
37203,0
37204,0
37205,1
37206,1
37207,0
37208,0
37209,0
37210,0
37211,0
37212,0
37213,2
37214,0
37215,0
37216,0
37217,0
37218,0
37219,1
37220,0
37221,0
37222,0
37223,1
37224,0
37225,0
37226,0
37227,1
37228,2
37229,0
37230,0
37231,0
37232,0
37233,0
37234,0
37235,0
37236,0
37237,0
37238,0
37239,0
37241,0
37243,0
37244,1
37245,2
37246,0
37247,0
37248,0
37249,0
37250,2
37251,1
37252,0
37253,0
37254,0
37255,0
37256,0
37257,0
37258,0
37259,1
37260,0
37261,0
37262,2
37263,0
37264,0
37265,0
37266,0
37267,0
37268,0
37269,0
37270,0
37271,0
37272,0
37273,1
37274,0
37275,0
37276,0
37277,0
37278,0
37279,0
37280,0
37281,0
37282,0
37283,0
37284,0
37286,1
37287,0
37288,0
37289,1
37290,0
37291,0
37292,0
37293,0
37294,1
37296,2
37297,0
37298,0
37299,0
37300,0
37301,0
37302,0
37303,1
37304,0
37305,2
37306,0
37307,0
37308,0
37309,0
37310,0
37311,0
37312,0
37313,1
37314,0
37315,0
37316,1
37317,1
37318,0
37319,1
37320,0
37321,0
37323,1
37324,1
37325,2
37326,0
37328,0
37329,1
37330,0
37332,0
37333,2
37336,0
37337,0
37338,0
37339,0
37340,0
37341,0
37342,0
37343,0
37344,0
37345,0
37346,1
37347,0
37348,0
37349,1
37350,0
37351,0
37352,0
37353,0
37354,1
37355,0
37356,0
37357,0
37359,0
37361,0
37362,0
37363,0
37364,1
37365,0
37366,1
37367,0
37368,0
37369,1
37370,0
37371,0
37372,1
37373,0
37374,0
37375,0
37376,1
37378,0
37379,0
37380,0
37381,0
37382,0
37383,0
37384,0
37385,0
37386,2
37388,0
37389,2
37390,0
37392,2
37393,0
37394,0
37396,0
37398,1
37399,0
37400,2
37401,0
37403,0
37405,2
37407,0
37408,0
37409,0
37410,2
37411,0
37412,0
37413,0
37414,0
37416,0
37418,0
37419,0
37420,1
37421,0
37422,1
37423,2
37424,2
37426,0
37427,2
37428,1
37430,2
37431,0
37432,0
37433,0
37434,0
37435,0
37437,0
37438,2
37440,0
37441,0
37442,0
37443,0
37444,0
37445,0
37446,0
37447,0
37448,0
37449,0
37450,0
37452,0
37453,0
37454,0
37455,0
37457,0
37459,0
37460,0
37461,2
37462,0
37463,0
37464,1
37465,0
37466,0
37467,1
37468,0
37469,1
37470,0
37471,0
37472,1
37473,0
37474,0
37475,0
37477,0
37478,0
37479,0
37480,1
37481,2
37482,0
37483,0
37484,0
37485,1
37486,0
37488,0
37489,0
37490,2
37491,0
37492,0
37495,2
37496,1
37497,0
37498,0
37499,0
37500,0
37501,0
37502,0
37503,2
37504,0
37505,0
37506,1
37507,0
37508,0
37510,0
37511,0
37512,0
37513,0
37514,0
37515,0
37516,2
37518,0
37519,1
37520,0
37521,0
37522,0
37523,0
37524,0
37525,0
37526,0
37527,0
37528,0
37529,1
37530,1
37531,0
37532,0
37534,0
37535,0
37536,0
37537,0
37538,0
37540,0
37541,0
37542,1
37543,0
37544,0
37545,1
37546,0
37547,0
37549,1
37550,1
37551,0
37552,0
37554,2
37556,0
37557,0
37558,1
37559,0
37560,2
37561,1
37562,1
37563,1
37565,0
37566,0
37568,0
37569,0
37570,0
37571,0
37572,0
37573,0
37574,0
37575,1
37576,0
37577,0
37578,0
37579,1
37581,0
37582,1
37583,1
37584,0
37585,0
37586,0
37587,0
37588,0
37589,0
37591,0
37592,0
37593,0
37594,1
37596,1
37597,0
37598,0
37599,2
37600,0
37601,0
37602,0
37604,0
37605,0
37606,2
37607,1
37608,0
37609,0
37610,0
37611,1
37612,0
37613,0
37614,0
37615,2
37616,0
37617,1
37618,0
37619,0
37620,0
37621,1
37622,0
37623,0
37624,0
37625,0
37626,0
37627,2
37628,2
37629,0
37630,1
37631,0
37634,1
37635,2
37638,0
37639,2
37641,0
37642,0
37643,0
37644,0
37645,0
37646,1
37647,0
37648,1
37651,2
37652,0
37653,0
37654,0
37656,0
37657,0
37658,0
37661,1
37662,0
37663,1
37664,0
37665,0
37666,0
37668,1
37669,0
37670,2
37671,1
37672,1
37673,0
37674,2
37675,0
37678,0
37679,0
37680,0
37681,0
37682,0
37683,0
37684,0
37685,0
37686,0
37688,0
37689,0
37690,2
37691,0
37692,0
37694,0
37695,0
37697,0
37698,0
37699,0
37700,0
37701,0
37702,2
37703,0
37704,0
37706,0
37707,0
37708,0
37709,0
37711,0
37712,0
37713,0
37714,0
37715,0
37716,1
37717,0
37718,0
37719,0
37720,0
37722,0
37723,1
37724,0
37725,0
37726,2
37729,0
37730,0
37731,0
37732,0
37733,0
37734,0
37735,0
37736,2
37737,0
37738,0
37739,0
37740,0
37741,2
37742,0
37743,0
37744,0
37745,0
37746,0
37747,0
37748,0
37749,0
37750,0
37751,0
37752,0
37753,0
37754,0
37755,0
37756,0
37757,0
37758,0
37759,0
37760,0
37761,0
37762,0
37763,0
37765,2
37766,0
37767,0
37768,0
37769,2
37770,0
37771,0
37772,0
37773,1
37774,2
37775,0
37776,0
37777,1
37778,0
37779,1
37780,0
37781,0
37782,0
37783,1
37784,0
37785,0
37786,0
37787,0
37788,0
37789,0
37790,2
37791,1
37792,0
37793,0
37794,0
37795,0
37796,0
37797,0
37798,1
37799,1
37800,0
37801,0
37802,0
37803,0
37804,0
37805,0
37808,2
37809,0
37810,0
37811,0
37812,0
37813,0
37815,2
37816,2
37817,0
37818,2
37819,0
37820,0
37821,0
37823,0
37825,0
37827,0
37828,0
37829,2
37831,0
37833,0
37834,0
37835,0
37836,1
37837,0
37838,0
37839,0
37841,0
37842,1
37843,0
37844,0
37845,0
37846,1
37847,0
37848,0
37849,0
37850,0
37851,0
37852,2
37853,0
37855,0
37857,2
37858,0
37859,0
37860,0
37861,0
37863,0
37864,1
37866,0
37867,0
37869,0
37870,0
37871,0
37872,0
37873,1
37874,1
37875,0
37877,0
37878,0
37879,2
37880,0
37882,0
37883,0
37884,0
37885,0
37886,0
37887,1
37888,1
37889,1
37890,0
37891,1
37892,0
37893,0
37894,2
37895,0
37896,2
37897,1
37898,0
37900,0
37901,0
37902,0
37903,0
37904,0
37905,0
37906,0
37907,0
37908,0
37909,0
37911,2
37912,0
37913,0
37914,0
37915,2
37916,2
37917,0
37918,0
37919,0
37920,0
37921,0
37922,0
37923,0
37924,2
37925,0
37926,0
37927,0
37929,0
37931,0
37932,0
37933,0
37934,0
37935,0
37936,0
37937,0
37938,0
37939,0
37940,0
37941,0
37942,0
37943,0
37944,0
37945,0
37946,0
37947,0
37948,0
37949,0
37950,0
37951,0
37954,0
37955,2
37956,0
37957,0
37958,0
37959,0
37960,2
37961,0
37962,0
37963,0
37964,0
37965,0
37966,0
37967,2
37968,0
37970,1
37971,0
37972,0
37973,0
37974,0
37975,1
37976,0
37977,0
37978,0
37979,1
37980,0
37981,0
37982,0
37983,2
37984,0
37985,1
37986,2
37987,0
37988,0
37989,0
37990,1
37992,0
37993,1
37994,1
37995,0
37996,0
37997,0
37998,0
37999,0
38000,0
38001,1
38002,0
38003,0
38004,0
38005,2
38007,0
38008,1
38009,1
38010,0
38011,0
38012,0
38013,0
38014,0
38015,0
38016,0
38017,0
38018,0
38019,0
38020,1
38021,0
38022,0
38023,0
38024,0
38025,0
38026,0
38027,0
38028,0
38029,0
38030,0
38031,0
38032,0
38033,0
38034,0
38035,1
38036,0
38037,0
38038,0
38039,0
38040,0
38041,0
38042,0
38043,0
38044,0
38045,1
38047,0
38048,0
38049,2
38050,1
38051,0
38052,0
38053,2
38055,0
38056,0
38057,0
38058,1
38059,0
38060,0
38061,0
38063,0
38064,0
38065,0
38066,0
38067,0
38068,0
38069,0
38070,0
38071,0
38072,0
38073,0
38074,0
38075,0
38076,0
38077,0
38080,0
38081,0
38082,1
38083,0
38084,0
38085,0
38086,0
38087,0
38088,1
38089,0
38090,0
38091,0
38092,0
38093,0
38094,2
38095,1
38096,1
38097,0
38098,0
38099,0
38100,0
38101,1
38103,0
38104,0
38105,0
38106,1
38107,1
38108,0
38109,0
38110,1
38111,0
38112,0
38113,0
38114,1
38115,0
38116,2
38117,0
38119,0
38121,0
38122,0
38123,0
38124,0
38125,1
38126,1
38127,1
38128,0
38130,0
38131,1
38132,1
38133,1
38134,0
38135,0
38136,0
38137,0
38139,1
38140,1
38141,2
38142,0
38143,0
38144,1
38145,0
38146,1
38147,1
38148,0
38149,0
38151,1
38152,0
38153,1
38154,0
38155,0
38156,1
38157,2
38158,1
38159,0
38160,0
38161,0
38162,1
38163,0
38164,0
38165,1
38166,0
38167,0
38168,0
38169,1
38170,2
38171,0
38172,0
38173,0
38174,0
38176,0
38177,0
38178,0
38179,0
38180,1
38181,1
38182,0
38183,0
38184,0
38187,2
38188,0
38189,0
38190,0
38191,0
38192,0
38193,0
38194,1
38195,0
38196,0
38197,1
38198,0
38199,0
38200,0
38201,0
38202,2
38203,0
38204,0
38205,0
38206,0
38207,0
38208,2
38209,0
38210,1
38211,0
38212,1
38213,0
38214,0
38215,0
38216,0
38217,0
38218,1
38219,0
38220,0
38221,0
38222,0
38223,0
38224,0
38225,2
38226,1
38227,0
38228,1
38229,0
38230,2
38231,0
38232,1
38234,0
38235,0
38236,1
38237,0
38238,0
38239,0
38240,0
38241,0
38242,0
38243,2
38244,1
38245,0
38246,2
38247,0
38248,0
38249,0
38250,0
38251,0
38252,0
38253,2
38254,0
38255,1
38256,0
38257,0
38258,2
38259,0
38260,1
38261,2
38262,0
38263,0
38264,1
38265,1
38266,0
38267,0
38268,0
38269,0
38270,1
38271,0
38272,0
38273,0
38275,0
38276,2
38277,0
38278,0
38279,0
38280,0
38281,1
38282,0
38283,0
38284,0
38285,0
38286,0
38287,0
38288,1
38289,0
38290,0
38291,0
38293,0
38294,2
38295,2
38296,0
38297,0
38298,0
38300,0
38301,0
38302,0
38303,0
38304,1
38305,0
38306,0
38308,0
38309,0
38310,0
38311,1
38312,0
38313,0
38314,0
38316,0
38317,2
38318,0
38319,2
38320,0
38321,0
38322,0
38323,0
38324,0
38325,0
38326,1
38327,0
38328,0
38329,0
38330,0
38331,2
38332,0
38333,0
38334,0
38336,0
38338,0
38339,0
38340,0
38342,0
38343,0
38344,0
38345,0
38346,1
38347,0
38348,0
38349,0
38350,0
38351,0
38352,0
38353,0
38354,0
38355,2
38356,1
38357,0
38358,0
38359,0
38360,2
38361,0
38362,0
38363,1
38364,0
38365,0
38366,0
38367,1
38369,0
38370,2
38371,1
38372,0
38373,0
38374,0
38375,0
38376,0
38377,0
38379,0
38380,0
38381,2
38382,2
38383,2
38384,0
38385,0
38386,0
38387,0
38388,2
38389,0
38390,0
38391,0
38392,0
38393,0
38396,0
38397,1
38398,0
38399,0
38400,0
38401,0
38402,0
38403,0
38404,0
38405,1
38406,0
38407,0
38408,0
38409,1
38410,0
38411,0
38412,0
38414,0
38415,0
38416,0
38417,0
38418,0
38420,0
38421,0
38423,0
38424,2
38425,0
38426,0
38427,0
38428,1
38429,2
38430,0
38431,1
38433,1
38434,0
38435,0
38436,1
38438,0
38439,0
38440,2
38441,0
38442,0
38444,0
38446,0
38447,0
38448,2
38449,0
38450,2
38451,0
38452,2
38453,1
38454,0
38455,0
38456,2
38457,0
38458,2
38459,0
38462,0
38464,0
38465,0
38466,0
38467,0
38468,0
38469,0
38470,0
38471,0
38472,0
38473,0
38474,1
38475,0
38477,0
38478,1
38479,0
38480,0
38481,0
38482,1
38483,0
38486,0
38487,0
38488,0
38489,0
38490,0
38491,0
38493,0
38494,0
38495,0
38496,0
38497,0
38498,1
38499,0
38500,0
38501,0
38502,1
38503,2
38505,0
38506,0
38507,2
38508,1
38509,0
38510,0
38511,0
38513,0
38514,0
38515,0
38516,0
38517,2
38518,0
38519,0
38520,0
38521,1
38522,2
38523,0
38524,1
38526,1
38527,0
38528,1
38529,0
38530,0
38531,0
38532,1
38533,0
38534,1
38535,1
38536,0
38537,0
38538,0
38539,0
38540,0
38541,0
38542,2
38543,0
38544,0
38545,0
38546,0
38547,0
38548,0
38549,1
38551,0
38552,0
38553,0
38554,0
38555,0
38556,1
38557,0
38558,0
38559,0
38560,0
38561,0
38562,0
38564,0
38565,2
38566,0
38567,0
38568,0
38569,0
38570,0
38571,0
38572,0
38573,0
38574,1
38575,0
38576,1
38577,1
38578,0
38580,1
38582,0
38583,0
38584,0
38585,0
38586,0
38587,0
38588,0
38589,0
38590,0
38591,0
38592,0
38593,1
38596,0
38597,0
38598,0
38599,1
38600,1
38601,0
38602,0
38603,0
38605,1
38606,0
38607,0
38608,0
38609,0
38610,1
38611,1
38613,0
38614,0
38615,1
38616,0
38617,0
38618,0
38619,0
38620,0
38621,1
38623,0
38624,0
38625,0
38626,0
38627,0
38628,0
38629,0
38630,0
38631,0
38632,1
38634,1
38635,1
38636,0
38637,0
38640,0
38641,0
38642,0
38643,0
38644,2
38645,0
38646,0
38647,0
38648,0
38649,0
38650,0
38651,0
38652,0
38653,0
38655,1
38656,1
38657,0
38658,0
38659,0
38660,0
38661,0
38662,2
38664,0
38666,0
38667,0
38668,1
38669,0
38670,0
38671,0
38672,0
38673,1
38674,0
38675,0
38676,0
38678,0
38679,0
38680,0
38681,1
38682,1
38683,0
38684,0
38685,1
38686,0
38687,0
38688,0
38689,0
38690,0
38692,0
38693,0
38694,0
38695,0
38696,0
38697,0
38699,0
38700,0
38701,0
38702,0
38703,1
38704,0
38706,0
38707,0
38708,0
38709,0
38710,0
38712,0
38713,0
38715,0
38716,0
38717,0
38718,1
38719,0
38720,0
38721,1
38722,2
38723,0
38724,1
38725,0
38726,1
38728,0
38729,0
38730,1
38733,0
38734,0
38735,0
38736,0
38737,1
38738,0
38739,1
38740,0
38741,0
38743,0
38744,0
38745,0
38746,0
38747,0
38748,0
38749,0
38750,0
38751,0
38752,2
38753,0
38754,0
38755,2
38756,0
38758,1
38759,0
38760,0
38761,2
38762,0
38763,1
38764,0
38765,0
38766,0
38767,0
38768,1
38769,0
38770,0
38771,0
38772,0
38773,0
38774,2
38775,2
38777,0
38778,0
38779,1
38780,0
38781,0
38782,0
38783,0
38784,2
38785,0
38786,2
38787,0
38788,0
38789,2
38790,0
38791,0
38792,0
38793,0
38794,2
38795,0
38797,1
38798,0
38799,0
38800,0
38801,0
38802,0
38803,0
38804,0
38805,1
38806,0
38807,0
38808,0
38809,0
38810,0
38811,0
38812,0
38813,0
38814,0
38815,1
38816,0
38817,1
38818,0
38819,0
38820,0
38822,0
38823,0
38825,2
38826,0
38827,1
38828,0
38829,0
38830,1
38831,0
38832,0
38833,0
38834,2
38835,0
38836,0
38837,0
38838,0
38839,0
38840,0
38841,0
38842,0
38843,0
38844,1
38845,0
38846,0
38848,0
38850,1
38851,0
38852,0
38853,2
38854,0
38855,0
38856,0
38857,0
38858,2
38859,2
38860,0
38861,0
38862,0
38864,0
38865,1
38866,0
38868,1
38869,0
38870,0
38871,0
38872,1
38873,0
38874,0
38875,0
38876,0
38877,0
38878,2
38879,0
38880,0
38881,0
38882,0
38883,0
38885,0
38886,0
38887,0
38888,0
38889,0
38891,2
38892,0
38893,0
38896,0
38897,0
38898,0
38899,0
38900,2
38901,0
38902,0
38903,0
38904,0
38905,0
38906,0
38907,1
38908,2
38909,0
38910,1
38911,2
38912,0
38913,1
38914,0
38915,2
38916,0
38917,0
38918,2
38919,0
38921,1
38923,0
38924,2
38925,0
38927,0
38928,0
38929,0
38930,0
38931,2
38933,0
38934,0
38935,2
38936,0
38938,0
38939,2
38940,2
38941,0
38943,1
38944,0
38945,0
38946,0
38947,0
38948,0
38949,0
38950,1
38951,0
38952,0
38953,0
38954,1
38955,0
38956,0
38957,0
38958,0
38959,1
38960,0
38961,0
38962,0
38963,0
38964,0
38965,0
38966,0
38967,0
38968,0
38969,0
38971,0
38972,0
38973,0
38974,1
38975,1
38976,0
38977,0
38978,0
38979,0
38980,0
38981,0
38982,0
38983,1
38984,0
38985,0
38986,1
38987,1
38989,0
38990,0
38991,0
38992,1
38993,1
38994,0
38995,1
38996,2
38997,0
38998,0
38999,0
39000,0
39001,2
39002,0
39003,0
39004,0
39005,0
39007,0
39008,0
39009,0
39010,0
39011,0
39012,1
39013,2
39014,2
39015,0
39017,0
39018,0
39019,0
39020,0
39021,0
39022,0
39023,0
39024,2
39025,1
39026,0
39027,0
39028,0
39029,1
39030,2
39031,0
39032,0
39033,0
39034,0
39036,0
39037,0
39038,0
39040,0
39041,0
39042,0
39043,0
39045,0
39046,0
39047,0
39048,1
39049,0
39050,1
39051,0
39052,0
39054,0
39055,0
39056,0
39057,0
39058,0
39059,0
39060,0
39061,0
39063,0
39064,2
39065,1
39066,0
39067,0
39068,0
39069,0
39070,0
39071,2
39072,2
39073,0
39074,0
39075,0
39076,0
39077,0
39078,0
39079,0
39080,0
39081,0
39082,0
39083,2
39084,0
39085,0
39086,2
39087,0
39088,0
39089,0
39090,0
39091,0
39092,0
39093,2
39094,2
39095,0
39096,1
39097,0
39098,0
39099,0
39100,0
39101,2
39102,1
39103,0
39104,1
39105,0
39106,0
39107,1
39108,0
39109,0
39110,1
39111,0
39112,1
39113,0
39114,1
39115,0
39116,0
39117,0
39118,0
39119,0
39120,0
39121,0
39122,0
39124,0
39125,0
39126,0
39127,1
39128,0
39129,1
39130,0
39131,0
39132,0
39133,0
39134,0
39135,0
39136,0
39137,0
39138,0
39139,0
39140,0
39141,0
39142,0
39143,0
39144,0
39145,1
39146,0
39148,0
39149,0
39150,1
39151,2
39153,0
39154,0
39156,0
39157,0
39158,0
39159,0
39160,0
39161,0
39162,0
39164,0
39165,1
39166,2
39167,0
39168,0
39169,2
39170,0
39171,0
39172,0
39173,0
39174,1
39175,0
39176,0
39177,0
39178,0
39179,0
39180,0
39181,0
39182,0
39183,0
39184,0
39185,0
39186,0
39187,0
39188,2
39189,1
39190,1
39191,1
39193,0
39195,1
39196,0
39197,0
39198,1
39199,0
39200,0
39202,1
39203,2
39205,0
39206,0
39207,0
39208,2
39209,1
39210,0
39211,0
39212,0
39213,0
39214,0
39215,1
39217,1
39218,1
39219,0
39220,0
39221,0
39222,0
39223,0
39224,0
39225,0
39226,0
39227,1
39228,0
39229,0
39230,0
39231,1
39232,0
39233,1
39234,0
39235,0
39236,0
39237,0
39238,0
39239,1
39240,2
39241,0
39242,0
39243,2
39244,2
39245,0
39246,0
39247,0
39248,0
39249,0
39250,0
39251,0
39252,0
39253,0
39254,0
39255,0
39256,0
39257,0
39258,0
39259,0
39260,0
39261,0
39262,0
39264,0
39265,0
39266,0
39267,2
39269,0
39270,0
39273,0
39275,2
39276,0
39277,0
39278,0
39279,0
39280,0
39281,0
39282,0
39283,0
39284,0
39286,1
39287,0
39288,0
39289,1
39290,1
39291,0
39292,2
39293,0
39294,0
39296,0
39298,0
39299,2
39300,0
39301,1
39302,2
39303,0
39304,0
39305,0
39307,1
39308,0
39309,0
39311,0
39312,1
39313,0
39314,1
39316,1
39317,0
39318,0
39319,0
39320,0
39321,0
39323,0
39325,2
39326,0
39327,0
39328,0
39330,1
39331,0
39332,0
39333,1
39334,1
39335,1
39336,0
39337,0
39338,0
39339,2
39340,0
39341,0
39342,0
39343,0
39344,0
39345,2
39346,0
39347,0
39348,0
39349,0
39350,0
39352,0
39354,0
39355,0
39356,0
39357,0
39358,0
39359,0
39360,0
39362,0
39363,2
39364,0
39365,0
39366,0
39367,0
39368,0
39369,1
39370,0
39371,1
39372,0
39373,0
39374,2
39375,0
39377,0
39378,0
39379,0
39380,0
39381,0
39382,0
39383,0
39384,0
39385,0
39386,1
39387,0
39388,1
39389,0
39391,0
39392,0
39393,0
39394,0
39395,2
39396,1
39398,0
39399,0
39400,2
39401,0
39402,0
39403,0
39404,0
39405,0
39406,1
39407,0
39408,0
39409,1
39410,0
39411,0
39412,1
39413,1
39414,0
39415,0
39417,0
39418,1
39419,0
39420,0
39421,0
39422,0
39423,0
39424,1
39425,0
39426,0
39427,1
39428,0
39430,2
39431,0
39432,0
39433,0
39434,1
39435,0
39436,0
39438,0
39439,0
39440,1
39441,0
39442,0
39443,0
39444,0
39445,0
39446,0
39447,0
39448,0
39449,1
39450,2
39451,2
39452,2
39453,0
39455,0
39456,1
39457,0
39458,0
39459,0
39461,0
39462,0
39463,0
39464,0
39465,0
39466,1
39467,0
39468,0
39469,1
39470,0
39471,0
39472,0
39474,0
39475,0
39476,0
39477,0
39478,1
39480,0
39481,1
39482,2
39483,0
39484,0
39485,0
39486,0
39487,1
39488,0
39489,0
39490,0
39491,0
39492,0
39493,0
39494,1
39495,0
39496,0
39497,0
39498,0
39499,0
39500,0
39501,1
39502,0
39503,0
39504,1
39505,1
39506,0
39507,2
39508,0
39509,1
39510,2
39511,0
39513,1
39514,0
39515,0
39516,0
39517,0
39518,0
39519,0
39520,0
39521,0
39522,0
39523,0
39524,0
39525,0
39526,0
39527,2
39528,0
39529,0
39530,0
39531,0
39532,0
39533,0
39534,0
39535,1
39536,1
39537,0
39538,0
39539,0
39540,0
39541,0
39542,0
39543,0
39544,0
39545,0
39546,0
39547,0
39549,1
39550,2
39551,2
39552,0
39553,0
39554,0
39555,0
39557,2
39558,0
39559,0
39560,0
39563,1
39564,0
39565,1
39566,2
39567,0
39568,0
39569,1
39570,0
39571,0
39572,0
39573,0
39574,0
39575,2
39576,0
39577,0
39578,0
39580,0
39581,0
39582,0
39584,0
39585,0
39586,0
39588,1
39589,0
39590,1
39591,0
39592,0
39593,1
39594,2
39596,0
39597,2
39598,0
39599,0
39600,0
39601,1
39602,0
39603,0
39604,1
39605,0
39606,0
39607,0
39608,0
39609,0
39610,0
39611,0
39612,0
39613,0
39614,0
39615,2
39616,0
39617,0
39618,0
39619,0
39620,0
39621,0
39623,1
39624,0
39626,0
39627,0
39628,0
39629,0
39631,0
39632,0
39633,0
39634,0
39635,0
39636,0
39637,0
39639,0
39641,1
39642,1
39643,1
39646,0
39647,0
39648,0
39649,0
39650,1
39651,0
39652,0
39654,0
39655,0
39657,0
39658,0
39659,0
39660,1
39661,0
39662,1
39663,0
39664,0
39666,0
39667,0
39668,0
39669,2
39670,0
39672,0
39673,0
39674,0
39675,0
39676,0
39678,0
39679,0
39680,0
39681,0
39682,0
39683,2
39684,0
39685,0
39686,0
39687,0
39688,0
39690,0
39692,0
39693,0
39694,0
39695,1
39696,0
39697,0
39698,0
39699,0
39700,0
39701,0
39702,0
39703,1
39704,1
39705,0
39706,0
39707,0
39709,2
39710,2
39711,0
39712,0
39713,1
39714,0
39715,1
39716,0
39718,0
39720,0
39721,0
39722,0
39723,1
39724,0
39725,0
39726,2
39727,0
39728,1
39729,1
39730,0
39731,0
39732,0
39733,2
39734,0
39736,0
39737,1
39739,0
39740,0
39741,0
39744,0
39745,0
39747,0
39749,0
39751,0
39752,0
39753,0
39754,0
39755,0
39756,0
39757,0
39758,0
39759,0
39761,1
39762,2
39763,0
39764,0
39765,2
39766,0
39767,0
39769,0
39770,0
39771,0
39772,0
39773,1
39774,2
39775,0
39776,0
39777,0
39778,0
39780,0
39781,0
39782,1
39783,0
39784,0
39785,0
39786,0
39787,0
39788,0
39789,0
39790,0
39791,0
39792,0
39793,0
39794,0
39795,0
39796,1
39797,0
39798,1
39799,0
39800,0
39801,0
39802,0
39803,0
39804,1
39805,0
39807,0
39808,1
39809,0
39810,0
39811,0
39812,0
39814,0
39815,0
39817,0
39818,0
39820,0
39821,0
39822,1
39823,0
39824,2
39825,1
39826,0
39827,0
39828,1
39829,0
39830,0
39831,0
39832,0
39833,0
39834,0
39835,0
39836,0
39837,0
39838,0
39839,0
39841,1
39842,0
39843,0
39844,1
39845,0
39847,0
39848,0
39849,1
39851,0
39852,0
39853,0
39854,0
39855,0
39856,0
39857,0
39859,0
39860,2
39861,0
39863,1
39864,0
39866,1
39867,2
39868,2
39869,0
39870,0
39871,0
39872,2
39874,0
39875,0
39876,0
39877,0
39878,0
39879,0
39882,0
39883,1
39885,0
39886,0
39887,0
39888,0
39889,0
39890,0
39891,0
39892,0
39893,0
39894,0
39895,0
39896,1
39897,0
39898,1
39899,0
39901,0
39902,0
39903,0
39905,2
39906,0
39908,0
39909,0
39910,2
39911,0
39912,0
39914,0
39915,0
39916,0
39917,0
39918,0
39919,0
39920,1
39921,0
39922,0
39923,0
39924,0
39925,0
39926,0
39927,0
39928,0
39929,0
39930,0
39931,0
39932,1
39933,0
39934,0
39935,0
39936,0
39937,2
39938,0
39939,0
39940,0
39941,0
39942,0
39943,0
39944,0
39945,0
39946,0
39947,0
39948,0
39949,0
39950,1
39951,0
39953,1
39954,0
39955,1
39956,0
39957,0
39958,1
39959,0
39960,2
39961,1
39962,0
39963,0
39966,0
39967,1
39968,2
39969,0
39970,0
39971,0
39972,0
39973,0
39975,2
39976,0
39978,1
39979,0
39980,0
39981,0
39982,0
39983,0
39984,0
39985,0
39986,0
39987,0
39988,1
39989,2
39990,2
39991,0
39992,2
39995,2
39996,0
39997,0
39998,0
39999,0
40000,1
40001,1
40002,0
40003,1
40004,0
40005,1
40006,0
40007,1
40008,0
40009,0
40010,1
40011,0
40012,0
40013,0
40014,0
40015,0
40016,0
40017,0
40019,0
40020,0
40022,0
40023,0
40024,0
40025,0
40026,0
40027,0
40029,0
40030,0
40031,0
40032,0
40033,0
40035,2
40036,0
40037,0
40038,0
40039,2
40040,0
40041,0
40042,0
40043,1
40044,0
40046,0
40047,0
40048,0
40049,0
40050,0
40052,0
40053,0
40054,0
40055,2
40056,1
40057,0
40058,2
40059,0
40061,0
40062,0
40063,2
40064,0
40065,2
40066,1
40068,0
40069,0
40071,0
40072,0
40073,0
40074,2
40075,0
40076,1
40077,1
40078,1
40079,0
40080,0
40081,0
40082,1
40083,0
40084,0
40085,1
40086,0
40088,0
40089,0
40090,0
40092,0
40093,1
40095,0
40096,0
40097,0
40098,0
40099,0
40100,0
40101,0
40102,0
40103,0
40104,0
40105,1
40106,0
40107,0
40108,0
40109,0
40110,0
40111,0
40112,0
40114,1
40115,0
40116,0
40117,0
40118,0
40119,0
40120,0
40121,0
40122,0
40123,0
40124,0
40125,1
40126,0
40127,0
40128,0
40129,0
40130,1
40131,0
40132,0
40133,0
40134,1
40135,0
40136,0
40137,0
40138,1
40139,0
40140,2
40141,0
40142,0
40143,0
40144,0
40145,0
40146,0
40147,2
40148,0
40149,1
40150,0
40151,0
40152,0
40153,0
40154,0
40155,1
40156,0
40159,0
40160,0
40161,0
40162,1
40163,0
40164,0
40165,2
40166,0
40168,0
40169,0
40170,0
40171,0
40172,0
40173,0
40175,0
40176,0
40177,0
40179,0
40180,0
40181,1
40182,0
40183,0
40185,0
40186,0
40187,1
40188,0
40189,1
40190,2
40192,0
40193,0
40194,0
40195,0
40196,1
40197,2
40198,0
40199,1
40201,1
40202,0
40203,1
40204,0
40205,0
40206,0
40207,0
40208,1
40209,1
40210,0
40211,1
40212,0
40214,0
40215,0
40216,0
40217,1
40218,0
40219,0
40220,1
40221,0
40222,1
40223,0
40224,0
40226,0
40228,2
40229,0
40230,0
40231,0
40232,0
40233,2
40234,0
40235,0
40237,0
40238,0
40240,0
40241,0
40242,1
40243,0
40244,0
40246,0
40248,0
40249,0
40250,0
40251,0
40252,0
40253,0
40254,0
40255,0
40256,0
40257,0
40258,0
40259,0
40260,0
40261,0
40262,0
40263,0
40264,1
40265,0
40266,0
40267,0
40268,1
40269,0
40270,0
40271,2
40272,0
40273,0
40274,1
40275,0
40276,1
40277,0
40278,0
40280,0
40281,0
40282,0
40283,0
40285,0
40286,0
40287,2
40288,0
40289,0
40290,0
40291,0
40292,0
40293,2
40294,0
40295,0
40296,0
40297,0
40298,0
40299,0
40300,0
40301,1
40302,0
40303,0
40304,0
40305,0
40306,0
40308,0
40309,0
40310,0
40311,0
40312,1
40313,0
40314,0
40315,0
40316,0
40317,0
40318,0
40319,2
40320,2
40321,0
40322,0
40323,0
40324,0
40326,1
40327,0
40328,0
40330,2
40331,0
40332,1
40333,0
40334,0
40335,0
40336,1
40337,2
40338,0
40339,0
40340,0
40341,0
40343,1
40344,0
40345,0
40346,1
40347,0
40348,0
40350,0
40351,0
40352,0
40353,0
40354,1
40355,0
40356,0
40358,0
40360,0
40361,0
40363,0
40365,1
40367,0
40368,0
40369,1
40371,0
40372,0
40373,2
40374,0
40375,0
40376,0
40378,0
40379,1
40380,1
40381,0
40382,0
40383,1
40384,1
40385,0
40386,2
40387,1
40388,0
40389,0
40390,0
40391,0
40392,1
40393,0
40394,0
40395,0
40396,0
40398,1
40399,0
40400,0
40401,0
40402,1
40403,0
40404,0
40405,2
40406,0
40407,0
40408,0
40410,2
40411,0
40412,0
40413,0
40414,0
40415,0
40416,0
40417,0
40418,0
40419,0
40420,0
40421,0
40423,2
40424,0
40425,0
40426,0
40427,0
40428,0
40429,0
40430,0
40432,0
40433,0
40434,0
40435,0
40436,0
40437,0
40438,0
40439,2
40441,0
40442,0
40443,0
40444,0
40445,0
40446,0
40447,0
40448,0
40449,0
40450,0
40451,0
40452,0
40453,0
40454,2
40455,0
40456,1
40458,0
40459,0
40460,0
40461,0
40462,0
40463,0
40464,0
40465,1
40466,0
40467,0
40468,0
40469,0
40470,0
40471,0
40472,0
40473,2
40474,0
40475,0
40476,0
40478,0
40479,1
40481,1
40482,0
40483,0
40484,0
40485,0
40486,0
40487,1
40489,0
40490,0
40491,1
40492,0
40493,0
40494,1
40495,0
40497,0
40498,0
40499,0
40500,0
40501,0
40502,0
40503,0
40504,0
40506,0
40507,0
40508,0
40510,0
40511,0
40512,0
40513,0
40514,0
40515,0
40517,0
40518,1
40519,2
40521,2
40524,2
40526,0
40527,0
40529,2
40530,0
40531,0
40532,0
40533,0
40534,0
40535,0
40536,1
40538,0
40539,0
40540,0
40541,0
40542,0
40543,0
40545,0
40546,0
40547,0
40548,0
40549,0
40550,0
40552,0
40553,2
40554,0
40555,0
40556,0
40557,0
40558,0
40559,0
40560,0
40562,0
40563,0
40564,0
40565,0
40566,0
40568,1
40569,0
40570,0
40571,0
40572,0
40573,0
40574,0
40575,0
40576,0
40577,0
40578,1
40579,0
40580,0
40581,0
40582,0
40583,1
40584,0
40585,0
40586,0
40587,0
40588,2
40589,0
40590,0
40591,0
40592,0
40593,0
40594,1
40595,2
40596,0
40597,0
40598,1
40599,0
40601,0
40602,0
40603,0
40604,0
40605,0
40606,0
40607,0
40609,0
40610,0
40611,0
40612,0
40613,0
40615,0
40616,0
40617,1
40618,0
40619,1
40620,0
40621,1
40622,0
40623,0
40624,0
40625,0
40626,0
40627,0
40628,0
40629,1
40630,0
40631,0
40632,1
40633,0
40634,2
40635,0
40636,0
40637,0
40638,0
40639,1
40640,1
40641,0
40643,0
40644,0
40645,0
40646,0
40647,0
40648,0
40649,0
40650,2
40651,0
40652,1
40653,0
40654,0
40655,0
40656,0
40657,0
40659,0
40660,0
40661,1
40662,0
40663,0
40664,0
40665,2
40666,2
40667,1
40668,0
40669,0
40670,0
40673,0
40675,0
40676,0
40677,0
40678,0
40679,0
40680,0
40681,0
40682,0
40683,1
40684,0
40685,0
40686,0
40687,0
40688,0
40689,1
40691,0
40692,0
40694,2
40695,0
40696,0
40697,0
40698,0
40699,0
40701,0
40702,0
40703,1
40704,0
40706,0
40708,1
40709,0
40710,0
40711,0
40712,0
40713,1
40714,0
40715,0
40716,0
40717,0
40718,0
40719,0
40720,0
40721,0
40722,0
40723,0
40724,0
40725,0
40726,0
40727,1
40728,0
40729,0
40731,2
40732,0
40733,0
40734,2
40735,0
40736,0
40737,0
40738,0
40739,0
40740,1
40741,0
40742,0
40743,0
40744,0
40745,0
40746,0
40747,2
40749,0
40750,1
40751,2
40752,1
40753,0
40754,1
40755,0
40757,0
40758,2
40760,2
40761,0
40762,0
40763,0
40764,1
40765,1
40766,0
40767,0
40768,0
40769,2
40770,0
40771,0
40772,0
40773,0
40774,0
40775,0
40776,0
40777,1
40778,0
40779,0
40781,0
40782,0
40783,1
40784,0
40785,2
40786,0
40787,0
40788,0
40789,1
40790,0
40791,0
40792,0
40793,0
40794,0
40795,0
40796,0
40798,0
40799,2
40800,0
40801,0
40802,0
40803,0
40804,0
40805,0
40806,0
40807,0
40808,1
40809,0
40810,0
40811,1
40812,0
40813,1
40814,0
40815,1
40816,0
40817,0
40818,0
40819,0
40820,0
40821,0
40822,1
40824,0
40825,0
40826,0
40827,0
40828,1
40831,0
40832,0
40833,0
40834,0
40835,0
40836,0
40837,1
40838,0
40839,0
40840,0
40841,0
40842,0
40843,0
40844,0
40845,0
40846,0
40847,0
40849,0
40850,0
40851,0
40852,0
40853,0
40854,1
40855,0
40856,0
40857,0
40858,0
40859,0
40860,0
40861,0
40862,2
40863,0
40865,0
40866,1
40867,1
40868,0
40870,0
40871,0
40872,0
40873,1
40874,0
40875,1
40876,0
40877,0
40878,0
40879,1
40880,0
40881,0
40882,0
40883,1
40884,0
40885,0
40886,0
40887,0
40888,0
40889,0
40890,0
40891,0
40892,0
40893,0
40894,0
40895,0
40896,0
40897,0
40898,2
40899,0
40900,0
40901,0
40903,0
40904,1
40905,0
40906,0
40907,0
40908,2
40909,1
40911,0
40912,0
40913,0
40915,1
40916,0
40917,0
40918,0
40919,2
40920,0
40921,1
40922,0
40923,0
40924,0
40925,0
40926,2
40927,0
40928,0
40929,0
40930,0
40932,0
40933,0
40934,0
40935,0
40936,2
40937,0
40938,0
40939,0
40940,0
40941,0
40942,0
40943,0
40944,0
40945,0
40946,0
40947,0
40948,0
40949,0
40950,1
40951,0
40952,0
40953,0
40954,1
40955,0
40956,0
40957,0
40958,1
40960,0
40961,1
40962,1
40964,0
40965,0
40966,0
40967,0
40968,1
40969,0
40971,0
40973,1
40974,0
40975,0
40976,1
40977,0
40978,0
40979,0
40980,0
40981,0
40982,0
40983,1
40984,0
40985,0
40986,0
40988,0
40989,1
40990,0
40991,0
40992,0
40993,2
40994,0
40995,0
40997,0
40998,0
40999,0
41000,1
41001,1
41002,0
41003,0
41004,0
41005,0
41006,1
41007,0
41010,0
41011,1
41012,0
41013,0
41014,0
41015,0
41017,0
41018,0
41019,1
41020,0
41021,2
41022,2
41023,2
41026,0
41027,1
41028,1
41030,0
41032,0
41033,0
41034,0
41035,0
41036,0
41039,0
41040,0
41041,0
41043,0
41044,0
41045,0
41046,0
41047,1
41048,0
41049,0
41051,1
41052,0
41053,1
41054,0
41055,0
41056,0
41057,1
41058,0
41059,0
41060,0
41061,0
41062,0
41064,0
41065,0
41066,0
41067,0
41068,0
41069,0
41070,1
41071,0
41073,1
41074,0
41077,2
41079,0
41080,0
41082,0
41083,1
41084,0
41085,0
41088,1
41089,0
41090,0
41091,1
41092,0
41093,0
41094,0
41095,0
41096,0
41097,0
41099,2
41100,0
41101,1
41102,2
41103,1
41104,0
41105,0
41106,1
41107,0
41108,1
41110,0
41111,1
41112,0
41113,2
41114,2
41115,2
41117,0
41118,0
41119,0
41120,0
41121,0
41122,1
41123,0
41124,0
41125,2
41126,0
41127,0
41128,0
41129,1
41130,1
41131,0
41132,0
41133,0
41134,0
41135,2
41136,0
41137,0
41138,2
41140,0
41141,0
41142,1
41143,0
41144,0
41145,0
41146,0
41147,0
41148,0
41149,0
41150,0
41151,0
41152,0
41153,0
41154,0
41155,0
41156,1
41157,0
41158,0
41159,0
41160,0
41161,0
41162,0
41163,0
41164,0
41165,0
41166,1
41167,1
41168,0
41169,0
41170,1
41171,0
41172,0
41173,1
41174,0
41175,1
41177,0
41178,0
41179,0
41180,0
41182,0
41183,2
41184,0
41185,0
41186,0
41187,0
41188,0
41189,0
41190,0
41191,0
41192,0
41193,0
41194,0
41195,0
41196,0
41197,0
41198,0
41199,0
41200,0
41201,0
41202,0
41203,0
41204,0
41205,0
41206,0
41207,2
41208,0
41209,0
41211,0
41212,0
41213,0
41215,0
41216,0
41217,0
41218,0
41219,0
41220,0
41222,1
41223,0
41224,1
41226,0
41227,2
41228,1
41229,0
41230,0
41232,1
41233,2
41234,1
41235,0
41236,1
41237,0
41238,0
41240,0
41241,0
41242,0
41243,0
41244,2
41246,0
41247,0
41248,0
41249,0
41250,0
41251,0
41252,0
41253,0
41254,2
41255,0
41256,0
41257,0
41258,0
41259,0
41260,1
41261,0
41262,0
41263,1
41264,0
41265,0
41266,2
41267,2
41268,1
41269,0
41270,0
41271,0
41272,0
41273,0
41274,1
41275,0
41276,0
41277,0
41278,0
41279,0
41280,0
41281,1
41282,0
41283,0
41284,0
41285,0
41286,0
41288,0
41289,2
41290,0
41291,0
41292,1
41293,0
41294,0
41295,0
41296,0
41297,0
41298,0
41299,0
41300,0
41301,0
41302,0
41303,0
41304,0
41305,1
41306,0
41307,0
41309,0
41310,2
41311,0
41312,1
41313,0
41314,1
41315,0
41316,0
41317,0
41318,0
41320,1
41321,0
41322,2
41323,0
41324,0
41325,1
41326,0
41327,0
41328,0
41330,0
41331,0
41332,0
41333,1
41334,0
41335,0
41336,0
41337,0
41338,0
41339,0
41341,1
41342,0
41344,0
41345,1
41346,0
41347,0
41348,0
41349,0
41350,0
41351,0
41352,2
41353,0
41354,2
41355,0
41356,1
41357,0
41358,0
41359,0
41360,0
41361,0
41362,0
41363,0
41365,0
41366,0
41367,0
41368,0
41369,0
41370,0
41371,0
41372,0
41373,2
41374,0
41375,0
41376,0
41377,0
41378,1
41380,2
41382,0
41383,0
41384,0
41386,1
41387,1
41388,0
41390,1
41391,0
41392,0
41393,0
41394,2
41395,0
41396,0
41397,0
41398,0
41399,0
41400,0
41401,0
41402,0
41403,1
41406,0
41407,2
41408,0
41409,0
41410,1
41412,0
41413,0
41415,0
41416,0
41417,1
41418,0
41419,1
41420,1
41421,2
41422,0
41423,1
41424,0
41427,2
41428,0
41429,0
41431,1
41432,2
41433,0
41434,0
41435,0
41437,1
41438,0
41439,0
41440,0
41441,0
41442,1
41443,1
41444,2
41445,0
41446,1
41447,0
41448,0
41449,0
41450,0
41451,0
41452,0
41453,0
41454,0
41455,1
41456,0
41457,0
41458,0
41459,0
41460,1
41461,0
41462,1
41463,0
41466,0
41468,0
41469,0
41470,0
41471,0
41472,0
41473,2
41474,0
41475,2
41476,2
41477,0
41478,0
41479,0
41480,0
41481,0
41482,1
41483,0
41484,0
41485,0
41486,1
41487,0
41488,0
41489,0
41491,0
41492,0
41494,0
41495,0
41496,0
41498,1
41499,0
41500,1
41501,1
41502,2
41503,0
41504,0
41505,0
41506,0
41507,0
41509,1
41510,0
41511,1
41512,0
41513,0
41516,0
41517,0
41518,0
41519,0
41520,0
41521,0
41522,0
41523,0
41524,1
41525,1
41526,0
41527,0
41528,0
41529,0
41530,0
41531,0
41532,0
41533,0
41534,0
41535,1
41536,2
41537,0
41538,0
41539,0
41540,0
41541,0
41542,0
41543,1
41544,1
41546,1
41547,0
41548,0
41549,0
41550,1
41551,0
41552,0
41553,0
41554,0
41555,0
41556,0
41557,0
41558,0
41559,0
41561,0
41562,1
41563,0
41564,0
41565,1
41566,2
41567,0
41568,0
41569,2
41570,1
41571,0
41572,0
41574,2
41575,0
41576,0
41577,0
41578,0
41580,1
41581,0
41582,0
41583,1
41584,0
41585,1
41586,0
41587,0
41588,0
41589,0
41590,0
41591,0
41592,0
41594,0
41596,0
41597,0
41598,0
41599,0
41600,1
41601,0
41602,0
41603,2
41604,0
41605,1
41608,0
41609,0
41611,2
41612,0
41614,1
41615,1
41616,0
41617,0
41618,0
41619,0
41620,0
41622,0
41623,0
41625,0
41626,0
41627,1
41628,0
41629,0
41630,0
41631,0
41632,0
41633,0
41634,1
41636,0
41637,0
41638,0
41639,0
41640,0
41641,0
41642,0
41643,0
41645,0
41646,0
41647,0
41648,1
41649,0
41650,0
41651,1
41652,0
41653,0
41654,2
41655,0
41656,0
41657,0
41658,0
41660,0
41661,0
41662,2
41663,0
41664,0
41665,0
41666,1
41667,0
41668,2
41669,0
41670,0
41671,0
41672,1
41673,0
41674,0
41675,2
41676,1
41677,0
41678,0
41679,0
41680,1
41681,2
41683,0
41684,1
41685,1
41686,0
41687,0
41688,0
41689,0
41690,0
41691,0
41692,1
41693,0
41694,0
41695,0
41696,0
41697,2
41698,0
41699,0
41700,0
41702,1
41703,0
41705,0
41706,1
41707,0
41708,0
41709,0
41710,0
41711,0
41712,1
41713,1
41715,1
41716,0
41717,0
41718,1
41719,0
41720,0
41721,0
41722,0
41723,0
41724,1
41725,2
41726,0
41727,0
41729,0
41730,0
41731,0
41732,0
41733,0
41737,0
41738,0
41739,0
41740,0
41741,0
41743,2
41744,0
41745,0
41746,0
41747,0
41748,0
41749,0
41750,2
41751,1
41752,0
41753,0
41754,0
41755,1
41756,0
41757,1
41759,1
41760,0
41761,0
41762,1
41763,1
41764,0
41765,0
41766,1
41767,2
41768,1
41769,0
41770,0
41771,0
41772,0
41773,0
41774,0
41776,0
41777,1
41779,0
41782,0
41783,0
41785,0
41786,0
41787,0
41788,1
41789,0
41790,0
41791,0
41792,1
41793,0
41794,0
41795,0
41796,2
41797,0
41798,2
41799,0
41800,1
41801,1
41802,0
41803,1
41804,0
41805,0
41806,0
41807,0
41808,1
41809,0
41810,2
41811,2
41812,0
41813,0
41814,0
41815,1
41816,0
41817,0
41818,2
41819,0
41820,0
41821,1
41822,1
41823,0
41825,0
41827,0
41828,0
41829,0
41830,0
41831,0
41832,0
41833,0
41834,1
41835,2
41836,0
41837,0
41838,0
41839,0
41840,0
41842,2
41843,2
41844,0
41845,2
41846,0
41847,0
41848,0
41849,0
41850,2
41851,0
41853,1
41855,2
41856,2
41857,0
41858,2
41859,0
41860,0
41862,0
41863,0
41864,0
41865,0
41866,0
41867,0
41868,0
41869,0
41870,0
41871,0
41872,0
41873,0
41875,2
41876,0
41877,0
41878,0
41879,1
41880,2
41881,1
41882,0
41883,2
41885,0
41886,0
41887,0
41888,0
41889,0
41890,0
41891,0
41893,0
41894,0
41895,2
41896,0
41897,0
41898,0
41899,0
41900,0
41901,0
41902,2
41903,1
41904,1
41905,0
41906,0
41907,0
41908,1
41909,1
41910,0
41911,0
41912,1
41913,0
41914,2
41915,1
41917,0
41918,0
41919,1
41920,0
41921,0
41923,1
41924,0
41925,2
41926,0
41927,0
41928,0
41929,0
41930,1
41931,0
41933,0
41934,0
41935,0
41936,1
41937,0
41938,0
41939,2
41940,0
41941,1
41942,0
41943,1
41944,0
41945,0
41946,0
41947,0
41948,0
41949,0
41950,0
41951,0
41952,0
41953,0
41954,0
41955,0
41956,0
41957,1
41958,0
41959,0
41960,0
41961,0
41962,0
41963,0
41964,0
41965,2
41966,0
41967,0
41969,0
41970,0
41971,0
41972,0
41974,0
41975,0
41976,0
41977,0
41978,0
41979,0
41980,0
41981,2
41982,0
41983,2
41984,0
41985,0
41986,0
41987,0
41988,0
41989,0
41990,0
41991,0
41992,0
41993,0
41994,2
41995,0
41996,0
41997,1
41999,0
42000,0
42001,0
42002,0
42003,2
42004,0
42005,1
42007,0
42008,0
42009,0
42010,0
42011,2
42012,0
42013,0
42014,0
42015,0
42016,0
42017,0
42018,0
42019,0
42020,0
42021,0
42022,0
42023,0
42024,2
42025,0
42026,1
42027,0
42028,0
42029,0
42030,0
42031,0
42033,0
42035,0
42036,0
42037,0
42038,0
42039,0
42040,0
42041,0
42042,0
42044,1
42045,0
42046,0
42047,0
42048,1
42049,2
42050,0
42052,0
42054,0
42055,0
42056,0
42057,1
42058,0
42059,0
42060,1
42061,2
42064,1
42065,1
42066,0
42067,0
42068,2
42070,2
42071,2
42072,1
42073,0
42074,2
42075,0
42076,1
42077,0
42078,1
42079,1
42080,1
42081,0
42082,0
42084,0
42086,1
42087,2
42088,0
42089,0
42090,0
42091,0
42092,1
42094,0
42095,2
42096,1
42097,0
42098,1
42099,0
42100,0
42101,0
42102,0
42103,0
42106,2
42107,2
42108,0
42109,0
42110,1
42111,2
42112,0
42113,0
42114,0
42115,0
42116,0
42117,0
42119,1
42120,0
42121,0
42122,0
42123,0
42124,0
42125,0
42127,0
42129,1
42130,1
42132,0
42133,0
42134,0
42135,1
42137,0
42138,1
42139,0
42141,0
42142,0
42143,1
42144,1
42145,0
42146,0
42147,0
42148,0
42149,0
42150,0
42151,0
42152,0
42153,2
42154,0
42155,0
42156,1
42157,1
42158,0
42159,0
42160,0
42161,1
42162,0
42163,1
42164,0
42165,0
42166,0
42167,0
42168,0
42169,0
42170,1
42171,0
42172,2
42173,0
42174,0
42175,0
42176,1
42177,0
42178,0
42179,1
42180,0
42181,0
42182,2
42184,0
42185,0
42186,0
42187,0
42188,0
42189,0
42190,0
42191,0
42192,0
42193,0
42194,0
42195,2
42196,0
42197,0
42198,0
42199,1
42200,0
42202,1
42203,0
42204,0
42206,0
42207,0
42208,0
42209,0
42210,2
42211,0
42212,0
42213,1
42214,0
42215,0
42216,0
42217,1
42218,0
42219,0
42220,0
42222,1
42223,0
42224,0
42225,0
42226,0
42227,0
42228,1
42229,0
42230,1
42232,0
42233,1
42234,0
42235,0
42236,0
42238,1
42239,0
42240,0
42241,1
42242,0
42243,0
42244,0
42245,0
42246,0
42247,0
42248,0
42249,0
42251,1
42252,1
42254,0
42255,0
42257,0
42258,1
42259,0
42260,2
42261,0
42262,1
42263,1
42264,0
42265,0
42266,2
42267,2
42268,1
42269,0
42270,0
42271,0
42272,0
42274,0
42275,0
42276,1
42277,0
42278,0
42279,1
42280,0
42281,0
42282,0
42284,1
42285,0
42286,0
42287,0
42288,0
42289,0
42290,1
42291,0
42292,0
42293,0
42294,0
42295,0
42297,0
42298,0
42299,2
42300,0
42301,1
42302,0
42303,0
42304,0
42305,1
42306,0
42307,1
42309,0
42310,0
42312,0
42313,0
42314,0
42315,1
42316,0
42317,0
42318,0
42319,0
42320,0
42321,0
42322,2
42324,0
42325,0
42326,0
42329,2
42330,0
42331,0
42332,0
42333,0
42334,0
42335,0
42336,0
42337,0
42338,0
42339,0
42340,0
42341,2
42342,0
42343,0
42344,0
42345,0
42346,2
42348,1
42349,0
42350,0
42351,0
42352,0
42353,1
42354,0
42355,0
42356,1
42357,0
42358,0
42359,0
42360,0
42361,1
42362,0
42364,0
42365,0
42366,0
42367,1
42368,0
42369,0
42371,0
42372,2
42373,0
42374,1
42375,1
42376,0
42377,0
42378,0
42379,0
42380,2
42381,0
42382,0
42383,0
42386,0
42387,0
42388,2
42389,1
42390,1
42391,0
42392,0
42393,0
42394,0
42395,0
42396,0
42397,0
42398,0
42399,0
42400,1
42401,0
42402,0
42403,1
42404,0
42405,1
42406,0
42407,0
42408,0
42409,1
42410,0
42411,0
42412,2
42413,0
42414,0
42416,0
42417,0
42418,0
42419,0
42420,0
42421,0
42422,1
42423,0
42425,0
42426,0
42427,0
42428,1
42429,0
42430,0
42432,0
42435,0
42436,0
42437,0
42438,0
42439,0
42440,0
42441,0
42443,0
42445,0
42446,0
42447,0
42448,1
42451,0
42453,0
42454,0
42455,1
42456,2
42459,0
42460,0
42461,1
42462,1
42463,1
42465,2
42466,0
42467,0
42468,1
42469,0
42470,1
42471,0
42472,0
42473,0
42474,0
42475,1
42476,0
42477,1
42478,0
42480,0
42481,0
42482,0
42483,0
42484,0
42485,0
42487,1
42488,0
42489,0
42490,1
42491,0
42493,0
42494,0
42495,0
42496,0
42497,0
42498,0
42499,2
42501,0
42502,0
42503,0
42504,0
42505,2
42506,0
42507,0
42508,0
42509,0
42510,2
42511,0
42512,0
42513,0
42515,0
42516,0
42517,0
42518,0
42519,0
42520,0
42521,0
42522,0
42523,0
42524,0
42525,0
42527,0
42528,2
42529,2
42530,0
42531,0
42532,0
42533,0
42534,2
42535,0
42536,0
42537,2
42538,0
42539,0
42540,2
42541,0
42542,0
42543,2
42544,2
42545,0
42546,0
42547,0
42548,0
42549,0
42550,1
42551,0
42552,0
42553,0
42554,0
42555,2
42556,0
42557,0
42558,0
42559,0
42560,0
42561,0
42563,0
42564,0
42565,1
42566,0
42568,0
42569,2
42570,1
42571,0
42572,0
42573,0
42575,0
42576,0
42577,0
42578,0
42579,2
42580,0
42581,0
42582,0
42583,0
42584,0
42586,0
42588,2
42589,0
42590,0
42591,1
42592,2
42594,0
42595,0
42596,0
42597,0
42598,0
42599,1
42600,0
42601,0
42602,0
42603,0
42604,0
42605,0
42606,0
42607,0
42608,0
42609,0
42610,0
42612,2
42613,1
42614,2
42615,0
42616,0
42618,0
42619,0
42620,0
42623,0
42624,0
42625,0
42626,0
42627,0
42629,0
42630,0
42631,2
42632,0
42634,0
42635,1
42638,0
42639,0
42640,0
42643,1
42645,0
42646,0
42647,1
42648,0
42649,0
42650,1
42651,0
42652,0
42653,0
42655,0
42657,1
42658,0
42659,1
42660,0
42661,1
42662,1
42663,0
42664,0
42665,0
42666,0
42668,1
42669,0
42670,0
42671,0
42673,2
42674,0
42675,0
42676,0
42677,0
42678,2
42679,0
42680,1
42682,0
42683,2
42684,0
42686,0
42688,1
42689,0
42690,0
42691,0
42692,0
42693,0
42695,1
42696,0
42698,0
42699,0
42700,2
42701,0
42703,0
42704,1
42705,0
42706,0
42707,1
42708,0
42709,0
42710,0
42711,1
42713,1
42714,0
42715,1
42716,0
42717,0
42718,2
42719,0
42720,0
42723,0
42724,0
42726,0
42727,0
42728,0
42729,0
42730,0
42731,0
42732,0
42733,0
42734,0
42735,0
42736,0
42737,0
42738,0
42739,0
42740,0
42741,0
42742,0
42743,0
42744,0
42745,0
42748,0
42749,0
42750,0
42751,0
42752,0
42753,0
42754,0
42755,1
42756,2
42757,0
42759,0
42760,0
42761,0
42762,0
42763,0
42764,0
42765,0
42766,0
42767,0
42768,0
42769,0
42770,0
42771,1
42772,0
42773,0
42774,0
42775,0
42776,0
42777,0
42778,0
42779,0
42780,0
42781,0
42782,0
42783,0
42784,2
42785,0
42786,0
42787,1
42788,1
42789,0
42790,1
42791,0
42792,0
42794,0
42795,2
42796,1
42797,0
42798,0
42799,0
42801,2
42802,2
42803,0
42804,0
42806,0
42807,0
42808,0
42809,1
42810,0
42812,1
42813,1
42814,0
42816,0
42817,0
42818,0
42819,0
42820,0
42822,0
42823,0
42824,0
42825,0
42826,0
42827,0
42828,0
42829,0
42830,2
42831,2
42832,0
42833,0
42834,0
42835,0
42837,0
42839,1
42840,0
42842,0
42843,0
42844,0
42845,0
42846,0
42847,0
42848,0
42849,0
42851,0
42852,0
42854,0
42855,0
42856,0
42858,2
42860,0
42861,0
42862,2
42863,0
42864,2
42865,0
42866,0
42867,2
42868,0
42870,2
42872,0
42873,0
42875,0
42876,0
42877,0
42878,0
42879,0
42880,0
42881,1
42882,0
42883,0
42885,1
42886,0
42887,2
42888,1
42890,1
42891,1
42893,0
42894,0
42895,1
42897,0
42898,1
42899,2
42901,0
42902,0
42903,0
42904,1
42905,0
42906,2
42908,0
42909,0
42911,2
42912,0
42913,0
42914,0
42915,0
42916,1
42918,0
42919,1
42920,1
42921,1
42922,0
42924,0
42925,0
42928,0
42929,0
42930,0
42931,0
42932,1
42933,0
42934,0
42935,0
42936,0
42937,0
42938,0
42939,0
42940,2
42941,2
42942,2
42943,0
42944,2
42945,1
42947,0
42948,1
42949,2
42950,0
42951,0
42952,0
42953,1
42954,0
42956,0
42957,0
42958,0
42959,1
42960,0
42961,0
42962,0
42964,2
42965,0
42967,2
42968,0
42969,0
42970,1
42971,0
42972,0
42973,1
42974,0
42975,2
42976,1
42977,1
42978,1
42980,0
42981,0
42982,0
42983,1
42984,1
42985,0
42986,2
42987,0
42988,0
42989,0
42990,0
42992,1
42993,0
42994,1
42995,0
42996,0
42997,0
42998,0
42999,0
43000,1
43001,0
43002,0
43003,0
43004,0
43005,0
43006,0
43008,0
43009,1
43010,0
43011,0
43012,1
43014,0
43015,0
43016,0
43017,1
43018,0
43019,0
43020,1
43021,0
43023,0
43025,0
43026,1
43028,0
43029,0
43030,0
43031,0
43033,1
43034,2
43035,0
43037,0
43038,0
43039,1
43040,0
43041,0
43042,0
43043,0
43044,0
43046,0
43047,2
43048,0
43049,0
43050,0
43052,0
43053,0
43054,0
43055,1
43056,1
43057,0
43058,0
43060,0
43061,0
43063,0
43064,0
43065,1
43066,0
43067,0
43068,0
43069,0
43070,0
43071,0
43072,0
43073,0
43074,0
43075,0
43076,0
43077,0
43079,2
43080,0
43081,0
43082,0
43083,0
43084,0
43085,1
43086,0
43088,0
43089,0
43090,1
43091,0
43092,0
43093,0
43094,0
43095,0
43096,0
43097,2
43098,0
43099,0
43100,0
43101,0
43102,0
43103,0
43104,0
43105,0
43106,0
43107,0
43108,0
43109,0
43110,0
43111,0
43113,0
43115,0
43116,0
43117,0
43118,1
43119,1
43120,0
43121,0
43122,0
43124,0
43125,0
43126,0
43127,0
43128,2
43129,1
43130,1
43131,0
43132,0
43133,0
43134,0
43135,2
43136,2
43137,1
43139,1
43140,0
43142,0
43143,1
43144,0
43145,0
43147,0
43148,0
43149,1
43150,0
43151,0
43152,2
43153,0
43154,0
43157,0
43158,0
43159,0
43160,0
43161,0
43162,1
43163,0
43164,0
43165,0
43166,0
43167,0
43168,1
43169,0
43170,0
43171,0
43172,0
43173,2
43174,0
43175,0
43176,0
43177,2
43178,0
43179,0
43180,0
43181,0
43182,0
43184,0
43185,0
43186,0
43187,0
43188,0
43189,0
43190,0
43191,0
43192,0
43193,0
43194,0
43196,0
43197,0
43198,1
43199,0
43200,0
43202,0
43203,2
43204,1
43205,0
43206,1
43207,2
43208,0
43209,1
43210,0
43212,0
43213,0
43214,0
43215,0
43216,2
43217,2
43218,0
43219,0
43220,0
43221,0
43222,0
43223,0
43224,0
43225,0
43226,2
43227,0
43228,0
43229,0
43230,0
43231,0
43232,0
43234,0
43235,1
43236,0
43237,2
43238,1
43239,1
43240,0
43241,0
43242,0
43243,0
43244,2
43245,0
43246,0
43247,0
43248,0
43249,1
43250,0
43251,0
43252,0
43253,0
43255,0
43256,0
43257,1
43258,0
43259,0
43261,2
43262,1
43263,0
43265,0
43266,0
43267,0
43268,2
43269,0
43270,0
43271,0
43272,0
43273,0
43274,1
43275,0
43276,0
43277,0
43278,1
43279,1
43280,0
43281,0
43282,0
43283,1
43284,1
43285,0
43286,0
43287,0
43288,0
43289,1
43290,0
43291,1
43292,2
43293,0
43294,1
43295,0
43297,0
43298,2
43299,0
43300,1
43301,0
43302,1
43303,0
43304,0
43305,0
43306,0
43307,0
43308,0
43309,0
43310,0
43311,0
43312,0
43313,0
43316,0
43317,0
43319,0
43320,0
43321,2
43322,1
43323,0
43324,0
43325,0
43326,0
43327,0
43328,0
43329,0
43330,0
43332,0
43333,0
43334,1
43335,2
43336,0
43337,0
43339,0
43340,0
43341,0
43342,0
43343,0
43344,0
43345,0
43346,2
43347,2
43348,0
43350,0
43351,0
43352,1
43353,0
43354,0
43355,2
43356,0
43357,0
43358,2
43359,0
43360,0
43361,0
43362,0
43363,1
43364,0
43366,0
43368,0
43369,1
43370,0
43371,2
43372,0
43373,2
43375,0
43376,0
43377,0
43378,0
43381,0
43382,0
43383,0
43384,0
43385,0
43386,0
43389,0
43390,0
43391,1
43392,1
43393,1
43394,0
43395,1
43397,0
43398,0
43399,0
43400,1
43401,0
43402,0
43403,0
43404,0
43405,0
43406,0
43407,0
43408,0
43409,0
43410,1
43411,0
43412,0
43413,0
43414,0
43416,0
43417,1
43418,1
43419,0
43420,0
43421,0
43422,1
43423,0
43424,0
43425,0
43426,0
43427,0
43429,1
43430,0
43431,0
43432,0
43434,2
43435,1
43436,0
43437,0
43438,0
43439,1
43441,0
43442,0
43443,1
43444,0
43445,0
43447,0
43448,1
43449,0
43450,0
43451,0
43452,0
43453,0
43454,0
43455,0
43456,0
43457,0
43459,1
43460,2
43461,1
43462,1
43463,0
43464,0
43465,0
43466,0
43467,0
43468,0
43469,0
43472,0
43473,0
43474,0
43475,0
43476,0
43477,0
43478,0
43479,0
43480,0
43481,0
43482,1
43484,0
43485,0
43486,0
43487,0
43489,0
43490,0
43491,0
43492,0
43493,0
43494,0
43495,0
43497,0
43498,0
43500,0
43501,1
43503,0
43504,2
43505,0
43506,2
43507,0
43508,2
43509,0
43511,1
43512,0
43513,0
43514,1
43515,0
43516,1
43517,1
43519,0
43520,0
43521,0
43522,0
43523,2
43524,0
43525,1
43526,0
43528,1
43529,0
43530,0
43531,0
43532,0
43533,1
43534,0
43535,0
43536,2
43537,0
43538,2
43539,0
43540,1
43541,0
43542,0
43543,0
43545,2
43546,0
43547,0
43548,2
43549,0
43550,0
43551,2
43552,2
43553,1
43554,2
43555,0
43556,0
43557,0
43558,0
43559,0
43560,0
43561,0
43562,0
43563,0
43564,0
43565,0
43566,0
43568,0
43569,0
43570,1
43571,2
43572,0
43574,0
43575,0
43576,2
43577,0
43578,0
43579,0
43581,0
43582,0
43584,1
43585,0
43586,0
43587,0
43588,0
43589,2
43590,0
43591,1
43592,0
43593,0
43595,2
43596,0
43597,0
43598,0
43599,0
43600,0
43601,0
43602,0
43603,0
43604,0
43605,0
43606,0
43607,0
43608,1
43609,0
43610,0
43611,0
43612,0
43613,0
43615,0
43616,0
43617,0
43618,0
43619,0
43620,0
43621,0
43622,0
43623,0
43624,0
43625,1
43626,1
43627,0
43628,1
43629,2
43631,0
43632,0
43633,2
43634,1
43635,2
43636,0
43637,0
43638,0
43639,1
43640,0
43641,0
43643,1
43644,2
43645,0
43647,0
43648,0
43649,0
43650,0
43651,1
43652,0
43653,1
43654,0
43655,0
43656,0
43657,0
43658,0
43660,0
43661,0
43662,1
43663,0
43665,2
43666,0
43667,0
43669,0
43670,1
43671,0
43672,0
43673,1
43674,0
43675,0
43676,2
43677,0
43678,0
43679,0
43680,1
43681,0
43682,0
43683,1
43684,0
43686,0
43687,0
43688,0
43689,0
43690,0
43692,0
43693,0
43695,0
43696,0
43697,0
43698,2
43701,1
43702,0
43703,0
43704,0
43705,0
43706,0
43707,2
43708,0
43709,0
43711,0
43712,0
43713,0
43714,2
43715,0
43716,0
43717,0
43718,0
43719,0
43720,1
43721,0
43722,0
43723,0
43724,0
43725,0
43726,0
43727,0
43728,2
43729,1
43730,0
43731,0
43732,0
43733,1
43734,0
43735,0
43736,0
43737,0
43738,0
43739,0
43740,0
43741,0
43742,1
43743,2
43744,0
43746,0
43747,0
43748,0
43749,1
43750,0
43751,0
43752,0
43753,0
43755,2
43756,0
43757,0
43758,0
43760,1
43761,0
43762,0
43763,2
43764,2
43765,0
43766,0
43767,0
43768,0
43769,0
43770,0
43771,0
43773,0
43774,1
43776,1
43777,0
43778,0
43779,0
43780,0
43781,1
43782,1
43783,0
43784,1
43785,0
43786,0
43787,0
43788,0
43789,0
43791,0
43792,0
43793,1
43794,0
43795,0
43797,0
43798,0
43799,0
43800,0
43801,0
43802,0
43803,2
43804,0
43807,1
43808,0
43809,0
43810,1
43811,0
43813,1
43814,0
43815,1
43816,2
43817,0
43818,0
43819,0
43820,0
43821,1
43822,2
43823,2
43824,0
43825,0
43826,0
43827,0
43828,0
43829,0
43830,0
43831,0
43832,0
43833,0
43834,0
43835,0
43836,0
43838,0
43839,0
43840,0
43841,0
43842,1
43843,0
43844,0
43845,1
43846,0
43848,0
43849,0
43850,0
43851,0
43852,0
43853,0
43854,0
43855,0
43856,0
43858,0
43859,0
43860,0
43861,0
43862,0
43863,0
43864,1
43865,0
43866,2
43867,0
43868,0
43870,0
43871,0
43872,0
43874,0
43875,0
43876,0
43877,0
43878,0
43879,0
43880,0
43881,1
43882,0
43883,1
43885,0
43886,0
43887,0
43888,0
43889,1
43890,2
43892,1
43893,0
43894,0
43895,2
43896,0
43897,0
43899,0
43900,1
43902,0
43903,0
43904,0
43905,1
43906,0
43907,0
43908,0
43909,0
43910,0
43911,0
43912,0
43913,0
43914,0
43915,0
43917,0
43918,0
43920,2
43921,0
43922,2
43923,0
43924,0
43925,0
43926,0
43927,0
43928,0
43929,0
43931,0
43932,0
43933,0
43934,0
43935,1
43936,0
43937,0
43938,0
43940,0
43941,0
43942,0
43943,0
43944,0
43945,0
43946,0
43947,0
43948,0
43949,0
43950,0
43951,0
43952,1
43953,2
43954,0
43955,0
43956,0
43957,2
43958,0
43959,0
43960,2
43961,0
43962,0
43964,1
43965,0
43966,1
43967,2
43968,0
43969,0
43970,0
43971,0
43972,0
43973,0
43974,0
43976,1
43977,0
43978,0
43979,0
43980,0
43981,0
43982,0
43983,0
43984,0
43986,0
43987,0
43988,1
43989,1
43990,0
43991,2
43992,0
43993,0
43994,1
43995,2
43996,0
43997,1
43998,2
43999,0
44000,1
44001,0
44002,0
44005,0
44006,2
44007,0
44008,0
44009,0
44010,0
44011,1
44013,0
44014,0
44017,0
44018,1
44019,0
44021,0
44022,0
44023,0
44024,2
44026,2
44027,0
44028,1
44029,0
44030,0
44031,0
44032,0
44033,0
44034,0
44035,2
44036,0
44037,1
44038,0
44039,0
44040,0
44041,0
44042,0
44043,0
44044,0
44045,0
44046,0
44047,1
44049,1
44051,0
44052,1
44053,0
44054,0
44055,0
44056,0
44057,0
44058,0
44059,0
44060,0
44061,0
44062,0
44063,0
44064,0
44065,0
44066,0
44067,0
44068,0
44069,0
44070,0
44071,0
44072,0
44073,0
44074,2
44075,0
44076,0
44077,0
44078,0
44079,0
44080,0
44081,1
44082,0
44083,0
44084,2
44085,1
44086,2
44087,0
44088,0
44089,1
44090,1
44091,0
44092,1
44094,1
44095,0
44096,1
44097,0
44098,1
44099,1
44100,0
44101,1
44102,0
44103,0
44104,1
44106,0
44108,0
44109,1
44110,1
44111,0
44112,0
44113,1
44114,0
44115,2
44116,0
44117,1
44118,0
44120,0
44121,2
44122,0
44123,0
44124,0
44125,0
44126,0
44127,1
44128,0
44129,0
44130,0
44131,0
44132,0
44133,0
44134,0
44135,0
44136,1
44137,0
44138,1
44139,0
44140,0
44141,0
44142,0
44143,0
44144,0
44145,2
44146,0
44147,0
44148,0
44149,0
44150,0
44151,0
44152,0
44153,0
44154,0
44155,0
44156,0
44157,1
44158,0
44159,0
44160,0
44162,0
44163,0
44164,0
44165,0
44166,0
44168,0
44169,2
44171,0
44172,0
44174,0
44175,0
44176,2
44177,0
44178,0
44179,1
44180,0
44181,1
44182,0
44183,0
44184,0
44186,0
44187,0
44188,0
44189,2
44190,2
44193,0
44194,1
44195,0
44196,0
44197,0
44198,0
44200,0
44201,0
44202,0
44204,1
44205,0
44206,0
44207,0
44208,0
44209,0
44210,0
44211,0
44212,0
44213,0
44215,0
44216,0
44217,0
44218,0
44219,0
44220,0
44221,0
44222,0
44223,0
44224,0
44225,0
44226,0
44232,1
44233,0
44234,0
44235,0
44236,0
44238,0
44239,0
44240,1
44241,0
44242,0
44243,0
44244,0
44245,0
44246,0
44247,2
44248,0
44249,0
44250,0
44251,0
44252,2
44253,0
44254,0
44255,0
44256,0
44257,0
44259,2
44260,0
44261,0
44262,1
44263,0
44264,0
44265,0
44266,0
44267,0
44268,0
44269,0
44270,0
44271,2
44272,0
44273,0
44274,1
44275,0
44276,0
44277,1
44279,0
44280,0
44281,0
44282,0
44283,0
44284,1
44287,0
44288,0
44289,1
44290,1
44291,0
44292,1
44293,0
44294,0
44297,2
44298,0
44300,0
44301,0
44302,1
44303,0
44304,0
44305,0
44306,0
44308,0
44309,0
44310,0
44311,0
44313,0
44314,1
44315,2
44316,0
44317,0
44318,0
44319,0
44320,0
44321,2
44322,0
44323,0
44324,1
44325,0
44326,0
44327,0
44328,0
44330,2
44332,1
44333,0
44334,0
44336,0
44337,0
44338,0
44339,0
44340,0
44341,0
44342,0
44343,0
44344,0
44345,0
44346,0
44347,0
44348,1
44349,0
44350,2
44351,2
44354,0
44355,1
44356,0
44357,0
44358,0
44359,0
44360,0
44361,0
44362,2
44363,0
44364,0
44365,2
44366,0
44367,0
44368,2
44369,2
44370,1
44371,0
44372,0
44374,1
44375,2
44376,0
44377,0
44378,0
44379,0
44380,1
44381,0
44382,0
44383,0
44384,0
44385,2
44386,0
44387,1
44388,2
44389,0
44390,1
44392,0
44393,0
44395,0
44396,0
44397,0
44398,0
44399,2
44400,0
44401,0
44402,0
44403,0
44404,2
44405,0
44406,1
44407,0
44409,0
44410,1
44411,0
44412,0
44413,0
44414,0
44415,2
44416,0
44417,0
44418,0
44419,1
44420,2
44421,1
44422,1
44424,0
44425,1
44426,0
44427,0
44428,0
44429,0
44430,0
44431,2
44432,0
44433,1
44434,2
44436,0
44437,0
44438,0
44439,0
44440,0
44441,0
44442,2
44443,0
44444,0
44445,0
44446,0
44447,0
44448,0
44449,2
44450,0
44451,1
44452,0
44453,0
44454,0
44455,1
44456,1
44457,1
44458,0
44459,0
44460,1
44461,0
44462,0
44463,0
44464,0
44465,0
44466,0
44467,0
44469,0
44470,0
44471,0
44472,0
44473,0
44474,0
44475,0
44476,1
44477,0
44478,0
44479,0
44481,2
44482,0
44483,0
44484,0
44485,0
44486,0
44487,0
44488,0
44489,1
44491,0
44492,0
44493,0
44494,0
44495,0
44496,0
44497,2
44498,1
44499,0
44500,1
44501,0
44502,0
44503,0
44504,0
44505,1
44506,2
44508,0
44509,1
44510,0
44511,0
44512,0
44513,1
44514,0
44515,0
44516,0
44517,0
44519,0
44520,2
44521,0
44522,0
44523,0
44524,0
44525,0
44526,0
44527,0
44528,0
44529,0
44530,0
44531,0
44532,0
44533,1
44534,0
44535,0
44536,0
44538,0
44539,1
44540,0
44541,0
44542,0
44543,0
44544,0
44546,0
44547,0
44548,0
44549,0
44551,0
44552,2
44553,0
44554,1
44557,0
44558,0
44559,0
44560,0
44561,0
44562,0
44563,1
44564,2
44565,2
44566,0
44567,0
44568,0
44569,1
44570,2
44572,0
44573,0
44574,2
44575,1
44577,1
44578,0
44579,0
44580,2
44581,1
44582,0
44583,0
44584,0
44585,1
44586,0
44587,2
44588,0
44589,0
44590,0
44591,2
44592,1
44593,0
44594,0
44595,0
44596,0
44597,0
44598,1
44600,0
44601,2
44602,2
44603,2
44605,0
44606,0
44607,0
44608,0
44609,0
44610,0
44611,1
44612,0
44613,0
44614,0
44615,1
44616,2
44617,0
44618,0
44619,1
44620,0
44621,0
44622,0
44623,0
44625,0
44626,1
44627,0
44628,0
44629,0
44630,0
44631,0
44632,0
44633,1
44634,0
44635,0
44636,0
44637,2
44638,0
44639,0
44640,0
44642,0
44643,0
44644,1
44645,0
44646,1
44647,0
44648,0
44652,0
44653,0
44654,0
44655,0
44656,0
44657,0
44658,0
44659,0
44660,0
44661,0
44662,0
44663,1
44664,0
44667,0
44669,2
44670,0
44671,1
44672,0
44673,2
44674,1
44676,0
44678,0
44679,0
44680,1
44681,0
44682,2
44683,1
44684,0
44685,0
44686,0
44687,0
44688,0
44689,0
44690,0
44691,1
44692,0
44693,0
44694,0
44695,0
44696,1
44697,0
44699,0
44700,0
44701,0
44703,1
44704,0
44705,0
44706,0
44707,0
44708,0
44709,1
44710,0
44711,0
44712,0
44713,0
44715,1
44716,0
44717,0
44719,2
44720,0
44721,0
44723,2
44724,0
44725,1
44727,0
44728,1
44729,0
44730,0
44732,0
44733,0
44734,0
44735,2
44736,0
44737,0
44738,0
44739,2
44740,0
44741,0
44742,0
44743,0
44744,0
44745,0
44746,0
44748,0
44749,0
44750,0
44751,0
44752,0
44753,0
44755,0
44756,0
44758,0
44759,0
44760,0
44761,0
44762,0
44763,0
44764,1
44765,0
44766,1
44767,0
44768,0
44769,0
44771,0
44772,2
44773,0
44775,0
44776,0
44777,1
44779,0
44780,0
44781,0
44783,0
44784,1
44785,0
44786,0
44787,0
44788,0
44789,0
44791,2
44792,1
44793,0
44795,0
44796,0
44797,2
44798,0
44799,0
44800,0
44802,0
44803,0
44804,0
44805,1
44806,0
44807,0
44808,0
44809,1
44810,0
44811,0
44812,2
44813,0
44814,0
44815,0
44816,0
44817,0
44818,0
44819,0
44821,0
44822,0
44823,0
44824,0
44825,0
44826,0
44827,0
44828,1
44829,2
44830,1
44831,1
44832,0
44833,0
44834,1
44835,0
44836,0
44837,0
44838,2
44839,0
44840,2
44841,0
44843,0
44844,0
44845,0
44846,0
44847,0
44848,0
44849,1
44850,0
44851,1
44852,0
44853,0
44854,0
44855,0
44856,0
44857,0
44859,0
44860,0
44861,0
44862,0
44863,0
44864,0
44865,0
44866,0
44867,0
44868,0
44869,0
44870,1
44871,0
44872,2
44873,0
44875,0
44876,1
44877,0
44878,2
44879,1
44881,0
44882,0
44883,0
44884,0
44885,0
44886,0
44887,0
44889,0
44890,1
44891,0
44892,0
44893,0
44894,0
44895,0
44896,0
44897,0
44898,0
44899,0
44901,0
44904,1
44905,0
44906,0
44907,0
44908,2
44909,0
44910,0
44911,0
44912,0
44913,0
44915,0
44916,0
44917,0
44918,0
44919,0
44920,1
44921,0
44922,0
44923,0
44924,0
44925,0
44926,0
44927,1
44928,0
44929,0
44930,0
44931,0
44932,2
44933,2
44934,0
44935,0
44936,2
44937,0
44938,0
44939,1
44940,0
44942,0
44943,0
44944,0
44945,0
44946,0
44947,0
44948,0
44949,0
44950,0
44951,2
44952,0
44953,0
44954,0
44955,1
44956,0
44957,0
44958,0
44959,2
44960,0
44961,0
44962,1
44963,1
44964,0
44966,0
44967,0
44968,0
44969,1
44970,0
44971,0
44972,0
44973,2
44974,0
44975,0
44976,0
44977,0
44978,1
44979,0
44980,0
44981,2
44983,0
44984,0
44985,0
44986,0
44987,0
44988,0
44989,0
44991,0
44992,2
44993,0
44994,2
44995,0
44996,2
44997,1
44998,0
44999,1
45000,0
45001,0
45002,0
45003,0
45004,0
45005,2
45006,0
45008,0
45009,2
45010,1
45011,0
45013,0
45014,0
45015,2
45016,0
45017,0
45018,0
45019,2
45020,0
45021,0
45022,0
45023,0
45024,0
45025,0
45026,0
45027,0
45028,0
45029,0
45030,2
45031,0
45032,0
45033,0
45034,1
45035,0
45037,0
45038,1
45039,1
45040,0
45041,0
45042,1
45043,0
45044,0
45045,1
45046,0
45048,0
45049,0
45051,1
45052,0
45053,0
45054,2
45056,0
45057,0
45058,1
45059,0
45060,0
45061,0
45063,0
45065,0
45066,0
45067,0
45068,2
45070,1
45071,0
45072,2
45073,0
45074,0
45075,0
45076,1
45077,0
45078,0
45079,0
45080,2
45081,0
45082,0
45083,0
45084,0
45085,0
45086,0
45087,0
45088,0
45089,0
45090,0
45091,0
45092,0
45093,0
45094,1
45095,1
45096,0
45097,0
45098,0
45099,2
45100,2
45102,0
45103,0
45104,1
45105,0
45106,0
45107,1
45108,0
45109,0
45110,0
45111,0
45112,0
45113,0
45114,0
45115,0
45116,0
45117,0
45118,0
45119,0
45120,0
45123,0
45124,0
45125,0
45126,1
45127,0
45128,0
45129,2
45130,0
45131,1
45132,0
45133,0
45134,0
45135,1
45136,2
45137,0
45138,1
45139,0
45140,0
45141,0
45142,0
45143,0
45144,0
45145,0
45146,0
45149,1
45150,0
45151,2
45152,0
45153,1
45154,0
45155,1
45156,0
45157,0
45159,0
45160,0
45161,0
45162,0
45163,0
45164,0
45165,0
45168,0
45169,2
45170,0
45171,0
45172,0
45174,0
45175,0
45176,1
45177,0
45178,0
45179,0
45180,0
45181,1
45183,1
45184,1
45185,0
45186,1
45187,0
45188,0
45189,0
45190,0
45191,1
45192,0
45193,0
45194,0
45195,0
45196,0
45198,0
45199,0
45200,1
45201,0
45202,0
45204,0
45205,0
45206,0
45208,2
45209,0
45210,0
45211,1
45212,0
45213,0
45214,0
45215,0
45216,0
45217,0
45218,0
45219,0
45222,0
45223,0
45224,1
45225,0
45226,0
45227,0
45228,0
45229,2
45230,1
45231,0
45232,1
45233,2
45234,0
45236,0
45237,0
45239,0
45240,0
45241,2
45242,0
45243,0
45244,0
45245,1
45246,0
45247,0
45248,0
45249,0
45250,0
45251,0
45252,0
45253,2
45254,0
45255,1
45256,0
45257,1
45258,0
45259,0
45260,0
45261,0
45262,0
45263,1
45265,1
45266,2
45267,2
45268,0
45270,0
45271,0
45272,0
45274,0
45275,0
45276,0
45277,0
45278,0
45279,0
45280,0
45281,0
45282,0
45283,0
45284,0
45285,0
45287,0
45288,0
45289,1
45290,0
45291,0
45292,1
45293,0
45294,0
45295,0
45296,0
45297,1
45298,0
45299,0
45301,0
45303,0
45304,0
45305,0
45306,0
45307,0
45308,0
45309,0
45310,0
45311,0
45312,0
45313,2
45314,0
45316,0
45317,0
45318,1
45319,2
45320,0
45321,0
45322,2
45323,2
45324,0
45325,0
45328,0
45329,1
45330,1
45331,0
45332,0
45333,1
45334,0
45335,0
45337,0
45338,0
45340,0
45341,0
45342,0
45343,0
45344,0
45345,1
45346,0
45347,0
45348,0
45349,1
45350,0
45351,0
45352,0
45353,0
45354,0
45355,1
45357,1
45358,0
45359,0
45360,1
45361,0
45362,0
45364,0
45366,0
45368,0
45369,0
45370,0
45371,0
45372,0
45373,1
45374,1
45375,0
45376,0
45377,2
45378,0
45379,0
45380,0
45381,0
45382,1
45383,0
45385,1
45386,0
45387,2
45388,0
45389,0
45390,0
45391,2
45392,0
45393,0
45395,0
45396,1
45397,0
45398,2
45399,1
45400,1
45401,2
45403,0
45404,0
45405,0
45408,0
45410,0
45411,0
45412,0
45413,0
45414,0
45415,0
45416,0
45417,0
45418,1
45419,2
45421,0
45422,0
45423,0
45424,2
45425,1
45426,0
45427,0
45428,0
45429,2
45430,0
45431,1
45432,0
45433,0
45434,0
45435,0
45436,2
45437,0
45438,0
45439,0
45440,0
45441,0
45442,2
45443,0
45444,1
45445,1
45446,0
45447,0
45448,0
45449,0
45450,0
45451,0
45452,1
45453,0
45454,0
45455,0
45456,0
45457,0
45458,1
45459,1
45460,2
45461,0
45462,0
45463,1
45464,0
45465,0
45466,0
45467,0
45468,0
45469,0
45470,0
45471,1
45472,0
45474,2
45475,0
45476,0
45477,0
45478,0
45479,0
45480,0
45481,0
45482,0
45483,0
45484,0
45485,0
45486,0
45487,0
45488,0
45489,0
45490,0
45491,0
45492,2
45493,0
45494,0
45495,0
45496,0
45497,0
45498,0
45499,0
45500,0
45502,1
45503,2
45504,2
45506,1
45508,0
45511,0
45512,0
45514,0
45516,1
45520,1
45521,0
45522,0
45523,0
45524,0
45525,0
45526,0
45527,0
45529,2
45530,2
45531,0
45532,0
45533,2
45534,0
45535,0
45536,2
45537,1
45538,0
45539,0
45540,1
45541,0
45542,0
45543,0
45544,1
45545,0
45546,0
45547,0
45548,2
45549,0
45550,0
45551,0
45552,0
45553,0
45554,0
45555,0
45556,2
45557,0
45558,0
45559,0
45560,0
45561,0
45562,0
45563,0
45564,0
45565,1
45566,0
45567,0
45568,0
45569,0
45570,0
45571,0
45573,0
45574,1
45575,0
45576,2
45577,0
45578,0
45580,0
45581,0
45582,0
45583,0
45585,0
45586,0
45587,0
45588,0
45589,0
45590,0
45592,0
45593,1
45595,0
45596,1
45599,0
45600,2
45601,0
45602,0
45603,1
45604,2
45605,0
45606,0
45607,0
45608,0
45609,1
45611,1
45613,0
45614,0
45615,0
45616,2
45618,0
45619,1
45620,0
45621,0
45622,0
45623,0
45624,1
45626,1
45627,0
45628,1
45630,1
45631,0
45632,2
45633,0
45634,0
45635,0
45636,1
45639,0
45640,0
45641,0
45642,0
45643,0
45644,0
45645,0
45646,0
45647,0
45648,2
45649,1
45650,0
45651,0
45652,0
45653,0
45655,0
45657,0
45658,1
45660,2
45661,0
45662,0
45663,0
45665,0
45666,0
45667,0
45668,0
45669,0
45670,0
45671,1
45672,0
45673,0
45674,0
45675,0
45676,1
45677,0
45678,0
45680,1
45681,0
45682,2
45683,2
45684,0
45685,0
45687,2
45691,0
45692,0
45694,1
45695,1
45696,0
45697,0
45698,2
45699,0
45700,0
45701,0
45702,0
45703,0
45704,1
45705,2
45706,0
45707,1
45708,0
45709,0
45710,0
45711,0
45712,0
45713,0
45714,0
45715,0
45716,0
45717,0
45718,0
45719,0
45720,0
45722,1
45723,2
45724,0
45725,1
45726,2
45727,0
45728,0
45729,0
45730,0
45731,0
45732,0
45733,0
45734,0
45735,0
45736,1
45738,0
45739,0
45740,0
45741,0
45742,0
45743,0
45744,0
45746,0
45748,0
45749,0
45751,0
45752,1
45754,0
45755,0
45757,0
45758,0
45760,0
45761,2
45762,0
45763,1
45764,0
45765,0
45766,0
45767,0
45768,0
45769,2
45770,0
45771,0
45772,0
45775,1
45776,1
45777,0
45778,1
45779,1
45780,0
45781,0
45782,1
45783,1
45784,1
45785,1
45786,0
45787,0
45788,0
45789,0
45790,0
45791,0
45792,0
45793,1
45794,2
45795,0
45797,0
45798,0
45799,0
45800,0
45801,0
45802,0
45803,0
45804,0
45805,2
45806,0
45807,0
45808,0
45810,0
45811,0
45812,1
45813,0
45814,0
45815,0
45816,0
45817,0
45818,0
45819,0
45820,0
45821,0
45822,0
45823,2
45824,0
45825,2
45826,2
45827,0
45828,0
45829,2
45831,0
45832,0
45833,2
45834,1
45835,0
45836,0
45837,0
45839,0
45840,1
45841,0
45842,0
45844,0
45845,0
45846,0
45847,0
45848,0
45849,0
45850,0
45851,0
45852,0
45853,0
45854,0
45855,0
45856,0
45858,0
45859,0
45860,2
45861,2
45862,0
45863,0
45864,0
45865,1
45866,0
45867,0
45868,0
45869,0
45871,0
45872,0
45873,0
45874,1
45875,0
45876,0
45877,0
45878,2
45879,0
45880,0
45881,0
45882,0
45883,0
45884,0
45885,0
45886,0
45887,0
45888,0
45889,0
45890,0
45891,0
45892,0
45893,1
45894,0
45895,0
45896,0
45897,0
45898,0
45899,1
45900,2
45902,0
45903,0
45904,0
45905,1
45906,0
45907,0
45908,0
45909,0
45910,1
45911,0
45912,2
45913,0
45914,0
45915,0
45916,1
45918,0
45919,0
45920,0
45921,0
45922,0
45923,0
45924,0
45925,0
45926,1
45927,0
45928,0
45929,0
45930,0
45931,0
45932,2
45933,0
45934,0
45935,0
45936,0
45938,0
45939,0
45940,0
45941,0
45942,2
45943,1
45944,0
45945,2
45947,0
45948,2
45949,0
45950,0
45951,0
45952,2
45953,1
45954,2
45955,0
45956,2
45957,0
45958,1
45959,0
45960,0
45961,0
45963,0
45964,0
45965,1
45966,0
45967,0
45968,0
45969,0
45970,1
45971,0
45972,0
45973,0
45974,1
45975,0
45976,0
45977,0
45978,1
45979,0
45980,0
45981,0
45982,0
45983,1
45984,0
45986,0
45987,0
45988,0
45989,0
45990,1
45991,1
45992,0
45994,1
45995,0
45996,0
45998,0
45999,0
46000,0
46001,0
46002,0
46003,2
46004,0
46005,0
46006,0
46007,0
46009,0
46010,0
46011,1
46012,1
46013,0
46014,0
46015,0
46016,0
46017,0
46018,1
46019,2
46020,2
46021,2
46022,1
46023,0
46024,0
46026,2
46027,0
46028,0
46029,0
46030,1
46031,0
46032,0
46033,0
46034,2
46035,0
46036,2
46037,0
46038,0
46039,1
46040,0
46041,2
46042,0
46043,0
46044,0
46045,1
46046,0
46048,0
46049,0
46050,1
46051,0
46052,0
46053,0
46054,0
46055,0
46056,0
46057,1
46058,0
46060,0
46061,0
46062,0
46064,0
46065,0
46066,0
46067,0
46068,0
46070,2
46071,0
46072,0
46073,0
46074,0
46075,0
46076,0
46077,0
46078,0
46079,0
46080,0
46081,0
46082,0
46083,2
46084,0
46085,2
46086,0
46087,0
46088,0
46090,1
46091,0
46092,0
46093,0
46094,2
46096,0
46097,0
46098,0
46099,0
46100,0
46101,2
46104,1
46105,0
46106,0
46107,0
46108,0
46109,0
46110,1
46112,0
46114,0
46115,0
46116,0
46117,0
46119,0
46120,0
46121,0
46122,0
46123,0
46124,0
46125,0
46126,1
46127,0
46128,0
46129,0
46130,2
46131,0
46132,1
46133,0
46134,0
46135,0
46136,0
46137,0
46138,0
46139,1
46140,0
46141,1
46142,0
46143,0
46144,1
46145,0
46146,0
46147,0
46148,0
46149,0
46150,0
46151,0
46153,1
46154,0
46155,0
46156,0
46158,0
46159,2
46160,0
46161,1
46162,0
46163,0
46164,1
46165,0
46167,0
46168,0
46169,1
46170,0
46171,0
46172,0
46173,2
46174,0
46176,0
46177,0
46178,0
46179,0
46180,2
46181,1
46182,0
46183,0
46184,0
46185,0
46186,0
46187,0
46188,0
46189,0
46190,2
46191,0
46192,0
46193,0
46194,0
46196,2
46197,0
46198,0
46199,2
46200,1
46201,0
46202,0
46203,2
46204,0
46205,0
46206,1
46207,0
46208,0
46209,1
46210,0
46211,0
46212,0
46214,0
46215,0
46216,0
46217,1
46218,0
46219,0
46220,0
46221,0
46222,0
46223,0
46224,0
46225,0
46226,0
46227,0
46228,0
46229,0
46230,0
46231,0
46232,0
46234,0
46235,1
46236,0
46237,0
46238,0
46239,0
46241,2
46242,2
46243,0
46244,0
46245,1
46246,1
46247,0
46248,0
46249,2
46250,0
46251,0
46252,0
46254,1
46255,0
46257,0
46258,0
46259,0
46260,0
46261,2
46262,0
46263,0
46264,0
46265,0
46266,0
46268,2
46269,0
46270,0
46271,0
46272,0
46273,0
46274,0
46275,1
46276,0
46277,0
46278,0
46279,2
46280,0
46281,0
46282,0
46283,1
46284,0
46285,0
46286,0
46287,2
46288,0
46289,2
46290,0
46291,0
46293,1
46294,2
46295,1
46296,1
46297,0
46298,0
46299,0
46300,1
46301,0
46302,1
46303,0
46304,0
46305,0
46306,1
46307,0
46308,0
46309,0
46310,0
46311,0
46312,0
46313,0
46314,0
46315,2
46317,0
46318,0
46319,0
46320,0
46321,2
46322,1
46323,0
46324,0
46325,0
46326,0
46327,0
46329,0
46330,0
46331,0
46332,0
46333,0
46334,0
46335,0
46336,1
46337,2
46338,0
46339,1
46340,0
46341,0
46342,0
46343,1
46344,0
46345,0
46347,0
46348,0
46350,0
46351,1
46352,0
46354,0
46355,0
46356,1
46357,0
46358,0
46360,2
46361,0
46362,0
46363,0
46364,0
46365,0
46366,2
46367,0
46368,0
46369,1
46370,1
46371,0
46372,0
46373,0
46374,1
46375,0
46376,0
46377,0
46378,0
46379,0
46380,0
46382,0
46383,0
46384,0
46385,0
46386,0
46387,0
46388,0
46389,1
46390,0
46391,0
46392,0
46393,0
46395,1
46396,1
46397,1
46398,0
46399,0
46400,0
46401,0
46402,2
46404,2
46405,0
46406,0
46407,1
46408,0
46409,0
46410,0
46411,0
46412,0
46413,2
46414,0
46415,0
46416,0
46417,1
46418,1
46419,0
46420,0
46421,0
46422,0
46423,2
46425,0
46426,0
46427,0
46428,0
46429,0
46430,0
46431,0
46433,0
46434,2
46435,0
46436,1
46437,0
46438,0
46439,0
46440,0
46441,2
46442,0
46443,1
46444,0
46445,0
46446,0
46447,0
46448,0
46449,0
46450,0
46451,0
46452,0
46453,0
46454,0
46455,0
46457,1
46458,1
46459,0
46460,0
46461,0
46462,0
46463,2
46464,0
46465,0
46466,0
46467,0
46468,0
46469,0
46470,0
46471,0
46472,2
46473,0
46474,0
46475,0
46476,0
46477,0
46478,0
46479,0
46480,0
46481,1
46482,0
46483,0
46484,0
46485,0
46486,1
46487,1
46489,0
46490,0
46491,0
46492,0
46493,0
46494,0
46495,0
46496,2
46497,2
46498,0
46500,0
46501,1
46502,0
46504,0
46505,0
46506,0
46507,0
46508,0
46509,0
46510,1
46511,1
46512,0
46513,0
46514,2
46515,0
46516,0
46517,1
46518,0
46519,0
46520,0
46521,0
46522,0
46523,2
46524,0
46525,0
46526,1
46527,0
46528,0
46530,0
46531,0
46532,0
46533,0
46535,0
46536,0
46537,0
46538,1
46540,0
46541,0
46542,0
46543,0
46545,0
46546,0
46547,0
46550,2
46551,0
46553,0
46554,0
46555,0
46556,0
46557,0
46558,0
46559,0
46560,0
46561,2
46562,0
46563,0
46564,1
46565,0
46566,0
46567,0
46568,0
46569,1
46570,0
46571,0
46572,0
46573,1
46574,1
46575,1
46576,0
46577,0
46579,0
46580,0
46581,1
46582,0
46583,0
46584,0
46585,1
46586,2
46587,0
46588,0
46589,0
46590,1
46591,0
46592,1
46593,0
46594,0
46595,0
46596,0
46597,0
46598,2
46599,0
46600,2
46601,1
46602,0
46603,0
46604,0
46605,0
46606,0
46607,2
46609,0
46610,0
46611,1
46612,0
46613,0
46615,0
46616,2
46617,0
46618,0
46619,0
46622,2
46623,0
46624,0
46625,0
46626,0
46627,0
46628,0
46629,0
46630,1
46631,1
46632,0
46633,0
46634,0
46635,1
46636,2
46637,0
46638,0
46639,2
46640,0
46641,0
46642,0
46643,1
46644,0
46645,0
46646,0
46647,0
46649,1
46650,0
46651,0
46652,0
46653,1
46654,0
46655,0
46656,2
46657,2
46658,0
46659,2
46660,0
46661,0
46662,0
46663,0
46664,0
46665,0
46666,2
46667,0
46668,0
46669,1
46670,0
46671,0
46672,0
46674,1
46675,0
46676,0
46677,0
46678,0
46679,0
46680,0
46681,2
46682,0
46683,0
46684,1
46685,0
46686,0
46687,0
46688,0
46689,0
46690,0
46692,1
46693,0
46694,0
46695,0
46696,0
46697,0
46698,0
46699,0
46700,0
46701,2
46702,1
46703,0
46704,0
46705,0
46706,0
46708,0
46709,0
46710,0
46711,0
46712,0
46713,0
46714,0
46715,0
46717,0
46718,0
46719,0
46720,1
46721,0
46722,0
46723,1
46724,1
46725,0
46726,0
46727,0
46728,0
46729,0
46730,0
46731,0
46732,0
46734,0
46735,0
46736,0
46737,0
46738,0
46739,0
46740,0
46741,0
46742,0
46743,0
46744,0
46745,0
46746,0
46747,1
46748,1
46749,0
46750,0
46751,2
46753,0
46755,0
46756,0
46757,2
46758,0
46760,0
46761,0
46762,0
46764,1
46765,0
46767,0
46768,0
46769,1
46772,0
46773,1
46774,0
46776,0
46777,0
46778,0
46779,0
46780,0
46781,0
46782,0
46783,0
46784,0
46786,0
46787,0
46788,0
46790,0
46791,0
46792,0
46793,0
46794,0
46795,0
46796,1
46797,1
46798,0
46799,1
46800,2
46801,0
46802,0
46803,0
46804,1
46805,0
46806,0
46807,0
46808,0
46809,0
46810,0
46811,0
46812,0
46813,0
46815,0
46816,2
46817,0
46818,0
46819,0
46820,2
46821,2
46822,0
46823,0
46824,0
46825,1
46826,0
46827,0
46828,0
46829,0
46830,0
46832,0
46833,0
46834,0
46835,0
46836,0
46837,0
46838,0
46839,2
46840,0
46841,0
46842,1
46843,0
46844,0
46845,0
46846,0
46848,0
46849,0
46850,0
46851,0
46852,0
46853,0
46854,1
46856,0
46857,0
46858,0
46860,1
46861,0
46862,0
46863,0
46864,0
46865,0
46866,1
46867,0
46868,0
46869,0
46871,0
46872,0
46873,2
46874,0
46876,1
46878,0
46879,2
46880,2
46881,0
46882,0
46883,0
46884,1
46885,1
46886,0
46887,0
46889,0
46890,0
46892,0
46893,1
46894,0
46895,0
46896,0
46897,0
46898,1
46899,0
46901,0
46902,2
46903,2
46904,0
46905,1
46906,0
46907,1
46908,0
46909,0
46910,0
46911,0
46912,0
46913,0
46914,1
46915,1
46916,0
46917,0
46918,0
46920,0
46921,1
46922,0
46923,1
46924,0
46925,0
46926,0
46927,1
46928,0
46929,0
46930,0
46931,0
46932,0
46933,0
46934,0
46935,1
46936,0
46937,0
46938,0
46939,0
46941,2
46942,1
46943,0
46944,0
46945,0
46946,0
46947,0
46948,0
46950,1
46951,0
46952,1
46953,0
46954,0
46955,0
46956,1
46957,0
46958,0
46959,1
46960,1
46961,0
46962,0
46963,0
46964,2
46965,0
46967,2
46968,0
46969,0
46970,0
46971,0
46973,0
46975,0
46976,0
46977,0
46978,0
46980,0
46981,0
46982,0
46983,0
46984,0
46985,0
46986,2
46987,0
46988,0
46989,0
46990,0
46991,1
46992,0
46994,0
46995,0
46996,0
46997,0
46998,0
46999,0
47000,2
47001,0
47002,0
47003,0
47004,0
47005,1
47006,0
47007,0
47008,0
47009,0
47010,0
47011,0
47012,0
47013,1
47014,0
47016,0
47017,1
47018,0
47019,0
47020,1
47021,0
47022,0
47023,2
47024,0
47025,2
47026,1
47027,0
47028,0
47029,0
47030,0
47031,0
47032,2
47033,0
47034,0
47035,0
47036,0
47037,0
47038,0
47039,0
47040,0
47041,0
47042,1
47043,0
47044,1
47045,0
47046,1
47047,2
47048,0
47049,0
47050,1
47051,0
47052,0
47053,2
47054,2
47055,0
47056,0
47057,0
47058,1
47059,2
47060,0
47061,0
47062,0
47063,1
47064,0
47065,0
47067,0
47068,0
47070,0
47071,1
47072,0
47073,0
47074,0
47075,0
47076,1
47077,0
47078,2
47079,0
47080,0
47081,0
47082,0
47083,1
47084,0
47087,2
47088,0
47089,0
47090,1
47091,0
47092,0
47093,0
47094,0
47095,0
47096,1
47097,0
47098,0
47099,0
47100,1
47101,2
47102,0
47103,0
47104,0
47105,1
47106,0
47107,0
47108,0
47109,0
47111,2
47112,0
47113,0
47114,2
47115,0
47116,0
47117,0
47118,0
47119,0
47120,0
47121,0
47122,0
47123,0
47124,0
47125,0
47126,0
47127,0
47128,0
47129,0
47130,0
47131,1
47132,1
47133,0
47134,0
47135,0
47137,1
47138,1
47139,0
47140,0
47141,0
47142,0
47143,0
47144,1
47145,0
47146,0
47147,0
47148,0
47149,2
47150,0
47151,0
47152,0
47153,0
47154,0
47155,0
47156,0
47157,1
47158,0
47159,0
47160,0
47161,0
47162,0
47163,0
47164,0
47165,2
47166,0
47167,0
47168,1
47171,0
47172,0
47173,0
47174,0
47175,0
47176,1
47177,2
47178,1
47179,0
47181,2
47182,0
47183,0
47184,0
47185,0
47186,0
47187,0
47188,0
47189,0
47190,0
47191,2
47192,0
47193,0
47194,0
47195,1
47196,0
47198,0
47199,0
47200,0
47201,0
47202,0
47203,0
47204,0
47205,0
47207,0
47208,0
47209,1
47210,0
47211,1
47212,0
47213,0
47214,0
47215,0
47216,0
47217,0
47218,0
47219,0
47220,0
47221,0
47222,0
47224,1
47225,0
47226,1
47227,0
47228,0
47229,0
47233,0
47234,0
47235,1
47236,0
47237,0
47238,0
47239,0
47240,0
47241,0
47242,0
47243,0
47244,0
47245,0
47248,0
47249,0
47250,0
47251,0
47252,0
47253,0
47254,0
47256,0
47257,0
47259,0
47260,0
47261,0
47262,0
47263,2
47264,0
47265,0
47266,0
47267,0
47268,0
47269,0
47270,0
47272,0
47273,0
47274,0
47275,0
47276,0
47279,0
47280,0
47281,0
47282,1
47284,0
47285,1
47286,0
47287,0
47290,0
47291,0
47292,0
47293,2
47294,0
47296,1
47298,0
47299,1
47301,1
47302,2
47303,0
47304,0
47305,2
47306,0
47307,0
47308,0
47309,0
47311,1
47312,0
47313,0
47314,1
47315,0
47316,0
47317,0
47318,0
47320,0
47321,0
47322,1
47323,0
47324,0
47325,0
47326,0
47327,0
47328,0
47329,0
47330,0
47332,0
47333,0
47334,0
47335,0
47336,0
47337,0
47338,0
47339,0
47340,0
47341,0
47342,0
47343,0
47344,0
47345,1
47346,0
47347,2
47348,1
47349,1
47350,0
47351,0
47352,2
47353,0
47354,0
47355,1
47356,0
47357,0
47358,0
47359,1
47360,0
47361,1
47362,0
47363,0
47364,0
47365,0
47366,2
47367,0
47368,0
47369,0
47370,1
47371,0
47372,0
47373,0
47374,0
47375,1
47376,0
47377,0
47378,1
47379,0
47380,0
47381,0
47382,0
47383,0
47384,0
47385,2
47387,0
47388,1
47389,0
47390,1
47391,0
47392,0
47393,1
47394,0
47395,0
47396,0
47397,0
47398,0
47399,0
47400,0
47401,0
47402,0
47403,0
47404,0
47405,2
47406,0
47407,0
47408,0
47409,2
47411,0
47412,1
47413,0
47416,2
47417,0
47418,0
47419,0
47421,0
47422,0
47423,0
47424,0
47425,0
47426,0
47427,0
47428,0
47429,0
47430,0
47431,0
47432,1
47433,2
47434,0
47435,0
47436,2
47437,1
47438,0
47439,0
47440,0
47441,0
47442,0
47444,1
47446,0
47447,0
47448,0
47449,0
47450,0
47451,0
47452,0
47453,1
47456,0
47457,0
47458,1
47459,2
47460,0
47461,0
47462,0
47463,0
47464,0
47465,0
47466,0
47467,0
47468,0
47469,0
47470,0
47471,0
47472,0
47474,2
47475,0
47476,0
47477,0
47478,0
47479,1
47480,2
47481,0
47482,0
47483,0
47484,0
47485,0
47486,0
47487,1
47488,0
47490,0
47491,0
47492,0
47494,0
47495,0
47496,0
47497,0
47498,0
47499,0
47500,2
47501,0
47502,0
47503,0
47504,0
47505,2
47507,1
47508,0
47510,0
47511,1
47512,0
47513,0
47514,2
47515,0
47516,0
47517,1
47518,0
47519,0
47520,0
47521,0
47522,0
47523,2
47525,0
47526,2
47527,0
47528,1
47529,1
47530,0
47531,0
47533,0
47534,0
47535,0
47536,0
47537,1
47538,0
47540,0
47542,1
47543,0
47544,0
47545,2
47546,0
47547,0
47548,2
47549,0
47550,0
47551,0
47552,0
47553,0
47554,0
47556,0
47557,0
47558,1
47559,0
47560,2
47561,1
47562,1
47563,0
47564,0
47565,0
47566,0
47568,0
47569,0
47570,0
47571,0
47572,0
47573,0
47574,0
47575,0
47576,2
47578,0
47579,0
47580,0
47581,0
47582,2
47583,0
47584,0
47586,0
47587,0
47588,0
47589,1
47590,0
47591,0
47592,0
47593,1
47595,0
47596,0
47597,0
47598,0
47599,0
47600,0
47601,1
47602,0
47603,0
47604,0
47605,0
47606,0
47607,0
47608,0
47609,0
47610,0
47611,0
47612,0
47613,1
47614,0
47615,0
47616,2
47617,0
47618,0
47619,0
47620,0
47621,0
47622,0
47623,0
47624,0
47625,0
47626,0
47627,0
47628,0
47629,1
47630,0
47632,0
47634,0
47635,0
47636,0
47637,0
47638,1
47639,0
47641,0
47642,0
47643,0
47644,0
47645,0
47647,0
47649,0
47650,1
47651,0
47652,0
47653,0
47654,0
47655,0
47656,0
47657,0
47658,0
47659,0
47660,2
47661,0
47662,1
47663,1
47664,0
47665,0
47666,0
47667,1
47668,0
47669,0
47670,0
47672,0
47673,0
47674,0
47675,0
47681,0
47682,1
47683,0
47684,0
47685,1
47686,0
47687,0
47688,0
47689,1
47690,0
47691,0
47692,0
47693,0
47694,0
47695,0
47696,0
47697,0
47698,1
47699,0
47700,2
47701,0
47703,2
47704,0
47705,0
47706,1
47707,0
47708,0
47709,2
47710,0
47711,0
47712,1
47713,0
47716,2
47717,0
47718,1
47719,0
47720,0
47721,0
47722,0
47725,0
47726,0
47727,0
47728,1
47729,0
47730,0
47731,0
47732,0
47733,0
47734,1
47735,0
47736,0
47737,1
47738,1
47739,0
47741,0
47742,2
47743,1
47744,0
47745,0
47746,0
47747,0
47748,0
47749,0
47750,0
47751,2
47752,0
47753,1
47754,0
47755,0
47756,0
47757,1
47758,1
47759,1
47760,0
47761,2
47762,0
47763,0
47764,2
47765,0
47766,0
47767,0
47768,0
47769,1
47770,0
47771,0
47773,0
47774,0
47775,0
47776,0
47777,0
47778,1
47779,0
47780,0
47781,1
47782,0
47783,0
47784,1
47785,0
47786,1
47787,0
47788,1
47789,0
47790,0
47791,0
47792,0
47793,0
47794,0
47795,0
47796,0
47797,0
47798,0
47799,0
47800,1
47801,2
47802,1
47803,0
47804,0
47805,2
47806,0
47807,0
47808,0
47809,0
47810,0
47811,0
47812,0
47813,0
47814,0
47815,0
47816,0
47817,0
47820,0
47821,1
47824,0
47825,1
47827,1
47828,0
47829,1
47830,0
47831,1
47832,0
47833,0
47834,0
47836,1
47837,0
47838,0
47839,0
47840,1
47841,0
47842,0
47843,0
47844,0
47846,2
47847,0
47848,0
47849,0
47850,0
47851,1
47852,2
47853,0
47855,0
47856,0
47857,1
47859,0
47860,0
47861,0
47862,1
47863,0
47864,0
47865,0
47866,0
47867,0
47868,0
47869,0
47870,2
47871,0
47872,1
47873,0
47874,0
47875,0
47876,0
47877,0
47878,0
47879,0
47881,0
47883,0
47884,0
47885,0
47886,1
47887,0
47888,0
47889,1
47890,0
47891,0
47892,1
47893,0
47894,0
47895,0
47896,0
47897,0
47898,0
47899,0
47900,1
47901,0
47902,0
47903,0
47904,0
47906,1
47907,0
47909,2
47910,2
47911,0
47912,0
47913,0
47914,0
47915,1
47916,0
47917,0
47918,0
47919,0
47920,0
47921,0
47922,0
47923,0
47924,1
47925,0
47926,0
47927,0
47928,0
47929,0
47930,0
47931,0
47932,0
47933,0
47934,0
47935,0
47936,0
47937,0
47938,0
47939,0
47940,0
47941,1
47942,0
47943,0
47944,0
47945,0
47947,0
47948,0
47949,0
47950,0
47951,1
47952,0
47953,0
47954,0
47955,0
47956,0
47957,2
47958,0
47959,0
47960,0
47961,0
47962,0
47963,0
47964,0
47965,0
47966,1
47967,1
47968,0
47969,0
47970,0
47971,0
47972,0
47975,1
47976,0
47977,2
47978,0
47979,0
47981,0
47982,0
47983,0
47984,0
47985,0
47986,0
47987,0
47988,1
47989,0
47991,0
47993,0
47995,0
47996,0
47997,0
47998,0
47999,0
48000,0
48001,0
48002,0
48003,2
48005,1
48006,0
48007,0
48009,0
48010,1
48011,1
48012,0
48013,0
48014,1
48015,0
48016,0
48017,1
48018,0
48019,0
48020,0
48021,0
48022,0
48023,1
48024,0
48025,0
48026,0
48027,0
48028,0
48029,0
48031,0
48032,2
48033,0
48034,2
48035,0
48036,0
48037,0
48038,2
48039,0
48040,0
48041,2
48042,1
48043,0
48044,0
48045,0
48046,2
48047,0
48049,0
48050,0
48051,1
48052,0
48053,0
48054,0
48055,0
48056,1
48057,0
48058,0
48059,0
48060,0
48061,0
48062,0
48063,0
48064,1
48065,0
48066,0
48067,0
48068,0
48069,0
48070,0
48071,0
48072,0
48073,1
48074,0
48075,1
48076,0
48077,0
48078,0
48080,0
48081,0
48082,0
48084,0
48085,1
48086,0
48087,0
48088,0
48089,0
48090,2
48092,0
48093,0
48094,1
48095,2
48096,0
48097,0
48098,0
48099,0
48100,0
48101,0
48102,0
48103,2
48104,1
48105,0
48107,0
48108,0
48109,0
48110,0
48111,0
48112,0
48113,0
48114,0
48115,0
48116,0
48117,0
48118,0
48119,0
48122,0
48123,1
48125,0
48126,0
48127,0
48128,0
48129,0
48131,0
48132,2
48133,2
48134,1
48135,0
48136,0
48138,0
48140,1
48141,0
48142,2
48143,2
48145,1
48146,0
48148,0
48149,1
48150,0
48151,0
48152,0
48153,0
48154,0
48155,2
48156,0
48157,0
48158,0
48159,0
48160,0
48161,0
48162,0
48163,1
48164,0
48165,2
48166,0
48167,2
48168,1
48169,0
48170,0
48171,0
48172,1
48173,0
48174,2
48175,0
48177,0
48178,0
48179,0
48180,0
48181,0
48182,2
48183,0
48184,0
48185,1
48186,0
48188,1
48189,0
48191,0
48192,2
48193,0
48194,0
48195,0
48196,1
48197,0
48198,0
48199,0
48200,0
48201,0
48202,0
48203,0
48204,0
48205,1
48206,0
48207,0
48208,0
48209,0
48210,1
48211,0
48212,0
48213,1
48214,0
48215,0
48216,1
48217,0
48218,2
48219,0
48221,1
48222,0
48224,0
48226,0
48227,0
48228,0
48229,0
48230,0
48231,0
48232,0
48234,0
48236,0
48237,2
48238,0
48239,1
48240,0
48242,0
48243,0
48244,0
48245,0
48246,0
48248,0
48249,0
48250,0
48251,1
48252,2
48253,2
48254,0
48255,0
48256,0
48257,0
48258,0
48259,1
48261,0
48263,1
48264,0
48265,0
48267,0
48269,0
48270,0
48271,0
48272,0
48273,1
48274,0
48276,1
48277,0
48278,0
48279,2
48280,0
48281,2
48282,0
48283,0
48284,0
48285,0
48286,2
48287,0
48288,0
48290,0
48291,0
48292,1
48293,0
48294,0
48295,0
48296,0
48297,0
48299,0
48300,1
48301,0
48302,0
48303,0
48304,1
48305,0
48306,0
48307,1
48308,1
48309,0
48310,0
48311,0
48312,0
48313,0
48314,0
48315,0
48316,0
48317,0
48318,0
48319,0
48320,0
48321,0
48322,1
48323,1
48324,1
48325,0
48326,0
48327,0
48328,1
48329,1
48331,0
48332,0
48333,0
48334,0
48336,0
48338,0
48339,0
48340,0
48341,0
48342,0
48344,0
48345,0
48346,0
48347,0
48348,0
48349,0
48350,1
48351,0
48352,0
48353,0
48354,0
48355,0
48357,0
48358,1
48359,0
48360,0
48361,0
48362,0
48364,0
48365,1
48366,1
48368,1
48369,1
48371,0
48373,0
48375,1
48377,0
48378,0
48380,1
48381,0
48382,1
48383,0
48384,1
48385,1
48386,0
48387,1
48388,0
48389,0
48390,0
48392,0
48393,0
48394,1
48395,0
48396,0
48397,2
48398,0
48401,0
48402,0
48403,1
48405,0
48406,0
48408,0
48409,2
48410,0
48411,0
48412,0
48413,0
48414,0
48415,0
48416,0
48417,0
48419,0
48420,0
48422,0
48424,0
48425,0
48427,0
48428,0
48430,0
48432,0
48433,0
48434,0
48435,1
48436,1
48437,0
48438,0
48439,0
48441,0
48442,0
48444,0
48445,0
48446,1
48447,0
48448,0
48449,0
48450,0
48451,0
48452,0
48453,0
48454,0
48455,0
48456,0
48457,0
48458,0
48459,0
48460,0
48461,1
48462,1
48463,0
48464,0
48465,0
48466,0
48467,0
48468,0
48469,0
48470,0
48471,0
48472,0
48473,1
48474,0
48475,0
48476,1
48477,0
48478,0
48479,1
48480,1
48481,0
48482,2
48483,0
48484,1
48485,0
48486,1
48487,1
48488,0
48489,0
48490,0
48491,2
48492,0
48493,0
48494,0
48495,0
48496,0
48497,0
48498,0
48499,0
48500,0
48501,0
48502,0
48503,0
48504,0
48505,0
48506,2
48507,0
48510,2
48511,2
48512,0
48513,0
48514,2
48515,0
48516,0
48517,0
48518,0
48519,0
48520,0
48521,0
48522,1
48523,0
48524,0
48525,0
48526,0
48527,0
48528,0
48529,0
48530,0
48531,1
48532,1
48533,0
48534,0
48535,0
48536,1
48537,0
48538,0
48539,0
48540,0
48541,0
48542,0
48543,2
48544,0
48545,0
48546,0
48547,0
48548,0
48549,0
48550,0
48551,1
48552,0
48553,0
48555,1
48556,0
48557,0
48558,0
48559,2
48560,0
48561,0
48562,2
48563,0
48564,0
48565,0
48566,0
48567,0
48568,0
48569,0
48570,0
48572,0
48575,0
48576,0
48577,0
48578,0
48579,0
48581,0
48582,0
48583,0
48584,0
48585,0
48586,0
48587,0
48588,0
48589,0
48590,0
48591,0
48592,0
48593,0
48594,0
48596,0
48597,0
48598,0
48599,0
48600,0
48601,0
48602,0
48603,0
48604,1
48605,0
48606,2
48607,1
48608,0
48609,1
48610,0
48611,1
48612,0
48613,2
48614,0
48615,0
48616,0
48617,0
48619,0
48620,0
48621,0
48622,1
48623,1
48624,1
48625,0
48626,0
48627,0
48628,0
48629,0
48630,1
48631,1
48632,0
48634,0
48635,0
48637,1
48638,0
48639,0
48641,0
48642,0
48643,0
48644,0
48645,2
48646,1
48647,0
48648,0
48649,1
48651,0
48652,2
48653,2
48654,0
48655,2
48656,0
48657,0
48658,0
48659,0
48660,0
48661,0
48663,0
48664,0
48666,0
48667,0
48668,0
48669,1
48670,0
48671,0
48672,0
48676,0
48677,1
48678,0
48679,0
48681,0
48682,1
48683,1
48685,1
48686,0
48687,0
48688,1
48689,0
48690,0
48694,0
48695,0
48696,0
48697,0
48699,0
48700,0
48701,1
48702,0
48703,0
48704,0
48705,0
48706,0
48707,0
48708,0
48709,2
48710,1
48711,0
48712,0
48713,0
48715,0
48716,0
48718,0
48719,0
48720,1
48721,0
48722,0
48723,0
48724,0
48725,0
48726,0
48727,2
48728,0
48729,0
48730,0
48731,0
48732,0
48733,0
48734,0
48736,0
48737,2
48738,0
48739,0
48740,0
48742,0
48744,0
48745,0
48746,0
48747,0
48748,0
48749,1
48750,0
48752,0
48753,0
48754,0
48755,0
48756,0
48757,0
48758,0
48759,0
48760,0
48761,0
48762,0
48763,0
48765,0
48766,1
48767,0
48769,0
48770,0
48772,2
48773,2
48774,0
48775,0
48776,1
48777,0
48778,0
48779,0
48780,0
48781,0
48782,0
48783,2
48784,0
48785,0
48786,0
48787,0
48788,0
48789,1
48790,1
48791,0
48792,0
48794,2
48795,0
48796,0
48797,0
48798,0
48799,2
48801,0
48802,0
48803,1
48804,0
48805,0
48806,0
48807,1
48808,0
48809,0
48810,0
48811,0
48812,1
48813,1
48814,0
48815,0
48816,0
48817,0
48818,0
48819,0
48820,0
48821,2
48822,0
48823,0
48824,1
48825,0
48826,2
48827,0
48828,0
48829,2
48830,0
48831,1
48832,0
48833,2
48834,0
48835,0
48836,0
48837,0
48839,0
48841,0
48842,0
48843,0
48844,0
48845,0
48846,0
48847,0
48848,1
48849,0
48850,0
48851,1
48852,0
48853,0
48854,0
48855,0
48856,2
48857,0
48858,0
48859,0
48860,0
48861,1
48862,0
48863,0
48864,0
48865,0
48866,0
48867,0
48868,1
48869,1
48870,0
48871,0
48872,0
48873,0
48874,0
48875,2
48876,0
48877,0
48879,0
48880,0
48881,0
48882,1
48883,0
48884,0
48885,0
48886,0
48887,0
48889,1
48890,1
48891,0
48892,2
48893,0
48894,0
48895,1
48896,0
48897,0
48898,0
48899,0
48900,0
48901,1
48902,0
48903,0
48904,2
48905,0
48906,0
48907,0
48908,1
48909,0
48910,0
48911,0
48912,0
48913,1
48914,1
48915,0
48916,0
48917,1
48918,1
48919,1
48920,2
48921,0
48922,0
48923,0
48924,1
48925,1
48926,0
48927,0
48928,1
48930,1
48931,1
48932,0
48933,0
48934,0
48935,0
48936,1
48937,0
48938,0
48939,1
48940,0
48941,0
48942,0
48943,0
48944,0
48945,0
48946,0
48947,0
48948,0
48949,1
48950,2
48951,0
48953,0
48955,1
48956,0
48957,0
48958,0
48959,1
48960,0
48961,1
48962,0
48963,1
48964,0
48965,0
48966,1
48967,0
48968,0
48970,1
48972,0
48973,0
48974,1
48975,0
48976,0
48977,0
48979,0
48981,0
48983,0
48984,0
48985,1
48986,1
48987,0
48989,0
48990,0
48991,2
48992,0
48993,0
48994,0
48995,0
48996,1
48997,0
48998,0
48999,0
49000,0
49001,0
49002,0
49003,0
49004,1
49005,0
49006,0
49007,0
49008,0
49009,0
49010,0
49011,0
49012,1
49013,0
49014,0
49015,0
49017,0
49018,0
49019,0
49020,0
49021,0
49022,2
49023,0
49024,0
49025,0
49026,0
49027,0
49028,0
49029,0
49030,1
49031,0
49032,1
49033,0
49034,0
49035,0
49036,0
49037,0
49038,0
49039,0
49040,1
49042,1
49043,1
49045,0
49046,0
49047,0
49048,0
49050,0
49051,1
49052,0
49053,0
49054,0
49056,0
49057,0
49058,0
49059,2
49061,0
49062,0
49063,0
49064,0
49065,0
49066,2
49067,0
49068,0
49069,0
49070,0
49071,0
49072,0
49073,2
49074,0
49075,0
49076,2
49078,0
49080,2
49081,0
49082,0
49083,0
49084,0
49085,0
49086,0
49087,0
49088,1
49089,1
49090,0
49092,0
49093,0
49095,0
49096,0
49097,0
49099,0
49100,2
49101,1
49102,0
49103,0
49105,0
49106,0
49107,0
49109,0
49110,0
49111,0
49112,0
49113,0
49114,1
49115,0
49116,2
49117,0
49118,0
49119,0
49120,0
49121,0
49122,0
49123,0
49124,1
49125,0
49126,0
49127,0
49128,0
49130,1
49131,0
49133,0
49134,0
49135,0
49136,0
49137,0
49138,0
49140,0
49141,0
49142,0
49143,0
49144,2
49145,0
49146,0
49151,0
49152,2
49153,0
49154,0
49155,1
49156,0
49157,2
49158,0
49159,2
49160,0
49161,1
49162,0
49163,2
49164,0
49165,0
49166,0
49167,0
49168,0
49169,1
49170,0
49171,0
49172,0
49173,0
49174,0
49175,0
49176,0
49177,0
49178,0
49179,1
49180,0
49181,0
49182,0
49183,1
49184,0
49185,0
49187,0
49188,1
49189,1
49190,0
49191,0
49192,0
49193,0
49194,1
49195,0
49196,0
49197,0
49198,0
49199,0
49200,0
49201,0
49202,0
49203,1
49204,0
49205,0
49206,0
49207,0
49208,0
49209,0
49210,0
49211,1
49212,0
49213,0
49214,0
49216,0
49217,0
49218,0
49219,1
49222,2
49223,0
49224,0
49225,2
49227,0
49228,1
49229,0
49230,1
49231,0
49232,1
49233,0
49234,0
49236,0
49237,2
49238,0
49239,1
49240,0
49242,1
49243,1
49244,0
49245,0
49246,0
49247,1
49248,0
49249,0
49250,0
49251,0
49252,0
49253,0
49254,0
49255,0
49256,1
49257,0
49258,0
49259,0
49260,1
49261,0
49262,0
49263,0
49264,1
49265,0
49266,0
49267,0
49269,0
49270,0
49271,0
49272,0
49273,1
49274,0
49275,0
49276,0
49277,2
49279,2
49280,0
49281,1
49282,0
49283,0
49284,0
49285,0
49286,0
49288,0
49289,2
49290,0
49291,0
49292,0
49293,0
49294,0
49295,0
49296,0
49297,2
49299,0
49300,1
49301,2
49302,0
49303,1
49304,0
49305,0
49306,0
49308,0
49309,0
49310,0
49311,0
49312,0
49313,2
49314,0
49315,0
49316,0
49317,0
49318,0
49319,2
49320,0
49321,0
49322,0
49323,0
49324,0
49325,2
49328,0
49329,0
49330,1
49331,2
49332,0
49334,0
49335,0
49336,1
49337,0
49338,0
49339,0
49340,0
49341,0
49342,0
49343,0
49344,0
49345,0
49346,0
49347,1
49348,0
49349,0
49350,0
49351,0
49352,0
49353,0
49354,0
49355,0
49356,1
49357,1
49358,0
49359,0
49360,0
49361,0
49362,0
49363,0
49364,0
49365,0
49366,0
49367,0
49369,0
49370,0
49371,1
49373,0
49374,0
49375,0
49376,0
49377,0
49378,0
49379,0
49380,1
49381,0
49382,1
49383,0
49385,1
49386,2
49387,0
49388,0
49389,0
49390,0
49391,0
49392,2
49394,1
49395,1
49396,0
49397,0
49398,0
49399,2
49400,0
49401,0
49402,1
49403,0
49404,0
49405,0
49406,0
49407,0
49408,0
49409,0
49410,0
49411,2
49412,0
49413,2
49414,0
49415,1
49416,0
49417,0
49418,0
49419,0
49420,2
49421,0
49422,0
49423,0
49424,0
49425,2
49426,2
49427,0
49428,0
49429,0
49430,0
49431,0
49432,1
49434,1
49435,0
49436,0
49437,0
49438,0
49439,0
49440,0
49441,0
49442,0
49443,0
49444,1
49445,0
49447,0
49448,0
49449,2
49450,0
49451,0
49452,0
49453,1
49454,0
49456,0
49457,1
49458,0
49459,0
49460,0
49461,0
49462,0
49463,0
49464,0
49465,0
49466,0
49467,0
49468,0
49469,0
49470,0
49471,2
49472,0
49473,0
49474,0
49475,0
49476,0
49477,0
49478,2
49479,1
49480,0
49481,0
49482,0
49483,0
49484,0
49485,0
49486,2
49487,0
49488,0
49489,0
49490,0
49491,0
49492,0
49493,2
49494,1
49495,2
49497,0
49498,0
49499,2
49500,0
49501,2
49502,0
49503,0
49505,0
49506,0
49507,0
49509,0
49510,0
49511,0
49512,0
49513,0
49514,0
49515,0
49516,0
49517,1
49518,0
49519,0
49521,1
49522,1
49523,0
49526,0
49527,0
49528,0
49529,0
49530,0
49531,0
49533,0
49534,0
49535,0
49536,0
49537,0
49538,0
49539,0
49540,0
49541,0
49542,0
49543,0
49545,1
49546,0
49547,0
49548,0
49549,0
49550,0
49551,0
49552,0
49553,0
49554,0
49555,0
49556,1
49558,0
49559,0
49561,0
49562,0
49564,0
49565,1
49566,0
49567,0
49568,0
49569,0
49570,1
49571,0
49572,0
49573,0
49574,0
49575,0
49577,0
49578,0
49580,1
49581,0
49582,0
49583,0
49584,0
49586,0
49587,0
49588,1
49589,0
49590,0
49591,0
49592,0
49593,0
49594,1
49595,0
49596,0
49597,0
49598,0
49599,0
49600,0
49602,0
49603,0
49604,0
49605,0
49606,0
49607,0
49608,1
49609,1
49613,0
49614,1
49615,0
49616,0
49618,0
49619,0
49620,1
49621,0
49622,0
49624,0
49625,2
49626,0
49628,0
49629,2
49630,1
49631,0
49632,0
49633,0
49634,0
49635,0
49636,0
49637,1
49638,0
49639,1
49640,0
49641,0
49643,0
49644,0
49645,1
49646,0
49647,0
49648,2
49649,0
49650,2
49651,0
49652,0
49653,1
49654,0
49655,0
49656,0
49658,0
49659,0
49660,0
49661,2
49662,0
49663,0
49664,0
49665,0
49669,1
49670,0
49671,0
49672,0
49673,0
49674,0
49675,0
49676,1
49677,1
49678,0
49679,0
49680,0
49681,0
49683,0
49687,0
49688,0
49689,0
49690,1
49691,0
49692,1
49694,0
49695,0
49696,1
49697,0
49698,0
49699,0
49700,0
49701,1
49702,2
49704,1
49705,0
49706,1
49707,0
49708,1
49709,0
49710,0
49711,0
49712,1
49713,0
49714,0
49715,0
49716,0
49717,1
49718,0
49719,0
49720,0
49721,2
49722,0
49723,1
49724,0
49725,0
49726,2
49728,2
49729,1
49730,2
49731,0
49732,0
49734,0
49735,2
49736,0
49737,0
49738,0
49739,0
49741,1
49742,0
49743,1
49744,0
49745,0
49746,0
49747,0
49748,0
49750,2
49751,0
49752,0
49753,0
49754,0
49755,0
49756,0
49757,1
49759,0
49760,0
49761,0
49762,0
49763,0
49764,0
49766,0
49767,0
49769,1
49771,1
49773,0
49774,1
49775,0
49776,0
49777,0
49778,0
49779,0
49780,0
49781,0
49782,1
49783,0
49785,1
49786,0
49787,0
49788,0
49789,0
49790,1
49791,0
49792,0
49793,0
49794,0
49795,0
49796,0
49798,1
49800,1
49801,0
49802,0
49803,0
49804,0
49805,0
49806,0
49807,0
49808,0
49809,0
49810,2
49811,0
49812,0
49813,0
49814,0
49815,1
49816,0
49817,0
49819,0
49820,0
49821,0
49822,1
49823,0
49824,0
49825,0
49826,0
49827,0
49828,0
49830,0
49831,2
49833,1
49834,0
49835,0
49836,0
49837,1
49838,0
49839,0
49840,0
49841,1
49843,1
49844,1
49846,2
49847,1
49848,2
49849,0
49850,0
49851,0
49852,0
49853,0
49854,1
49855,0
49856,0
49857,0
49859,0
49860,0
49861,0
49862,0
49863,0
49864,0
49865,0
49866,0
49867,0
49868,0
49870,1
49871,0
49872,0
49873,0
49874,0
49875,0
49876,0
49877,0
49878,0
49879,0
49880,0
49881,1
49882,1
49883,0
49884,0
49886,0
49887,0
49888,1
49889,0
49890,0
49891,0
49892,0
49893,0
49894,0
49895,1
49896,0
49898,2
49899,1
49900,0
49901,0
49902,1
49903,0
49904,1
49905,0
49906,0
49907,0
49908,0
49909,1
49911,0
49912,0
49913,0
49914,0
49915,0
49916,1
49917,1
49918,0
49919,0
49920,1
49921,0
49922,0
49923,1
49925,0
49926,0
49928,0
49929,0
49930,0
49931,0
49932,0
49933,0
49934,0
49935,0
49936,0
49937,0
49938,0
49939,0
49940,0
49941,0
49942,1
49943,0
49944,1
49945,0
49946,0
49947,0
49948,1
49949,0
49950,0
49951,0
49952,1
49954,0
49955,0
49956,0
49958,0
49959,1
49960,0
49961,0
49962,0
49963,2
49964,2
49965,2
49966,0
49967,0
49968,0
49969,0
49970,1
49971,0
49972,0
49973,0
49976,1
49977,0
49978,0
49979,0
49980,2
49981,0
49982,0
49983,1
49984,0
49986,0
49987,0
49988,0
49989,0
49990,0
49992,0
49993,0
49994,1
49995,0
49996,2
49997,0
49998,0
49999,0
50000,0
