id_vuelo,probabilidad,demora
20651,0.33742537534423744,1
12042,0.41372971257990443,1
18669,0.20107865741119593,0
11115,0.30706193838222284,1
23903,0.1663053246438979,0
21964,0.20269696364054482,0
21073,0.5434919529975871,1
13003,0.30743679018147696,1
29772,0.4730373653891724,1
18116,0.20297248447198218,0
13526,0.5136370870758413,1
17880,0.3499184979054197,1
26442,0.1503777062099407,0
26297,0.2628103226960839,0
22567,0.22392146273913568,0
15253,0.20750636346754917,0
29394,0.43607494934521884,1
26797,0.8484495145551804,1
18095,0.48013304798013,1
10323,0.30677617585028977,1
19924,0.32243150741464466,1
17460,0.7355192050663274,1
29025,0.48810980377303137,1
27554,0.1547995664795955,0
19120,0.38981727196382177,1
26422,0.4862955793315219,1
26061,0.22364404454850176,0
20121,0.5369807024186788,1
29056,0.3722873955740903,1
13650,0.2277834014923764,0
13942,0.2818226944894952,0
27881,0.30170354742655814,0
26676,0.16021179116896428,0
22631,0.27392339574599106,0
21444,0.301101332291862,0
22158,0.13109433951886434,0
23836,0.2982368133448172,0
13435,0.20220296752568664,0
28740,0.25085371639690374,0
27408,0.674109367000316,1
25441,0.3749522163998621,1
20407,0.42350613463400494,1
16518,0.5313663781364873,1
10972,0.34750667433787147,1
26488,0.1815499475218133,0
29731,0.48274601684015656,1
23138,0.26620851301687665,0
13670,0.27396389545198435,0
25984,0.15973966208427332,0
14059,0.22690400674019823,0
24977,0.13964908665127898,0
25699,0.36882529289870536,1
23830,0.23964510089102845,0
23420,0.3204285579315453,1
10961,0.22080881473092928,0
27745,0.16150740533978994,0
19865,0.416848710234459,1
21264,0.23054919286090975,0
25783,0.15221081381795437,0
27197,0.17124199998806858,0
17555,0.22276954555618603,0
20499,0.3412308128441411,1
27060,0.6103656213620132,1
27929,0.2544189800039766,0
17086,0.33018452712150353,1
24754,0.4725141493544429,1
14520,0.561224592611197,1
13025,0.43734497825245766,1
22122,0.5905077893574215,1
28495,0.25800639483926013,0
15484,0.7001089301239573,1
11420,0.15310444815073226,0
16210,0.4863985373680873,1
20743,0.24684195270019904,0
26144,0.654963652865501,1
27618,0.5101709725602553,1
24569,0.25667639798056957,0
10981,0.2751407241423552,0
12784,0.24990961150889643,0
17714,0.24398697402631608,0
21519,0.33905005683716766,1
18601,0.2380614445107635,0
21641,0.21886431039352708,0
28831,0.21232791882584479,0
22563,0.3409450965481603,1
22752,0.18572804116201277,0
16385,0.3432497694752832,1
14808,0.32054859263003443,1
16196,0.33092782063172566,1
20649,0.112336589538548,0
17568,0.3739159020690191,1
26398,0.3844872166158549,1
27525,0.2975879694250682,0
11347,0.3585271716742456,1
23125,0.2810745278461837,0
22674,0.286968734155945,0
25456,0.22736138286950516,0
24002,0.5215048289138694,1
28622,0.1151763462422598,0
12120,0.328490929659887,1
25305,0.28077323244920976,0
14310,0.20124163983159346,0
14485,0.16728688430194136,0
21014,0.2235223301800729,0
14771,0.21988867069452947,0
12713,0.3829378480749821,1
22187,0.351568372368432,1
26616,0.1689593643632967,0
20948,0.22828208815236434,0
12546,0.49513254177813243,1
22620,0.4653903329700631,1
19852,0.19730155510206826,0
14411,0.5274501451196778,1
29648,0.17480051783556352,0
22345,0.5148809747357012,1
22408,0.2821459700181393,0
19611,0.45757333755004187,1
20719,0.2982197658223886,0
17572,0.5315306275518729,1
13571,0.5242842177622536,1
18603,0.34653179216280033,1
13560,0.4204460616970454,1
14992,0.2492032758496708,0
17440,0.41451086435698703,1
19326,0.26531349223958345,0
12301,0.4314713032837704,1
17667,0.4678065803650348,1
15805,0.2981275420426966,0
22023,0.34852227912242056,1
25538,0.28664986284852323,0
19758,0.2466123318505873,0
22015,0.1876280388937862,0
15212,0.188881206020793,0
21549,0.5115683899274851,1
22367,0.2797577543662005,0
19271,0.5344621731473788,1
13976,0.3580475145218977,1
26091,0.16855734054409188,0
27233,0.36127038100483666,1
27444,0.45616486354889624,1
23657,0.6516230596416914,1
25646,0.4039258993033645,1
12731,0.2267085164186286,0
13299,0.3481166611934193,1
18957,0.43656431256319567,1
27411,0.3866353401385432,1
25156,0.139092505266064,0
27277,0.14473950656055706,0
16704,0.39383180015336844,1
11969,0.20877105423992304,0
14937,0.672065965183505,1
12113,0.1572205605029093,0
10879,0.27399009184052275,0
29076,0.2553225857955857,0
22990,0.20821261364813842,0
17278,0.39143461094571047,1
15710,0.3206302358417742,1
22079,0.1998605809179016,0
16688,0.5852963940859273,1
16419,0.313959995148604,1
20432,0.4234916243307145,1
19983,0.44220677226014893,1
29074,0.1947511135766642,0
14630,0.38056439757495375,1
18863,0.5372147191246082,1
14668,0.48423987884216113,1
24164,0.12149509410304898,0
10386,0.36500777450654287,1
14187,0.38127905156236774,1
15346,0.4643241718570568,1
12196,0.18211159333225746,0
24991,0.2028075282537443,0
22635,0.2526799478465789,0
11078,0.3883222918586237,1
16287,0.602258675722309,1
15934,0.147697672443756,0
28513,0.3356776872289878,1
29718,0.22858979587362663,0
23364,0.1483216472915551,0
18073,0.35738064812370857,1
27021,0.29503942629989943,0
19544,0.34804775327893867,1
29095,0.3872077124437922,1
23356,0.14971493679721015,0
28632,0.2676985063542381,0
12849,0.3474778540671221,1
22792,0.32178681993243824,1
17723,0.13150386717413887,0
10813,0.2667393791479464,0
21194,0.2900272285557243,0
15136,0.26466642909314136,0
18511,0.28041471124719963,0
17435,0.45771593989576526,1
26477,0.6485868050805137,1
10937,0.14703136556033153,0
21966,0.22770403031702668,0
11693,0.6165998541391666,1
16217,0.1510138990690343,0
19460,0.4215210033084461,1
22528,0.22378981601851086,0
25485,0.23619056246056952,0
15793,0.24204487947002457,0
22267,0.15323570660179925,0
12222,0.2891156502620639,0
25758,0.24887130684482936,0
14694,0.3503951632113245,1
20109,0.37235625911809217,1
15108,0.23140282313793384,0
23481,0.3417431389949602,1
14746,0.22755609115750794,0
11605,0.4396164951998741,1
27396,0.49245724822407744,1
26864,0.35417599907049396,1
18214,0.40854936032971617,1
11093,0.2411190068986238,0
23885,0.14516434663785652,0
16312,0.3340654725775334,1
19013,0.3149992151012668,1
10352,0.22232302200516837,0
24783,0.4481115549770547,1
11531,0.3993501240452222,1
23592,0.16071692381657585,0
25216,0.23598749513244918,0
21541,0.31340395578230645,1
10219,0.22049572776770485,0
16814,0.25534942016415835,0
15358,0.2064761877636143,0
25730,0.1968392023535697,0
23044,0.30738491928858735,1
11454,0.36119180016249414,1
24933,0.3587104239125816,1
14741,0.40535124393963246,1
12815,0.1596520908189913,0
17887,0.2268357181572639,0
14974,0.4926194003005721,1
11183,0.2677982859312534,0
20036,0.21200766327041767,0
13948,0.25108116712365164,0
13190,0.44509349774992835,1
24481,0.08929729964341541,0
29827,0.4466683395245393,1
19624,0.12939615616808336,0
11007,0.18617964343700188,0
12326,0.1929411135150175,0
20646,0.7232682011447636,1
29524,0.3138628677381687,1
27726,0.39329169796144614,1
15744,0.1615034397354832,0
22681,0.26641626711984023,0
24584,0.2256206645065375,0
29258,0.24896163569199564,0
21882,0.21288005755946826,0
11028,0.32092639977158527,1
14070,0.18154699930678597,0
28573,0.18713573785904475,0
24653,0.5231418714791154,1
16651,0.724006562508443,1
25784,0.2761602905881305,0
27649,0.19732718144935357,0
14623,0.6687570387108693,1
20386,0.3661557803645261,1
23671,0.7098395433569707,1
24047,0.26600622811777913,0
11963,0.4787915203388049,1
29875,0.363905574181741,1
11600,0.21977539584514114,0
19676,0.1905571860063966,0
20953,0.3052695832853756,1
14334,0.3448258552127358,1
22100,0.19124689834059472,0
16956,0.3074359041449375,1
28822,0.4602039988161814,1
18546,0.24638634033625303,0
25975,0.24479483229595767,0
23723,0.33898851575117334,1
10696,0.25294446497938533,0
25631,0.3755486166884067,1
23590,0.15608199846847168,0
24522,0.33481406047002943,1
29918,0.27945713416994306,0
19771,0.15106291918267106,0
23378,0.18856516902979867,0
11035,0.1919951723981099,0
20843,0.17977834866167225,0
26593,0.2012902328309147,0
20422,0.27200966810430954,0
20980,0.3301088018279447,1
12128,0.12554660823803115,0
22188,0.3661353645551454,1
15971,0.24482706503459184,0
23226,0.1896136768809403,0
10994,0.34512695737286614,1
25085,0.5735271458160914,1
24846,0.16895231161914986,0
24946,0.27030982970278666,0
10448,0.39435699827800536,1
27278,0.4574191884912746,1
15454,0.23684224415724206,0
13212,0.2624483830877314,0
15562,0.42364627454843423,1
28912,0.2461470740227054,0
13211,0.19203129855334616,0
23814,0.13537921458512173,0
18967,0.7293098963590243,1
27654,0.17346464578813336,0
20650,0.17617675798691648,0
29715,0.2541304590118187,0
13972,0.2078853247243441,0
20808,0.22339370742821016,0
29545,0.26484062273226866,0
21367,0.22736181885314607,0
13779,0.3378273623285011,1
23080,0.13049327669561117,0
16353,0.4168616697266761,1
14008,0.30096802100285885,0
13777,0.7071935245596365,1
27148,0.145306672796596,0
24105,0.3720412908887274,1
29146,0.3668193907205574,1
29184,0.15124166395663097,0
18427,0.2558380536232582,0
14338,0.3668370010446745,1
18118,0.14603362015271878,0
17764,0.2804834649374207,0
24013,0.19070841781437248,0
23652,0.3145951658432631,1
10439,0.6256028056187157,1
26534,0.25757123707926227,0
13270,0.1627825973420178,0
13753,0.3904472839312433,1
19114,0.23874457885256214,0
19441,0.2693471557297198,0
11740,0.3324080512426676,1
10607,0.4816146591705833,1
27086,0.4975675877592301,1
22999,0.22085567185257082,0
26973,0.243308192404588,0
28367,0.14663574441098734,0
25684,0.12131583298093546,0
21038,0.26315475975950375,0
15747,0.278389874172608,0
21585,0.13901241708789647,0
16271,0.7219609204854301,1
18852,0.42705682044313475,1
28409,0.18472666167920707,0
16601,0.5332384917524305,1
21379,0.23023366463189476,0
27190,0.24788867250899949,0
21606,0.41316833725481483,1
16910,0.1470911443902793,0
10739,0.5716388381261954,1
11995,0.280904464200327,0
10120,0.19273946805016717,0
24927,0.48361378617889983,1
27610,0.22212487338508943,0
27437,0.16026758917172748,0
28554,0.19662970744907363,0
17294,0.4432745116422625,1
13406,0.3496835065144304,1
20538,0.511208867823225,1
28467,0.3699057645834135,1
18627,0.38515656770673734,1
13482,0.7233229910133917,1
27819,0.26297221919230496,0
10128,0.33792028728432333,1
23427,0.12417741577907276,0
20611,0.4908597023845897,1
25274,0.23599502121195343,0
29581,0.8400219968483331,1
29286,0.34418694710266007,1
22823,0.32372338239808013,1
13074,0.15725304800076798,0
12381,0.3520586506707252,1
12484,0.3813640717038892,1
13462,0.2035913965714143,0
25232,0.24892471033439603,0
17459,0.6463516921354495,1
25885,0.7596913367866014,1
16886,0.17135833771186154,0
25098,0.2238871506943365,0
28685,0.1494978866853781,0
24971,0.3480383900324407,1
10804,0.33855656370386705,1
10475,0.25685862097430257,0
18609,0.20762650217883616,0
16483,0.2106042838657934,0
28288,0.34886028895107085,1
15558,0.2916285226217021,0
23949,0.44782807834099686,1
18892,0.5941678675476596,1
22522,0.14282299412475732,0
14449,0.17307391686212864,0
10485,0.5165976679103174,1
20423,0.17622038160714024,0
29412,0.1954394033200562,0
24901,0.31210273187816007,1
21227,0.45081706156689855,1
29133,0.39420732102746914,1
17921,0.15629125260629745,0
17912,0.2414457726980115,0
12767,0.5023395227683071,1
24866,0.23268289034798495,0
26507,0.6206419176379118,1
21689,0.22669431452782915,0
14038,0.1306319272743212,0
10857,0.15499449255511005,0
26137,0.33269516641829705,1
18831,0.38345820879297127,1
18804,0.19317044164132494,0
21839,0.2894828513521415,0
13827,0.2477327084518557,0
28128,0.2427212922956342,0
15996,0.27530894677398693,0
10504,0.13071088906104447,0
12960,0.2631992108292328,0
17989,0.3265481155703537,1
19641,0.2395241890721998,0
18110,0.1823617681229323,0
15383,0.130209131381313,0
23952,0.3751372339763619,1
23139,0.6609127922477978,1
27988,0.3864538953669858,1
23436,0.6049647620014479,1
17726,0.22376641155368798,0
22034,0.2367148779499244,0
18130,0.1780128523674441,0
22788,0.17071410582755078,0
18293,0.19374495027466307,0
28322,0.3263872980572561,1
23061,0.20286136156689635,0
13296,0.5999878943225144,1
18958,0.3998227316156701,1
10116,0.48100028982724813,1
15648,0.11802088814463883,0
22625,0.16865140849925256,0
24748,0.18695771424139293,0
17182,0.2124133833067703,0
11711,0.14135323304591904,0
25958,0.15746122779537997,0
15818,0.33113280399685296,1
25279,0.29214348448744404,0
12481,0.4764026087730337,1
20251,0.24143463301447987,0
14033,0.1861879836917089,0
23348,0.2295477159063323,0
26531,0.13794688770371963,0
19515,0.2841650970499025,0
14611,0.19163686568520172,0
15118,0.19408244298899585,0
26947,0.14597478687102486,0
16386,0.3285909861142505,1
25140,0.16768812391327423,0
16272,0.4926450361073272,1
10342,0.34988152477925105,1
10829,0.25187368572514157,0
22530,0.15078368989722102,0
21552,0.16714531610061037,0
19528,0.5596747515092866,1
21837,0.15747253030880673,0
10314,0.17104390000250402,0
21698,0.27939878601382995,0
20052,0.15960009567733224,0
22864,0.5519045969694535,1
26071,0.3770611314974317,1
27137,0.39134721698518216,1
28262,0.33213015677582514,1
14910,0.1702482627731799,0
27797,0.5714898986694648,1
18874,0.23359487063051568,0
28286,0.7432845802800055,1
10410,0.650809597553691,1
13796,0.4030709669921906,1
12704,0.2856545886365861,0
20343,0.33277012001106265,1
14982,0.276192387777592,0
18583,0.6787489232937094,1
17668,0.4836902380054172,1
27518,0.14374922990011496,0
27184,0.1842969460856006,0
19726,0.32506044478178675,1
28154,0.22243624768502746,0
17500,0.4541386957564723,1
27037,0.21156842417657926,0
17721,0.1432428054564468,0
11906,0.15141994464046996,0
16718,0.19029761679121676,0
12175,0.3292196522095776,1
16770,0.30513195636791274,1
17162,0.26334185670856314,0
16505,0.4767055911358722,1
28766,0.12711317390076834,0
14421,0.33365386415638904,1
11273,0.20846996385193184,0
10452,0.3090809601526353,1
13520,0.30362892925190915,0
27478,0.16273987045694932,0
19568,0.17123876886251382,0
10248,0.40986739242845405,1
27816,0.23487495976841608,0
11748,0.48582743048671595,1
12086,0.2644673277576577,0
22493,0.30805706444019604,1
23352,0.3625278621664437,1
14975,0.2583141773125967,0
13499,0.3649196302479233,1
23443,0.19035854909662897,0
11085,0.4180983537597009,1
14936,0.19996327263365918,0
16238,0.5091109231575354,1
16735,0.15711046535079923,0
22984,0.24403211615483003,0
24250,0.3502043659707609,1
21983,0.22159504420777112,0
15923,0.6201974428176272,1
27269,0.4534555304072404,1
18949,0.14625011679523986,0
29451,0.2546480449237982,0
14150,0.28244281293020096,0
15100,0.40731725803163293,1
19513,0.20003024658431146,0
23260,0.17112301612302275,0
27361,0.3865633959370909,1
27038,0.764694177758008,1
13336,0.4737154668928177,1
27586,0.16760921016297528,0
29820,0.18977960711204447,0
23729,0.19835723241385594,0
19894,0.3573808002421211,1
17651,0.23749893751300344,0
12239,0.2792170564980175,0
24205,0.23447411806320595,0
10252,0.28945190721354436,0
18197,0.46982058127257104,1
14707,0.2814117649448911,0
18144,0.19478290650203509,0
12715,0.46806091628906316,1
28080,0.21953515766252615,0
19530,0.25290367542700354,0
20342,0.32251199692824406,1
25291,0.24823442464054388,0
10327,0.5734164755889943,1
14981,0.2801057197605705,0
17439,0.20983150174487816,0
16648,0.3990823001823731,1
16259,0.5025256289214606,1
19048,0.5110500950084421,1
13394,0.2655057229229424,0
27665,0.33022741065130157,1
29415,0.1917754719605005,0
26118,0.3760280749515385,1
11338,0.1706734863450347,0
13169,0.4931652686876174,1
22861,0.2992128362622526,0
29815,0.26392166446842164,0
12394,0.22897382568792668,0
29916,0.4058941273224787,1
25180,0.14977030005988864,0
15924,0.29638462666271775,0
26298,0.21915968039804354,0
12744,0.17412867467907714,0
15006,0.7572663415725545,1
28717,0.3287776446243791,1
29614,0.31513338307499206,1
21644,0.7361380724049015,1
14120,0.5843737735620312,1
12091,0.6384322221482919,1
17444,0.48569969720741474,1
18732,0.3253355568786252,1
24405,0.15488843106900804,0
15703,0.33463250243175635,1
13801,0.38779440211961075,1
21420,0.17770796202611697,0
12009,0.13765109763611832,0
11494,0.3644814167214874,1
19283,0.3056503288129692,1
17790,0.20301409137111784,0
13849,0.23611941330812963,0
25651,0.18535059706203574,0
29144,0.43685232784990174,1
28552,0.5592547781683617,1
29250,0.6834998833283192,1
14195,0.41481638314183195,1
11513,0.2944454864123667,0
12749,0.23792895587724439,0
28212,0.3791954095751251,1
13734,0.3069175676181713,1
17655,0.41678490939535023,1
12347,0.30106229867797474,0
12520,0.6213139119691319,1
10719,0.41767686220593603,1
10140,0.2796823678101606,0
27948,0.7056194455987225,1
27763,0.28669246776594315,0
12445,0.2412637518672711,0
15199,0.566595966163068,1
11403,0.25344461175408606,0
26322,0.14940701412721488,0
11731,0.8338427104818356,1
19261,0.15635921986634133,0
13722,0.36076133990505954,1
27841,0.4686286062549691,1
29737,0.46042789208680335,1
18122,0.25533972014086165,0
19532,0.23052360213189008,0
27731,0.27380693287000313,0
28907,0.4044902338859204,1
24284,0.2829934978158684,0
14075,0.39169844760914424,1
19050,0.5241021052655999,1
16439,0.4835141487296893,1
12268,0.36082210440568707,1
12831,0.2504650993558158,0
20496,0.22583584022934047,0
24178,0.3460940755981593,1
22292,0.1852246229502292,0
18367,0.22360218424128747,0
26895,0.3250903942487594,1
18467,0.4316333636440581,1
12933,0.31131293689299366,1
23785,0.3935083504123645,1
26076,0.1512564807336896,0
22951,0.22123638853893643,0
12947,0.32896639550848017,1
27515,0.396267566193096,1
21293,0.2576923181467521,0
29607,0.4449278701221441,1
19391,0.20083770740015208,0
19294,0.4185928414450684,1
27748,0.3722692782975078,1
16163,0.22451811534441649,0
19759,0.22587302950428786,0
18545,0.7764980736186833,1
12580,0.45280977313407295,1
14388,0.3150047018798492,1
21226,0.7467535128628806,1
28150,0.20552601068601617,0
14833,0.2866131626785233,0
19392,0.15168570355653355,0
16706,0.1755067698307467,0
26193,0.23829168752284174,0
12627,0.5850464732824942,1
19099,0.6589239722594289,1
20873,0.17543340330648696,0
16889,0.3234785674637538,1
29365,0.3382142182087282,1
15688,0.25024054556338593,0
14950,0.35454202222922365,1
24307,0.3421070160523349,1
21331,0.1528674329728954,0
29491,0.20835878485337264,0
11806,0.24593431193948306,0
23812,0.23779834003637818,0
21998,0.24507906608964228,0
26481,0.22579344333639076,0
18509,0.4691096552138233,1
29716,0.18310149941342274,0
18576,0.19454727943883943,0
14878,0.16425545698399666,0
20880,0.14947346993430563,0
11148,0.14199301496873187,0
16077,0.1892583556186396,0
16310,0.2520727325351621,0
16211,0.19424894786099992,0
26880,0.26109823703703405,0
15715,0.254282704064137,0
25993,0.6420615542055532,1
25144,0.23050026151610642,0
23303,0.17374156084647624,0
10425,0.29692646401531103,0
17361,0.1391710917698411,0
29417,0.44194311543697634,1
17242,0.21989430734843743,0
25704,0.46314030349042334,1
19996,0.4848730970210252,1
25487,0.2168056237886178,0
12178,0.2074752416702779,0
17052,0.24318850485461174,0
16406,0.2025876748697626,0
15352,0.18206994948797225,0
22907,0.22856997639181934,0
11607,0.2100437174544891,0
13063,0.4733649773573747,1
27403,0.3653929575123529,1
13489,0.295637834985218,0
14202,0.27835575767494886,0
28506,0.5324145739885869,1
27688,0.10199435639744549,0
26599,0.18745423825246038,0
12806,0.21884843265262463,0
22350,0.2061580166602853,0
28690,0.2823580181237391,0
16249,0.3616754708519532,1
19705,0.3003413667392621,0
16915,0.20076227659477958,0
24038,0.29151438717265526,0
14032,0.1385574004876873,0
14450,0.17262604675680973,0
21263,0.2069039353488766,0
28577,0.2173747502774003,0
13529,0.2837300432610673,0
28788,0.4014467888120708,1
25570,0.5930240505958022,1
27683,0.22841340980503627,0
12320,0.2709011343347049,0
22784,0.20359225813205284,0
18100,0.3631720466745056,1
13510,0.6648489570120782,1
21341,0.16945705898340171,0
18166,0.2194748308803687,0
15395,0.21205499071489525,0
18026,0.5383056177643095,1
14394,0.4774792850397604,1
14591,0.15986599459272327,0
26145,0.21943257549790246,0
11053,0.15453552464870418,0
20331,0.2305845253460633,0
26862,0.20811611393511598,0
12579,0.21395915915929187,0
20505,0.5388418924949795,1
29883,0.6550472018970745,1
18353,0.6687239112574265,1
27459,0.30090593214768796,0
29376,0.3360082297221252,1
14725,0.4467714803452087,1
28919,0.20189589616675885,0
12233,0.26404815875915216,0
12778,0.5705717092843391,1
25132,0.22552364375985037,0
11291,0.23920972645098068,0
24762,0.18211404124689234,0
12208,0.16038276861753656,0
13450,0.41968878235727053,1
25250,0.7592906085005011,1
19510,0.2289762013333697,0
13036,0.22467949848970406,0
26263,0.4112614334342502,1
26818,0.377774895944442,1
25338,0.33290767028601126,1
20183,0.23982442830920067,0
12999,0.37324401127237783,1
16760,0.44261203920673614,1
12266,0.17550285142208497,0
17338,0.4748438317725354,1
20677,0.25880325845305163,0
14506,0.23954624710205982,0
28427,0.2780120648081779,0
29202,0.1581112317703672,0
16693,0.8104309559389681,1
24802,0.3494345636419583,1
24031,0.23426941015819927,0
13107,0.5242663012913186,1
10222,0.25839234387100063,0
28357,0.5058641768420429,1
21826,0.2082222719388363,0
13051,0.2745151589557906,0
14286,0.1981265645327253,0
27542,0.5004273145990409,1
22247,0.34272029642325136,1
10211,0.19446816961399968,0
28239,0.548294514811696,1
11912,0.8294553255800189,1
10500,0.16941487883227963,0
15000,0.440154080579996,1
27918,0.50595647926989,1
27267,0.19295041128659973,0
18749,0.3942958544144911,1
23684,0.7026834048983126,1
10181,0.4633816060370491,1
28927,0.36462450573291916,1
23685,0.37367712228806194,1
22001,0.3666298668398713,1
28843,0.2711459313483177,0
21795,0.1515454585195701,0
17268,0.3254587261916803,1
12421,0.521675481421597,1
25826,0.1989767368145009,0
28203,0.3352547381358801,1
25635,0.4909842204822307,1
24889,0.5373987645660925,1
10467,0.3649170582635666,1
25058,0.14729171202477656,0
10060,0.32636948870561594,1
14203,0.5134165272524935,1
28077,0.5661364917352134,1
17485,0.38522381858894655,1
11581,0.23265363944573847,0
17285,0.16002794490455685,0
29828,0.2958488786618293,0
26234,0.3074008120564597,1
19394,0.5183101371823599,1
12699,0.16341930417760572,0
14565,0.10616612561243063,0
21404,0.2691826745100941,0
14200,0.15281066927957823,0
29839,0.5402334439793646,1
24903,0.16356485158809522,0
17158,0.302738337690698,0
12974,0.6966308303322378,1
17842,0.20775009789379395,0
24767,0.2318043281171568,0
23635,0.2988759278860531,0
17696,0.23578344539350757,0
15935,0.2615578998622475,0
23876,0.1901162406354427,0
27226,0.41008578671515117,1
15216,0.2073932164939793,0
21433,0.14924926080538833,0
21166,0.522411238733861,1
21366,0.4433097907604618,1
16627,0.4062435546842312,1
13596,0.5217441658867268,1
23086,0.47478120140423136,1
15273,0.21462892911059894,0
15628,0.3308220603461942,1
22011,0.22282274891679257,0
24842,0.2657572287761534,0
20073,0.7654533589908751,1
24752,0.46676446122181886,1
17325,0.2579291421718514,0
18633,0.16498925233119432,0
24109,0.25409014162435334,0
11298,0.25166612789255344,0
20367,0.2703151276180857,0
23249,0.4229937282844326,1
10201,0.17100882538948067,0
11457,0.417741429941548,1
20560,0.47245710291869214,1
19801,0.5224355283116956,1
18454,0.19239582433486474,0
19652,0.192564400539409,0
18893,0.23677379540131352,0
28545,0.1459146609315014,0
20264,0.45909838919758095,1
11203,0.24563340493677344,0
25968,0.24149656130631092,0
13644,0.320253104736635,1
20991,0.22292430027719773,0
20724,0.35442151925304466,1
20357,0.44899052129150946,1
13129,0.11973741622998353,0
14352,0.3788369435305904,1
29403,0.3562534515772973,1
25879,0.2188345063224475,0
13012,0.23678392794422792,0
15091,0.2509968957708879,0
27108,0.439610522188768,1
12622,0.25643823891735645,0
11535,0.23015549244480923,0
28179,0.22746675161819757,0
13837,0.22026555380641277,0
27767,0.3741648253970436,1
21521,0.2965694583834196,0
26081,0.5563842864648013,1
25860,0.2665413144855835,0
18551,0.3149026710517381,1
25663,0.13197122127155514,0
15130,0.21600231734880726,0
24009,0.25880068661804917,0
13353,0.6909894567275187,1
23455,0.19746108818400507,0
23759,0.3377922928973838,1
14904,0.1596651969343053,0
12931,0.37514529892863757,1
11088,0.22289232098433273,0
25245,0.2452193859091287,0
22089,0.26965588063420926,0
14885,0.2146158475343184,0
24634,0.23969880577366945,0
17948,0.33987354980444995,1
26824,0.2985971151932778,0
25820,0.5633470831650552,1
15392,0.23698359732226387,0
17246,0.4977994017358065,1
25683,0.1952879954301813,0
16280,0.24823242763246958,0
15195,0.7683091360519121,1
24223,0.44928789715297474,1
27122,0.33242888796964626,1
29673,0.2851147067038533,0
27186,0.4551432567352871,1
11730,0.1660441197404737,0
29915,0.3174182371971144,1
29842,0.43746851675671033,1
23337,0.14494362484448964,0
13311,0.2948329303451292,0
22572,0.278572037648462,0
13416,0.6036765907769691,1
15862,0.7628887773943325,1
25238,0.25965881347375436,0
16260,0.4554399999314509,1
19620,0.5729095456983345,1
15864,0.18103751838104556,0
19807,0.328230967935284,1
15850,0.38551382745440504,1
12755,0.2655177638761825,0
23644,0.36574880631723333,1
20193,0.19931904001969825,0
18036,0.35874621072994556,1
26837,0.32294784490811435,1
25028,0.21568742000471594,0
20762,0.24545698417766199,0
17376,0.21902411008758144,0
20710,0.15578390992448493,0
15999,0.22209107668480885,0
22265,0.3620843013011939,1
29734,0.2120853522482971,0
29733,0.27244657171195885,0
11283,0.23637780876138134,0
15291,0.1976501660211458,0
20785,0.1807287354335129,0
21068,0.3142378414914475,1
29689,0.4118062009415317,1
14022,0.2137170400304763,0
26142,0.2978698737453235,0
16827,0.42304800033952594,1
28362,0.3430869364032954,1
22085,0.0767520876217934,0
21052,0.3140380771987748,1
18332,0.5623835071217308,1
20079,0.29360957092035156,0
18994,0.4447465144747605,1
19819,0.29323203853887025,0
26875,0.1826030343120868,0
20647,0.15123898513795742,0
23994,0.23119248297038028,0
29990,0.40490655679495596,1
19711,0.1446439392437621,0
16897,0.45403740767974043,1
25371,0.32555337168474985,1
21680,0.34950523347807455,1
18963,0.21568383045429648,0
15475,0.15923204297427848,0
16403,0.6412848998534817,1
13726,0.12069419813427179,0
13740,0.3552657769121841,1
20222,0.34452839666467194,1
23085,0.3418288562279208,1
18733,0.25829870417570894,0
22492,0.20996613057184527,0
16776,0.23310281570240304,0
29981,0.2781785631903361,0
14292,0.6397786745346752,1
13580,0.24568947607328875,0
22569,0.328335785464765,1
10929,0.2687258122942354,0
16530,0.3766214712746045,1
13845,0.512317354411003,1
28144,0.12993525837499165,0
20868,0.23373784302534847,0
27780,0.3127635623352491,1
27401,0.1641054999941098,0
16149,0.619418709513234,1
18320,0.31317922091345207,1
11816,0.5875190978521954,1
16073,0.5500330833287064,1
19301,0.248472239768037,0
21848,0.33902339925647995,1
29588,0.5997974155194893,1
19458,0.22915483294647307,0
15834,0.17187509823862315,0
29265,0.12302421891101388,0
25022,0.18551819174321665,0
24378,0.24290117788600618,0
18883,0.7522361822588127,1
24305,0.36930410003466035,1
20490,0.2687543294841777,0
21886,0.21506358564463127,0
24219,0.31868574537824595,1
15904,0.2257685774208852,0
17665,0.15595326412171667,0
24010,0.20055858419242029,0
12130,0.3306806099628993,1
29863,0.15236362678773982,0
17780,0.18057369202026657,0
12741,0.29713360510939596,0
27471,0.2138116317392323,0
18814,0.3155007898543181,1
25173,0.3123228138120544,1
20780,0.2318121692279284,0
11351,0.16314082338732036,0
19059,0.22742438304534826,0
23496,0.18729744195382425,0
19923,0.20170980648090103,0
11523,0.20898194687550406,0
16761,0.6133859602449006,1
28863,0.18398191947745235,0
12798,0.39888553846784325,1
17041,0.3792351632544904,1
12993,0.27041116867015846,0
23752,0.2383536430839909,0
25060,0.25170686536306236,0
25067,0.21149472457028268,0
19756,0.19237475305389512,0
19153,0.19577745831298438,0
17458,0.3142340599033858,1
17684,0.14142498395075934,0
27822,0.5812640137006807,1
20262,0.26473471116530034,0
22965,0.35030742348505134,1
10089,0.30911746123937994,1
20400,0.5377529247066222,1
18973,0.38168976559481,1
26703,0.33249812641019927,1
23251,0.3861962798027517,1
21163,0.32455642983642036,1
28191,0.1908017631749435,0
18514,0.21062913320910379,0
11444,0.5631952217590444,1
19011,0.20208359160921494,0
27558,0.28292505222662423,0
23250,0.19038834121446738,0
27832,0.42851076010262923,1
21082,0.4009501079642923,1
27949,0.1596611494428478,0
12302,0.17381538621052786,0
26293,0.1681524205919085,0
28255,0.23423570038623603,0
12362,0.29953293266228403,0
15072,0.4123153200936731,1
29639,0.4430381524850442,1
22403,0.3588673870130045,1
23827,0.22021148701280255,0
19265,0.39743574979300306,1
20676,0.179695033010943,0
19060,0.1350750673897482,0
25528,0.2642948409422618,0
24252,0.31368380172642196,1
25832,0.3671179003652745,1
29558,0.37927543795016877,1
22843,0.20470849287293083,0
18021,0.22505580949268822,0
18304,0.3132906227177293,1
16187,0.6106744336302323,1
29337,0.2818291360037075,0
25410,0.23129030689735483,0
15024,0.22586427700617057,0
19791,0.253815931044404,0
17840,0.19972492005424675,0
14392,0.33177491705563744,1
21234,0.24052185785047975,0
24540,0.11562849012616634,0
14640,0.2650556319252769,0
21483,0.17842136408561304,0
22954,0.44373651574325296,1
29975,0.47608070678124315,1
13275,0.34654921447508424,1
24735,0.23342883123909397,0
19993,0.28012158627219597,0
16741,0.3746287061357371,1
10258,0.22637571145043706,0
22975,0.18651596693492797,0
24688,0.2528870829834373,0
28644,0.16212548519483086,0
29552,0.5202865850643695,1
18067,0.17069235767962493,0
23104,0.5577792936160566,1
11769,0.268009071222863,0
27090,0.4037190842759469,1
15060,0.28410251135186315,0
17093,0.24391090381486769,0
24603,0.1564556236346608,0
20312,0.23971965677143794,0
18802,0.25036891936328165,0
20578,0.3313743169029819,1
29483,0.476322577663231,1
10347,0.12078240910221918,0
15149,0.1465086980375701,0
28009,0.5372485406550571,1
15021,0.2091750279564268,0
14345,0.38328482012099985,1
22865,0.20736154202225504,0
16302,0.15094086673927104,0
12982,0.24477146840204747,0
12415,0.2724623139566677,0
25598,0.33210927195417117,1
18798,0.30325549172224797,0
27551,0.24008860604591645,0
19412,0.45202879966147225,1
16076,0.5101099625108576,1
13530,0.16664855086606617,0
26523,0.4825709417170778,1
28440,0.34437791219562436,1
22580,0.2558603303197302,0
20291,0.3196937787079684,1
26752,0.36950761706545615,1
12066,0.6195845184443937,1
11705,0.48550820534206773,1
18142,0.232524573396907,0
12085,0.24878422588521404,0
28812,0.24670401691073038,0
10104,0.15711182256183479,0
27530,0.15239741616511804,0
15381,0.4213568139710801,1
24207,0.5840175649506686,1
11789,0.38135136751674786,1
28170,0.20505207543756762,0
25402,0.12450728997814202,0
14619,0.20190761520236014,0
22585,0.24491396547259658,0
27497,0.14052646887579165,0
14190,0.4748663906246047,1
14000,0.4601430597915514,1
22365,0.32810004361532785,1
26095,0.35973629856473943,1
18324,0.18999811757117188,0
21733,0.37116048920287753,1
13923,0.38533098618632333,1
21228,0.3201701565537754,1
22533,0.18040305332582904,0
22087,0.26280618203260997,0
13699,0.20746218375335138,0
15278,0.2782207064024647,0
21799,0.19576039576513563,0
10058,0.3061464289044005,1
27725,0.4925658177102001,1
29122,0.26739079508296815,0
15514,0.11670616935491042,0
11490,0.4973320085361997,1
21626,0.376660057459645,1
19438,0.4734777708563692,1
29884,0.20557538040763965,0
12468,0.4352857181663175,1
19743,0.21339872454531786,0
17054,0.2575171275175596,0
12027,0.3852504718643142,1
12813,0.24540696341309118,0
20250,0.2386570959111951,0
24993,0.3752772205563751,1
19017,0.32604906844177045,1
22385,0.1591021187405826,0
18855,0.15999855710038302,0
24649,0.13556665771050158,0
26527,0.27480837160601573,0
21567,0.236923214830663,0
26207,0.2536791105098027,0
27834,0.23698797347831527,0
10380,0.4145509419131448,1
26773,0.3881617421335354,1
11528,0.2358094331115956,0
17899,0.3420274876937927,1
16562,0.4604320051420609,1
12389,0.16649466282132502,0
19882,0.4354152562959231,1
16691,0.23476616810970657,0
16921,0.4877549180556184,1
29087,0.3824531801692018,1
25577,0.16638893724083997,0
25468,0.4076566127249676,1
20885,0.4273773773536451,1
27810,0.5383488864984767,1
18057,0.15431872871164595,0
25685,0.5128362651132867,1
22793,0.23351389738048048,0
19290,0.42185033490697066,1
16594,0.22241637601339814,0
14784,0.18655708202501384,0
13426,0.40212891290726493,1
10912,0.23277286975890782,0
29507,0.42772173580283374,1
26325,0.15304044018123275,0
24845,0.3205228705788036,1
21659,0.37374625681258544,1
25656,0.15411264874269115,0
14985,0.17786022361315326,0
13770,0.2995041719450991,0
16089,0.2376121210246187,0
11982,0.15650498335694168,0
16558,0.4420717856812191,1
26405,0.6892490617729482,1
15762,0.26509439257353246,0
24723,0.3940472355661442,1
15835,0.30360393027813515,0
17354,0.2577566904581752,0
17783,0.2094294899675396,0
13785,0.17264066777977569,0
28627,0.21167340653606959,0
24327,0.1950991423584785,0
11536,0.2697717549182279,0
23982,0.5156761693361102,1
23594,0.5184203325079199,1
15422,0.2964269699472916,0
20993,0.18755047991129656,0
15528,0.2679389817759451,0
15184,0.5978183893601666,1
12606,0.2778751698780315,0
18084,0.4541130639419539,1
26410,0.3873273773388865,1
17192,0.3161559152029195,1
17538,0.10842932633695294,0
14521,0.11453037959366642,0
17900,0.21334368370692205,0
19967,0.2365238421235408,0
18138,0.15867508142369716,0
29923,0.6945479296097709,1
27057,0.2376325242552444,0
22241,0.11787473050156506,0
14817,0.25774885142684345,0
18482,0.1250060668024019,0
25381,0.1468879874166034,0
13060,0.13389291327038408,0
24960,0.24354851479870077,0
12449,0.16053413203828773,0
25923,0.2256730376357422,0
25265,0.28681447629644197,0
10004,0.31836280031998804,1
26276,0.20265973978301965,0
22349,0.4583944225178127,1
21067,0.19664870127775608,0
23906,0.4316156876612194,1
25307,0.31672828265903197,1
18643,0.5329970662775375,1
18724,0.1555867737542408,0
10345,0.41954276406251584,1
16189,0.2108292648731475,0
27242,0.5037857787645296,1
21883,0.30510836663439245,1
28278,0.43620456864029417,1
22934,0.2854570763027246,0
13316,0.21088723735088183,0
29388,0.6978304114889692,1
15249,0.12229685277202212,0
15382,0.2340787223270156,0
23709,0.30435345575085654,0
10043,0.12357076412547356,0
23304,0.25468898764359355,0
20260,0.11792037018283862,0
10796,0.15203215896413294,0
20027,0.17105509898060214,0
24308,0.34099362513914055,1
12550,0.2981610350719037,0
24625,0.2619825668080337,0
23611,0.1867588218754603,0
17531,0.5662140033252407,1
27461,0.32093363076393083,1
13101,0.15028384011811047,0
26817,0.19912690910707273,0
21249,0.19657317837963695,0
23824,0.5991905479749318,1
10047,0.6303752202257948,1
29829,0.23798101040872408,0
29382,0.1527930467482607,0
14308,0.35878061412066514,1
26169,0.22569601315156826,0
14230,0.14374219235449415,0
14915,0.15975219622447756,0
27628,0.3779974337617285,1
25911,0.18672842903718379,0
19890,0.21241016233089463,0
25133,0.2683693822858258,0
27813,0.18744518884024283,0
18970,0.4155833451492558,1
20463,0.13377287826649734,0
26786,0.30151169813398426,0
15894,0.3241038785219986,1
15457,0.41904574341592904,1
18301,0.4597709448493569,1
22398,0.27681666032495533,0
12190,0.4374198632005336,1
17918,0.364406553131373,1
24144,0.4793710037001485,1
12603,0.16401532624257695,0
26671,0.2308768995717642,0
19949,0.32752721075547864,1
20276,0.5951079202681091,1
23771,0.3902150934185475,1
24893,0.5309682977828729,1
21694,0.323008566173796,1
19124,0.217011127214047,0
14984,0.15856404034811455,0
20181,0.15917694538768384,0
25364,0.3810244223065051,1
22615,0.34625322748036613,1
17229,0.2558194581943167,0
17884,0.6776325241706305,1
23485,0.3408642299693467,1
29051,0.1572491143560409,0
29035,0.11351509263446816,0
27914,0.6494449582167494,1
12504,0.2627516906135317,0
29392,0.23046023246744363,0
14631,0.18263625128236333,0
11511,0.1322245548562949,0
16286,0.4348502330120032,1
25443,0.1814172300616763,0
28531,0.27707021781276825,0
24836,0.3787873825470354,1
23302,0.26388785087054834,0
22755,0.2303047141612123,0
28744,0.2905941261954594,0
29895,0.5590347161610743,1
11902,0.2973161987951017,0
10709,0.4855549695235162,1
26125,0.15231277355965736,0
15237,0.29961616676108516,0
12496,0.25929549890331366,0
10689,0.5141749332324389,1
14451,0.36633235854092927,1
13185,0.1685024631329476,0
21488,0.44662390011389386,1
23650,0.23703842182982135,0
20586,0.14472973064249564,0
12572,0.3584050608572365,1
22660,0.5902051651107745,1
17732,0.33067198968736294,1
18510,0.42941512225686834,1
20530,0.3232477582915569,1
17150,0.7693986692782324,1
27235,0.18053181305963498,0
18181,0.1140739299143291,0
29134,0.296327581814579,0
21774,0.20444863738377844,0
14337,0.7767937682122342,1
11431,0.38109429324143324,1
21616,0.250720753409847,0
26172,0.1282292593384631,0
15538,0.36982724897480423,1
26827,0.5832802556535561,1
17232,0.40441847517132484,1
29236,0.3642647201528201,1
12271,0.19689220605457802,0
15901,0.2834013510707398,0
13508,0.14260586584795634,0
26886,0.1575060642002554,0
28146,0.17555321791308934,0
24160,0.18972577124152923,0
24094,0.3615052865647078,1
23584,0.468368547454047,1
13172,0.27379437883511143,0
13887,0.19709309937894193,0
20329,0.3379464418682289,1
28297,0.6902775435705528,1
14756,0.38586948786396547,1
28356,0.14659998963248008,0
22506,0.23717549051675732,0
20245,0.21383409575895745,0
19735,0.25187035967275606,0
17366,0.582317045521111,1
22494,0.2647799759781913,0
26556,0.21323673534023213,0
15785,0.37498531722160405,1
27294,0.15842793983574466,0
23100,0.12236085636444455,0
19381,0.1471971023710193,0
22400,0.2343960952544868,0
24887,0.7218855479117926,1
22860,0.17337953535236816,0
24797,0.3956646167407936,1
15599,0.350150632918263,1
19053,0.6500320499912596,1
25325,0.2635968044941122,0
18953,0.15091668587581153,0
15801,0.12692080800628341,0
16085,0.20276588714805185,0
28020,0.5159480917940846,1
25343,0.3586449335142261,1
29001,0.37865897283067046,1
26533,0.24377232885115135,0
17878,0.3509773324153445,1
12278,0.4440609406088687,1
16429,0.15973262551648418,0
18247,0.20673274813019016,0
27623,0.14514767702805886,0
14372,0.2839019300436779,0
16960,0.15103507945137273,0
19566,0.21643138306855964,0
17090,0.26926796222997307,0
19902,0.37283878021589667,1
16830,0.3288788263693678,1
11163,0.3359546645197071,1
12865,0.5863912535461135,1
27035,0.4563924470674313,1
19619,0.19225871566406955,0
23161,0.24114279995865945,0
17553,0.23968890536393464,0
17748,0.46206723930193455,1
23541,0.37417656498893137,1
24813,0.3765984718501632,1
20203,0.7163764328615574,1
21061,0.2600401922724413,0
25324,0.14485429667375463,0
28452,0.2168815742369128,0
16988,0.849571198232207,1
28875,0.2222815735666158,0
11356,0.31277850563793563,1
23909,0.20476980720103344,0
18817,0.3542305417826189,1
17168,0.2764783487300155,0
28464,0.4497787345464893,1
18311,0.3656874329624965,1
18350,0.6269728387437845,1
26612,0.5851380056554645,1
22789,0.39429220092749484,1
19003,0.25648327338543025,0
13902,0.17010548807911388,0
20766,0.65670992207055,1
15815,0.3769793655264088,1
16221,0.21585303867542502,0
10564,0.5119528197939763,1
17299,0.24843767593303037,0
26067,0.2537711064081546,0
22592,0.25404859725706536,0
22390,0.24042394925328817,0
23583,0.15828756189403134,0
12560,0.21797870257393875,0
17200,0.356920092673379,1
21597,0.2993159635445902,0
10827,0.29519003201541644,0
15946,0.32429149663103984,1
18824,0.6856858976919876,1
26009,0.3376130970345273,1
21542,0.410372972784909,1
24812,0.544326933219681,1
10291,0.48259228779675195,1
14769,0.26047702744057466,0
16673,0.5274869084381859,1
15655,0.19583650612362652,0
13927,0.2676546954727881,0
21627,0.36716528994358333,1
17223,0.14026953556436297,0
26090,0.11976161589504782,0
12899,0.23560228084436818,0
23617,0.12926082607921752,0
17584,0.37613534594348064,1
24458,0.3295698288869995,1
10641,0.3592756460123313,1
22832,0.2847126694640604,0
26723,0.23011505714564082,0
29896,0.31437247768904497,1
22746,0.21195213561707163,0
10483,0.22254782542484777,0
16092,0.2585333536639375,0
17291,0.34999352254751365,1
22953,0.2181280015752033,0
27595,0.22432279899967297,0
20129,0.4229454141386238,1
29471,0.18159619265031768,0
29836,0.6020362099307102,1
13979,0.29461969766189705,0
16422,0.13497173231974305,0
13376,0.3437121595212621,1
23610,0.3352258096789832,1
26925,0.4653667812628368,1
14780,0.2038072912840533,0
16933,0.2844064353798168,0
27687,0.275512835370387,0
27026,0.2824626050595014,0
12623,0.3535291292850158,1
21929,0.6544281631557177,1
28086,0.6202305909647422,1
28731,0.2706089126802808,0
14581,0.25849884692020036,0
25096,0.17420178694899066,0
22316,0.34894403290929543,1
22472,0.24243582021726504,0
19203,0.33502057753510106,1
26205,0.21317300270089787,0
16464,0.2504916698539822,0
21711,0.1960237407436483,0
11154,0.22343972389761863,0
26497,0.7874112482100735,1
19927,0.23213217120715923,0
27966,0.17170322785848957,0
26970,0.16380667730595128,0
26829,0.5150206595846721,1
21904,0.3972226285412892,1
19202,0.2610634854209778,0
27671,0.16148338194933531,0
15636,0.7012522571498689,1
14881,0.13070148643258755,0
24659,0.4408610804784495,1
14025,0.2962744526085201,0
17201,0.267723473857483,0
18188,0.43864891570460696,1
14511,0.3193571937814392,1
14073,0.37587226413839847,1
21025,0.18168228801715355,0
28865,0.18886530335999904,0
27225,0.25758141471894896,0
29661,0.2903984883831411,0
27064,0.2297741234183546,0
10853,0.7238859554904495,1
10468,0.36322781001082804,1
16663,0.4446035323836607,1
22326,0.26607941695215087,0
26819,0.21169504655062982,0
20498,0.45575007862553596,1
26755,0.5089988696195802,1
29972,0.30123745953863423,0
21496,0.24648739476523174,0
20733,0.484447974469095,1
10737,0.25203784788941624,0
18137,0.31618115424527204,1
21124,0.5797275911988868,1
21794,0.6079103759131348,1
22091,0.5413259121693591,1
21508,0.1707980981180056,0
10451,0.38041433892649845,1
20947,0.14072907120940384,0
17015,0.34297118868441423,1
12458,0.5977340455153467,1
16864,0.21358392847207935,0
25425,0.30235265314546783,0
27991,0.3083813501736537,1
12393,0.2459049332762286,0
25781,0.12044924816136637,0
18723,0.12896076429302328,0
22093,0.29282201346666187,0
14837,0.21427499357546126,0
11145,0.4690245243794025,1
24554,0.2601485039029246,0
29965,0.3417213255813049,1
15413,0.3261444743769231,1
21184,0.1465421348704577,0
12134,0.3236495895007135,1
12938,0.36951248714172036,1
23625,0.47842722192076426,1
23867,0.21720542026877093,0
22234,0.3466202271283296,1
10042,0.2689968414377123,0
13283,0.22349213285307618,0
22690,0.2204015874160847,0
23307,0.13971698099908594,0
21231,0.15316454658738207,0
11867,0.27413884729032284,0
24429,0.30427366287658164,0
12451,0.43199976554325564,1
13071,0.2649381882525287,0
20506,0.2806827702174474,0
23699,0.4316429220686144,1
11124,0.16516523645337436,0
12335,0.18522336630701328,0
29015,0.16487035593798968,0
23133,0.20792624363238102,0
29002,0.14460338964320726,0
25567,0.4860159618421672,1
12409,0.2369130095702891,0
27818,0.3514163181915262,1
19459,0.36161364012111313,1
24218,0.33636024701876205,1
11348,0.38778752267957656,1
15926,0.6893393662272739,1
18356,0.3102882771855083,1
15344,0.24097051151332233,0
19049,0.7187118837519451,1
13888,0.19378575335877568,0
15333,0.13262163012115508,0
29476,0.2780267892746337,0
27695,0.36742759845934103,1
29333,0.35456592469018516,1
10036,0.30778281213024045,1
17480,0.2119908488596979,0
28391,0.2953000919272668,0
20205,0.8014465408146371,1
16602,0.23550569291222853,0
29738,0.2396568614176395,0
15837,0.19648177397179922,0
12316,0.21095341876684062,0
24967,0.17843861269494146,0
12700,0.231467555674189,0
10622,0.6950201433582569,1
11979,0.45879687647427175,1
25012,0.31469512932365384,1
10324,0.17576324281805825,0
18731,0.4479396141304312,1
22741,0.3519954708762811,1
12309,0.3631175345968216,1
13487,0.1684680965072741,0
23012,0.27876676550896584,0
15019,0.32877291896003225,1
20125,0.17599357267227833,0
11228,0.20918766766174074,0
14169,0.2299940717553714,0
17725,0.795854275478544,1
18680,0.2393730096591774,0
29044,0.44528080616327914,1
23992,0.26240516017237925,0
29666,0.29868563187910124,0
26560,0.4052765528351401,1
21415,0.3012089095333386,0
24279,0.4467724826974308,1
28728,0.4372783521084283,1
14098,0.2144011224550395,0
13572,0.376877660331536,1
21016,0.3274007160857594,1
13044,0.1911033432031573,0
16378,0.28191050014132496,0
19377,0.23693694082220979,0
27317,0.23921702413420767,0
15353,0.4646319564574666,1
17663,0.3302067551561417,1
21944,0.1330766056085541,0
15991,0.14947214458611743,0
16428,0.2333820322574945,0
20995,0.1463327635385502,0
28635,0.21475313496403217,0
14448,0.38940657437873044,1
11262,0.3214512543581614,1
23065,0.6748534311096092,1
15684,0.3079488960637083,1
27729,0.20582925207730768,0
15997,0.3549717343401436,1
25974,0.7625242258605027,1
23686,0.23402631699409976,0
24898,0.22605674018869018,0
18198,0.377716512161017,1
12772,0.19623350139140963,0
16686,0.31932218972538046,1
28751,0.5253480910666791,1
26466,0.1906501336147056,0
29844,0.1798719910982242,0
28338,0.24964851588445883,0
12251,0.5313521062854184,1
22180,0.32846692759740254,1
22802,0.22740594933949276,0
13249,0.46498695338939017,1
28085,0.2977183235396505,0
12754,0.3755105416303998,1
18704,0.28837973544132217,0
18059,0.21766097191628128,0
24696,0.22787175430245396,0
18249,0.23524619463240026,0
18183,0.2233978748018044,0
21984,0.4548991267540923,1
14700,0.35372063023950584,1
17925,0.3358985203530739,1
19076,0.4799638199907048,1
10424,0.33108383428946125,1
27647,0.16300836401388905,0
19889,0.23972927978533273,0
19505,0.2366727499364946,0
26139,0.251668281283357,0
27062,0.5421464012695946,1
13687,0.38743009056371025,1
13143,0.1585819922233625,0
27100,0.3975620060429876,1
25847,0.13379096173352378,0
23048,0.5416593258139246,1
16434,0.3296417762599186,1
11714,0.6341791600237349,1
10032,0.20367101446861027,0
21057,0.3412604727081454,1
24166,0.504799871778151,1
11434,0.5450049310367809,1
22898,0.12787039808346273,0
12253,0.30968395245498137,1
21938,0.27236388661073235,0
16441,0.41200961356661137,1
21120,0.24418963619752984,0
10648,0.24482163049704297,0
17758,0.5231279744835533,1
20447,0.25355996197493263,0
19862,0.4892510948744234,1
17804,0.31729395116157966,1
27766,0.7055133547886728,1
11322,0.3766743165343327,1
25149,0.7411766393199383,1
15150,0.31350280759847127,1
23021,0.28017489204055296,0
16815,0.28013086033247014,0
18613,0.1786929064588768,0
20232,0.19290633819701958,0
25466,0.6133216649817355,1
13377,0.22450547689572342,0
23910,0.19539434629451086,0
26072,0.19678608120775543,0
14255,0.2976171670874319,0
12535,0.19198449588497618,0
19535,0.5629308985360633,1
19335,0.22060201934934517,0
11625,0.5306911201786018,1
11430,0.2772709673395511,0
13223,0.2389526391081522,0
17705,0.3999561813309543,1
10218,0.36727841500869557,1
11863,0.25105997999649643,0
21374,0.41815654913112815,1
10266,0.23072704946782702,0
11397,0.1863536770014971,0
28792,0.22099212619837033,0
18690,0.11980124741495417,0
25033,0.26655892659309,0
22923,0.24736151649359164,0
18765,0.1850908745823744,0
12880,0.399341863312447,1
29215,0.20336431994875379,0
18584,0.3068356567697061,1
27885,0.13799504764784468,0
23034,0.2798477031188931,0
12860,0.32966096487725743,1
18362,0.35824347231190945,1
22397,0.3203383813524868,1
22841,0.2388765753352989,0
22808,0.5498583200457681,1
23130,0.22812838317183118,0
19689,0.6835891786418947,1
24863,0.36711200244361053,1
17094,0.6413221550169484,1
16927,0.66138523713317,1
14348,0.1382884542178191,0
27474,0.46372820006503235,1
22883,0.31644001507020486,1
11633,0.24265063733178469,0
24962,0.2507479646458946,0
20118,0.1978219191158664,0
13469,0.21305476130529083,0
19052,0.5900639168879493,1
17607,0.15881743419717204,0
18228,0.4918118260368049,1
27770,0.42673178595661077,1
19594,0.33576847852816566,1
16473,0.5495693458851126,1
22507,0.3402177390631578,1
10388,0.13643205682178167,0
13711,0.23331735515037835,0
25852,0.5493194415899605,1
15588,0.24513250358013222,0
14259,0.26022726681291686,0
11036,0.14995935090666895,0
12044,0.2865444216831944,0
24106,0.38967615195083527,1
23967,0.38369803113213075,1
29162,0.30781579516399277,1
12642,0.13600319685428128,0
15724,0.7427321780911332,1
26588,0.16123332897890946,0
23881,0.3751279204166719,1
11555,0.2885736890181163,0
11612,0.34469311025601,1
28668,0.24229588381152325,0
11164,0.21460208222183186,0
25228,0.2287738909151153,0
23114,0.3441061583595159,1
24530,0.4807515525684331,1
12648,0.2500957128527662,0
25261,0.24662426951920577,0
23805,0.6669567831910869,1
26456,0.4044012300645754,1
13913,0.14765532351188101,0
16479,0.3033300745029725,0
29209,0.2298842464726845,0
13523,0.5644705823565835,1
27959,0.37809720163039334,1
25075,0.11357134821780593,0
18212,0.17517762989440913,0
12004,0.3066780278489235,1
29358,0.3626235456352273,1
17452,0.287379356979263,0
23275,0.31637697964656886,1
10018,0.6166545742551631,1
12021,0.24254911054342868,0
16936,0.40009650119445317,1
11329,0.1652249470157745,0
11445,0.1920495934014487,0
14473,0.27764097085993816,0
16244,0.2820825298931998,0
10706,0.4478078027687426,1
10279,0.4536070730824342,1
28562,0.21871584524232954,0
18676,0.3384294739411707,1
26600,0.3600537638912871,1
24324,0.2768841949410861,0
23366,0.353946691716138,1
10274,0.35562035372618406,1
15145,0.20338761436739095,0
18617,0.4701290566417399,1
10514,0.27845674719596325,0
26470,0.14598953839695947,0
15103,0.15520429956877368,0
15035,0.275806659695205,0
24399,0.14114896734950422,0
14085,0.1879579384794937,0
20874,0.5083381844756425,1
21218,0.49597458246721204,1
12406,0.3795942445790635,1
27609,0.3097666707920079,1
17517,0.368739916191493,1
18853,0.29437261391874675,0
19982,0.2559624006172503,0
20405,0.3774610210627637,1
28224,0.17256608391579387,0
23593,0.1396143044877664,0
26179,0.2900666743167142,0
15349,0.15246069857248376,0
14029,0.342626575071872,1
19417,0.6166780111274474,1
22045,0.308776883276332,1
13459,0.5096244718033623,1
12200,0.14599319376776787,0
17763,0.33359530716349584,1
11428,0.4583762195611977,1
19925,0.14878348138178035,0
18919,0.2014912372573838,0
27505,0.32966292965269933,1
13821,0.24669776182753309,0
16127,0.2130999593169617,0
24517,0.4323274897482531,1
19772,0.2715740129866823,0
25573,0.3593361122603277,1
24593,0.25325713228807434,0
21019,0.3189741872605589,1
16847,0.23353885377369224,0
13586,0.4879435464952692,1
21859,0.23674455590793583,0
23886,0.5928801263583348,1
24995,0.5090085371148859,1
20512,0.2627585213429333,0
18995,0.3334364022520125,1
26382,0.24176984424454456,0
25342,0.3195686442985618,1
25566,0.6170822040215421,1
16463,0.1858694946111377,0
24003,0.14294232334000156,0
21192,0.14785594887406636,0
18055,0.2211496478896937,0
16162,0.2562881843454499,0
16424,0.3579739799443937,1
14179,0.14748202786845355,0
12930,0.4984617440237047,1
29374,0.24343841334875033,0
11706,0.12861283280353128,0
27295,0.27082180037868075,0
29999,0.1931789220882751,0
27889,0.6997194670854366,1
27802,0.3284315844014318,1
18338,0.3346717802168595,1
15020,0.3765917472546878,1
10477,0.39347231754285134,1
27093,0.25551375930906767,0
18878,0.2657104175693324,0
26069,0.5687959286760048,1
14601,0.1963435241906791,0
12236,0.36330268652530023,1
19998,0.6172112886927118,1
17251,0.1313664126795822,0
23362,0.3267876997502971,1
29776,0.11417653376924065,0
21908,0.25311722911395956,0
16336,0.27535749506486856,0
29664,0.3732410541697351,1
28376,0.44017119130701315,1
27673,0.4343494884622151,1
18834,0.1868146012779381,0
18029,0.23192573155094237,0
12827,0.47699522866465943,1
14635,0.41466200151024346,1
14287,0.3381200141643665,1
19560,0.6965966965074385,1
13069,0.512889736409368,1
28081,0.3051508200462049,1
13112,0.42658471628260697,1
13214,0.25740539227216563,0
10971,0.26438443974151876,0
29535,0.40032511294769296,1
12035,0.26874571962877886,0
20352,0.3126001361543631,1
28556,0.2807136417685073,0
17669,0.21380464026189944,0
13573,0.16705695757588399,0
25018,0.2724034240306896,0
26511,0.20792296211958797,0
27908,0.726264319151549,1
19092,0.4608310997163904,1
28988,0.3954293349338376,1
29221,0.417511410594561,1
18577,0.21591106588949205,0
16757,0.12693355214047788,0
29138,0.8008797755330668,1
18772,0.22930045437799376,0
26384,0.3850361261346296,1
21805,0.14968045699728436,0
25469,0.138309375309489,0
19126,0.3738200034014927,1
13367,0.260187062310242,0
28261,0.5324645505125949,1
27067,0.434605248900779,1
23411,0.34812790471669236,1
24098,0.32984892809813415,1
26659,0.36753750389151546,1
22190,0.18926497257314331,0
29292,0.3366024461029261,1
10734,0.39625178402469297,1
24533,0.19897424317435278,0
28894,0.15754431674289182,0
26471,0.7313714183442344,1
28032,0.6287578755908989,1
12949,0.1285669459611851,0
28780,0.2626870661966439,0
16585,0.19706022226784178,0
15554,0.30648365307834374,1
12118,0.20591024181285986,0
26244,0.17768700682391717,0
28726,0.14667046719411997,0
25977,0.7002790749770684,1
23790,0.21420621036585,0
26942,0.3787742627567486,1
13861,0.18227359605222265,0
14795,0.4474006226980711,1
16071,0.22817531121799078,0
28241,0.2054397754188602,0
21092,0.19505828682651383,0
22835,0.16966616637356463,0
26484,0.24012621385197588,0
28295,0.2694247296935011,0
15032,0.3862025291686882,1
26945,0.2298433624203041,0
13243,0.2723834552747667,0
16142,0.26094926498807863,0
26267,0.4792073329151166,1
17269,0.24158243337279617,0
21466,0.25762181960790803,0
14376,0.45424243345514587,1
16282,0.6027363938132945,1
11442,0.1557729059642229,0
12387,0.6187399836635495,1
16046,0.29182778540932797,0
28569,0.344162568064135,1
13700,0.29702893412554876,0
17560,0.21181183110671012,0
27574,0.21801636155800844,0
13799,0.13246260305425428,0
12215,0.1770971920947829,0
20448,0.4460877427724104,1
13822,0.18796693078453489,0
22610,0.29328065912815376,0
28006,0.2453845252484939,0
17404,0.20382808224431223,0
23401,0.48239852254960536,1
17595,0.13856635706952736,0
14266,0.345933093505153,1
27201,0.14761292916818883,0
26581,0.24201183164277096,0
22263,0.12506897354302118,0
17590,0.18860572558918082,0
17454,0.1643690873168711,0
15771,0.645571616681867,1
19368,0.20574290057020064,0
16003,0.39766823403201396,1
16707,0.2631365536237818,0
14744,0.3561704270545097,1
18189,0.17507892891081442,0
12146,0.49100239862442707,1
12795,0.32377688349615785,1
10922,0.4001562424668367,1
11087,0.26751550164086196,0
22643,0.30440354400460684,0
11839,0.5889604775921208,1
23619,0.1445110146530702,0
17304,0.1843456067894697,0
20049,0.1524936125481795,0
10978,0.32800487085573593,1
16660,0.3010283608953254,0
26021,0.2647779120223459,0
20441,0.31778991582040067,1
24877,0.2278751311188565,0
10652,0.5416594207916692,1
17199,0.6568342975581287,1
15275,0.4462624555750171,1
29319,0.19009848949487243,0
11363,0.15821054621130715,0
19843,0.17794084600570484,0
14820,0.2070809130093551,0
14220,0.28313631232794495,0
16880,0.19994837901599696,0
18655,0.17042272773712014,0
13475,0.2289996001406932,0
27188,0.2799517548786517,0
15117,0.46230604959342797,1
17976,0.47887774191618615,1
17518,0.18631122282056775,0
24237,0.21607668104263317,0
15439,0.1972241561089511,0
11289,0.21274098082025217,0
28034,0.7324020779702417,1
18547,0.2267420662241756,0
21800,0.4195801050900344,1
20173,0.1756610840937816,0
27224,0.37077901128173557,1
20978,0.42414810074470755,1
28614,0.35342923799985776,1
15551,0.3551480484280368,1
28158,0.3105740967845027,1
27799,0.16804529557889603,0
16881,0.2337475910310537,0
21861,0.2274223775512529,0
12989,0.37913786956384676,1
24675,0.3158454652949382,1
15955,0.13012591260523573,0
13264,0.33688123398783304,1
10328,0.6120991796469291,1
16425,0.28861116355268696,0
19615,0.24718988676679618,0
27063,0.2913839164586798,0
17718,0.24122045199215963,0
27131,0.40613008411143176,1
11808,0.1634376244727402,0
15023,0.19577660738144034,0
20014,0.35780259160358335,1
23928,0.36298097570057425,1
19561,0.34040620569559854,1
27324,0.2461706637838336,0
26271,0.7089344735708847,1
11384,0.15082894453976775,0
13473,0.3102494644520721,1
29901,0.16710399571581197,0
12151,0.13113881236771063,0
15503,0.28882121767210206,0
21336,0.23802340655692458,0
25217,0.20106010517078507,0
19712,0.12012799495582982,0
12753,0.15608651886918443,0
11713,0.5934643349350722,1
23656,0.3928236882815064,1
24690,0.16386984233334057,0
28180,0.2779940325116683,0
21751,0.14463413611898948,0
26657,0.3985551166566603,1
23349,0.3666927947860792,1
24130,0.24308257629689609,0
24728,0.15460375241528354,0
29674,0.4931708988070231,1
14526,0.12616149652347433,0
10170,0.456261674754424,1
14673,0.6964233502750082,1
16502,0.262085876781728,0
12879,0.28824076768950857,0
16064,0.259429317092172,0
27288,0.26766054986707355,0
21956,0.21194899050912688,0
20952,0.5542123726370356,1
20390,0.3366316468036012,1
23658,0.1344528213388732,0
16137,0.43739009007940644,1
20302,0.3158452488178993,1
15938,0.21716339670076137,0
21885,0.22735966297120208,0
22295,0.35409401519360906,1
13324,0.15291227738311286,0
24830,0.3306607888923509,1
13471,0.13758452391435322,0
23399,0.27950598969715845,0
22786,0.22981188235051114,0
26972,0.3449766365522243,1
20382,0.19057291786430236,0
28247,0.20183861230216954,0
15569,0.2722304762442801,0
10138,0.16944002545397083,0
17030,0.4785939361030936,1
19424,0.2185028894645056,0
19842,0.15517242048166455,0
15226,0.3043191236202493,0
22713,0.7330074754253073,1
19752,0.2562716384504031,0
17766,0.1616897142635502,0
18049,0.3199284800904376,1
12141,0.5898487567805949,1
13001,0.16086778483775532,0
14739,0.22528349025199024,0
29656,0.2513042278440481,0
17949,0.3026243796462543,0
14442,0.2038898500491619,0
17474,0.2956499316832899,0
16670,0.38129269287761813,1
16550,0.22226157458652665,0
14353,0.28003945742154385,0
11398,0.34119614874022813,1
28872,0.13914525057049867,0
12142,0.21752886458277734,0
28514,0.2365060337560388,0
20964,0.6478121243780016,1
21786,0.7161446850537582,1
23605,0.5371805827244317,1
21814,0.5088847364240497,1
21851,0.3880621505437512,1
14615,0.3613938668347113,1
26641,0.16185713470480928,0
29874,0.3636811333345369,1
27697,0.2785055882084548,0
28706,0.5241739851754667,1
16836,0.16885420528872006,0
21388,0.7793468528242034,1
26504,0.474290991756096,1
12313,0.21790410221614712,0
14198,0.5400689491637329,1
23588,0.17351892082521259,0
28465,0.6763208895178053,1
14829,0.39196855490044114,1
15200,0.2155056291281446,0
23028,0.3183469768428311,1
18543,0.3278020933689639,1
16226,0.29102850600487773,0
14389,0.18031044310150496,0
21056,0.2352534811098811,0
22455,0.19717872709083864,0
29071,0.4036693919962807,1
21678,0.2243328155104608,0
22010,0.3686725889180326,1
18087,0.1929103734773503,0
25995,0.3197194117325619,1
10715,0.25025725316338054,0
15668,0.2229675244894332,0
29992,0.1826085104189572,0
22536,0.22339347056166464,0
27300,0.307993700867304,1
22645,0.2569789791267341,0
12677,0.74791239488941,1
26530,0.18084712037653952,0
25552,0.14697608995330655,0
10007,0.3338698897647562,1
12911,0.31666793721625874,1
15633,0.2537751994656731,0
21551,0.6237215640296039,1
18349,0.5072076968744972,1
20581,0.7229330500818143,1
12555,0.4624685278825691,1
14547,0.4841554252821492,1
24413,0.19397469804710704,0
25913,0.2160739568029913,0
19896,0.37780404327670536,1
20720,0.25773272878012704,0
27386,0.3470031242156195,1
27017,0.12540610896755805,0
21936,0.5332681103790982,1
26986,0.1964166319846038,0
11024,0.49625824365583604,1
29446,0.37869830550986994,1
25484,0.20154731651039556,0
29398,0.5115552159417834,1
12248,0.623484597677972,1
17286,0.21200896345512338,0
23707,0.2718922469900044,0
21147,0.15175654897635388,0
23056,0.11785376423130894,0
21044,0.3091057021349612,1
14280,0.4584659945257197,1
15360,0.34899953984637977,1
18154,0.20761132731776635,0
16955,0.4795298315630221,1
21434,0.2589946426213302,0
24477,0.2593577851445731,0
24314,0.24401236951988292,0
27811,0.6378807504463438,1
19774,0.2884628584900162,0
12112,0.6227311349963236,1
12877,0.2496276698410656,0
18507,0.2528907468048786,0
19730,0.5552424305809708,1
13205,0.4247983818730887,1
14942,0.7424457552813027,1
14464,0.13818448562320487,0
18125,0.14151078859718358,0
23153,0.40460026703368523,1
10559,0.22323044901240713,0
22288,0.29917045565147055,0
13618,0.24947497348758174,0
15334,0.4841634796220513,1
23741,0.5595384983027957,1
18478,0.2844653033045917,0
14167,0.350198166933518,1
28510,0.43530229396571296,1
22142,0.2371378393540861,0
17701,0.14932150995517882,0
15217,0.17914620772798626,0
16620,0.12288693180575765,0
12797,0.2228531133303307,0
25697,0.19314489256618333,0
22891,0.32649189672372425,1
14154,0.19611203550097453,0
17627,0.34315839394507286,1
29009,0.31934819871116343,1
27025,0.12162593472132326,0
21283,0.279806070203013,0
25101,0.12352185373664948,0
14443,0.2621986390031488,0
27742,0.15275146081679414,0
28400,0.19827119722279635,0
19061,0.3174691474505401,1
22152,0.23731331954375012,0
12352,0.33742993569571605,1
29366,0.16043477797055386,0
15338,0.33393406998276076,1
20970,0.44420048571832615,1
16120,0.1605884533576751,0
12725,0.43045817127093733,1
16591,0.23836495512249736,0
17650,0.16216854004359732,0
11870,0.14611177050930857,0
26902,0.7648362627916255,1
20837,0.17492443564529817,0
29375,0.22281383254285878,0
23295,0.19192553192929548,0
16423,0.4328186772982528,1
18165,0.15859806638424298,0
11200,0.5496327468793129,1
13166,0.15837448818901856,0
23882,0.23728589300739372,0
24426,0.43764489930802175,1
23845,0.3150871361624578,1
27490,0.15292274189658522,0
10716,0.2428349478882129,0
13636,0.18729556824503668,0
22981,0.24564179730402938,0
26509,0.4789291366548081,1
23902,0.39458998987625776,1
13703,0.25084042452432587,0
10362,0.7110078123318307,1
13116,0.648591976567411,1
28879,0.15098843015833402,0
21757,0.14377592188543586,0
14297,0.7007066956979171,1
22149,0.6663279083288288,1
13490,0.2149078224809344,0
28339,0.1612223373121493,0
14246,0.2215672565744629,0
13590,0.48570694952662374,1
12761,0.2018067081776884,0
18658,0.17801218850680905,0
21797,0.2915758027132797,0
17021,0.17338708152065085,0
11158,0.30671211102534884,1
14825,0.1206187874995197,0
29644,0.2931521563198263,0
10461,0.20033581221456906,0
24676,0.19512959388963666,0
27943,0.17762825795954784,0
16242,0.36094581660195724,1
10292,0.39119590868958726,1
17704,0.21320258116103524,0
20871,0.15936217306537975,0
16135,0.30270304228031275,0
27376,0.25903267424413207,0
23803,0.36532177054501747,1
27753,0.3294635551348208,1
16269,0.14186234865554276,0
28386,0.4445585292077265,1
14326,0.6537652325158371,1
18597,0.17270161870068104,0
24973,0.6319875102959075,1
22658,0.31509829231943626,1
12688,0.2396155430959117,0
24315,0.3543137680049367,1
28653,0.32274291492202944,1
16247,0.2372378660583067,0
13683,0.2296321592492124,0
27577,0.10865321889142102,0
23389,0.15803584899831305,0
12280,0.5330636356657753,1
17649,0.13910622077380577,0
16194,0.2293497041382352,0
19653,0.14741465203932674,0
14979,0.32297141450476846,1
18629,0.18884003235060173,0
24506,0.3040696723145008,0
29400,0.21753502486650583,0
29494,0.1644493542207353,0
20332,0.6141743579669589,1
10231,0.3127354071015962,1
21823,0.16210708552813569,0
29764,0.29627284529232306,0
13257,0.15977853669716255,0
21456,0.3036542615920891,0
28619,0.534840548035302,1
22322,0.1659304824068437,0
26116,0.590005317482503,1
20900,0.4446824141084997,1
13411,0.1608919525821695,0
26694,0.5495117799825137,1
12617,0.31017714762283516,1
15886,0.3107324036947701,1
20597,0.22797537599040144,0
28880,0.1947650509723409,0
14740,0.14305748483642639,0
24510,0.2164345761354132,0
26774,0.22340224500099182,0
16811,0.21871769487213075,0
15204,0.20053829508777832,0
29466,0.6919607764307988,1
20171,0.3443792920434753,1
13288,0.3458031111562558,1
26000,0.4331678831081665,1
23695,0.2502006018071094,0
13708,0.36063154168212674,1
12782,0.2530699598810166,0
14973,0.21465695234816443,0
16867,0.13665340527239211,0
18526,0.3033018876277586,0
20228,0.17703190139348227,0
14463,0.5048572786496044,1
13049,0.6167107829400075,1
19559,0.16876167997329802,0
21223,0.14692960012597547,0
28332,0.772672309667233,1
19234,0.2312482249681233,0
23079,0.33363961092808386,1
18092,0.21120889474953075,0
23465,0.22440139657732472,0
19540,0.17861211271032734,0
20415,0.19717591574314114,0
18242,0.25903096408290444,0
16832,0.3293374608047086,1
23838,0.14157468325331615,0
21947,0.2696582545226479,0
29170,0.2694137373124466,0
21558,0.1860041486173138,0
23175,0.4770901546546495,1
21437,0.276107421112532,0
14231,0.48218268961539845,1
27684,0.24825846485240083,0
24773,0.23213264216332183,0
28003,0.24552240658122537,0
11958,0.4875115559553153,1
10488,0.2068797400918464,0
26948,0.421695183297405,1
17699,0.15753818824335153,0
12513,0.14436037126042486,0
18452,0.23721305880513022,0
19792,0.3301225810857307,1
19699,0.1553001443867583,0
26688,0.3786679578208083,1
29113,0.28957937136583345,0
23192,0.1267682855681404,0
19539,0.2433662715552084,0
18859,0.6183707681185212,1
19399,0.29947460621193606,0
28962,0.46740578164292484,1
27865,0.22871055488233055,0
24387,0.22675530003262823,0
27132,0.3581323790367607,1
11021,0.1360532963381371,0
25961,0.36969528592229034,1
15183,0.31459150314431034,1
14849,0.36078276123506087,1
20290,0.5410315428554926,1
18504,0.23948699583898325,0
19799,0.29326158883875364,0
24453,0.27471541894850315,0
16492,0.5087969509449937,1
22104,0.17347534216073193,0
25340,0.4660431663930357,1
25562,0.3547756235565162,1
10135,0.16788568214296984,0
21900,0.2815058752472483,0
19163,0.3270857345915301,1
16267,0.19270324202704067,0
14206,0.24687556740285108,0
22064,0.5386841954245595,1
26443,0.2577751430005984,0
18127,0.223830924520093,0
28443,0.15651207584249757,0
25215,0.17288838267624085,0
28765,0.29320621847656275,0
14681,0.20499169915143153,0
17509,0.5201430500510051,1
28029,0.2538127358133491,0
15504,0.4594104750414186,1
10486,0.2826137292900453,0
21237,0.2577480750385792,0
10968,0.1511170962966394,0
21458,0.2435398975262094,0
16070,0.28315855024063163,0
19454,0.3466644931624724,1
15355,0.5930043539299799,1
22095,0.17051437262897223,0
26933,0.3913417444057807,1
12226,0.5382953074715318,1
23642,0.396942927766793,1
15759,0.22542000504557735,0
20147,0.2537031319972885,0
22444,0.6399744498681492,1
23186,0.4460871932206773,1
16207,0.3336112885298622,1
16057,0.3812912400823682,1
16254,0.2811466600996929,0
20535,0.3698693427580857,1
20348,0.3406920788919276,1
23339,0.5171825467852448,1
15351,0.5211540999231492,1
13965,0.3470256667767204,1
22768,0.38121307238920965,1
25643,0.4534980216951924,1
20316,0.21940432721553277,0
27177,0.5816888588388283,1
21141,0.22741443910507697,0
13486,0.5961543209288629,1
17262,0.1725885627674506,0
19348,0.2105487783820887,0
16212,0.8344976654632164,1
15526,0.47007981004982285,1
21613,0.3320644112334554,1
26219,0.41157147648732395,1
10602,0.6552251703449156,1
13509,0.6635254646149167,1
20141,0.33342327634392843,1
15772,0.14756612806163324,0
12857,0.2338426624622912,0
14955,0.270139879369557,0
22611,0.31946621993742713,1
12168,0.17638765662020645,0
12413,0.36324995283020817,1
17387,0.1559748121589719,0
27831,0.3859217521607581,1
15101,0.24546240039508493,0
26047,0.16502026359120484,0
23081,0.23516564413481775,0
21592,0.6409359852864309,1
15976,0.27116261462217817,0
10742,0.32665250369418275,1
10412,0.25378059783307716,0
24067,0.18629115801093082,0
26693,0.24607564049892755,0
19410,0.17739082297233674,0
26638,0.39201666069568725,1
17502,0.5996752835313983,1
13231,0.40832774799091504,1
13106,0.13006694057306795,0
13209,0.28088924844148394,0
12076,0.4156893669497107,1
21477,0.13188802941791772,0
13266,0.3128255635762706,1
27674,0.6289356048041678,1
12678,0.16484226711566352,0
21177,0.3653562193973912,1
28769,0.2389269839577031,0
14490,0.23757993128178131,0
20827,0.21306388056300332,0
27719,0.5954509320497798,1
10287,0.17011454372882273,0
11324,0.37576312828740593,1
12625,0.16431743710339358,0
20114,0.3540372598451638,1
12517,0.6406902086237062,1
10073,0.24445048581726678,0
29571,0.23930896388927708,0
10411,0.482796708444348,1
17882,0.5999458079953985,1
13144,0.15523176225604915,0
17450,0.17004650822409015,0
26357,0.46803779481931496,1
25816,0.4371813290466626,1
16917,0.1524808650435901,0
22078,0.30231464987441803,0
18388,0.81832077580074,1
22017,0.35597217413747434,1
18671,0.3018476696183004,0
21353,0.2987215679706071,0
15231,0.3080061509356449,1
15859,0.31117828228617916,1
29240,0.23448666150310576,0
21250,0.15266686139203545,0
18630,0.19150576581877132,0
20631,0.11637149492414116,0
28859,0.5538869844059645,1
12299,0.24893886127122503,0
25300,0.1769442731790806,0
26414,0.2909835000793499,0
15332,0.379708439959626,1
29667,0.25337109945714126,0
17349,0.36761961581470853,1
12586,0.2397305802975059,0
15763,0.4644144300209185,1
26680,0.23398249569030377,0
23724,0.6342215306932484,1
11072,0.13965989519949842,0
13756,0.21186551880159704,0
16229,0.41869268764220985,1
25822,0.2476718342752605,0
20732,0.17956553234426179,0
14772,0.5058590063041071,1
28699,0.34115327627032566,1
24121,0.2542040048090314,0
25268,0.11426098658513517,0
19397,0.49097931577413906,1
16731,0.24948385365424797,0
13634,0.6061614319202936,1
17773,0.3908063053107745,1
22668,0.21223991882284024,0
28938,0.5276946720357709,1
22406,0.19499924577499914,0
25809,0.15182956390527946,0
24238,0.630121222109697,1
26821,0.23185437515096893,0
21574,0.301603093684111,0
11732,0.10601374404322328,0
18240,0.3924855106686809,1
29315,0.39944259700090196,1
10698,0.2795383634567028,0
11006,0.27095697239460775,0
21513,0.2636528364420729,0
18060,0.402051725128951,1
23020,0.2533031762078772,0
22388,0.3650607480972229,1
15788,0.22756085439580434,0
22126,0.28308975649365165,0
19173,0.24640264646466192,0
11030,0.5201395911945519,1
22807,0.15123371981537825,0
17792,0.3471567557591451,1
12936,0.38040126900668647,1
19215,0.6018884698202995,1
21763,0.5083282579126106,1
23313,0.15375051628552558,0
22103,0.2991970770386824,0
22125,0.6270931939383021,1
26764,0.16781771828567077,0
17429,0.3624374531840385,1
27495,0.1858293230092176,0
28111,0.23473739264862606,0
20313,0.6035185124376831,1
12102,0.20491467511768627,0
25462,0.20601187871753993,0
10102,0.3809538931876089,1
21106,0.10771924974905275,0
19682,0.2502887707191918,0
21809,0.43304071486784246,1
14575,0.23657332726514177,0
28736,0.15377164472132035,0
17514,0.22697773516031433,0
18280,0.40133521840052766,1
23374,0.34367886715952317,1
13847,0.4682680238966848,1
11665,0.4161366232220111,1
29613,0.20362626247061377,0
23603,0.34351744280306107,1
11477,0.523420747735458,1
23537,0.22313317902897012,0
17810,0.2128994906512947,0
26937,0.20934897117292264,0
10636,0.30058378385723744,0
10818,0.5479822138778684,1
27481,0.18658214804568968,0
21454,0.23756459655929743,0
29804,0.16494422990578933,0
25204,0.34245534774855063,1
24718,0.2160975533816111,0
26877,0.2935723726751765,0
14557,0.20149555364367533,0
10708,0.2508070126509874,0
21935,0.13755609883607936,0
17020,0.38705027862940944,1
28918,0.7608969735345787,1
29641,0.23053938701031934,0
10725,0.2200328348474614,0
13579,0.20560165538561515,0
15702,0.3916506434278408,1
10837,0.24485459991763078,0
23925,0.21497740665567586,0
17403,0.420329745540814,1
19401,0.17797104101459096,0
14903,0.4938366402315322,1
14541,0.1549386820395499,0
25366,0.24145791007822545,0
25532,0.2548418516410837,0
17322,0.29857147189022387,0
18179,0.22599401151715995,0
23550,0.38703692422165126,1
17569,0.23465392222553902,0
13234,0.2862570572482149,0
11159,0.2713507561914052,0
21136,0.2973730914951594,0
23960,0.2648719606648383,0
14014,0.2011820656233619,0
22614,0.33405231259920426,1
14149,0.21717790020259173,0
10124,0.17244156403234914,0
11248,0.17438668257467962,0
10821,0.2754463102131578,0
27972,0.5240937190264494,1
23170,0.3207868599395377,1
14035,0.36908842564986966,1
20163,0.3687010773231316,1
24266,0.458063137664865,1
14412,0.5905961685938462,1
19427,0.1312462061753202,0
28153,0.32785239294450946,1
21209,0.7439459658890989,1
16789,0.4117436184282877,1
20916,0.3538300848139761,1
28478,0.22181058149248367,0
13754,0.2613006209998956,0
12910,0.14130913643314005,0
14476,0.2479699243488637,0
19586,0.5360180208648403,1
18440,0.44483372926615317,1
26823,0.2468444138681243,0
16649,0.2388461003322605,0
18825,0.3898916061500745,1
28533,0.13232028296649462,0
10964,0.25978330991050413,0
21271,0.4464443027894081,1
11960,0.26125576480538926,0
29941,0.3560567973851028,1
28375,0.25439081559811777,0
18992,0.25721131320014784,0
17554,0.4131892569750073,1
25222,0.23398904732960496,0
15437,0.27514977400077334,0
29364,0.444118920117298,1
20841,0.3792759018868249,1
10931,0.20419378196209773,0
15602,0.3452141845709168,1
19467,0.5813014748207105,1
18969,0.25177971857475007,0
24077,0.27833390141879955,0
25352,0.35645771891272465,1
12153,0.652374040931394,1
23607,0.41815282185273506,1
22108,0.7265819272220975,1
10928,0.265916213130743,0
29431,0.36124244284103424,1
13975,0.22640132949850092,0
26628,0.19893015892611016,0
14102,0.4724520700315921,1
12768,0.7069492983547707,1
13949,0.6775662960120847,1
28444,0.2730290700557044,0
18352,0.15715126864045437,0
17692,0.252818339736751,0
21722,0.1352045654481145,0
24546,0.17511139190554498,0
25514,0.6607690154727408,1
27896,0.44466336477319784,1
19640,0.2381354165728483,0
28934,0.225054129671591,0
25332,0.13960454154913277,0
22731,0.37480801746002124,1
13704,0.32880330937671165,1
14597,0.2858139654122962,0
18827,0.22850805392553186,0
27296,0.5363156314229087,1
24056,0.5623807124346205,1
12886,0.30154482595797855,0
14528,0.37111613197631527,1
13019,0.3490301275821867,1
18836,0.24345712318191778,0
26661,0.48351115572723197,1
17822,0.24973629846523823,0
23500,0.3608879394704292,1
14610,0.46376245271578037,1
15208,0.37497297646901373,1
16224,0.4196987268807133,1
25330,0.21819201788722362,0
28482,0.2407639813438471,0
17169,0.229172177826095,0
24214,0.14623759822551013,0
14573,0.1344202977054077,0
28292,0.3327462959425885,1
21020,0.24066588642087908,0
16584,0.48530101099674705,1
22287,0.12766519440413943,0
22986,0.15671247890090703,0
25066,0.16595020025712823,0
18030,0.22337129968309172,0
26550,0.13669921358573695,0
25020,0.16314725919393078,0
13617,0.4234329860736918,1
27503,0.22519055567814858,0
19439,0.11323370356957224,0
21326,0.6800023375732375,1
13922,0.29765609848792635,0
23083,0.2448070585930114,0
22148,0.18464843901588365,0
17535,0.2634162715083918,0
16736,0.4091494342378846,1
22224,0.2660558141764494,0
12679,0.4523562920676753,1
11558,0.25028122881381015,0
28809,0.23422495268341187,0
21767,0.262866885002775,0
21505,0.13223024024576394,0
18571,0.37243176714605597,1
25231,0.15770042584933625,0
20128,0.34681463394582845,1
19087,0.42363589965254367,1
22909,0.253769085280404,0
27055,0.5730068256028308,1
20037,0.2697548377096899,0
20133,0.222773274831189,0
24763,0.4843877541161516,1
21402,0.17433411056120598,0
13795,0.10243705510568844,0
24896,0.20023347140043046,0
27776,0.2540688014600463,0
29744,0.3834570531060289,1
23306,0.3598979459670567,1
26400,0.24489283197812955,0
24103,0.7204465136693246,1
26429,0.4262639677653706,1
21045,0.4143263897056594,1
21447,0.22830995362568915,0
11698,0.36701649791661695,1
24330,0.3991611983583297,1
25590,0.33178703750728766,1
27531,0.3067520328089048,1
16443,0.3299125463146175,1
24578,0.18773209086811238,0
27633,0.1618214272734537,0
11067,0.17712198517884722,0
20664,0.8347973730469564,1
17067,0.16075060778517875,0
22926,0.23521694624044495,0
26541,0.2814532712604397,0
17396,0.3810708813963565,1
10736,0.33659453579323523,1
12440,0.1742197192871363,0
26740,0.1912960082652377,0
12499,0.3448273159645858,1
25143,0.19336472843014715,0
19888,0.15361536609260562,0
12137,0.23619788627594498,0
11699,0.243399786699651,0
14044,0.5168786567640478,1
14519,0.352506628167273,1
12040,0.33334199013266697,1
19464,0.44083716548921154,1
12361,0.18911543046514892,0
26196,0.31492559667489756,1
14329,0.38286988006903017,1
17583,0.3103388069345576,1
24516,0.30974485222982484,1
14752,0.19612756083392205,0
23431,0.23950054038561958,0
16341,0.22237298005409126,0
24654,0.5752748142008041,1
25405,0.409650974956605,1
16491,0.2284541563019924,0
14111,0.423738008604605,1
28908,0.3411352325174638,1
14046,0.36958988637896284,1
16914,0.8135802577685588,1
11220,0.3387532565152039,1
14967,0.14214017922071379,0
23944,0.5735251677081704,1
23789,0.3554599696595386,1
17102,0.15540020128898802,0
24549,0.5240658578789242,1
22734,0.49782812526126846,1
13533,0.21819746765271716,0
26564,0.29186659444154955,0
15672,0.273783557766956,0
23219,0.18452947416793464,0
20691,0.3613805502531373,1
27231,0.7177573624316669,1
23943,0.30459168502674294,0
27597,0.18717826332253623,0
26949,0.2192284047478785,0
26946,0.21090955717651808,0
13126,0.19469283931591705,0
12047,0.3068039327406884,1
17682,0.13582169482986156,0
15598,0.2352914918801405,0
22260,0.3190222436114062,1
29919,0.47068731530123065,1
25023,0.2982830366308784,0
19684,0.20137658631482439,0
27738,0.17798686452060722,0
16347,0.20089960207096078,0
24609,0.35420873169432937,1
22888,0.5790111423624091,1
14157,0.2045189981065062,0
14654,0.23137237962055324,0
14171,0.20097776071055581,0
24468,0.45183369274335206,1
16329,0.1563262695510177,0
27041,0.16072051108062985,0
12969,0.23541151317824507,0
16021,0.1807271884327486,0
15408,0.22755839669370886,0
27857,0.1301675403177928,0
24311,0.25151053474333607,0
18404,0.15385013325557995,0
17469,0.17336941643983336,0
21291,0.39647814281091553,1
23823,0.37074235983525644,1
11027,0.33050486349595287,1
17139,0.1713308792996823,0
26872,0.3083544345901966,1
28045,0.14458305519664338,0
24459,0.22291676755970008,0
28887,0.49326142133273515,1
22074,0.2714426949787276,0
14050,0.13071807424791562,0
28951,0.12865253464180904,0
20882,0.18395109224359024,0
27455,0.2539440418451099,0
22670,0.2454539922607625,0
26603,0.25443734927419537,0
29637,0.6546205188244948,1
28041,0.26594784041029373,0
28215,0.14614018510950552,0
20366,0.43990125637212774,1
26239,0.12565026089802653,0
26451,0.3571881490292762,1
21580,0.1464449321675083,0
19432,0.2687035147503934,0
28266,0.14068115257896951,0
21180,0.19003764003602877,0
10632,0.25492836600966395,0
27548,0.14182658365041956,0
28342,0.13983343055244682,0
11120,0.11164486710641015,0
12291,0.3158900627478782,1
25617,0.281587093157515,0
22982,0.21417725498811924,0
15490,0.14880110939362826,0
21624,0.45839118923876615,1
12185,0.41768693369575477,1
13315,0.49469601188584883,1
24904,0.15800054657528684,0
22417,0.18440163047181626,0
26247,0.2599235168052321,0
10275,0.6850906360108111,1
21328,0.5235554786157632,1
24733,0.525148277525528,1
11805,0.36737119495453324,1
16180,0.48016873179969266,1
22164,0.1376427996965041,0
21320,0.6352518942674894,1
18887,0.19587406240207283,0
16963,0.41252036635962774,1
21424,0.16238748913352224,0
28637,0.4213523571517078,1
20513,0.4054239254289139,1
11777,0.3691320973360375,1
24808,0.162249265946894,0
22057,0.3504225373922999,1
12702,0.2914648531730524,0
19367,0.6427133776886225,1
16563,0.1372473253078263,0
24050,0.35137721780971026,1
29109,0.62293793699078,1
16468,0.49746742058236304,1
10286,0.5680844433158784,1
14270,0.40076190761827446,1
14578,0.28470908914970117,0
17662,0.271774761291138,0
21049,0.4425511848994112,1
25109,0.2212227795384758,0
16368,0.24086862764080746,0
28557,0.3429979723902588,1
10550,0.13388283076986948,0
25285,0.5363466684540542,1
28525,0.29803461494462485,0
27777,0.7298430636393444,1
16683,0.7322279961464537,1
24921,0.27665462372783783,0
28067,0.47355392273406083,1
15916,0.5366668843387108,1
13024,0.1600233985188658,0
29587,0.704076131683884,1
15196,0.21679783922250814,0
28171,0.5369692635408947,1
21238,0.39654224355464146,1
22155,0.4830095299669769,1
18648,0.19869594299915383,0
20713,0.2519162654624638,0
12068,0.3443566104949149,1
23832,0.4212992498731631,1
13170,0.34794271871605476,1
28679,0.26786937250769793,0
19465,0.4880761625277997,1
27805,0.19103716136504953,0
24444,0.2400092382623014,0
28028,0.24580185575194122,0
18620,0.21884244544198683,0
23515,0.14303415102388134,0
20412,0.3305342269878388,1
26215,0.21411381326560067,0
18050,0.21799526809855777,0
11359,0.31979573551444773,1
16276,0.5359645404891736,1
19443,0.1987224842329091,0
13395,0.15094295156382517,0
27656,0.3403037258533872,1
12256,0.3396594521058713,1
13503,0.39196558644920526,1
15082,0.2907145199922775,0
15585,0.17803224400637482,0
16642,0.4887849093740955,1
16291,0.2176020306724532,0
19361,0.2668487141997768,0
22033,0.2267790480505172,0
20629,0.13452884189352526,0
21403,0.7038243680298374,1
15928,0.3646891091941604,1
17933,0.20011671937690964,0
26893,0.17521783870331537,0
18273,0.4252465600068297,1
25608,0.27060533589693364,0
23819,0.46753378539850643,1
15654,0.3904526310700336,1
24782,0.44688559571097275,1
16246,0.19350503707582814,0
25594,0.23130684560688036,0
15573,0.4220621589361688,1
14319,0.16690967928263947,0
10050,0.3322565525817871,1
19493,0.12461719078948956,0
18172,0.24240791674865889,0
16625,0.13108401313257217,0
16632,0.4626920912317818,1
14161,0.21303315078507842,0
18654,0.5156400996512758,1
17104,0.3060952882103978,1
11304,0.42734853145066815,1
28987,0.5778274986359211,1
27337,0.2995094958479645,0
26184,0.3534656153144375,1
27142,0.1897379396320265,0
19255,0.1425034656751357,0
29314,0.40108724556420644,1
16292,0.3675506397932673,1
26052,0.4869791042949249,1
25497,0.1823250478449859,0
10427,0.265466831815615,0
26825,0.25179917129668417,0
19223,0.2647905795200373,0
17661,0.2225079154906568,0
26754,0.31192004614676405,1
24317,0.24751415917078767,0
14374,0.7999597530270692,1
24251,0.2862274570116648,0
25474,0.17087382577860943,0
28674,0.34549362352990454,1
18687,0.33953259428884175,1
24261,0.19540128083032715,0
27984,0.4621185221545483,1
20539,0.3972193037738204,1
29926,0.27832682195792585,0
13959,0.4363093897287168,1
16734,0.5086783915260231,1
21430,0.41785007206763003,1
25151,0.2844335982968017,0
19661,0.40458418804731067,1
10055,0.6811266566788386,1
18252,0.20913230619349324,0
28524,0.22694034329416768,0
29970,0.07294649441694631,0
24953,0.28414155343930686,0
10402,0.6802191658880407,1
14990,0.1400854004706216,0
23474,0.18581066078861241,0
13078,0.19879889144430263,0
15961,0.3052399053989077,1
22800,0.21281884095147335,0
29538,0.2462145085953786,0
13430,0.3844177469035639,1
24375,0.1873444448625613,0
14439,0.324707598506183,1
28597,0.4725165104877934,1
21083,0.3166534587906282,1
11723,0.31370406576588566,1
19232,0.16262065089450933,0
10665,0.21366220905310657,0
26496,0.26846480099032344,0
24923,0.38450727875966906,1
23577,0.23185052847524126,0
17345,0.14380965363739356,0
28866,0.14500521442124548,0
15810,0.21651720961637064,0
28364,0.23872897525094555,0
26789,0.5537340506994496,1
14848,0.6530943141281599,1
15567,0.1495020197174188,0
26338,0.4274061115251182,1
25209,0.3686088805151909,1
22065,0.512870421401954,1
19677,0.16255111761487928,0
18426,0.17717394708822284,0
29280,0.5223753779463136,1
17018,0.2722881938638702,0
17677,0.2957221467091627,0
18239,0.3212045472246752,1
20019,0.19910635128349358,0
28276,0.22670656787511553,0
10609,0.13319807471944042,0
14703,0.2523330693850226,0
26951,0.24129068537158835,0
10020,0.14280254997979788,0
26109,0.31504623597812037,1
18716,0.2255024172636416,0
17746,0.5053734063038136,1
28163,0.4174709925184626,1
20810,0.23849469135791931,0
29189,0.1190085672171923,0
13048,0.12060864420187452,0
27066,0.25676072344685114,0
12488,0.20053720406590064,0
17809,0.35836301737507575,1
24612,0.2527381573475824,0
24440,0.35868355665731805,1
24800,0.12115955028920253,0
21380,0.19143047408360497,0
24512,0.23286796785935357,0
15144,0.24238682628488384,0
25164,0.7297669491355468,1
14141,0.30020992089892423,0
13980,0.25007299485279477,0
22386,0.46745868877178104,1
18587,0.5584660263940238,1
21214,0.20460883745937905,0
23807,0.36588943228167964,1
23206,0.5456583942338202,1
22798,0.282197819852128,0
16542,0.5168158221894633,1
12959,0.17939560157447978,0
24627,0.22138839270704846,0
17898,0.23946579597651502,0
24254,0.19753927656000222,0
16877,0.5600865196622857,1
27967,0.17777556922194307,0
29617,0.36037311204578415,1
23134,0.2101246971205555,0
24357,0.3462201401338522,1
27319,0.1623569061355682,0
22418,0.2118686531936506,0
26489,0.3712473142150922,1
21765,0.1983775220241703,0
22754,0.5013373006660345,1
11984,0.2591928493907648,0
18410,0.19254772528568,0
28446,0.21129160698239918,0
14116,0.44260628335110563,1
14489,0.16782524324880188,0
25542,0.269531389576277,0
16024,0.25121143487520503,0
17794,0.17469266468852016,0
10658,0.44064783695987236,1
23516,0.2047901073381331,0
10752,0.2031208765169252,0
12082,0.5281204141625734,1
22218,0.20840869598276582,0
16062,0.4633084353508349,1
13342,0.6932624990804338,1
23038,0.4302303969868142,1
10844,0.48413462082647385,1
22759,0.3381587377673977,1
25288,0.1818942977415545,0
23563,0.3438762579578768,1
20679,0.2188314333107888,0
25131,0.4232659780717978,1
20839,0.4462139938796715,1
29159,0.18562932118669284,0
13512,0.31467310309986934,1
27256,0.30627142923848655,1
21772,0.5774934574638224,1
10554,0.6256112551672335,1
29216,0.5463586395795078,1
15884,0.2851126688510173,0
22120,0.22866561680735736,0
25840,0.2321916372154063,0
21099,0.18126634230291072,0
10577,0.21070077289305503,0
16875,0.4747771698291771,1
14462,0.415763525402144,1
24786,0.12178616993165595,0
10048,0.2541311481037263,0
16268,0.2715385299788794,0
17579,0.18953389591106592,0
18553,0.1548218421538764,0
25299,0.5977116168249198,1
14853,0.19087800402081756,0
27390,0.2319322396323716,0
11216,0.23009841672465953,0
28320,0.20010467256401937,0
11945,0.36351803798917476,1
26433,0.13820785742814978,0
11451,0.18085594138195568,0
26748,0.2331960538081555,0
15227,0.762265103288343,1
25175,0.14627997828981174,0
15047,0.2820127015849381,0
12404,0.38084250954776844,1
20665,0.2032597135571658,0
23859,0.2650836774791539,0
20437,0.33421747550050235,1
28245,0.2917824851268116,0
24322,0.1775929466545139,0
25779,0.5137092134933531,1
13705,0.1899799921644259,0
12169,0.4343017592145612,1
18787,0.5098661686561801,1
19827,0.393349915787495,1
29246,0.1497537589862563,0
16174,0.21909476060201294,0
24087,0.3914447169291213,1
20610,0.1978893756400978,0
25413,0.14810004330081256,0
22702,0.18762044739821102,0
25158,0.24836005718871332,0
11214,0.42905421612087713,1
26926,0.20484461334395496,0
16671,0.48019429100515654,1
23023,0.2936968419637708,0
27971,0.2859036519046328,0
14875,0.21559985360395487,0
15460,0.364022790539241,1
26063,0.6448263104671501,1
13208,0.20510812110970036,0
14931,0.3745574131170133,1
13354,0.310848384432225,1
10745,0.36099606684831903,1
20328,0.2008460620192526,0
15372,0.21546449656295594,0
19627,0.13051912223612325,0
28185,0.37616738514721604,1
28137,0.11802876491377892,0
27183,0.26291582377825334,0
14446,0.5493378144081646,1
14402,0.4833198580826465,1
28734,0.15488126879072422,0
13624,0.23425902728505762,0
26636,0.22026704559753363,0
10730,0.31736420547389943,1
14548,0.2893864366491309,0
11641,0.5224305310495444,1
24922,0.15698355501890865,0
24100,0.5381539724019119,1
22646,0.3206455278357097,1
10543,0.8300894711764079,1
28281,0.3504068207350824,1
22117,0.31760866411800237,1
19004,0.15400161129245407,0
10147,0.18377429735109527,0
13483,0.22017007998098917,0
29847,0.2855485404303922,0
10242,0.14345307157762263,0
17503,0.11905750286104515,0
19809,0.41120736032764904,1
28654,0.3450894706978502,1
21189,0.3942519580135097,1
20300,0.3319456410270842,1
11953,0.2131286610417463,0
15228,0.2756804096279072,0
22061,0.44056546424915405,1
11595,0.668737476679565,1
27353,0.22538070911185423,0
13920,0.4054118027702061,1
15461,0.5117488063136288,1
19431,0.19921612289849622,0
29541,0.629776654827167,1
24439,0.231245889901495,0
18823,0.82662346039859,1
23689,0.43692945879356776,1
25844,0.24742818811696557,0
12079,0.21435328272856807,0
26122,0.36064792801202994,1
19478,0.3582518667499245,1
24285,0.3879191603711727,1
17781,0.5511222237467617,1
26492,0.276386820228262,0
10001,0.11268522153464056,0
16410,0.35720968369789874,1
18761,0.5169803136047106,1
20194,0.4062546591950543,1
22355,0.23689963902953848,0
12145,0.3456650507828928,1
28279,0.3285212762258824,1
17950,0.15318057501051952,0
25757,0.43298329171626776,1
23955,0.35250924378991494,1
12067,0.7191392814941401,1
23031,0.291978979753713,0
16892,0.13860518233963573,0
13504,0.18938456427038616,0
12272,0.5630047880068713,1
17328,0.17956260844619568,0
15469,0.23877423891418698,0
13269,0.1847067277352417,0
26058,0.7428196874875089,1
16138,0.42856198498200065,1
22054,0.3551366393296797,1
15305,0.2826627445558994,0
24419,0.6726934814038337,1
29684,0.37295550193679444,1
25316,0.11497981202595867,0
18701,0.12742349086589,0
17222,0.287550503816664,0
16662,0.27563591246619895,0
22240,0.14996907049173605,0
14823,0.3425653555320794,1
28350,0.19480850482156167,0
16665,0.4306885803850289,1
13422,0.4190824522215998,1
19072,0.47262739369255535,1
29626,0.428985234069375,1
29281,0.16570419651541446,0
29325,0.3206445701291782,1
14253,0.25409254244134394,0
26428,0.3876987394708957,1
27604,0.2996455944797682,0
19339,0.3386182583225903,1
22760,0.2271988231556049,0
27486,0.20717908007706218,0
26266,0.3645367663559443,1
13994,0.1424034123230694,0
16613,0.3506863857949569,1
22650,0.43460032707981594,1
18162,0.1660807530923716,0
13657,0.3597681267469062,1
16236,0.15636155366078944,0
21649,0.23798217769654195,0
16069,0.23552415470426247,0
17302,0.3018833025722536,0
17277,0.6860069540978573,1
14721,0.24214066923929753,0
11176,0.21281320983867627,0
20520,0.28816814530404616,0
24579,0.22134631097574903,0
22607,0.5950976280958706,1
24573,0.24766671461488393,0
14886,0.3748620558236513,1
14872,0.1838394666951923,0
23974,0.2671508812361175,0
29758,0.18707563632202304,0
20558,0.13220148883465,0
18508,0.28980835069524546,0
26656,0.2972492209842633,0
24075,0.21868043454334776,0
17287,0.18096657767980295,0
26843,0.12055763093646024,0
18375,0.33094334647413376,1
18847,0.19517266622577886,0
14768,0.26406568912132594,0
23975,0.7416857551066282,1
14606,0.6602090789787597,1
18844,0.215674392927727,0
15380,0.20486235388845947,0
11167,0.1591388470669824,0
16587,0.22960862291916442,0
17570,0.3544524295510378,1
13858,0.2500494650957628,0
19503,0.14642635975702228,0
18159,0.2432031294157206,0
16813,0.1965642801011954,0
15853,0.14734583637981302,0
11784,0.3887221857934728,1
11414,0.2336933203622147,0
11131,0.18332528153290137,0
13278,0.4203437255806245,1
18632,0.15782851033588444,0
23620,0.16829865172313974,0
23691,0.16043442850198103,0
17999,0.3441850579250944,1
28114,0.4980151296123349,1
20511,0.7324449929849688,1
11622,0.4500834487921629,1
15129,0.26792253503770364,0
19423,0.4765988222852789,1
16935,0.3600797407034404,1
23934,0.2565042461480816,0
28065,0.5683279197558774,1
17874,0.37450530132965365,1
20561,0.2355555432729521,0
15036,0.3157168124727545,1
26198,0.45715882981337475,1
18381,0.4001993138495072,1
29414,0.21273036195495965,0
23612,0.6625969309707723,1
13911,0.23822331614522674,0
21902,0.26452218968776214,0
22540,0.4072486432919197,1
19332,0.28018124187598276,0
26097,0.21319449066675594,0
19244,0.21598805879801242,0
24740,0.7180569397419378,1
15733,0.4262181156279932,1
15027,0.1807279736960382,0
20155,0.18601203669940322,0
26383,0.20779642140582374,0
14401,0.4776171849525552,1
27446,0.19774323590288959,0
24680,0.3897506658314693,1
25377,0.2063006113799973,0
25895,0.716411795411825,1
19453,0.5718328485918976,1
17686,0.4255818902360413,1
22483,0.3360641337902717,1
17116,0.21660597590677583,0
19139,0.2903918213625716,0
23154,0.27648476493648105,0
19781,0.24484970219298863,0
25894,0.17674279404477308,0
29276,0.27563039801799133,0
18786,0.20380938811464663,0
18080,0.5244656196617152,1
19395,0.41493224160918657,1
24256,0.478461542422449,1
29629,0.3975298723807613,1
27926,0.5312406804963283,1
23299,0.1643110267543434,0
15606,0.18288234631746375,0
20870,0.28348163209563226,0
17357,0.20328972205625712,0
28005,0.1850390206704017,0
17221,0.43029417463418157,1
10484,0.3078073640778127,1
29135,0.3354319704477541,1
11316,0.3582601148656327,1
13016,0.26519669085262254,0
23440,0.4428525169275704,1
28576,0.1557191311999378,0
19098,0.5427329001295657,1
22770,0.29545323303624077,0
19900,0.5797036608469099,1
14227,0.15031990625722463,0
28404,0.2703372675884003,0
28676,0.38089622618729796,1
26006,0.3001768301869129,0
12486,0.42376624492040393,1
28433,0.24067109470794446,0
18666,0.26100187831096855,0
29589,0.23222199554119954,0
20216,0.3319192786400117,1
10908,0.4594857629176971,1
11577,0.22392933190249442,0
24176,0.3748092017365038,1
24884,0.6111950731894172,1
20361,0.16481228229613493,0
11340,0.320898338592919,1
21721,0.1316594558279134,0
25858,0.1652218002989235,0
18686,0.7300939100058683,1
15385,0.40897556948689645,1
28833,0.18674923560386342,0
16133,0.3167991838511019,1
21161,0.1474831657707951,0
11990,0.41625061517975326,1
24726,0.3653154459119073,1
17062,0.4034355470519264,1
26777,0.5905513245949596,1
25793,0.24527954711732294,0
26093,0.12876697847101592,0
16873,0.32198096030014545,1
25256,0.6743712494561962,1
14986,0.2910563848600998,0
24817,0.21923803696996705,0
10122,0.47801677749821475,1
12610,0.1951322719516203,0
25868,0.1924750928288709,0
29512,0.5712692190245826,1
25759,0.3599356572374945,1
16219,0.18423937840915477,0
17173,0.22976634571389437,0
23458,0.37265237237204085,1
10954,0.3035901877837315,0
26367,0.2066894616687718,0
26692,0.4299831794482106,1
14194,0.3663350497110804,1
16699,0.47668546712080095,1
25495,0.14930368057987065,0
18158,0.38727461689999937,1
14822,0.2112714560477623,0
20326,0.3922935329440265,1
21766,0.269088102284605,0
12541,0.31344787309180644,1
15307,0.42266701419876146,1
11271,0.22516154425370533,0
15246,0.3719344608515982,1
26291,0.20941213563284028,0
11692,0.1458812338835044,0
29669,0.22028594744590577,0
28051,0.31798183774677485,1
26161,0.137950297791177,0
12728,0.4427700749496703,1
19602,0.18868292877207182,0
28617,0.2559362471857933,0
24432,0.1529100709870375,0
23766,0.3745265242279763,1
24069,0.2457291863412493,0
12975,0.15512594238510174,0
17370,0.2036290841621318,0
17975,0.2500184775511255,0
27185,0.22184416424391037,0
12046,0.3559640996763245,1
14978,0.5107414277818509,1
17122,0.15538933155739496,0
23632,0.15250395746660309,0
25547,0.7575430861281133,1
12737,0.4741554349997941,1
27585,0.17083100244586924,0
11209,0.6077764630514926,1
27061,0.3075211395006354,1
18328,0.17974896306491436,0
16849,0.3622561639801744,1
24637,0.32094334186039836,1
20419,0.176800632087616,0
20600,0.11026348448467484,0
25506,0.5042446915262568,1
23069,0.18827916837378555,0
11091,0.2608686670986328,0
13121,0.11515223824692383,0
22767,0.33003581009593497,1
20481,0.26079583809354384,0
21545,0.15084130055512215,0
11534,0.23574530523888404,0
18064,0.24678972098250165,0
11412,0.514698741087158,1
19991,0.4103860652920775,1
17922,0.5237583485184641,1
13201,0.37090811850617267,1
21051,0.24174629165908776,0
12615,0.36146913045548856,1
23720,0.26272862726149626,0
26934,0.19019912515534196,0
12547,0.37084415799128906,1
22595,0.2280883601180999,0
19738,0.24455311919366607,0
26399,0.3509507602680327,1
21546,0.5305363306480534,1
12665,0.24368230568057267,0
24302,0.15117141845060755,0
23207,0.4816395902939028,1
20269,0.2893493916079089,0
11458,0.2565590085972361,0
13589,0.6318478221903542,1
17703,0.19069134640837754,0
26355,0.13424146964547337,0
15549,0.2381695478920488,0
29722,0.4283738760284041,1
16053,0.3254855093145749,1
20697,0.23771713729648583,0
23618,0.24863023961591077,0
22043,0.2205729298657941,0
27285,0.353403304449294,1
20533,0.353157947426346,1
28779,0.2392011205448425,0
12951,0.13068341954689128,0
17860,0.2797848781100785,0
11394,0.3047797926106202,0
23145,0.33397516309310427,1
26932,0.40645718124260727,1
22105,0.2700695290006224,0
16848,0.5769294458234916,1
17078,0.5318333365529514,1
13015,0.4008167828902204,1
27383,0.15815326250746542,0
26633,0.43587464135809983,1
22278,0.13605602063702443,0
28634,0.46110728622863867,1
26182,0.23061730538443015,0
15643,0.33662908893617904,1
23060,0.2738535191600392,0
15113,0.16042563320081815,0
23120,0.5053018142472425,1
11768,0.3627584440730785,1
17901,0.17992239925270676,0
27268,0.22910519176019545,0
29877,0.7886580303549693,1
20625,0.15619066397946793,0
20449,0.1516798388659694,0
25492,0.21623678797803203,0
25905,0.19189696827309718,0
20580,0.2166698653400361,0
27762,0.2365243626091993,0
26369,0.30337059665437116,0
29437,0.12197848387263953,0
19708,0.2864505191004507,0
15467,0.33041208334773137,1
27922,0.477598130195553,1
26181,0.29732155076461964,0
29519,0.18127984449712267,0
27757,0.3230209283521118,1
25304,0.15019958736199152,0
27863,0.11548522830860702,0
23109,0.6363656912857215,1
14689,0.21766164930428142,0
13985,0.3899114366965032,1
29395,0.11423049694172689,0
11003,0.15361403625455858,0
11062,0.3138149383037006,1
18622,0.17624352857351636,0
24122,0.1340041090814689,0
28035,0.3662878359940339,1
23798,0.1973882064717902,0
17140,0.15825114118283048,0
15171,0.21351291585877097,0
19694,0.30856304784887356,1
23797,0.3371843244901106,1
21645,0.27532888447355713,0
14672,0.22110924655006556,0
20787,0.21563120745074948,0
14294,0.3491864982658035,1
14166,0.38688236548707733,1
25623,0.20279175290196785,0
21831,0.5465095838541165,1
20744,0.1639468505667372,0
18930,0.2746206892209711,0
20430,0.4529530366634152,1
12147,0.7419483974167688,1
15735,0.11688138217217066,0
29898,0.40773295061390413,1
12663,0.4961549496079528,1
24606,0.2807698164286292,0
29279,0.35050063400512876,1
29033,0.39270625398301934,1
29408,0.40810786967225476,1
18361,0.1485172251854619,0
10587,0.49643649350701297,1
20106,0.30127002331540265,0
27002,0.1314454865097253,0
13195,0.2865731449683534,0
27227,0.15122827905825506,0
12954,0.7101569011825766,1
12267,0.31151193348406436,1
19445,0.20260295345040827,0
16179,0.1810362369616378,0
21305,0.4682535797692933,1
21633,0.20687771848684341,0
15533,0.19344775673419418,0
21344,0.2144836454242474,0
14510,0.4660610770938018,1
19056,0.6853434410551807,1
29553,0.48289123736113165,1
14047,0.2951181481583894,0
23142,0.26032729602746774,0
11281,0.23246756580696323,0
15218,0.3943332291626494,1
24760,0.24887939779600748,0
14922,0.22871453564990854,0
19876,0.18941106884996323,0
18604,0.5897615623009457,1
20819,0.1380835606810555,0
24215,0.26413922769917453,0
23547,0.2781220084221727,0
12639,0.22281958683219025,0
13546,0.25076897945378224,0
19667,0.34049734427378847,1
25358,0.47618827596840596,1
25257,0.3339092680250471,1
15169,0.45264104811459716,1
19499,0.4617785215837921,1
24101,0.36120237798101995,1
16333,0.1633770754751175,0
21001,0.15546169579394736,0
26613,0.21983874655919045,0
28136,0.333758399991063,1
18876,0.37406674822132185,1
12443,0.1359173547594604,0
16075,0.21223148534524355,0
23239,0.12370586236975192,0
18104,0.17776878146044697,0
24990,0.1764140637226536,0
11571,0.548340618620957,1
11399,0.3102816222792806,1
12282,0.6660983007011633,1
18652,0.4864975657379773,1
19247,0.5065167924945287,1
27307,0.4011618416313993,1
12022,0.1627533743819517,0
28708,0.16697906983520416,0
27133,0.35342021487525493,1
13895,0.31760148378262476,1
28742,0.4155965568215817,1
26073,0.1578970458763723,0
29634,0.318113838992363,1
14882,0.5466505229211457,1
19976,0.8493262414099769,1
12003,0.6751802040209494,1
28669,0.2503283875681581,0
12557,0.20121887577560157,0
18815,0.21642238514903991,0
12306,0.36743091819888474,1
21267,0.2156620562024498,0
23762,0.2799579020714069,0
22550,0.36162319119867903,1
28252,0.34609250581134027,1
10903,0.6547844364660023,1
26086,0.286750579935667,0
17133,0.21755682878374935,0
10182,0.186974813944178,0
11064,0.2391521228211482,0
17730,0.5022804854643669,1
24475,0.2792324869359394,0
21288,0.3729568270308658,1
14773,0.2350325573690863,0
11854,0.21008886229962667,0
23167,0.2420729340758076,0
19631,0.11580140445323306,0
19688,0.773658790549476,1
26660,0.14975258237344025,0
18909,0.3674112509792357,1
15555,0.32186837282651276,1
23643,0.14552640248231014,0
18288,0.386698141311161,1
25029,0.260869921764258,0
27568,0.5068653028144108,1
29402,0.477249336314391,1
28183,0.5040587779953808,1
11927,0.31391882896513185,1
17678,0.4296222467215657,1
26672,0.4569447509471971,1
26583,0.28912672881858326,0
21753,0.16965804155613104,0
19186,0.399100886846035,1
10051,0.29736915570795924,0
27128,0.2872718969090028,0
24014,0.4614066148076602,1
12498,0.362430901667112,1
22405,0.4143653042461508,1
25855,0.7523590222185341,1
19685,0.18492000211718548,0
16957,0.2887766557597069,0
21931,0.25350513671787117,0
12459,0.23260316473399725,0
25756,0.14595657848752353,0
29936,0.3345446549569392,1
18443,0.3288064842223147,1
20414,0.1703364554281832,0
15377,0.560692381707492,1
29696,0.5718494330122041,1
16758,0.22617552011425932,0
16216,0.3910165359447427,1
13932,0.28870362884828704,0
23954,0.42918379724291855,1
21973,0.23627479783398847,0
23113,0.21648732614218477,0
19470,0.3013680246714888,0
17402,0.23143290696488492,0
18318,0.24624282037236633,0
22030,0.23935255556998358,0
11098,0.15604150707282088,0
18360,0.7055622709065322,1
19697,0.28923561835841893,0
21870,0.22360455603345328,0
13935,0.35101193801490893,1
14069,0.18867138960943328,0
21559,0.21682162399194307,0
17276,0.42866760029079043,1
10206,0.4798507372703091,1
19626,0.17581289300333738,0
20672,0.3622172333657805,1
15447,0.5739035432450454,1
12087,0.13251671504119547,0
13669,0.5480091174221376,1
25202,0.4807218922168868,1
21492,0.30695926228025916,1
28248,0.39220227266654767,1
29300,0.262820399066968,0
16528,0.34999914195172144,1
28735,0.22041366085625422,0
29780,0.43175767220946454,1
26971,0.42385157228591536,1
14919,0.5018387916028259,1
18243,0.21389831288028863,0
20615,0.1698059792792906,0
10432,0.22452544355751308,0
12534,0.17360160213062004,0
12203,0.1395932470369758,0
11573,0.4771706001513864,1
18574,0.22387564006397115,0
20424,0.5163627899790928,1
26448,0.44241185403717725,1
15269,0.4407219603700967,1
11278,0.3595540652760082,1
16678,0.2664766882410826,0
26621,0.5995258242655306,1
19527,0.27225085427034673,0
23631,0.4593281356085687,1
28490,0.21521395384523115,0
20431,0.33450076431363207,1
28793,0.3248026280623962,1
24294,0.2515015007268551,0
23317,0.7071902411264801,1
29200,0.1396504301165088,0
28463,0.27870992946316603,0
17639,0.3708945118601993,1
14731,0.2303383609712571,0
29651,0.624321562828211,1
11373,0.3509882916993449,1
10885,0.4678410060068886,1
21151,0.340999897825706,1
11040,0.7901618021564591,1
24272,0.14035745518295648,0
11471,0.19459388363190705,0
14505,0.26712814039144606,0
10294,0.2234518267852874,0
12446,0.28077960521669165,0
22559,0.15435906358450335,0
22504,0.3711638007434775,1
22523,0.37247240166603246,1
20792,0.1991358648256185,0
19741,0.2846803812332608,0
26894,0.603673556247521,1
22199,0.36158066929649674,1
26979,0.16761795050206427,0
12096,0.6130416256073302,1
28258,0.3361695700226774,1
16144,0.19563197231262186,0
17027,0.5747634630359452,1
13478,0.3379556387997862,1
15922,0.49326428463111927,1
11195,0.19021703187239056,0
12637,0.14441762173655123,0
11011,0.12900679585741429,0
20654,0.34823200693774387,1
13653,0.32918241291431233,1
29971,0.274398735846412,0
23782,0.15611180564293758,0
13434,0.2647917516804089,0
16545,0.39488841866137814,1
21312,0.2591693003204842,0
17931,0.1544754635699514,0
18774,0.3486614546894103,1
26812,0.32344484814763635,1
15386,0.3699349180790471,1
16713,0.19054467444049503,0
20927,0.43651128008227513,1
10901,0.35653813965635944,1
23414,0.30735351005263284,1
10935,0.3589300697602436,1
16367,0.14124408762546622,0
23776,0.3160980082148847,1
28581,0.11141922978264826,0
21760,0.1838840200561649,0
20374,0.2845128349145567,0
15577,0.34547608971378757,1
28337,0.14693114266913124,0
13303,0.19057059959610156,0
11344,0.14606298181362826,0
26898,0.2699421845281246,0
10360,0.5179944102120562,1
17919,0.1769334746555332,0
20909,0.2968747414740232,0
28395,0.29167789414470024,0
26969,0.417802481334273,1
10960,0.2918306178774068,0
20278,0.22950603890947238,0
11149,0.6562371896886003,1
12955,0.25370204900410337,0
15187,0.2831236024900999,0
12052,0.282614434381325,0
29273,0.24299909715204104,0
12055,0.23624341388866693,0
21217,0.25385845096397075,0
12502,0.3233715488766711,1
22458,0.1358143741111512,0
19073,0.2651387199328238,0
19935,0.23098437158440605,0
23454,0.12597939712201214,0
20221,0.36390349829507157,1
12324,0.23598193892670516,0
10223,0.5604102525738279,1
28309,0.40947338557514007,1
28195,0.7734825709349831,1
15860,0.6973649344393457,1
14339,0.45760237533710363,1
18490,0.1911038930484035,0
13157,0.2626076612363077,0
10669,0.41314227857351477,1
25945,0.17106299188367693,0
20645,0.22009973724861412,0
23598,0.47367332404249657,1
20680,0.15833941734605544,0
24932,0.20342778137595954,0
29330,0.2598758358373883,0
22067,0.1933532418707975,0
29242,0.4508468196455195,1
24494,0.5233293789612453,1
13609,0.36255050863119836,1
29012,0.2335025261759522,0
17812,0.14002303583633327,0
27512,0.18278905651793145,0
22462,0.4456282357109231,1
20202,0.6711947685250685,1
13844,0.519897681480165,1
24648,0.21101889119539577,0
18148,0.22079884521622,0
14692,0.380369382426696,1
15298,0.2507171085401009,0
27388,0.4188774674208598,1
25865,0.28454510986519926,0
25750,0.21007724679562229,0
17177,0.2135332361425712,0
25044,0.33276642396844247,1
15764,0.3076057728715222,1
19145,0.2707434999315342,0
23461,0.28246519754236576,0
23748,0.15525741366121681,0
11057,0.2292996276699372,0
19723,0.17388790605768564,0
22167,0.38276461606877155,1
16516,0.493758260902411,1
12395,0.32566664963025743,1
10460,0.15778574273662505,0
27821,0.38735117057800517,1
20446,0.4629530574199172,1
24186,0.5848718236226647,1
19376,0.38926098179463586,1
28748,0.2813125827052062,0
22664,0.3902499391015128,1
22878,0.15765511351455824,0
26059,0.591650322115711,1
15161,0.2544024175344959,0
19358,0.33695134082589084,1
14529,0.33850788915134983,1
12158,0.23179654559145493,0
22546,0.14403587309680263,0
20287,0.14998146437771667,0
19254,0.20221524383113934,0
16165,0.6950702149446152,1
13538,0.48654037802338257,1
22139,0.33555776428057676,1
14340,0.12792598159545354,0
26163,0.34901376254279937,1
15889,0.25777767141060054,0
23438,0.2463248998816839,0
23725,0.10779740245591797,0
12747,0.20545309974550519,0
16154,0.35371708525924767,1
25368,0.19425022379041354,0
10103,0.43541276303214793,1
15686,0.16314975249521418,0
11662,0.4190343195958574,1
24651,0.16774968488141492,0
12685,0.18153306320404672,0
19413,0.570811172390912,1
17342,0.44488559182616466,1
24526,0.26682078503181345,0
29723,0.3537140185044395,1
21717,0.6405697378383267,1
25155,0.31926360513239416,1
11695,0.6959339250871197,1
19200,0.31204656253773183,1
11066,0.23485591402941444,0
17306,0.26664795310869127,0
22810,0.14628988651909583,0
21732,0.356080204314652,1
26608,0.15742674538424817,0
28520,0.37856924966089184,1
25351,0.18155563600651647,0
15251,0.47655846859915807,1
13480,0.27695436714163446,0
15750,0.43177779695475155,1
27741,0.2431546539839555,0
10721,0.47733915359391216,1
13966,0.31971560530757653,1
10035,0.2560104694098167,0
21563,0.43380600742876124,1
23176,0.7358184699908961,1
12359,0.500175915893696,1
21712,0.5993032630236956,1
25160,0.1551875944069477,0
18981,0.2641653000036978,0
12894,0.3338359635795372,1
12609,0.1811273099390612,0
16293,0.39312170457376855,1
10938,0.39019632908571894,1
10397,0.5948911672637924,1
24541,0.3751416639144801,1
27234,0.19815747638579642,0
27417,0.2817669408680905,0
25137,0.4803719828591882,1
22532,0.5426241368049476,1
12135,0.4506121008962357,1
21652,0.25840091142366717,0
25293,0.4170178074631685,1
25365,0.6010801597761855,1
17114,0.29917920945411336,0
25397,0.20136760739622858,0
20781,0.5940167797314665,1
28840,0.5754086549928943,1
13120,0.40527604245566934,1
23721,0.2347746390588068,0
15283,0.5575790370249115,1
11211,0.43310372654750295,1
14105,0.3477495102701726,1
27266,0.2819057356672502,0
29949,0.2317964948379669,0
11086,0.5964197608443792,1
17889,0.3860937159683319,1
18951,0.29878777799623213,0
17592,0.2152487904681013,0
16384,0.5058349344781713,1
29698,0.09393111537273598,0
20280,0.1973803992797705,0
22060,0.4619809555682112,1
20385,0.15537166876217215,0
20830,0.3060285024729997,1
27596,0.2100599511162573,0
20320,0.16837987929061504,0
19210,0.4192556123287871,1
13380,0.22979814031806423,0
12636,0.18014506150238654,0
20480,0.2832130068677604,0
11459,0.23496382454562786,0
17923,0.3321483822179547,1
11319,0.31636558924345776,1
11770,0.1672875716434799,0
23024,0.4042816054023848,1
20570,0.37694136888971014,1
21699,0.4327169755141335,1
19005,0.2863861476690453,0
18475,0.33279926469677784,1
12584,0.362314456496186,1
21828,0.16531539839697634,0
13610,0.20337272612891913,0
13335,0.5007181153651937,1
26257,0.4752245839821514,1
13563,0.216239895639231,0
26317,0.602310067923087,1
11476,0.2418475042095318,0
10131,0.2498003285439901,0
19162,0.41021940932626,1
22712,0.2839096749269942,0
15761,0.6030471038859944,1
25626,0.15917511905012605,0
22111,0.2557587684414338,0
25575,0.28348279205331184,0
23165,0.21304164354991922,0
12752,0.3353905635687556,1
15107,0.2598002866350273,0
19238,0.7544989053924882,1
16780,0.1389716547071057,0
17179,0.33811810154556876,1
11826,0.3426050399881573,1
25973,0.46701730253956614,1
19316,0.3001386686400533,0
14011,0.15975868061259105,0
10340,0.2703333702975272,0
23755,0.21006164126877072,0
14418,0.2170572451646413,0
21321,0.41014009521861444,1
25721,0.11572030733500963,0
24245,0.44791655938764713,1
24721,0.29287805756025365,0
18139,0.26706530103407283,0
14129,0.40495740850485407,1
16742,0.3983600201455173,1
27669,0.6545347029833617,1
25463,0.22896438216927828,0
12217,0.2775317390545585,0
19001,0.2022810384470365,0
12996,0.13682444974452906,0
25121,0.3542571860504066,1
22430,0.1709503404611171,0
29062,0.2303631269457802,0
21115,0.3273011777137118,1
16504,0.46566299043571385,1
29203,0.20484437236161562,0
22335,0.31882089287907495,1
19452,0.14155170738575268,0
15084,0.25551686628664083,0
22315,0.25089754217841587,0
18479,0.3200184381330866,1
25957,0.4176246328924871,1
26232,0.29813177963063037,0
19625,0.5282016416228856,1
10656,0.1905912265213477,0
28964,0.48746452305497917,1
25419,0.45737876476344563,1
12590,0.3817593942424824,1
25403,0.381958474136795,1
15981,0.15224040202574185,0
17827,0.43589393201288534,1
13351,0.723328585902181,1
21734,0.1911450411217859,0
18417,0.5001814340940473,1
16088,0.455925190114668,1
13224,0.18126107573139846,0
22884,0.2669068467686742,0
22336,0.5364800791154247,1
18366,0.3314653726965195,1
21079,0.22257978112075805,0
13616,0.12739491154127744,0
27786,0.2165270310197609,0
10450,0.14885188269050592,0
24862,0.4751531502575144,1
20045,0.24145456495964243,0
21419,0.342732388625892,1
25619,0.22000961010959816,0
16408,0.19434034052270285,0
18697,0.2240874691170106,0
29475,0.6624821510903173,1
21077,0.3241152816982345,1
15816,0.27457245161161953,0
10536,0.30001273976942755,0
19235,0.11999836631299164,0
24621,0.14023087050879873,0
15427,0.5124892650752171,1
21021,0.34390867740650555,1
12426,0.19493125831717956,0
11837,0.3206723224920822,1
20355,0.2162005871296153,0
14743,0.26470955984645844,0
20464,0.21723331804105414,0
17464,0.12911515400556753,0
27299,0.24225751268357587,0
13464,0.26282021910553227,0
24635,0.5189028863278229,1
12681,0.1252076198457881,0
20120,0.16914531187524068,0
16374,0.19068285687369418,0
11891,0.1657562081211157,0
11039,0.2513537601606204,0
27605,0.27459177715049277,0
22558,0.20946479755106923,0
14074,0.5487770420682812,1
17443,0.2652238875500011,0
20000,0.580300557493547,1
11871,0.49181518290177634,1
25197,0.15500588984346675,0
15895,0.27909450327049207,0
13729,0.3242390952533216,1
18959,0.13387030322994828,0
17672,0.2590895025884475,0
16000,0.4918661801696444,1
15752,0.19374529928926243,0
11689,0.38298504559294283,1
16837,0.2045818153468526,0
16537,0.16315718541953442,0
14843,0.5831855557074682,1
25845,0.42594533718392535,1
10197,0.637571633693902,1
10519,0.17035185690600996,0
20582,0.19750100831124903,0
23321,0.33250404420660074,1
20791,0.19155519158028697,0
26940,0.3580975349414164,1
10842,0.20149160898270366,0
19508,0.14405829713004784,0
20483,0.8160052537627539,1
15175,0.3962334525047797,1
29947,0.651014032881748,1
24470,0.3797485347730642,1
17609,0.379023479802183,1
21265,0.17925161984233748,0
24021,0.3892797814204779,1
28602,0.26475223977667084,0
29264,0.24056812042800038,0
17098,0.21659875729817907,0
22597,0.2359844594456474,0
10455,0.22717244436032272,0
28087,0.24486584490279156,0
28221,0.46487116590628874,1
12863,0.333305490661798,1
27393,0.3710559065011492,1
13853,0.2567758688365256,0
24005,0.13816980916387525,0
10183,0.3494185576305294,1
25128,0.18007259881150556,0
28773,0.1388213011688635,0
23419,0.2344433491677945,0
12523,0.24782280281726277,0
26261,0.35898513402468263,1
14983,0.2610306779188603,0
26569,0.21877623594219328,0
29447,0.5549509804808863,1
10100,0.38865944884151166,1
21033,0.21058784585367063,0
20485,0.1689855614458935,0
25050,0.1896715261152351,0
20929,0.37752569758708127,1
28501,0.18215347240078716,0
22009,0.26171893369671295,0
28418,0.27650850009058575,0
29622,0.6475272166706322,1
26482,0.4393988903570897,1
19189,0.34714979929863715,1
25007,0.31609237961178943,1
14742,0.41121020648272655,1
11708,0.22224825436248136,0
10255,0.3033710816781597,0
23545,0.10217747595646177,0
18442,0.26460631281198876,0
11303,0.4847034815017444,1
24442,0.6412671926786815,1
25077,0.270130290645992,0
29383,0.3869708128383217,1
16919,0.2428836170212302,0
18455,0.24188452129779323,0
14626,0.1781306955648249,0
13931,0.41753515971865696,1
17181,0.24689428699945987,0
29846,0.22265180464952322,0
18826,0.3060286577968072,1
10934,0.2093950520737871,0
10260,0.14438531972776797,0
29081,0.30387972310936356,0
25875,0.403230173870663,1
19091,0.1728169426400184,0
12519,0.5749245923010601,1
29854,0.13371568086355307,0
11374,0.5185565021293288,1
29879,0.19991714196848503,0
14049,0.22838779876629425,0
16351,0.1595229315454485,0
18044,0.7700725089392466,1
24596,0.3347446374559409,1
12010,0.20611301782915786,0
17807,0.1876721610949457,0
29837,0.23331150703273332,0
21342,0.3136141034344966,1
13951,0.3392465821309458,1
19816,0.404925402285412,1
26446,0.18882866702595744,0
12913,0.34519073196094074,1
26192,0.3165342053304314,1
12875,0.28378555596003013,0
18307,0.3207058776703581,1
11038,0.27153948203673334,0
12705,0.6027201142825755,1
18109,0.639444559690177,1
18569,0.1989137443273616,0
19576,0.30630629401764703,1
23573,0.28936357768710536,0
19350,0.376918335455068,1
21845,0.18763331835176844,0
24986,0.3214140209533698,1
19656,0.15492556232466956,0
25555,0.3312077952422911,1
25054,0.3129705909622391,1
20612,0.3857796888563203,1
23164,0.2625530666164023,0
21860,0.22402609289609327,0
23346,0.24576888515683148,0
25507,0.18872067123076855,0
11541,0.1978412805813155,0
25679,0.36147204643121467,1
12698,0.3269545832624417,1
12287,0.5689348309854524,1
14789,0.18273545807983524,0
26031,0.20321372473301821,0
28932,0.28337965085048755,0
23693,0.5211231230778782,1
27514,0.17215764905684147,0
16809,0.5875795626180617,1
29029,0.5669823721498436,1
18711,0.2165257059367794,0
23905,0.30348125507715223,0
29516,0.21942945112310483,0
21833,0.4365687986153856,1
25281,0.2509118370103872,0
20347,0.18086302879861785,0
15164,0.6232586796018645,1
11334,0.21729234814625215,0
15717,0.29974242714295174,0
24170,0.2856720604567334,0
20009,0.20890200436341771,0
25195,0.2924725605366892,0
11985,0.19079498098266534,0
14732,0.16292021591568048,0
12436,0.13135229852044428,0
19484,0.14149675010845109,0
20257,0.6053915530334841,1
29350,0.38761134257644325,1
22847,0.18800726394598485,0
17802,0.15419911269921785,0
13921,0.3882642732209604,1
24060,0.1357312060295307,0
19606,0.18261938761327315,0
15364,0.22278522160133887,0
17563,0.16099511107211892,0
19878,0.4879972316266676,1
29142,0.21387907783696702,0
12814,0.4656262346511713,1
17498,0.17910249268838146,0
10537,0.3884974813465649,1
27952,0.329119558093263,1
11140,0.48749187060665916,1
14117,0.37680405401393113,1
16096,0.2925621482522455,0
26117,0.14890275543964165,0
27874,0.17123132351389828,0
10618,0.23369053885770938,0
11311,0.15808454523689244,0
25105,0.352352489037724,1
27024,0.4222725624193144,1
13252,0.5988181011882784,1
13548,0.27017790031363337,0
28642,0.179074174365996,0
21759,0.21480170650221075,0
16628,0.2112733970605899,0
25467,0.2585677563443689,0
15001,0.2448775893274895,0
17717,0.4515928393125312,1
17720,0.42207219360320175,1
17801,0.17784997608811343,0
20105,0.5071756318122953,1
28340,0.25733089832474987,0
11122,0.1353418213642085,0
12657,0.36880559246878747,1
13479,0.41593914835926815,1
18674,0.20024880576037532,0
27127,0.23220202620686287,0
26528,0.11991761618623553,0
17034,0.3270235166504845,1
21468,0.3445104718501033,1
29988,0.39258442234958596,1
13527,0.22119887447978018,0
11836,0.4468074080782644,1
18346,0.30607006750151217,1
26465,0.35114364624296845,1
19672,0.252798221100682,0
11043,0.2148628661771812,0
19318,0.1548103385626682,0
25703,0.4397758294064522,1
10983,0.269854552583361,0
19546,0.4552100309062858,1
14405,0.18271363615475042,0
28466,0.6340060937882727,1
28855,0.38420232424535405,1
21801,0.24800226693244515,0
29164,0.2016009853047831,0
10378,0.3443851205286647,1
10358,0.2753112906696465,0
22623,0.6100192858441058,1
29743,0.40448494322011685,1
23296,0.16002415723982602,0
17913,0.2413274459423354,0
23215,0.21036200813654216,0
19872,0.23994216810672875,0
27962,0.5179486156621169,1
26622,0.3058309061732774,1
12235,0.10580905542724336,0
29188,0.6264309721061735,1
24465,0.2698013814650193,0
22223,0.6399797514300423,1
29900,0.3796262224383387,1
25732,0.11602612874267346,0
18615,0.32289396575497253,1
17785,0.5971762719993384,1
27848,0.17128132071297367,0
15486,0.29602029895242593,0
17224,0.2450744138206955,0
14549,0.3774293146149228,1
28933,0.19270842069582841,0
12719,0.2016452849933215,0
15848,0.1563655841805723,0
11257,0.18915227725283182,0
12641,0.4998968856458123,1
12653,0.2167306119895405,0
17126,0.18943625611984524,0
14414,0.2079966104908781,0
18754,0.5260599753065761,1
19164,0.2831139945863783,0
11337,0.1671471142815349,0
10114,0.3238259981823754,1
25496,0.3575161578497655,1
26667,0.634642253914992,1
19160,0.4058659725952796,1
23484,0.1621781878579922,0
27758,0.29267807174331273,0
23105,0.2578700925955104,0
28327,0.1945767551762904,0
22763,0.20891988075139606,0
14346,0.562985326186356,1
17050,0.3059701682484527,1
10381,0.2578140126639051,0
14844,0.22678113400290995,0
25142,0.12120903555164081,0
26368,0.4443732619446583,1
29284,0.44093653688963774,1
21104,0.21206321210112752,0
10136,0.7031563158018633,1
20420,0.3776935206550329,1
20959,0.2770221835728283,0
22077,0.26270071380444676,0
24755,0.2453487029048724,0
21615,0.20555780103476834,0
15679,0.14506540225513412,0
21666,0.3394887995345574,1
17290,0.5281745166546953,1
12088,0.33746262009891576,1
19812,0.2649996942422198,0
16474,0.32930816759413545,1
28967,0.2713203050960418,0
13998,0.35919527617815394,1
20088,0.2474322189499046,0
24498,0.4005933952750989,1
14357,0.20409621930875382,0
29906,0.1821506434314098,0
13289,0.43354358592386855,1
19250,0.20065070044782923,0
10426,0.36648506055560276,1
28010,0.8581857579828519,1
28612,0.2795050146179478,0
29299,0.3156830444515518,1
20896,0.500452245558851,1
15509,0.2809122015779703,0
26491,0.21123245897292633,0
17426,0.3254251101495561,1
17088,0.25649864226006625,0
20150,0.14139161581260234,0
16978,0.79423093471595,1
17536,0.2505018750907903,0
13215,0.46000033027677145,1
19026,0.19859856605121878,0
11834,0.1242602695778689,0
13659,0.6659308689864549,1
24062,0.18980500111177578,0
26376,0.15905084778953446,0
28494,0.12175547545714864,0
25181,0.36667966915582173,1
19542,0.4744808472645369,1
22725,0.297495171306039,0
17489,0.42284243920146425,1
24518,0.18364475332229735,0
18414,0.28327346615461474,0
16511,0.14473183071059795,0
10654,0.24096254360826413,0
18031,0.3563403165543635,1
22039,0.15581812464056458,0
13235,0.2051975248081819,0
25569,0.39972878982242344,1
12727,0.26376427813098935,0
11114,0.3379376053437665,1
22138,0.2845559596183744,0
23564,0.25154381064269427,0
10374,0.18281494791266528,0
12100,0.4566519596105381,1
17135,0.6995328177449619,1
12994,0.14878193224730468,0
18171,0.227217433257843,0
11276,0.2502937632056741,0
20255,0.47821364980285996,1
14305,0.17594701929489584,0
19751,0.330539030511759,1
18261,0.6186266946970119,1
19433,0.2686044720388202,0
12133,0.6020995274009445,1
26602,0.3448954599762236,1
26846,0.22255639098331093,0
23929,0.7338998928247019,1
27703,0.12884797253508906,0
19067,0.28733025454299455,0
19669,0.3471282780050143,1
16115,0.26836464272669736,0
20765,0.563518907373031,1
23526,0.44305290455181284,1
15639,0.4688514457662031,1
10863,0.20497711513993225,0
17295,0.24192220523905547,0
22112,0.5726668435268456,1
20040,0.16544209246801575,0
17178,0.45873710224551684,1
11721,0.32811760240849225,1
21687,0.26795905774191014,0
18319,0.40134411342713544,1
25901,0.143890656219689,0
28539,0.20905314155843588,0
16391,0.1907064292659085,0
10639,0.4873437055784562,1
22637,0.3139313243366099,1
14133,0.33141510797308404,1
10567,0.5393828480844582,1
19531,0.32201306397686813,1
26075,0.17518175072811337,0
21451,0.6840129213075112,1
11306,0.430530388705152,1
29105,0.3097532851701491,1
14304,0.26570664016290885,0
18374,0.16727184918206728,0
23244,0.2121359669330947,0
24558,0.39339038234793233,1
24801,0.23956944891905285,0
20820,0.7760467339525128,1
20958,0.3404718330853208,1
18305,0.3396603991417913,1
23376,0.2667709258099167,0
23338,0.39713403496543753,1
11796,0.22488680866048083,0
18032,0.23939396555357148,0
20471,0.18226995166253948,0
11965,0.1941306985582639,0
12630,0.25626046145207476,0
18088,0.2111465562653177,0
24321,0.18052303338583572,0
21100,0.14196690370793538,0
27639,0.27421832548165914,0
18234,0.24155068706677202,0
28850,0.4777798790009948,1
15611,0.7344506284398571,1
16245,0.535259660006093,1
22527,0.14481596409137804,0
16416,0.20797252325971294,0
21010,0.19538263295749236,0
16007,0.4599995410745665,1
12544,0.34739175546154344,1
13885,0.20188106640830988,0
16014,0.3716579776272407,1
12276,0.34543630565474676,1
18464,0.4825876393602119,1
20576,0.36074143856098867,1
10421,0.43674172593800514,1
10285,0.4601273773795057,1
10999,0.5914098929144351,1
27968,0.5364613668931958,1
13182,0.18895792564821798,0
16370,0.25379752166039,0
26249,0.1663062489205869,0
28008,0.4953578874451068,1
13835,0.3306362805869277,1
28287,0.37327115574147357,1
13246,0.19003119711196767,0
14282,0.31837376945935947,1
21810,0.264679932033672,0
28318,0.7315948161504504,1
18923,0.3493339421775423,1
22499,0.3098935456460676,1
18376,0.6014872817161704,1
27751,0.4274123768453732,1
19043,0.5773315587908986,1
15419,0.5430852474724345,1
27901,0.5966893182821722,1
26229,0.47777727315326,1
22598,0.5249760065616669,1
23556,0.2003624390109683,0
10683,0.5390563361321979,1
16030,0.19843452473068648,0
22471,0.2983024031664923,0
10151,0.28112953092528337,0
29409,0.19431929710714432,0
15565,0.2204630908859813,0
13412,0.23022462125243812,0
18295,0.17532448931678885,0
24878,0.32626488136573645,1
24837,0.5935367861607824,1
18529,0.3822607022760382,1
19148,0.21451525903436833,0
26831,0.22928600421291842,0
15459,0.37007923492163364,1
16139,0.4918568050990784,1
14437,0.5311948707119416,1
24820,0.19920275707427737,0
14316,0.16742140747545473,0
25113,0.22766331889236424,0
12662,0.15888107055393194,0
27552,0.21944054807249685,0
23025,0.13271242443482686,0
23864,0.32500454843131127,1
13789,0.35661916388158543,1
26135,0.27412849465876143,0
11277,0.4687545227866228,1
26331,0.6673590259302746,1
15906,0.14282686745763362,0
15116,0.2825024149899323,0
22693,0.17314179798743945,0
10117,0.15833900866754227,0
26269,0.1511551985573309,0
27630,0.421268868273241,1
28770,0.10158718924250267,0
21725,0.5864663056887836,1
11113,0.26584017013403,0
27399,0.15895949452289232,0
29675,0.22839774584545094,0
25810,0.15617840141719722,0
29561,0.26666754486060756,0
28585,0.48692243683547665,1
13652,0.6805619207652297,1
18337,0.12637864948276667,0
11256,0.3194468363425836,1
13685,0.3924162328571258,1
24025,0.4955299955800384,1
25432,0.3992087696623196,1
28985,0.40655869377542597,1
23692,0.1610823259674036,0
12482,0.4256730024605642,1
17859,0.13374702883053619,0
17712,0.17004972590180428,0
20157,0.11578168391459,0
27406,0.18911721858783148,0
10830,0.24632863477052808,0
27545,0.165704999798528,0
11603,0.15260001398760523,0
26863,0.12509943009132946,0
13059,0.1761060429562702,0
24738,0.36340031181340565,1
20824,0.29977771134438763,0
26050,0.18374666294992442,0
25950,0.49920394269460255,1
15260,0.6712656140870238,1
20462,0.5513115657216233,1
21907,0.561875171697997,1
19364,0.25605251215095937,0
27871,0.2321546616162452,0
23964,0.22630415418875066,0
26957,0.23851202450121137,0
11922,0.8379636979537792,1
21076,0.7102651041945417,1
20779,0.1386975509019837,0
19521,0.7266781101735336,1
21319,0.2921502247761739,0
22232,0.2983758156422273,0
17597,0.484598351077152,1
25346,0.47407630884685026,1
13852,0.5746396705445,1
13939,0.3920465883931039,1
23865,0.44806716662763274,1
14497,0.3306593313894532,1
24157,0.20778499107717388,0
17890,0.15801822310473013,0
24719,0.14435511769771484,0
24337,0.281251703516143,0
16536,0.3327638517888774,1
13608,0.18775526129350056,0
23896,0.32498482470450263,1
11321,0.12839631348625385,0
22753,0.4520650985858167,1
27281,0.47778650216522006,1
23540,0.4419871990019661,1
10169,0.348279797232481,1
28390,0.25660089868221647,0
22500,0.14645364346800238,0
27646,0.19683525983047118,0
23350,0.32344949771150144,1
22781,0.1704730337894204,0
24065,0.16133445023980422,0
10399,0.5916988270989563,1
16028,0.23384587451587127,0
15866,0.17560290964870812,0
10150,0.301956463548042,0
13070,0.1524983393402155,0
26255,0.21365521567215562,0
10095,0.21503129960758316,0
27436,0.3836951355079156,1
23578,0.2831558040061055,0
21959,0.14139873592484878,0
23335,0.17801977964019317,0
16068,0.3330230400480091,1
22819,0.2827393298745243,0
11497,0.42893179868682824,1
16661,0.18558428833003066,0
23252,0.34754968920795576,1
16872,0.36359019166264533,1
22216,0.22965392901929835,0
17862,0.24587546392619805,0
17145,0.4786460381946064,1
27787,0.3536615573704253,1
28603,0.2737426273670032,0
13747,0.29299801325275093,0
22244,0.2171888268302425,0
26967,0.4076781940443772,1
19195,0.424531995358287,1
29310,0.11759462605018285,0
29480,0.22831653451015974,0
11930,0.573702359736432,1
22831,0.3786435764349196,1
20440,0.1135092421719197,0
24999,0.5121233191304417,1
11968,0.24831315021995587,0
19782,0.1832395374139509,0
23253,0.34888054142918945,1
11635,0.18553267013847394,0
18785,0.6354688578804323,1
16614,0.7376879910745913,1
20740,0.11971399806599821,0
17709,0.43623433415515767,1
29501,0.28938702923553017,0
25880,0.4732959378559104,1
21140,0.26590452319610053,0
19353,0.3856878408714701,1
11480,0.3577389414045843,1
17914,0.17894440476231727,0
17337,0.2907170869262375,0
11499,0.1548311893842784,0
28384,0.6926741511163103,1
18901,0.39311546296776056,1
25896,0.1876695727920642,0
22617,0.3780190056878617,1
15720,0.12468109011384496,0
22289,0.48276487706524013,1
11333,0.32993356928477235,1
17271,0.2664128202958203,0
23846,0.43849356007267504,1
23166,0.4861998057451934,1
12689,0.19750854795891962,0
11715,0.1755086610329566,0
27589,0.41621309086000424,1
20614,0.3730361925229289,1
25076,0.14261102467538933,0
21196,0.4913377086818631,1
25354,0.4841258213556894,1
27389,0.578098504093789,1
13856,0.8218654412181504,1
26427,0.228873522768275,0
14114,0.16417900062262858,0
18226,0.4266033500532352,1
24864,0.46726470047132573,1
12716,0.6248285931456049,1
21371,0.42251303286437314,1
10317,0.5718011118826077,1
16979,0.39317783148883484,1
25520,0.44714545434658126,1
28486,0.2755206301165786,0
29631,0.45202371871421393,1
25610,0.3814408789844891,1
17008,0.2733015331584239,0
12819,0.21791048578209468,0
15501,0.44172560704832464,1
10951,0.7157896103426499,1
21334,0.19231902463982414,0
14603,0.12856889057369528,0
22304,0.3107578272210857,1
10031,0.5604536933395159,1
16904,0.41948921271895645,1
11640,0.3083125893328093,1
16418,0.16062877047805943,0
17977,0.4744550428328621,1
24406,0.48274626575192675,1
14457,0.23284644377621494,0
21829,0.42831591565084254,1
25482,0.24026701099575665,0
26892,0.35668187851846184,1
16114,0.16850373511486305,0
16358,0.4601867976950782,1
11966,0.5484027804314555,1
27387,0.4188923265362877,1
11585,0.30805243514867575,1
12026,0.5510191785567872,1
28783,0.5650612507088064,1
19618,0.3606911871997026,1
23847,0.4150968899660164,1
29695,0.22141766121321185,0
25883,0.15115028380695134,0
24577,0.16531099428780588,0
28046,0.12399886584285211,0
12929,0.2483485741749403,0
28458,0.336672434437835,1
21323,0.4610645503891496,1
18484,0.221164343052059,0
28399,0.138002908623571,0
24064,0.3184358108776529,1
28497,0.47736222477049145,1
29752,0.33885071753681545,1
11594,0.5120550509964925,1
19660,0.3340074397327776,1
16533,0.19588468054321853,0
10701,0.139166562922446,0
23645,0.6365465730660786,1
25426,0.22418316804349236,0
19129,0.45713532170794424,1
24809,0.23487508104517946,0
16199,0.24318064949283677,0
13996,0.34794668958648645,1
17472,0.2247477088633215,0
11315,0.3565358122042707,1
18740,0.3368755637867291,1
10765,0.40727091824271,1
27734,0.1218512407145997,0
14343,0.6077822120154305,1
15953,0.27732838995765724,0
17320,0.18278400168897832,0
22549,0.47268286238733115,1
19836,0.1712526235818076,0
23989,0.13692067743062122,0
10039,0.7201396834104375,1
13614,0.3641409402957295,1
11456,0.1771564834822473,0
25111,0.3528215015480248,1
23344,0.48870376853473485,1
18140,0.3383501186568488,1
12895,0.3776704337767848,1
23254,0.5879283623075218,1
17782,0.6369274050483055,1
15626,0.26008897576053364,0
28270,0.3345932406352819,1
26919,0.15717253626054134,0
11054,0.26414541937566266,0
23696,0.4747147813196473,1
20334,0.26731618012049985,0
24868,0.21491908563372344,0
23962,0.24329216701689912,0
22551,0.41903806637091356,1
16146,0.23894290102322663,0
15949,0.1755429820157935,0
12808,0.31486145448485703,1
24158,0.5308883396096526,1
17557,0.5070932348624886,1
23899,0.45179095225661714,1
10305,0.6467663220918624,1
28891,0.28043250214739596,0
15225,0.2735122326754995,0
25120,0.3697867357258117,1
17729,0.42809540312059596,1
27203,0.23469648828379974,0
16696,0.35461987136685974,1
25404,0.2804447522852661,0
10253,0.21824578589315838,0
10512,0.26677977358930205,0
27733,0.21755409218762745,0
23001,0.2877912441855855,0
25309,0.18543318827223618,0
16970,0.3295608029282338,1
28532,0.36053742068695954,1
19359,0.5907601872721757,1
22358,0.33677573121939325,1
28125,0.21367810111570976,0
10751,0.5740063417592652,1
25546,0.1517076932136043,0
19855,0.17488613098468797,0
10743,0.3504293598005313,1
29369,0.2555662395044009,0
10177,0.6848684010089181,1
21207,0.3166039290889944,1
18286,0.27436836816155313,0
27560,0.18785514955884386,0
22866,0.19066891588216822,0
19578,0.42583011506137214,1
18770,0.2223756252616711,0
16887,0.23688340064467484,0
18192,0.24352984684339338,0
27416,0.16743554986608272,0
24323,0.2596246214576673,0
10382,0.47287624021561575,1
24753,0.22655625660549766,0
19932,0.4918418293179752,1
25887,0.4472938897120243,1
17202,0.19598649050623446,0
19746,0.1832659468821375,0
24806,0.2353374171100878,0
18646,0.39389927024881244,1
19871,0.3945415818550517,1
17516,0.21426894331342589,0
16016,0.475816253224055,1
25808,0.19010749332671134,0
19779,0.1186167765647646,0
23267,0.2758007446771578,0
18744,0.34810046371849795,1
10985,0.6010128630647722,1
10440,0.16059193267739497,0
18399,0.23029613939140783,0
13782,0.2856276146995305,0
25655,0.32492119339241016,1
22732,0.38249549211862444,1
29531,0.43272516669822764,1
15473,0.3503087461023956,1
22197,0.6230359549782283,1
28910,0.44892765034070986,1
23800,0.1556066883975213,0
23189,0.32606956302600115,1
22510,0.14253739329770734,0
11227,0.21511764570838085,0
17986,0.27749760729568335,0
24184,0.33247521635334715,1
21634,0.2724350811308586,0
27958,0.4558584858638334,1
10904,0.672490237615887,1
23981,0.15780934734380067,0
25271,0.335864319659332,1
18281,0.2655197594125907,0
17108,0.17897973271990344,0
23343,0.17806006091929077,0
21009,0.23593127723007762,0
10367,0.22082020342248712,0
20135,0.23408714942604114,0
13080,0.6064496370826072,1
26768,0.19647040752267927,0
13017,0.23059832124464658,0
16937,0.77993722824688,1
27994,0.23669774297261179,0
20747,0.22500351468146174,0
11654,0.39128673168909855,1
25924,0.1367361454578892,0
13423,0.2617399851838311,0
23314,0.1931992812352278,0
25869,0.22702147823040575,0
18926,0.24665385952140245,0
23187,0.30190174159772043,0
11207,0.18585031379445804,0
22716,0.2914738021406503,0
18929,0.5166667417207962,1
24478,0.22373786969123588,0
11487,0.14761620745586151,0
22327,0.2904051690510492,0
21960,0.17889826598889277,0
10086,0.4137833993901472,1
15666,0.3456341891302521,1
10168,0.3307016522813316,1
15378,0.5528407531536768,1
25941,0.4301129795107204,1
25632,0.22121644806468874,0
14895,0.3831941921201559,1
17204,0.2470069013690726,0
28888,0.1613620257347874,0
11419,0.18078412012952427,0
17749,0.25580977129654875,0
12255,0.48105389166921275,1
14064,0.23321236764417194,0
18861,0.22744718756983515,0
29647,0.43917310445445995,1
19015,0.23437507417341977,0
18395,0.280688999756368,0
20283,0.40287857383028797,1
14245,0.6714900844284615,1
23531,0.18496489222317208,0
12439,0.24638101664114848,0
15141,0.19403038944543546,0
12070,0.7299981221223255,1
25225,0.1446640026130357,0
23106,0.2752608488583127,0
27254,0.25543700475392045,0
16668,0.11911376283844437,0
11079,0.30217576485962916,0
22833,0.15113359424600395,0
12176,0.20591108234883912,0
14126,0.25077862834610753,0
10625,0.21650958308790189,0
20537,0.48284790491487745,1
26344,0.33364186643024263,1
14106,0.31120930677034697,1
13551,0.33249251244891537,1
17537,0.5086350994992849,1
23662,0.4079968640814826,1
10148,0.18607790717639566,0
16799,0.2545345853429885,0
15787,0.28087348979872356,0
27886,0.20302906107139487,0
11355,0.19385239812258612,0
18757,0.22581373279162853,0
21011,0.16924255398041868,0
28677,0.22175200926925676,0
29064,0.2835435240401317,0
23196,0.3642092270877059,1
26542,0.24686918791424595,0
26320,0.32961076013583085,1
24970,0.22526828447847314,0
16307,0.22466638432517733,0
17585,0.43468503561949656,1
26290,0.15295312544677822,0
20456,0.2827060480699353,0
18224,0.3213805423223723,1
29968,0.3675911609774756,1
26148,0.15567334797542692,0
12448,0.15958656872893792,0
11888,0.5642273798874791,1
18819,0.16229789898590663,0
24775,0.42831183230533293,1
21873,0.12778456230200075,0
10906,0.3355295351378451,1
25001,0.3372556267210237,1
27878,0.11504677640570299,0
14897,0.21812146057170523,0
29425,0.42730191625708946,1
19860,0.23482300135667875,0
22086,0.15861444939461677,0
24151,0.6332613966533135,1
19595,0.8182817298771667,1
13103,0.15715684404771235,0
22084,0.7667062574999696,1
10518,0.17163053696287114,0
25182,0.12871079832156207,0
16203,0.45064289353345577,1
19884,0.702886373008278,1
20303,0.2663464784512467,0
22568,0.15384055355449092,0
19196,0.21234697332821878,0
20904,0.3266170112612267,1
20613,0.432158820732333,1
14751,0.35099504975752016,1
27712,0.1862737326289927,0
28151,0.30310803773836287,0
20160,0.2909701093686218,0
25099,0.5714962114831489,1
18207,0.21750126380055737,0
24661,0.27763110958866066,0
29267,0.2687944841313542,0
19810,0.2711698705464658,0
16926,0.3660553356842885,1
22300,0.22449022850775355,0
13108,0.24457829739959586,0
12007,0.21091822653015468,0
24355,0.22228195596742228,0
21867,0.22449377618265245,0
12734,0.4122127923650787,1
22168,0.2189509363096373,0
27698,0.28354656222338087,0
11694,0.12580885257894273,0
26432,0.26587461389992667,0
21506,0.6006872763754318,1
14386,0.22440710224122154,0
26853,0.22567284743026322,0
20979,0.34605108597339185,1
19385,0.206653404551731,0
13290,0.22224602538459384,0
27375,0.3105509001417138,1
12500,0.3806821495100057,1
25967,0.22495180013021937,0
25576,0.21994597103533356,0
29239,0.414747508011379,1
26126,0.6444377445261676,1
17984,0.2025469520460848,0
23202,0.1853514671038582,0
25013,0.16826485829275817,0
25795,0.4448922292304616,1
20063,0.14755347421919943,0
27193,0.18357270553982483,0
12575,0.4865743045999189,1
25614,0.2476194282250108,0
24336,0.3249372691434131,1
14221,0.5201446260231909,1
22695,0.569359661599496,1
27097,0.37866014931060593,1
24586,0.13201183301675457,0
26994,0.2065035809791331,0
23103,0.21660413711277515,0
19240,0.2336697824039769,0
23144,0.3865750505016024,1
24751,0.596931762645054,1
14090,0.2895922433138432,0
19516,0.47089101810183315,1
27835,0.2664779315796852,0
18342,0.2360569671942531,0
22470,0.13084953914278996,0
17317,0.26959003700483336,0
13602,0.1831245279538292,0
17998,0.56820908853356,1
28300,0.41414244290043567,1
26387,0.42540131261128644,1
18269,0.15048230212975175,0
22286,0.17214856516376964,0
12924,0.14850051087079882,0
24298,0.12246682429110724,0
11065,0.8048868058210946,1
26436,0.8519317739447245,1
23316,0.2654077471355059,0
18523,0.17309964872381456,0
11772,0.3817862119698318,1
10333,0.2241394032376322,0
13990,0.3384717303225124,1
19116,0.15172639289695725,0
23926,0.3320875293094764,1
13866,0.12729061431036917,0
18688,0.36955836950315835,1
15590,0.16679829809944358,0
29658,0.4855544287079131,1
15632,0.4194039085851149,1
29821,0.2814497159289388,0
24778,0.2431321766887411,0
17835,0.30301452433543874,0
25277,0.23679906866720496,0
12300,0.42590457519506986,1
14468,0.34367580501234546,1
18256,0.14687491324848392,0
21844,0.1342429161337748,0
14247,0.3756726832276853,1
24486,0.3788169559037148,1
18355,0.39640307295321525,1
23204,0.2642681302255735,0
20756,0.38415657743792603,1
11684,0.6630331294455649,1
25690,0.24917082580113722,0
29761,0.2973020005998274,0
27789,0.3547197848862055,1
25611,0.34215438010822713,1
22201,0.17145673538343872,0
10579,0.39066307059583033,1
19657,0.46577229538503595,1
10335,0.5256034659127988,1
24711,0.22483819961503426,0
27520,0.6316762229463099,1
19749,0.44206853212567593,1
14586,0.3214063477453352,1
26704,0.19713142928118238,0
24658,0.10903176141232596,0
20657,0.2654899740387875,0
19110,0.2637650112987303,0
10677,0.23587096410154842,0
24382,0.33493238016105353,1
22420,0.1602474510160175,0
19863,0.31123682671585756,1
10783,0.13842886983129235,0
23257,0.16688812668992623,0
16299,0.11255225190200316,0
16063,0.47498238952597843,1
11797,0.3850077423791305,1
23557,0.46357281237693615,1
15220,0.21949434515376068,0
19681,0.25207828830063,0
21737,0.2888733659511862,0
25698,0.7101241493252849,1
23682,0.5419483595428838,1
25551,0.35396853573370624,1
27793,0.23195152032683938,0
13167,0.4715243309433733,1
14062,0.3171958022098993,1
19419,0.1666915586918297,0
20005,0.1669919206220713,0
17031,0.2021649822490163,0
20185,0.12843955343329108,0
12837,0.4711633878533713,1
29706,0.25872820620337345,0
17307,0.4438835361145838,1
11956,0.16328078736560195,0
23697,0.22344659800502772,0
26521,0.32851722987270976,1
24373,0.2498271146218231,0
23730,0.2534333309920739,0
23174,0.30936010216986964,1
29099,0.48202003844418534,1
19813,0.1863980244511526,0
10534,0.248557328934799,0
23648,0.2071506423005763,0
10470,0.23038354289673238,0
28937,0.22299056562963043,0
19490,0.3248035380371199,1
15917,0.18720408159027901,0
13762,0.2085748272185227,0
15479,0.23512080258997764,0
15806,0.23244365644147674,0
20085,0.22952540103654032,0
23495,0.7994279750616051,1
