{
  "modelo": "knn",
  "nro_vista": "001",
  "k_optimo": 25,
  "n_features": 198,
  "n_muestras": 15000,
  "metricas": {
    "accuracy": 0.69,
    "precision": 0.5904761904761905,
    "recall": 0.08653175157013258,
    "f1": 0.1509433962264151,
    "auc_roc": 0.6071600275858241
  },
  "matriz_confusion": [
    [
      2981,
      86
    ],
    [
      1309,
      124
    ]
  ],
  "confusion_matrix_labels": [
    "No Demorado",
    "Demorado"
  ]
}