{
  "modelo": "knn",
  "nro_vista": "008",
  "k_optimo": 29,
  "n_features": 99,
  "n_muestras": 14438,
  "metricas": {
    "accuracy": 0.6809787626962143,
    "precision": 0.5,
    "recall": 0.055716353111432707,
    "f1": 0.10026041666666667,
    "auc_roc": 0.6214161495253747
  },
  "matriz_confusion": [
    [
      2873,
      77
    ],
    [
      1305,
      77
    ]
  ],
  "confusion_matrix_labels": [
    "No Demorado",
    "Demorado"
  ]
}