{
  "modelo": "knn",
  "nro_vista": "010",
  "k_optimo": 29,
  "n_features": 103,
  "n_muestras": 9214,
  "metricas": {
    "accuracy": 0.5952983725135624,
    "precision": 0.6158590308370044,
    "recall": 0.5057887120115774,
    "f1": 0.5554231227651967,
    "auc_roc": 0.6344721881268618
  },
  "matriz_confusion": [
    [
      947,
      436
    ],
    [
      683,
      699
    ]
  ],
  "confusion_matrix_labels": [
    "No Demorado",
    "Demorado"
  ]
}