{
  "modelo": "knn",
  "nro_vista": "007",
  "k_optimo": 23,
  "n_features": 102,
  "n_muestras": 14438,
  "metricas": {
    "accuracy": 0.6795937211449676,
    "precision": 0.4838709677419355,
    "recall": 0.06512301013024602,
    "f1": 0.11479591836734694,
    "auc_roc": 0.605552871053987
  },
  "matriz_confusion": [
    [
      2854,
      96
    ],
    [
      1292,
      90
    ]
  ],
  "confusion_matrix_labels": [
    "No Demorado",
    "Demorado"
  ]
}