{
  "modelo": "knn",
  "nro_modelo": "007",
  "nro_vista": "007",
  "metricas": {
    "accuracy": 0.6795937211449676,
    "precision": 0.4838709677419355,
    "recall": 0.06512301013024602,
    "f1": 0.11479591836734694,
    "auc_roc": 0.605552871053987
  },
  "matriz_confusion": [
    [
      2854,
      96
    ],
    [
      1292,
      90
    ]
  ],
  "confusion_matrix_labels": [
    "No Demorado",
    "Demorado"
  ],
  "classification_report": {
    "No Demorado": {
      "precision": 0.688374336710082,
      "recall": 0.967457627118644,
      "f1-score": 0.8043968432919955,
      "support": 2950.0
    },
    "Demorado": {
      "precision": 0.4838709677419355,
      "recall": 0.06512301013024602,
      "f1-score": 0.11479591836734694,
      "support": 1382.0
    },
    "accuracy": 0.6795937211449676,
    "macro avg": {
      "precision": 0.5861226522260088,
      "recall": 0.516290318624445,
      "f1-score": 0.4595963808296712,
      "support": 4332.0
    },
    "weighted avg": {
      "precision": 0.6231334189090713,
      "recall": 0.6795937211449676,
      "f1-score": 0.584399502976699,
      "support": 4332.0
    }
  }
}