{
  "modelo": "arbol",
  "nro_modelo": "004",
  "nro_vista": "004",
  "metricas": {
    "accuracy": 0.6994459833795014,
    "precision": 0.5757575757575758,
    "recall": 0.2199710564399421,
    "f1": 0.3183246073298429,
    "auc_roc": 0.6804513233093771
  },
  "matriz_confusion": [
    [
      2726,
      224
    ],
    [
      1078,
      304
    ]
  ],
  "confusion_matrix_labels": [
    "No Demorado",
    "Demorado"
  ],
  "classification_report": {
    "No Demorado": {
      "precision": 0.7166140904311251,
      "recall": 0.9240677966101695,
      "f1-score": 0.8072253479419603,
      "support": 2950.0
    },
    "Demorado": {
      "precision": 0.5757575757575758,
      "recall": 0.2199710564399421,
      "f1-score": 0.3183246073298429,
      "support": 1382.0
    },
    "accuracy": 0.6994459833795014,
    "macro avg": {
      "precision": 0.6461858330943504,
      "recall": 0.5720194265250558,
      "f1-score": 0.5627749776359017,
      "support": 4332.0
    },
    "weighted avg": {
      "precision": 0.6716778708376706,
      "recall": 0.6994459833795014,
      "f1-score": 0.6512556287531454,
      "support": 4332.0
    }
  }
}