{
  "modelo": "knn",
  "nro_vista": "011",
  "k_optimo": 29,
  "n_features": 103,
  "n_muestras": 14438,
  "metricas": {
    "accuracy": 0.6028933092224231,
    "precision": 0.6205432937181664,
    "recall": 0.5289435600578871,
    "f1": 0.57109375,
    "auc_roc": 0.6365063992892818
  },
  "matriz_confusion": [
    [
      936,
      447
    ],
    [
      651,
      731
    ]
  ],
  "confusion_matrix_labels": [
    "No Demorado",
    "Demorado"
  ]
}