id_cliente,sexo,provincia,edad,ocupacion,cant_vuelos,clase_preferida,gasto_acumulado,gasto_acumulado_extra,programaMillas,cantidad_millas,ingreso_mensual,anticipacion_compra_promedio,canal_compra
15,M,Tucumán,32,Deportista,95,Ejecutiva,70152.57,9159.87,Sí,161409,15049,41,Agencia
16,M,Misiones,32,Ejecutivo,78,Ejecutiva,53839.55,6429.71,No,0,7524,6,Agencia
34,M,Santander,29,Ejecutivo,23,Ejecutiva,18636.81,1509.23,No,0,14587,5,Web
37,F,CABA,38,Empresario,21,Primera clase,28021.38,5583.65,No,0,5817,11,Aeropuerto
65,M,Los Santos,55,Ejecutivo,54,Ejecutiva,26627.35,3962.04,Sí,55747,4600,12,Web
70,F,Bolívar,40,Médico,16,Primera clase,31328.65,1444.7,Sí,49026,3834,9,Agencia
72,F,Pernambuco,28,Deportista,93,Económica,16854.99,1602.34,Sí,82228,2853,25,App
76,M,Colón,50,Médico,22,Primera clase,25836.81,1735.18,Sí,47170,8756,9,Agencia
113,M,Bolívar,29,Empresario,41,Económica,9715.0,1508.53,Sí,40554,2127,26,Web
114,M,Valle del Cauca,44,Empresario,45,Económica,13591.32,651.26,Sí,44767,19986,34,Agencia
119,M,Atlántico,61,Ejecutivo,25,Primera clase,60521.91,10501.72,No,0,6179,11,Web
135,F,Nariño,47,Empresario,44,Ejecutiva,25426.85,4455.65,Sí,61815,6486,13,Web
139,M,CABA,56,Ejecutivo,71,Ejecutiva,33055.92,3753.1,No,0,7745,0,Aeropuerto
143,M,Misiones,53,Empresario,40,Primera clase,47049.04,6333.05,No,0,10174,4,Agencia
144,F,Santa Fe,41,Ejecutivo,65,Económica,6289.78,883.76,Sí,61158,2642,16,App
171,F,Tucumán,25,Empresario,46,Económica,4199.68,440.01,Sí,52567,6441,41,App
188,M,Atlántico,26,Deportista,77,Ejecutiva,49131.53,5860.97,Sí,103851,3458,5,App
211,F,Cundinamarca,44,Empresario,19,Primera clase,44365.51,8567.72,Sí,39691,13726,0,Web
223,F,Chiriquí,35,Empresario,50,Ejecutiva,25885.32,3301.7,No,0,13053,1,Web
235,F,Tucumán,41,Ejecutivo,24,Ejecutiva,18436.0,2847.13,Sí,43254,3790,5,Aeropuerto
237,M,Atlántico,50,Ejecutivo,59,Económica,7431.68,1159.75,Sí,39158,3970,3,Web
238,F,Bolívar,35,Deportista,99,Ejecutiva,44244.08,7476.8,No,0,9961,6,Web
242,M,Valle del Cauca,41,Ejecutivo,41,Primera clase,43640.89,4949.67,No,0,7163,19,Web
243,F,Paraná,40,Empresario,41,Ejecutiva,15943.36,3138.33,No,0,14237,9,Web
247,F,CABA,45,Médico,21,Ejecutiva,7838.09,1442.02,Sí,46004,4334,7,App
252,F,Entre Ríos,48,Empresario,41,Ejecutiva,13175.62,2533.93,Sí,81673,4541,10,App
255,M,Antioquia,46,Deportista,90,Económica,18306.74,2491.59,Sí,55364,1920,8,Agencia
262,M,Santander,36,Deportista,80,Ejecutiva,60191.09,5648.98,Sí,116423,3657,27,Web
286,F,Tolima,29,Ejecutivo,23,Económica,7442.4,876.73,Sí,8276,8669,16,App
292,M,Veraguas,46,Ejecutivo,68,Primera clase,121355.09,11215.59,Sí,221921,5525,0,Aeropuerto
294,F,Mendoza,27,Ejecutivo,61,Ejecutiva,28505.0,2319.05,No,0,5381,9,App
297,F,Tolima,60,Empresario,12,Primera clase,16219.57,1652.4,Sí,24996,10785,8,Agencia
319,M,Bahia,37,Ejecutivo,20,Ejecutiva,16028.33,2837.9,Sí,44925,12170,7,Web
320,F,Buenos Aires,46,Profesional independiente,23,Primera clase,31669.51,1332.38,No,0,4467,41,App
361,F,Mendoza,33,Profesional independiente,2,Ejecutiva,1438.75,129.21,No,0,8512,15,Web
366,F,Bolívar,38,Empresario,22,Económica,3135.26,164.88,Sí,19722,23362,16,Web
369,F,Chaco,43,Empresario,53,Primera clase,103989.19,4186.96,No,0,4486,30,Web
390,F,Entre Ríos,29,Empresario,21,Ejecutiva,6613.8,341.45,No,0,9564,21,App
393,M,Panamá,36,Empresario,46,Ejecutiva,13380.57,1360.13,No,0,11019,9,Aeropuerto
394,M,Santa Fe,35,Ejecutivo,65,Ejecutiva,26784.92,2778.99,Sí,83390,5173,5,Web
397,F,Nariño,34,Deportista,66,Económica,19687.11,1054.86,No,0,54831,2,App
418,F,Misiones,36,Deportista,67,Económica,16894.66,1957.1,Sí,54250,1555,2,Web
419,F,Tucumán,31,Médico,11,Primera clase,26526.89,4591.32,No,0,5042,8,App
423,F,Córdoba,29,Deportista,89,Ejecutiva,47494.55,7998.08,Sí,99639,6319,11,Web
448,M,Antioquia,41,Ingeniero,14,Ejecutiva,5118.72,399.22,No,0,8645,4,App
462,F,Chaco,55,Empresario,31,Ejecutiva,8745.26,1416.47,Sí,34936,10983,0,Agencia
469,F,Valle del Cauca,49,Ejecutivo,79,Económica,28910.03,6089.2,No,0,2134,8,Web
474,F,Cundinamarca,49,Deportista,78,Económica,13488.61,2849.26,Sí,76199,1722,1,App
478,M,Entre Ríos,47,Empresario,24,Ejecutiva,14889.18,2763.45,Sí,50142,6972,21,Web
487,F,Herrera,50,Arquitecto,15,Primera clase,18505.34,2130.72,No,0,10257,31,App
492,M,Colón,35,Deportista,68,Económica,6850.39,838.53,Sí,55467,4729,0,Agencia
497,M,Panamá,44,Empresario,56,Primera clase,48307.4,6743.77,No,0,7675,1,App
506,M,Córdoba,54,Deportista,87,Económica,19849.66,1285.81,Sí,46048,1293,3,App
508,F,Minas Gerais,31,Empresario,27,Económica,8218.25,859.77,No,0,11958,34,Web
512,F,Córdoba,36,Ejecutivo,60,Primera clase,102484.04,7264.8,Sí,157950,10812,18,Web
515,M,Tucumán,24,Empresario,10,Económica,1672.27,111.62,Sí,6284,22333,39,Web
534,M,CABA,38,Médico,19,Ejecutiva,13138.85,3267.5,No,0,9295,24,Agencia
551,F,Rio de Janeiro,37,Ejecutivo,74,Ejecutiva,30990.96,3984.52,No,0,2722,8,Aeropuerto
557,F,Atlántico,51,Empresario,38,Ejecutiva,28383.69,5053.71,No,0,4975,7,Web
569,F,Buenos Aires,40,Empresario,27,Ejecutiva,21467.15,4650.98,No,0,15657,5,Agencia
575,M,CABA,53,Deportista,80,Económica,21014.99,1401.26,Sí,55000,870,48,Aeropuerto
596,M,Atlántico,41,Ejecutivo,36,Primera clase,81703.81,13523.61,No,0,8621,7,Agencia
597,F,Mendoza,30,Empresario,28,Ejecutiva,15233.0,1958.8,Sí,44329,4857,4,App
608,F,Santander,24,Abogado,20,Primera clase,17875.72,2375.74,Sí,33537,8514,6,Web
611,M,Atlántico,41,Empresario,55,Ejecutiva,19871.28,981.41,No,0,16851,2,Web
615,No binario,Panamá,44,Médico,14,Ejecutiva,7151.8,1549.82,No,0,8816,1,App
616,F,São Paulo,33,Arquitecto,24,Ejecutiva,11039.84,1798.67,No,0,9498,8,App
617,M,Valle del Cauca,32,Profesional independiente,16,Primera clase,26041.96,2370.52,Sí,58231,4222,12,Agencia
624,M,Tolima,35,Deportista,98,Económica,17313.96,3471.27,Sí,62330,4900,2,Web
627,F,Santander,28,Empresario,45,Ejecutiva,16278.15,987.69,Sí,81013,3688,16,Agencia
632,F,Veraguas,34,Deportista,67,Económica,22820.55,1755.63,Sí,39165,2205,16,Aeropuerto
640,F,Santander,47,Deportista,80,Primera clase,103180.27,10263.91,Sí,166199,6037,1,Web
641,F,Nariño,56,Médico,28,Primera clase,61877.68,9911.37,Sí,67795,7017,25,Aeropuerto
649,F,Bolívar,32,Empresario,23,Ejecutiva,11550.06,1594.93,No,0,11216,10,App
656,F,Buenos Aires,36,Deportista,69,Primera clase,94655.61,7960.64,Sí,148060,10547,17,Web
674,F,Minas Gerais,33,Ingeniero,21,Primera clase,55393.62,9771.01,No,0,5614,6,Web
675,F,Tolima,38,Empresario,13,Ejecutiva,6259.07,532.68,No,0,29410,17,App
679,M,Tucumán,48,Empresario,54,Ejecutiva,40982.81,6244.93,Sí,51531,2918,0,Web
681,M,Córdoba,48,Deportista,94,Económica,27868.86,3334.37,Sí,61389,3234,1,Web
693,M,Nariño,37,Ejecutivo,60,Ejecutiva,37485.01,2802.27,No,0,5664,6,App
716,F,Rio Grande do Sul,41,Ejecutivo,73,Ejecutiva,27978.59,5873.64,Sí,109212,7789,23,Web
718,F,Minas Gerais,30,Deportista,77,Primera clase,177254.22,8844.12,Sí,356412,3699,9,Web
721,F,Cundinamarca,48,Comerciante,20,Ejecutiva,11919.85,777.74,Sí,39176,4273,23,Aeropuerto
744,M,Chaco,36,Médico,18,Ejecutiva,9453.83,2225.26,No,0,10611,34,Agencia
770,M,Bolívar,24,Comerciante,19,Primera clase,33231.95,5441.88,No,0,5241,37,App
778,F,Santander,39,Empresario,58,Ejecutiva,27959.98,5143.46,No,0,4541,2,App
797,F,Misiones,48,Médico,26,Primera clase,41089.48,5654.14,Sí,63829,7495,35,App
803,M,Minas Gerais,26,Abogado,23,Económica,4910.42,1045.79,No,0,9355,20,Aeropuerto
804,M,Tucumán,40,Empresario,42,Económica,10855.85,2040.02,No,0,15656,3,Web
807,M,Veraguas,43,Ejecutivo,58,Ejecutiva,40911.63,7207.39,No,0,7348,18,Agencia
820,M,Los Santos,32,Ejecutivo,71,Primera clase,157927.75,17505.88,Sí,155256,19015,2,Web
830,F,Entre Ríos,50,Ejecutivo,74,Ejecutiva,59016.18,7163.97,Sí,152445,3661,3,App
839,F,Misiones,35,Empresario,54,Económica,7166.08,1632.18,Sí,25481,9572,1,Web
841,M,Antioquia,38,Deportista,35,Primera clase,28128.06,4281.39,No,0,8572,41,App
847,F,Mendoza,31,Empresario,36,Ejecutiva,26677.57,5035.85,Sí,95830,9732,42,Web
888,M,Tucumán,38,Empresario,20,Ejecutiva,10002.57,1777.16,No,0,13054,16,App
924,M,Mendoza,34,Deportista,50,Ejecutiva,28698.05,2631.23,Sí,138880,3651,17,Agencia
925,M,Mendoza,38,Ejecutivo,37,Primera clase,46936.9,5128.44,No,0,10453,0,App
939,F,Santander,34,Empresario,15,Ejecutiva,5571.19,829.4,No,0,13259,20,Aeropuerto
940,M,Buenos Aires,50,Ejecutivo,73,Económica,26480.91,1294.76,No,0,4087,1,Web
942,F,Santa Fe,29,Deportista,85,Económica,15507.36,1321.6,Sí,60349,486,29,App
976,M,Córdoba,43,Empresario,59,Económica,20005.39,3840.65,Sí,42050,8558,8,Web
977,No binario,Entre Ríos,38,Ingeniero,15,Primera clase,8038.38,1059.1,Sí,60638,4133,3,App
996,F,Chaco,45,Ejecutivo,39,Ejecutiva,13365.76,2255.88,Sí,34117,8606,0,App
999,F,Tucumán,43,Empresario,47,Ejecutiva,19007.56,2693.81,Sí,38896,14597,3,Web
1001,M,Misiones,29,Médico,7,Primera clase,14783.08,1500.8,No,0,10357,6,Web
1004,F,Salta,26,Ejecutivo,59,Ejecutiva,31822.57,2342.51,No,0,9349,13,Agencia
1005,F,Bahia,43,Contador,16,Primera clase,10419.82,1565.87,Sí,46955,3532,14,Web
1021,F,Entre Ríos,33,Empresario,49,Económica,9943.58,551.7,Sí,42801,3466,22,Web
1031,M,CABA,51,Médico,7,Primera clase,13770.99,2586.65,No,0,9709,1,Web
1046,F,Salta,41,Deportista,67,Ejecutiva,22323.9,1296.61,No,0,13271,51,App
1050,F,Córdoba,41,Médico,27,Ejecutiva,7399.21,960.55,Sí,71043,6686,17,App
1061,F,Pernambuco,53,Deportista,85,Económica,13980.81,2544.71,Sí,60399,2456,27,Web
1064,F,Antioquia,37,Empresario,59,Ejecutiva,42473.05,6539.01,Sí,58533,7674,4,Web
1080,M,Nariño,55,Abogado,3,Primera clase,6210.14,563.1,No,0,10106,24,App
1090,M,Entre Ríos,36,Ejecutivo,47,Ejecutiva,27238.84,3949.37,No,0,10057,5,App
1106,M,Valle del Cauca,39,Médico,23,Primera clase,34105.78,7766.23,Sí,82864,11355,4,App
1107,F,Chiriquí,43,Médico,20,Ejecutiva,10253.91,893.23,Sí,52032,5395,6,Web
1110,F,Chaco,39,Profesional independiente,16,Primera clase,27833.32,3622.25,Sí,33838,5524,6,Web
1122,M,Mendoza,43,Ejecutivo,72,Ejecutiva,22695.11,3039.62,Sí,206724,6817,6,Web
1142,M,Colón,45,Abogado,23,Primera clase,20416.71,2497.19,Sí,74024,7465,5,App
1146,F,Santa Fe,50,Empresario,54,Ejecutiva,30452.31,1988.45,Sí,55030,5275,17,Web
1148,M,Tolima,31,Empresario,15,Ejecutiva,8917.79,2047.34,No,0,29111,13,Web
1167,M,Veraguas,59,Ejecutivo,55,Primera clase,59535.35,4984.69,No,0,10302,6,Web
1188,F,Herrera,30,Ejecutivo,77,Primera clase,72002.18,15099.29,No,0,7746,1,Web
1195,F,Salta,47,Ejecutivo,26,Ejecutiva,14217.52,3488.02,Sí,58930,4471,10,App
1201,M,Misiones,51,Comerciante,23,Ejecutiva,15109.31,974.03,Sí,47172,8391,5,Web
1209,F,Veraguas,42,Ejecutivo,61,Ejecutiva,39125.07,5906.78,Sí,59748,4955,21,Web
1210,M,Córdoba,29,Ejecutivo,53,Económica,11549.11,2223.13,Sí,43026,5011,1,App
1222,F,Pernambuco,37,Ejecutivo,47,Ejecutiva,20059.12,1376.99,Sí,55604,10536,3,Web
1227,M,Antioquia,34,Empresario,26,Ejecutiva,21423.92,4391.7,Sí,59581,9325,35,App
1246,F,Córdoba,25,Ejecutivo,65,Económica,17838.82,1206.08,Sí,48503,6914,1,App
1248,F,Atlántico,29,Deportista,27,Primera clase,61367.68,5204.04,No,0,18172,2,Aeropuerto
1268,M,Paraná,45,Ejecutivo,73,Económica,20629.89,2644.47,Sí,40714,3491,0,Web
1278,F,Mendoza,51,Empresario,26,Primera clase,24034.08,2474.79,Sí,83069,12321,26,App
1284,M,Bahia,57,Empresario,22,Ejecutiva,12912.58,616.71,Sí,24532,14996,0,App
1307,F,Rio de Janeiro,49,Empresario,21,Ejecutiva,8855.58,1760.73,Sí,47715,6180,29,App
1322,M,São Paulo,52,Empresario,49,Ejecutiva,19651.08,1208.31,Sí,55161,9281,0,App
1333,M,Tucumán,33,Ingeniero,13,Ejecutiva,8140.82,969.85,No,0,9030,13,Web
1345,F,Córdoba,35,Empresario,25,Ejecutiva,16628.03,2290.63,No,0,12970,14,App
1349,F,Buenos Aires,28,Empresario,13,Ejecutiva,9848.2,1260.52,Sí,22494,12793,21,Web
1351,M,Colón,38,Abogado,8,Primera clase,17614.23,829.39,No,0,9093,68,App
1356,M,Antioquia,43,Ejecutivo,63,Primera clase,143509.43,13494.42,Sí,112839,8843,5,Web
1359,F,Valle del Cauca,40,Médico,28,Primera clase,57459.51,3380.15,No,0,8956,25,App
1374,M,Cundinamarca,44,Médico,23,Ejecutiva,10456.93,601.48,No,0,8334,7,Web
1409,M,Córdoba,45,Ejecutivo,74,Primera clase,59390.48,7254.0,No,0,5138,13,App
1414,F,Salta,36,Empresario,27,Ejecutiva,18359.25,3642.17,No,0,9110,3,Web
1417,M,Mendoza,48,Ejecutivo,21,Económica,6418.38,1133.38,Sí,18929,21086,5,Web
1428,F,Mendoza,40,Empresario,51,Primera clase,48842.79,3174.55,Sí,205955,7078,28,Web
1433,M,Atlántico,36,Empresario,42,Ejecutiva,16770.72,3521.35,Sí,74466,5876,1,Web
1439,F,Córdoba,34,Deportista,98,Económica,17116.62,3243.17,Sí,90952,5947,10,Web
1442,M,Chaco,39,Ejecutivo,32,Ejecutiva,26367.13,6089.42,Sí,50917,5296,3,Web
1445,F,CABA,31,Ingeniero,18,Económica,3593.11,575.05,No,0,13569,6,Web
1446,F,Valle del Cauca,32,Ingeniero,13,Primera clase,28930.67,5208.77,No,0,4217,18,Agencia
1452,F,Misiones,35,Empresario,39,Primera clase,86053.52,6264.22,Sí,145956,4533,6,Web
1457,F,Santander,38,Ejecutivo,69,Económica,16879.45,1999.91,Sí,72898,4729,3,Web
1477,M,Valle del Cauca,60,Empresario,12,Ejecutiva,7215.08,1400.27,Sí,13326,11201,1,Aeropuerto
1491,F,Tucumán,36,Empresario,59,Ejecutiva,20208.16,4029.43,Sí,83466,16663,6,App
1506,F,Misiones,29,Empresario,42,Ejecutiva,14078.58,3392.47,Sí,102008,15314,48,Web
1526,F,Salta,46,Ejecutivo,65,Primera clase,108736.72,24719.95,No,0,5129,0,App
1527,M,São Paulo,41,Ejecutivo,69,Económica,6428.06,269.45,No,0,9053,5,App
1547,M,Salta,24,Ejecutivo,33,Ejecutiva,21738.28,1381.8,Sí,91520,7382,5,App
1550,F,Antioquia,26,Empresario,56,Económica,12905.91,1352.5,Sí,59162,5258,1,Web
1563,F,Rio Grande do Sul,42,Empresario,48,Económica,10945.26,1287.79,Sí,45912,3590,22,Web
1572,M,Santa Fe,45,Médico,21,Ejecutiva,13815.81,1174.67,No,0,12343,5,Web
1579,F,Córdoba,37,Empresario,26,Ejecutiva,19393.1,1787.05,No,0,13109,1,Web
1583,M,CABA,44,Abogado,21,Primera clase,44851.66,6145.57,No,0,5433,8,Web
1585,F,Atlántico,33,Deportista,48,Económica,9738.93,2105.84,Sí,44749,603,65,Web
1591,F,Nariño,40,Deportista,75,Económica,21133.09,2942.05,Sí,70721,2041,77,Web
1604,F,Rio de Janeiro,44,Deportista,46,Ejecutiva,27988.02,5822.68,No,0,7268,14,Web
1609,F,CABA,55,Ejecutivo,18,Ejecutiva,6997.7,1099.6,No,0,10524,3,App
1617,M,São Paulo,31,Ejecutivo,53,Ejecutiva,38596.26,3661.18,No,0,3710,2,Web
1623,F,CABA,33,Ejecutivo,78,Ejecutiva,47688.12,5187.61,Sí,89162,2771,6,Agencia
1635,F,Misiones,29,Ejecutivo,78,Ejecutiva,41180.31,7559.74,Sí,126887,6036,13,App
1645,M,Santa Fe,36,Ejecutivo,39,Ejecutiva,18375.7,4187.49,Sí,93203,2419,29,Web
1655,M,Panamá,43,Deportista,87,Ejecutiva,46614.59,2202.12,Sí,65418,6406,0,Web
1664,M,Atlántico,35,Deportista,61,Primera clase,139807.79,20658.93,Sí,153278,350075,43,Agencia
1685,M,Minas Gerais,38,Deportista,88,Económica,21511.69,956.62,Sí,57384,1782,15,App
1690,F,Panamá,36,Deportista,21,Económica,5308.7,731.53,No,0,15327,1,Web
1701,F,Panamá,42,Ejecutivo,74,Ejecutiva,29412.54,4833.42,No,0,4665,6,App
1709,M,Paraná,50,Empresario,10,Primera clase,26479.67,2604.25,No,0,5072,11,Aeropuerto
1723,M,Rio de Janeiro,24,Ejecutivo,72,Ejecutiva,32429.45,6320.43,No,0,5490,5,Web
1729,M,Entre Ríos,41,Ejecutivo,37,Ejecutiva,20108.81,4414.67,Sí,77442,6876,8,App
1746,F,Herrera,26,Arquitecto,8,Ejecutiva,3315.84,812.28,No,0,10394,26,App
1748,M,Valle del Cauca,45,Deportista,85,Ejecutiva,27155.94,2920.79,No,0,318,7,Web
1758,F,Entre Ríos,25,Deportista,30,Económica,6200.96,1219.21,No,0,10525,25,App
1763,F,Chiriquí,43,Médico,21,Ejecutiva,11809.34,1545.65,No,0,17199,75,Web
1772,M,Minas Gerais,54,Empresario,56,Ejecutiva,37216.62,2081.74,No,0,3114,13,Web
1778,M,Tucumán,34,Empresario,58,Ejecutiva,39784.98,6240.55,No,0,7361,1,Agencia
1783,M,Misiones,57,Ejecutivo,23,Ejecutiva,15936.63,3036.8,Sí,43988,8846,3,Web
1788,F,Santa Fe,42,Profesional independiente,9,Ejecutiva,4929.97,1176.63,No,0,11374,16,App
1796,F,Córdoba,37,Ejecutivo,72,Ejecutiva,31721.17,4026.97,Sí,178798,3992,5,Web
1800,M,Nariño,30,Contador,18,Primera clase,38877.82,2434.76,Sí,48681,4882,6,App
1814,F,Herrera,26,Abogado,2,Económica,438.72,84.52,No,0,8726,1,Web
1816,F,São Paulo,56,Empresario,29,Primera clase,24873.62,5044.39,No,0,5193,13,Agencia
1826,F,Rio Grande do Sul,40,Empresario,24,Primera clase,48978.34,9849.97,Sí,109359,7290,20,App
1838,M,Atlántico,26,Médico,18,Ejecutiva,6150.37,1081.43,Sí,42361,5501,25,App
1839,M,Entre Ríos,48,Abogado,19,Ejecutiva,5651.03,428.84,Sí,50013,7131,9,App
1843,F,Santa Fe,57,Empresario,35,Primera clase,80844.47,10164.32,Sí,65278,10828,17,Aeropuerto
1846,No binario,CABA,54,Empresario,58,Económica,6080.12,690.11,Sí,43292,3387,8,App
1851,M,Chaco,42,Médico,10,Ejecutiva,3577.09,727.84,Sí,9362,8385,3,App
1866,M,Córdoba,61,Ejecutivo,69,Primera clase,91722.96,11472.42,No,0,16662,1,Aeropuerto
1875,M,Santander,27,Ejecutivo,59,Ejecutiva,25120.82,2476.44,Sí,44463,6452,8,App
1876,M,Santa Fe,40,Empresario,39,Primera clase,94842.5,7852.67,No,0,7270,14,Web
1895,F,Buenos Aires,38,Ejecutivo,19,Ejecutiva,12399.95,2015.15,No,0,10624,7,App
1907,M,Córdoba,27,Empresario,41,Primera clase,50041.36,8195.54,Sí,101980,12918,13,Agencia
1915,M,Tucumán,49,Empresario,57,Ejecutiva,49281.19,4468.77,Sí,72525,7162,0,Agencia
1928,M,Misiones,48,Ejecutivo,38,Económica,4682.84,700.71,Sí,10457,11133,14,Web
1947,F,Entre Ríos,25,Ejecutivo,21,Primera clase,24262.2,5261.5,Sí,76267,12411,1,App
1957,F,Entre Ríos,49,Ejecutivo,73,Ejecutiva,27945.61,5327.25,No,0,6053,6,Web
1961,F,Mendoza,32,Médico,18,Primera clase,34694.2,6689.81,No,0,7881,6,Web
1966,M,Chaco,37,Ejecutivo,52,Ejecutiva,15897.38,2908.2,Sí,114385,3531,2,Web
1986,M,Chiriquí,46,Médico,14,Primera clase,31125.72,4869.43,No,0,13673,42,App
1987,F,Herrera,35,Ejecutivo,33,Ejecutiva,13420.55,1098.16,No,0,10085,3,Agencia
2000,F,Valle del Cauca,38,Empresario,14,Primera clase,26361.83,4804.28,No,0,6740,19,Web
2021,F,Misiones,57,Profesional independiente,9,Primera clase,18205.54,3304.68,No,0,13593,0,App
2022,F,Tucumán,31,Médico,15,Primera clase,32412.57,5096.77,Sí,39003,4529,12,Web
2025,M,CABA,45,Médico,22,Económica,3725.44,282.97,No,0,9791,24,Agencia
2031,M,Entre Ríos,43,Empresario,56,Ejecutiva,21656.93,5292.6,Sí,117483,1754,19,Web
2036,M,Nariño,39,Ejecutivo,27,Económica,4498.41,234.82,Sí,21117,9187,3,App
2037,M,Mendoza,26,Ingeniero,24,Primera clase,24840.27,2851.59,No,0,7144,93,Web
2053,F,Nariño,38,Empresario,40,Ejecutiva,20738.75,1173.52,No,0,13309,20,Web
2058,M,Córdoba,39,Empresario,20,Primera clase,19627.52,4730.95,No,0,9892,5,Aeropuerto
2076,F,Córdoba,35,Empresario,52,Ejecutiva,41927.73,5252.82,Sí,102119,5842,19,Agencia
2081,F,Tolima,29,Deportista,34,Ejecutiva,14566.09,1290.02,Sí,31949,26176,0,Agencia
2086,F,Atlántico,39,Deportista,28,Ejecutiva,13926.52,3256.97,Sí,45824,6022,11,App
2096,M,Minas Gerais,59,Ejecutivo,55,Ejecutiva,34654.41,2114.34,No,0,7665,4,App
2101,M,Misiones,30,Ejecutivo,46,Económica,15017.67,3372.21,Sí,39107,1726,32,Aeropuerto
2114,M,Pernambuco,48,Deportista,47,Ejecutiva,26804.93,1812.22,Sí,104407,761,13,Web
2122,F,Buenos Aires,44,Ejecutivo,55,Primera clase,99193.55,14064.34,No,0,4867,0,Agencia
2126,F,CABA,61,Empresario,50,Ejecutiva,19216.35,2021.59,Sí,101204,6957,9,Web
2131,F,Antioquia,36,Abogado,12,Primera clase,28487.03,7071.06,Sí,51230,4540,13,Aeropuerto
2154,M,Valle del Cauca,36,Empresario,29,Primera clase,22309.26,5352.06,Sí,59353,8355,2,Agencia
2156,M,Paraná,30,Empresario,47,Primera clase,98797.66,19997.56,No,0,16076,1,Web
2166,M,Chaco,43,Ingeniero,23,Económica,3304.95,643.58,Sí,19569,8490,40,App
2174,F,Entre Ríos,31,Deportista,49,Primera clase,125365.39,5088.95,Sí,169613,8809,28,Agencia
2178,F,São Paulo,36,Contador,20,Primera clase,31438.22,5309.99,Sí,105699,3781,22,Web
2185,F,Valle del Cauca,35,Empresario,54,Ejecutiva,29215.24,6629.29,No,0,5841,148,Web
2223,M,Valle del Cauca,31,Ejecutivo,31,Primera clase,71774.59,6707.08,Sí,102369,6271,4,App
2230,F,Cundinamarca,39,Ejecutivo,27,Primera clase,34095.68,8249.98,No,0,8664,0,App
2235,M,Salta,40,Médico,11,Primera clase,26211.87,5143.0,No,0,4746,48,Web
2238,M,Misiones,58,Empresario,46,Económica,6157.36,967.52,Sí,45529,2297,4,Web
2243,F,Mendoza,52,Abogado,22,Ejecutiva,6673.51,901.06,No,0,9522,1,Web
2246,M,Valle del Cauca,31,Ejecutivo,29,Ejecutiva,8855.33,2103.67,Sí,45639,5148,5,Aeropuerto
2252,M,Chaco,45,Empresario,23,Económica,6909.12,1037.06,No,0,26718,6,Web
2256,M,Paraná,35,Médico,16,Ejecutiva,5280.23,768.28,No,0,8477,38,App
2272,M,Santa Fe,28,Ejecutivo,68,Ejecutiva,19891.58,1599.72,No,0,11477,1,App
2282,F,Santander,44,Médico,6,Primera clase,13904.38,3031.89,No,0,9334,76,Web
2300,M,Tucumán,47,Empresario,49,Económica,5072.77,461.42,Sí,47906,2492,1,Web
2319,M,Antioquia,38,Ejecutivo,52,Ejecutiva,36103.57,2119.94,No,0,4107,6,App
2344,M,Misiones,29,Empresario,19,Económica,6841.65,1653.77,No,0,9014,29,App
2345,F,Córdoba,49,Ejecutivo,59,Ejecutiva,28459.01,4211.5,Sí,119983,11200,2,Agencia
2349,M,Paraná,44,Ejecutivo,79,Ejecutiva,40860.73,8798.42,No,0,4152,10,App
2354,M,CABA,42,Deportista,92,Económica,14341.61,1615.97,Sí,50351,907,6,App
2366,M,Santander,27,Ejecutivo,59,Primera clase,73082.33,4502.97,No,0,12370,13,App
2367,F,Paraná,40,Empresario,16,Primera clase,12238.84,1907.65,Sí,69256,3806,1,Web
2370,M,Bolívar,48,Ejecutivo,62,Ejecutiva,42662.18,8914.35,No,0,6933,1,Web
2371,F,CABA,40,Ejecutivo,54,Ejecutiva,28605.75,2511.44,No,0,2644,27,App
2372,F,Paraná,30,Ejecutivo,57,Ejecutiva,28836.57,6946.54,Sí,84756,11513,14,App
2383,M,Entre Ríos,33,Empresario,24,Primera clase,41764.97,6713.07,No,0,20447,3,Agencia
2385,F,Panamá,42,Ejecutivo,77,Primera clase,122165.21,25203.14,No,0,8394,42,Agencia
2398,F,Entre Ríos,45,Deportista,90,Económica,25479.04,3873.88,Sí,76520,821,71,Web
2418,F,Santa Fe,43,Empresario,50,Ejecutiva,26368.26,2119.9,Sí,52483,6525,18,Web
2426,F,Rio Grande do Sul,38,Empresario,54,Económica,16585.26,3423.64,Sí,54094,3479,7,Aeropuerto
2445,M,Los Santos,56,Ejecutivo,37,Ejecutiva,32112.64,1411.63,Sí,68236,3877,11,Web
2454,F,Bolívar,35,Empresario,47,Ejecutiva,19021.25,1576.16,Sí,69957,6406,3,App
2481,M,CABA,45,Deportista,41,Económica,11081.51,994.56,No,0,16243,7,Agencia
2482,M,Antioquia,42,Empresario,47,Ejecutiva,32414.81,5345.06,No,0,16654,7,Aeropuerto
2485,F,Chaco,39,Ejecutivo,65,Económica,19037.03,2747.8,Sí,54595,1738,7,Agencia
2510,F,Misiones,51,Empresario,54,Primera clase,94922.97,15675.81,Sí,181078,11825,21,App
2518,M,Entre Ríos,34,Ejecutivo,58,Económica,10540.91,1013.87,Sí,50386,3648,18,Web
2525,M,CABA,44,Empresario,22,Ejecutiva,13145.63,1181.18,Sí,52072,6457,8,App
2539,M,Antioquia,36,Abogado,3,Primera clase,1592.34,324.11,No,0,11858,24,Agencia
2552,F,Chiriquí,26,Empresario,30,Ejecutiva,19840.77,2717.49,Sí,59047,12565,3,Web
2569,F,Chaco,30,Médico,28,Primera clase,47409.77,11250.02,No,0,7955,7,Aeropuerto
2571,M,Atlántico,32,Ejecutivo,66,Ejecutiva,36815.54,8276.1,No,0,11041,29,App
2575,M,Atlántico,37,Empresario,51,Ejecutiva,12630.45,2628.44,Sí,98823,3946,6,App
2577,F,Cundinamarca,39,Empresario,42,Ejecutiva,16239.09,3000.49,Sí,52838,6095,1,App
2591,F,Rio Grande do Sul,50,Deportista,75,Ejecutiva,46291.63,10336.13,No,0,3380,44,App
2605,M,Santa Fe,41,Ejecutivo,73,Ejecutiva,21073.1,2239.45,Sí,114898,12497,27,Web
2617,M,Buenos Aires,29,Abogado,11,Económica,1839.93,336.27,No,0,9132,34,App
2629,F,Antioquia,30,Médico,22,Primera clase,33048.03,2868.72,No,0,4994,11,App
2630,M,Rio Grande do Sul,38,Empresario,33,Ejecutiva,17860.63,1923.84,Sí,66445,6049,7,Agencia
2638,F,Panamá,44,Deportista,95,Económica,30213.15,6076.87,Sí,92898,2962,5,Agencia
2642,F,São Paulo,38,Empresario,34,Primera clase,55939.31,3891.28,No,0,14245,10,App
2646,F,Minas Gerais,50,Docente,16,Ejecutiva,12439.88,726.05,Sí,42369,922,35,App
2653,F,Rio Grande do Sul,33,Ejecutivo,73,Ejecutiva,28116.26,2696.61,Sí,106667,8304,1,Aeropuerto
2657,M,Antioquia,36,Ejecutivo,17,Ejecutiva,6770.47,1288.11,No,0,12163,8,Web
2662,M,Cundinamarca,53,Deportista,66,Ejecutiva,36166.19,2194.95,No,0,300,3,App
2687,F,Córdoba,32,Contador,14,Primera clase,29764.34,3651.76,No,0,4483,12,App
2690,F,Cundinamarca,37,Ejecutivo,54,Primera clase,76665.94,10633.73,Sí,187707,5606,20,App
2697,M,Rio Grande do Sul,34,Empresario,45,Ejecutiva,13128.75,1833.48,No,0,12572,34,Web
2715,F,Los Santos,45,Ejecutivo,28,Primera clase,44079.02,5010.91,No,0,11100,12,App
2720,M,Bolívar,27,Empresario,19,Primera clase,40982.85,5185.66,Sí,47116,3704,14,Web
2740,M,Chaco,48,Ejecutivo,71,Ejecutiva,39079.13,9615.06,Sí,107022,6402,17,Agencia
2753,M,Mendoza,37,Otro,24,Ejecutiva,12480.77,1571.39,Sí,48813,2965,27,Web
2764,F,Tolima,28,Deportista,78,Económica,25866.79,1896.25,No,0,6282,6,Web
2770,No binario,Rio Grande do Sul,52,Ejecutivo,78,Ejecutiva,28870.04,5359.34,No,0,6755,8,Agencia
2779,M,Veraguas,31,Empresario,21,Ejecutiva,5674.13,1134.39,Sí,41834,6941,14,Aeropuerto
2781,F,Minas Gerais,36,Empresario,59,Ejecutiva,23424.9,5652.74,Sí,86770,6051,32,App
2803,M,Bolívar,28,Ejecutivo,51,Ejecutiva,32370.58,6701.26,Sí,119337,4010,8,App
2807,F,Tucumán,59,Médico,26,Ejecutiva,22373.01,3612.42,Sí,42594,6507,91,Agencia
2819,M,Córdoba,38,Ejecutivo,46,Ejecutiva,32758.6,7311.99,Sí,106631,9065,5,App
2837,F,Tolima,30,Ejecutivo,56,Ejecutiva,23692.91,3094.04,No,0,12100,2,App
2843,F,Entre Ríos,49,Ejecutivo,73,Primera clase,165079.14,14144.49,No,0,7113,8,Agencia
2860,F,Chiriquí,41,Empresario,57,Primera clase,67277.72,7339.62,No,0,15620,12,Agencia
2863,F,Chaco,35,Ejecutivo,66,Primera clase,118652.7,6618.66,Sí,184608,15210,10,Agencia
2866,M,Los Santos,56,Ejecutivo,37,Ejecutiva,12208.69,1170.71,No,0,9809,24,Aeropuerto
2885,F,Mendoza,25,Empresario,55,Ejecutiva,25664.09,5503.1,Sí,124582,6733,72,Agencia
2893,F,Chaco,38,Empresario,42,Económica,11888.56,1733.34,Sí,39429,3980,11,App
2900,M,Herrera,41,Ejecutivo,50,Primera clase,32610.43,4418.21,No,0,7502,18,App
2901,M,CABA,41,Docente,23,Ejecutiva,9233.48,473.48,Sí,51064,1211,6,Agencia
2920,F,Bolívar,42,Deportista,40,Primera clase,50265.41,10866.13,No,0,10131,25,Web
2937,F,Rio Grande do Sul,32,Ejecutivo,69,Ejecutiva,51565.37,4729.36,Sí,92456,6659,2,App
2939,M,Bolívar,33,Deportista,95,Económica,14026.51,2982.21,Sí,49775,1735,9,Web
2940,F,Antioquia,56,Empresario,22,Ejecutiva,5472.32,493.92,Sí,65773,8687,3,Agencia
2943,F,Santa Fe,25,Ejecutivo,44,Ejecutiva,29898.86,4716.5,No,0,7816,11,Web
2945,F,Rio de Janeiro,40,Deportista,86,Ejecutiva,37319.25,4668.52,No,0,3641,45,Web
2976,F,Tucumán,29,Deportista,62,Ejecutiva,46502.7,6483.88,No,0,43522,0,App
2982,F,Minas Gerais,53,Abogado,18,Económica,2863.5,556.96,No,0,10744,2,App
2992,F,Paraná,27,Ejecutivo,34,Primera clase,29745.95,4524.37,No,0,9846,4,App
3007,M,Minas Gerais,53,Médico,22,Ejecutiva,10160.06,1983.89,No,0,9302,11,Agencia
3010,M,Tolima,35,Ejecutivo,29,Ejecutiva,12788.97,1206.17,Sí,48341,5083,14,App
3017,M,Chaco,32,Arquitecto,20,Primera clase,20848.67,3062.85,Sí,76272,3621,43,App
3037,M,Chaco,35,Empresario,43,Primera clase,90194.96,14364.22,Sí,65484,5085,11,Web
3038,F,Panamá,43,Deportista,82,Ejecutiva,51007.43,9499.09,Sí,99844,2424,48,Agencia
3039,M,Antioquia,49,Ejecutivo,72,Primera clase,130588.4,16614.76,No,0,6975,24,Web
3042,M,Paraná,31,Ejecutivo,76,Ejecutiva,40605.95,1923.7,No,0,7678,11,Web
3056,F,Chiriquí,29,Médico,7,Económica,2149.57,384.55,No,0,8738,125,App
3063,M,Pernambuco,24,Deportista,26,Ejecutiva,11238.96,708.62,No,0,229627,11,App
3095,F,Los Santos,57,Ejecutivo,21,Económica,4987.43,837.44,Sí,13618,11687,2,Web
3097,M,Tucumán,44,Empresario,47,Primera clase,42926.43,5477.12,Sí,218646,9362,8,Web
3114,M,Mendoza,30,Ejecutivo,53,Económica,6849.65,1473.57,Sí,60193,3387,4,Web
3124,M,Córdoba,42,Deportista,64,Primera clase,169510.55,30646.17,Sí,258466,7212,10,Web
3125,F,Rio de Janeiro,33,Ejecutivo,67,Económica,18816.16,1223.51,Sí,58039,3304,19,App
3126,F,Rio Grande do Sul,41,Médico,27,Primera clase,61655.56,11382.2,No,0,7142,40,App
3130,F,Veraguas,39,Médico,16,Primera clase,39689.15,2479.22,No,0,10219,22,App
3134,F,Salta,46,Abogado,18,Primera clase,24898.1,2705.23,Sí,68510,7717,37,Web
3140,F,Salta,45,Deportista,78,Ejecutiva,32199.32,3987.1,Sí,171686,2011,5,Web
3146,F,Santa Fe,41,Empresario,16,Económica,3613.66,418.03,Sí,12794,8865,17,Web
3150,F,Misiones,32,Docente,24,Ejecutiva,14303.32,2570.24,Sí,48187,801,22,Web
3152,F,CABA,30,Empresario,47,Primera clase,80549.21,13967.13,No,0,11269,31,Agencia
3155,F,Bahia,51,Empresario,14,Primera clase,29423.2,4003.12,No,0,8085,29,Web
3185,F,Antioquia,28,Arquitecto,6,Ejecutiva,2866.02,554.77,No,0,9499,21,Web
3190,M,Rio de Janeiro,32,Médico,6,Ejecutiva,2815.76,374.69,No,0,17059,42,Aeropuerto
3212,F,Veraguas,50,Ejecutivo,78,Ejecutiva,28814.23,5368.85,Sí,79364,3349,5,Aeropuerto
3222,F,CABA,38,Médico,9,Primera clase,17268.23,1572.56,No,0,9589,0,Web
3230,F,Paraná,36,Abogado,10,Ejecutiva,2281.88,510.99,No,0,8710,25,App
3233,F,Nariño,32,Empresario,46,Ejecutiva,16362.02,2034.47,Sí,59382,3750,2,Web
3237,M,Los Santos,35,Ejecutivo,49,Ejecutiva,35354.08,7060.66,Sí,77757,6942,4,Agencia
3239,M,Misiones,48,Ejecutivo,24,Ejecutiva,9804.12,1443.01,Sí,35739,8792,15,Web
3244,F,Santa Fe,38,Ejecutivo,21,Primera clase,45299.79,3159.24,Sí,86895,10790,1,Web
3272,F,Misiones,47,Empresario,56,Primera clase,106899.26,11333.18,No,0,11225,30,App
3278,F,Misiones,38,Ejecutivo,66,Económica,11784.15,984.9,Sí,48135,4121,8,App
3293,M,Colón,52,Empresario,51,Primera clase,94511.27,17370.49,No,0,10863,12,Web
3296,F,Mendoza,48,Ejecutivo,30,Ejecutiva,8783.36,1322.09,Sí,53449,7770,8,Web
3297,F,Herrera,50,Empresario,46,Primera clase,115623.77,14534.08,No,0,22127,3,Web
3304,F,São Paulo,42,Deportista,67,Ejecutiva,48052.14,9541.54,Sí,184287,5842,7,Agencia
3311,F,Tucumán,48,Empresario,18,Ejecutiva,5023.62,1193.95,No,0,9458,42,Web
3313,M,Paraná,35,Médico,20,Ejecutiva,10052.36,2332.06,Sí,47650,4625,13,Web
3323,F,Cundinamarca,25,Empresario,27,Económica,3826.6,213.99,Sí,18020,18392,24,Web
3325,M,Rio de Janeiro,43,Ejecutivo,69,Económica,7169.16,626.73,Sí,46660,4517,12,Agencia
3335,F,Santa Fe,51,Ingeniero,2,Primera clase,4289.8,359.52,No,0,8656,15,Web
3344,F,Salta,27,Ejecutivo,30,Primera clase,59598.93,2919.06,No,0,8561,2,Agencia
3351,F,Minas Gerais,25,Médico,18,Primera clase,39701.65,4847.55,No,0,7458,4,Web
3352,M,Córdoba,52,Médico,11,Primera clase,15531.57,1004.26,Sí,42659,4192,8,Web
3355,M,Nariño,32,Ejecutivo,46,Primera clase,111593.21,24619.94,Sí,197296,14646,2,Agencia
3358,M,Pernambuco,29,Deportista,76,Ejecutiva,33264.46,5640.88,No,0,19004,45,Web
3364,F,Herrera,50,Empresario,55,Primera clase,93608.73,8662.41,Sí,270541,10974,48,Agencia
3368,F,Herrera,44,Abogado,4,Primera clase,8638.89,1304.77,No,0,9514,12,App
3376,F,Valle del Cauca,45,Ejecutivo,37,Ejecutiva,17073.43,1524.84,Sí,72066,7248,16,App
3385,M,Mendoza,36,Ejecutivo,77,Ejecutiva,53184.33,5484.95,Sí,144864,3689,15,Agencia
3395,M,Buenos Aires,24,Deportista,90,Ejecutiva,75297.01,15694.46,Sí,140467,6192,15,App
3396,F,Santander,45,Médico,27,Ejecutiva,13209.77,2394.91,Sí,41789,4650,28,Agencia
3406,F,Chaco,48,Ejecutivo,49,Ejecutiva,31736.3,4842.26,No,0,8163,1,Web
3423,M,Buenos Aires,41,Empresario,50,Primera clase,103936.89,25471.59,No,0,12309,25,Web
3426,F,São Paulo,44,Ejecutivo,39,Ejecutiva,29471.0,6791.0,No,0,3523,0,Web
3430,M,Santa Fe,30,Ejecutivo,59,Ejecutiva,19673.92,2055.18,Sí,142212,6064,3,App
3435,M,Nariño,38,Empresario,42,Ejecutiva,9521.58,1203.34,No,0,11246,31,Web
3445,M,Misiones,46,Ejecutivo,61,Ejecutiva,19366.67,2930.84,Sí,129905,14122,0,Aeropuerto
3448,F,Bahia,36,Deportista,51,Económica,11581.75,2433.72,Sí,51173,1914,25,Web
3449,F,Misiones,40,Empresario,44,Ejecutiva,23788.81,4429.68,Sí,97579,12497,12,App
3454,No binario,São Paulo,41,Ejecutivo,51,Ejecutiva,25146.7,3258.89,Sí,40042,4392,0,Agencia
3455,M,Santa Fe,30,Médico,16,Ejecutiva,10098.11,1315.15,No,0,9504,7,Web
3457,M,Buenos Aires,56,Ejecutivo,60,Primera clase,40807.28,6100.66,No,0,9453,2,Web
3460,F,Chaco,47,Abogado,5,Primera clase,11124.23,2073.11,No,0,8943,25,Web
3487,F,Mendoza,43,Empresario,43,Económica,4700.32,813.19,No,0,19975,3,Web
3501,F,Mendoza,40,Empresario,34,Primera clase,66404.34,7170.88,No,0,6900,25,App
3510,F,Buenos Aires,29,Deportista,66,Ejecutiva,36793.46,4458.12,No,0,19831,27,App
3527,M,Tolima,47,Médico,29,Ejecutiva,10728.19,1523.53,No,0,11510,2,Web
3529,F,Herrera,51,Ejecutivo,72,Económica,13391.81,901.01,Sí,54258,6014,32,Aeropuerto
3539,M,Bahia,42,Ejecutivo,74,Ejecutiva,44003.76,10055.78,No,0,7048,3,App
3564,F,Salta,50,Empresario,45,Ejecutiva,31560.08,7348.66,Sí,83694,5498,62,Web
3566,F,Santa Fe,40,Ejecutivo,57,Ejecutiva,34320.16,7309.85,Sí,84493,6284,1,App
3580,M,CABA,37,Ejecutivo,71,Ejecutiva,20712.19,4698.57,No,0,11954,2,Web
3588,F,Cundinamarca,40,Empresario,51,Ejecutiva,30883.58,6530.88,No,0,6573,3,Aeropuerto
3592,M,Herrera,40,Ejecutivo,75,Ejecutiva,22071.77,3438.41,Sí,97392,5249,3,App
3603,M,Valle del Cauca,43,Empresario,28,Primera clase,44376.58,4328.1,Sí,135847,12191,132,Web
3613,F,Los Santos,41,Deportista,68,Económica,6235.67,824.09,Sí,18975,103283,0,Web
3620,No binario,Paraná,50,Ejecutivo,63,Primera clase,67385.67,12684.67,Sí,302004,5158,2,App
3640,F,Mendoza,48,Médico,9,Primera clase,12746.01,1959.22,No,0,10154,13,Web
3653,M,Paraná,35,Ejecutivo,55,Económica,15449.38,3625.07,Sí,57179,6187,0,App
3657,M,Misiones,48,Médico,11,Económica,3090.23,264.98,No,0,12672,7,Agencia
3663,M,Paraná,26,Empresario,57,Ejecutiva,40624.11,4810.67,Sí,96388,6597,1,App
3670,M,Misiones,37,Ejecutivo,31,Primera clase,48151.77,3272.09,Sí,116893,8528,0,Web
3673,F,Santa Fe,40,Profesional independiente,19,Primera clase,25200.2,5687.7,No,0,7049,44,Agencia
3685,F,Chaco,26,Ejecutivo,78,Ejecutiva,38621.68,5549.43,Sí,115657,5716,11,App
3706,F,Entre Ríos,36,Médico,5,Ejecutiva,1491.38,313.54,No,0,9023,7,Web
3707,M,Salta,46,Ejecutivo,55,Ejecutiva,35292.43,2337.08,No,0,4242,6,Web
3708,F,Misiones,35,Deportista,84,Económica,28702.05,6497.98,No,0,2558,9,Web
3715,F,Nariño,59,Ejecutivo,63,Ejecutiva,42953.4,5166.68,Sí,134817,8184,4,Agencia
3716,F,Córdoba,52,Empresario,36,Ejecutiva,12778.96,1836.48,Sí,88201,3327,13,Web
3726,M,Valle del Cauca,36,Empresario,43,Primera clase,68586.42,11987.06,No,0,7413,7,App
3728,F,São Paulo,40,Deportista,51,Primera clase,113986.31,20728.95,Sí,183926,8148,2,Web
3731,M,Rio Grande do Sul,46,Médico,8,Ejecutiva,4147.45,1001.41,No,0,9939,19,App
3736,F,Herrera,39,Médico,28,Ejecutiva,20990.98,1659.66,No,0,9505,14,Web
3754,F,Rio Grande do Sul,46,Ejecutivo,79,Ejecutiva,58811.4,13075.58,Sí,208703,8070,3,App
3760,M,Santander,35,Médico,23,Primera clase,48465.66,2388.79,No,0,7521,5,Web
3775,F,Buenos Aires,35,Ejecutivo,48,Ejecutiva,32590.13,7854.19,No,0,4156,31,Web
3776,F,Cundinamarca,24,Empresario,47,Primera clase,73631.28,10917.94,Sí,153716,7222,38,App
3786,M,Entre Ríos,37,Empresario,35,Ejecutiva,18026.16,1064.29,Sí,29144,9030,14,App
3799,F,Bolívar,60,Ejecutivo,78,Económica,26884.03,3766.57,Sí,80698,2073,3,Agencia
3800,F,Rio Grande do Sul,40,Ejecutivo,62,Ejecutiva,26000.22,3690.71,Sí,145665,13161,9,Web
3814,F,Bolívar,54,Ejecutivo,40,Ejecutiva,16616.25,2438.68,No,0,13786,0,App
3822,M,Santander,34,Empresario,48,Ejecutiva,14844.81,3241.06,Sí,123515,4165,12,App
3832,F,São Paulo,33,Deportista,99,Primera clase,176139.8,12188.46,No,0,8832,4,App
3834,F,Minas Gerais,43,Médico,9,Primera clase,6441.39,1220.86,No,0,9343,8,Web
3840,M,CABA,30,Médico,12,Primera clase,14603.81,1378.08,No,0,8816,11,App
3865,F,CABA,33,Empresario,24,Ejecutiva,15095.72,1723.76,No,0,11629,19,Aeropuerto
3870,F,Salta,51,Profesional independiente,20,Primera clase,21070.21,1748.2,Sí,97204,7966,5,Web
3882,F,Entre Ríos,49,Ejecutivo,40,Primera clase,55227.89,8822.51,No,0,13143,6,App
3888,F,Valle del Cauca,41,Ejecutivo,77,Económica,8737.09,1167.65,Sí,53409,2420,6,Web
3892,F,Valle del Cauca,49,Ejecutivo,41,Primera clase,49323.21,6552.25,No,0,7541,27,Web
3899,F,Salta,55,Ejecutivo,16,Ejecutiva,10042.84,733.57,Sí,45223,7180,2,Aeropuerto
3905,F,Minas Gerais,43,Ejecutivo,38,Ejecutiva,27593.31,4161.57,No,0,1736,1,Web
3909,F,Entre Ríos,38,Ejecutivo,58,Económica,7731.64,710.23,Sí,45166,3300,1,App
3918,F,Tucumán,36,Ejecutivo,63,Ejecutiva,22290.0,2934.63,Sí,70387,4887,14,Web
3944,M,Santander,35,Ejecutivo,32,Primera clase,38487.48,3564.19,Sí,68990,11081,12,App
3946,M,Pernambuco,44,Ejecutivo,71,Ejecutiva,46708.49,2108.47,No,0,6028,5,App
3952,M,Antioquia,31,Abogado,20,Ejecutiva,9369.79,1647.87,No,0,21636,51,App
3956,F,Cundinamarca,47,Ejecutivo,73,Económica,26370.19,3862.32,No,0,4699,6,Web
3966,F,Santa Fe,40,Empleado,21,Ejecutiva,14356.07,1887.32,Sí,45470,1642,31,Web
3969,No binario,São Paulo,32,Médico,12,Ejecutiva,8557.41,1855.65,No,0,14939,18,App
3971,M,Buenos Aires,45,Abogado,15,Ejecutiva,5638.75,772.22,No,0,8768,34,Agencia
3983,F,Paraná,26,Ejecutivo,37,Ejecutiva,27558.2,1991.71,Sí,55333,3623,2,Web
3986,M,Atlántico,39,Empresario,45,Ejecutiva,13953.48,2241.51,No,0,8565,43,App
3987,F,Rio de Janeiro,24,Empresario,52,Ejecutiva,24900.58,3723.47,No,0,2597,4,Web
3990,M,Córdoba,37,Ejecutivo,17,Primera clase,36473.28,2930.84,No,0,11552,1,Agencia
4000,F,CABA,34,Ejecutivo,70,Económica,20812.66,3512.85,Sí,50823,5471,4,Web
4001,M,Pernambuco,32,Empresario,30,Primera clase,43544.56,2378.29,Sí,56727,7143,1,Web
4020,M,Antioquia,39,Ejecutivo,42,Económica,16260.37,2786.0,Sí,29852,8360,22,App
4027,M,Tolima,46,Deportista,54,Económica,12293.91,1559.88,Sí,46096,508,15,Web
4028,F,São Paulo,40,Deportista,49,Ejecutiva,22590.83,2576.6,Sí,49744,3612,2,Web
4041,M,Valle del Cauca,41,Médico,26,Primera clase,38817.57,2474.61,Sí,69899,6080,7,App
4048,M,Córdoba,30,Ejecutivo,31,Primera clase,40291.25,7185.42,No,0,8094,0,Web
4060,F,CABA,36,Médico,28,Económica,9577.94,1931.27,No,0,8533,6,Aeropuerto
4075,F,Santander,32,Médico,17,Primera clase,26071.84,4360.83,No,0,5293,4,Web
4093,F,Herrera,29,Empresario,43,Primera clase,82936.37,8139.45,No,0,10466,28,App
4125,M,Colón,38,Deportista,75,Ejecutiva,31551.44,6812.07,No,0,7641,20,Web
4158,F,Misiones,26,Deportista,59,Ejecutiva,20645.99,3113.13,Sí,156071,3308,23,Web
4162,M,Chaco,38,Médico,15,Ejecutiva,5102.81,1134.3,No,0,13971,7,App
4175,F,Buenos Aires,28,Empresario,44,Económica,11154.63,1674.16,Sí,42283,10257,3,Web
4182,F,Buenos Aires,25,Empresario,22,Económica,6539.27,1341.19,No,0,11655,27,App
4188,F,Santa Fe,31,Médico,12,Ejecutiva,4330.46,487.43,No,0,9600,40,Agencia
4218,F,Mendoza,49,Empresario,50,Ejecutiva,13774.71,770.35,Sí,80483,10364,16,App
4233,F,Misiones,50,Médico,13,Ejecutiva,7427.09,1453.48,No,0,8521,56,App
4235,M,Herrera,38,Empresario,46,Económica,4576.86,882.99,Sí,31437,8569,4,Web
4237,M,Bahia,53,Arquitecto,23,Primera clase,40988.59,8806.54,No,0,4506,1,Web
4238,F,Paraná,41,Ejecutivo,35,Primera clase,49047.9,3497.68,Sí,105886,3830,17,Web
4251,F,Colón,38,Deportista,82,Ejecutiva,42730.32,4300.74,Sí,162502,14067,31,App
4262,F,Antioquia,26,Ejecutivo,38,Económica,6087.34,1235.12,Sí,21537,14361,30,App
4302,M,Santander,42,Empresario,40,Primera clase,32602.36,5346.54,Sí,88106,13886,10,Web
4304,No binario,Bahia,29,Abogado,24,Económica,8958.87,1041.32,No,0,9635,68,App
4318,F,Chiriquí,34,Ejecutivo,36,Primera clase,35988.31,6862.2,No,0,5309,2,App
4330,No binario,Chaco,30,Empresario,56,Ejecutiva,14782.92,1302.89,Sí,63309,12365,8,Web
4347,M,Nariño,29,Ejecutivo,65,Económica,9538.77,592.67,No,0,15521,8,Agencia
4355,M,Cundinamarca,39,Empresario,12,Primera clase,25534.64,3079.59,No,0,20611,42,App
4363,F,Atlántico,27,Docente,23,Ejecutiva,7589.83,820.91,Sí,44926,1250,2,App
4368,M,Córdoba,32,Profesional independiente,13,Ejecutiva,6938.85,651.16,Sí,35491,10847,35,Web
4370,M,Nariño,45,Ejecutivo,74,Ejecutiva,33015.61,4283.64,No,0,5609,6,Agencia
4380,M,Bolívar,48,Docente,22,Ejecutiva,12069.99,945.03,Sí,45624,1216,83,Web
4391,F,Rio Grande do Sul,35,Abogado,3,Económica,889.48,87.85,No,0,10087,19,Agencia
4400,M,Tolima,55,Ejecutivo,26,Ejecutiva,14362.2,2538.83,Sí,43336,8845,1,App
4410,F,Atlántico,44,Médico,17,Primera clase,45689.72,5817.95,No,0,8804,1,App
4412,M,Panamá,58,Ejecutivo,78,Ejecutiva,53381.39,10638.41,Sí,190782,3988,18,App
4430,F,Buenos Aires,29,Ejecutivo,47,Ejecutiva,13594.88,1791.03,No,0,9260,1,App
4452,M,Chiriquí,43,Ejecutivo,74,Económica,14784.29,1295.35,Sí,47220,6089,8,Aeropuerto
4474,M,Santa Fe,28,Ejecutivo,44,Ejecutiva,30396.49,5189.19,No,0,9970,5,App
4477,F,Tucumán,37,Empresario,33,Económica,10766.38,2338.29,Sí,27883,8338,17,Web
4485,F,Mendoza,50,Profesional independiente,3,Ejecutiva,1266.17,55.22,Sí,3557,12638,0,Web
4486,M,Entre Ríos,56,Ejecutivo,54,Ejecutiva,26547.39,1385.03,No,0,4203,3,Agencia
4490,M,Santander,43,Deportista,73,Ejecutiva,34233.08,6407.73,Sí,104493,5728,10,App
4497,F,Entre Ríos,24,Ejecutivo,67,Ejecutiva,39225.09,5213.07,No,0,9339,25,App
4498,F,Minas Gerais,45,Empresario,48,Primera clase,36649.85,8488.8,Sí,104216,3745,58,App
4501,F,Valle del Cauca,37,Ejecutivo,70,Ejecutiva,16842.46,1512.98,Sí,118405,8749,37,Web
4508,F,Buenos Aires,34,Deportista,45,Primera clase,87541.08,14898.21,No,0,16311,12,Agencia
4510,M,Entre Ríos,56,Médico,29,Primera clase,49749.15,6290.6,No,0,9475,5,Web
4519,M,CABA,35,Profesional independiente,18,Primera clase,31962.16,2545.89,Sí,47402,6798,10,App
4527,F,Salta,29,Ejecutivo,75,Ejecutiva,33451.89,6989.58,Sí,112726,8050,11,App
4540,F,Buenos Aires,32,Médico,16,Primera clase,34170.6,3163.53,No,0,8099,0,App
4561,F,Córdoba,46,Ejecutivo,24,Primera clase,16235.39,1658.56,Sí,91094,14220,15,App
4563,F,Chaco,41,Empresario,59,Primera clase,58630.81,14403.99,Sí,92866,25730,26,Agencia
4571,M,Entre Ríos,46,Médico,19,Ejecutiva,7502.89,1420.82,No,0,8610,22,Aeropuerto
4575,F,Antioquia,53,Ejecutivo,69,Primera clase,46042.55,5689.08,Sí,136081,5578,3,App
4603,M,Valle del Cauca,34,Empresario,23,Ejecutiva,7212.91,1522.65,No,0,12627,23,Aeropuerto
4607,F,Antioquia,40,Ejecutivo,60,Primera clase,96352.09,4160.93,No,0,8298,7,Web
4627,M,Cundinamarca,35,Empresario,57,Primera clase,67917.91,6267.98,Sí,206163,10475,4,Web
4628,F,Santander,35,Médico,6,Económica,1351.01,81.52,No,0,9710,27,Web
4636,F,Panamá,44,Empresario,34,Ejecutiva,28381.12,1738.78,Sí,45955,16311,16,Web
4684,F,Tolima,37,Empresario,58,Ejecutiva,16183.2,3018.61,Sí,132212,7104,2,Web
4691,M,Córdoba,55,Empresario,13,Ejecutiva,5926.65,498.88,No,0,10475,52,Web
4707,M,Bolívar,41,Ejecutivo,31,Primera clase,27487.43,2694.33,No,0,14565,1,Web
4708,F,Rio de Janeiro,40,Ejecutivo,40,Ejecutiva,26012.95,1962.12,No,0,7586,18,App
4720,F,Santa Fe,33,Empresario,43,Ejecutiva,26848.76,2261.06,No,0,4336,22,Web
4731,F,Nariño,31,Abogado,22,Primera clase,40476.3,5062.69,Sí,98817,10531,16,Web
4752,M,Mendoza,61,Empresario,49,Primera clase,90036.69,21611.98,No,0,12934,50,App
4755,M,Cundinamarca,27,Empresario,45,Ejecutiva,20694.49,1523.4,No,0,12427,12,App
4759,F,Valle del Cauca,27,Ejecutivo,35,Primera clase,77437.44,8418.68,Sí,70350,12593,8,App
4764,M,Córdoba,48,Deportista,53,Económica,12060.81,2101.27,Sí,50494,1203,6,App
4770,M,Santander,47,Empresario,12,Económica,4542.88,571.0,No,0,19114,0,Agencia
4777,F,Minas Gerais,37,Médico,11,Ejecutiva,6856.44,1410.58,No,0,9742,25,App
4783,F,Nariño,18,Empleado,22,Ejecutiva,13405.07,720.16,Sí,50912,3190,69,Web
4784,M,Chaco,44,Médico,25,Ejecutiva,9981.64,1012.81,Sí,61458,6597,8,Web
4787,M,Tucumán,26,Médico,28,Económica,3708.43,205.16,Sí,19366,8536,16,Agencia
4795,F,Antioquia,44,Deportista,35,Ejecutiva,11532.25,1782.66,No,0,12539,42,Agencia
4797,M,Misiones,33,Médico,12,Ejecutiva,5893.31,1307.8,No,0,9221,5,App
4801,M,CABA,39,Ejecutivo,52,Primera clase,80329.48,5244.03,Sí,132260,9693,5,Web
4824,M,Santa Fe,34,Docente,20,Ejecutiva,15003.25,2928.1,Sí,41857,967,8,Aeropuerto
4832,F,Buenos Aires,33,Empresario,42,Económica,11583.91,1332.36,No,0,9015,9,App
4848,M,Nariño,31,Deportista,23,Ejecutiva,7830.97,1613.95,No,0,11302,35,Web
4867,F,Antioquia,48,Médico,23,Económica,5610.83,242.73,No,0,10568,0,Web
4871,F,Córdoba,29,Deportista,71,Ejecutiva,27388.5,3144.66,No,0,3265,29,Web
4883,M,Panamá,41,Arquitecto,23,Ejecutiva,8763.96,846.61,Sí,41095,5450,1,Web
4892,M,Los Santos,50,Deportista,40,Ejecutiva,16687.63,759.93,Sí,82436,40915,9,Web
4895,F,Buenos Aires,49,Profesional independiente,18,Primera clase,24702.94,4649.96,Sí,86337,4943,7,Web
4906,M,Herrera,35,Deportista,33,Primera clase,92660.59,11907.31,No,0,8855,44,Web
4914,F,Pernambuco,52,Médico,17,Ejecutiva,5067.47,449.81,No,0,12869,17,App
4918,F,Mendoza,28,Ejecutivo,37,Ejecutiva,25611.12,1997.62,No,0,9903,10,Web
4932,M,Mendoza,29,Ejecutivo,34,Primera clase,59079.67,6173.75,No,0,4234,6,App
4942,F,Misiones,34,Empresario,51,Ejecutiva,12772.22,3076.3,Sí,83107,15052,1,App
4947,F,Valle del Cauca,26,Deportista,81,Económica,24745.68,1987.32,No,0,535,15,Web
4963,M,Chaco,53,Empresario,43,Ejecutiva,20148.78,3038.66,Sí,59244,10528,30,Web
4977,M,Tolima,36,Abogado,14,Ejecutiva,6329.28,468.21,No,0,10172,27,Agencia
5001,M,Cundinamarca,41,Empresario,10,Económica,1672.55,284.04,No,0,8743,5,Web
5006,F,Pernambuco,31,Contador,15,Primera clase,9237.89,2075.11,Sí,52112,7325,2,Web
5007,F,Nariño,26,Ejecutivo,79,Ejecutiva,65031.04,7584.19,Sí,75021,3712,5,App
5033,M,Santa Fe,47,Empresario,20,Primera clase,44648.75,8195.52,No,0,11944,16,Web
5042,F,Herrera,36,Empresario,39,Ejecutiva,32075.26,3503.16,No,0,8448,1,App
5056,M,Santander,35,Empresario,23,Ejecutiva,7390.78,987.53,No,0,14609,16,App
5060,M,Antioquia,47,Ejecutivo,79,Ejecutiva,53881.72,11786.88,Sí,100967,4835,13,Agencia
5062,M,Pernambuco,51,Ejecutivo,40,Ejecutiva,21172.08,3736.41,Sí,71878,4564,3,Aeropuerto
5063,M,CABA,24,Ejecutivo,59,Primera clase,128173.83,14572.27,No,0,9404,10,Web
5081,M,Santa Fe,27,Empresario,53,Ejecutiva,37682.95,2400.62,No,0,8517,9,App
5082,M,Chaco,40,Ejecutivo,34,Ejecutiva,15876.89,3721.58,Sí,64473,3516,16,Web
5086,M,Bahia,55,Empresario,38,Ejecutiva,10892.04,1580.73,Sí,52721,3516,56,Web
5102,F,Rio Grande do Sul,43,Abogado,7,Económica,1563.04,106.35,No,0,14711,30,Web
5108,F,Santa Fe,50,Empresario,41,Ejecutiva,28157.62,2286.81,Sí,86804,10706,28,App
5129,F,Misiones,25,Médico,24,Primera clase,18602.28,4229.82,No,0,9063,2,App
5143,F,Valle del Cauca,24,Ejecutivo,46,Ejecutiva,33605.43,5330.13,No,0,8082,4,App
5187,M,Bolívar,40,Empresario,46,Primera clase,91651.11,18242.96,No,0,11660,18,Aeropuerto
5190,F,Panamá,48,Empresario,47,Económica,5602.01,1296.21,No,0,10370,0,Web
5192,M,Herrera,61,Deportista,61,Económica,4222.65,593.54,Sí,49480,4404,10,Web
5202,F,Veraguas,45,Empresario,38,Primera clase,69192.1,7701.35,Sí,102241,3742,17,Aeropuerto
5205,M,Tucumán,52,Ejecutivo,69,Primera clase,143740.73,19315.87,Sí,162405,10472,19,Agencia
5220,M,Santa Fe,32,Abogado,18,Primera clase,37524.06,2795.65,Sí,66149,13701,28,Web
5226,F,Chiriquí,59,Abogado,4,Ejecutiva,1119.23,224.16,No,0,9046,4,Agencia
5233,F,Tolima,31,Médico,29,Ejecutiva,13377.0,918.7,Sí,33799,8482,20,Aeropuerto
5253,F,Tucumán,38,Médico,22,Primera clase,15772.16,3105.12,No,0,9837,25,Web
5263,F,Antioquia,49,Ejecutivo,71,Primera clase,120447.33,27185.49,No,0,7669,23,Aeropuerto
5282,M,Nariño,44,Empresario,34,Primera clase,39500.93,8893.27,No,0,14131,66,Web
5298,F,Antioquia,33,Ejecutivo,66,Económica,7850.69,1389.9,Sí,62645,4497,17,Aeropuerto
5303,F,Nariño,47,Empresario,12,Económica,1757.37,298.77,Sí,5473,15784,54,Web
5306,F,Antioquia,35,Empresario,16,Primera clase,18354.04,789.11,No,0,8446,13,Agencia
5321,M,Salta,32,Profesional independiente,19,Ejecutiva,4860.95,1071.97,No,0,9187,7,App
5336,F,Misiones,58,Deportista,98,Económica,29334.36,3008.75,Sí,26279,655,35,Web
5343,F,Santander,60,Médico,20,Primera clase,35242.13,8699.29,No,0,10088,15,Web
5376,F,Rio Grande do Sul,58,Ingeniero,12,Primera clase,20912.76,3588.96,No,0,8446,7,Agencia
5385,F,Atlántico,34,Empresario,35,Ejecutiva,18191.86,3130.95,No,0,17603,7,Aeropuerto
5402,M,Los Santos,38,Ejecutivo,56,Primera clase,100814.06,9515.39,No,0,5727,3,Web
5411,M,Mendoza,34,Ejecutivo,73,Ejecutiva,53379.63,7790.35,No,0,4534,0,Web
5417,M,Bolívar,30,Empresario,51,Primera clase,134082.96,12251.06,Sí,189309,15463,29,Agencia
5421,F,Santa Fe,47,Ejecutivo,78,Ejecutiva,48614.21,4390.7,Sí,87546,6681,2,Web
5427,M,Veraguas,25,Deportista,64,Primera clase,97144.76,11234.34,No,0,28081,15,Agencia
5429,F,Pernambuco,24,Médico,10,Económica,2842.16,619.3,No,0,8790,35,Web
5432,F,Nariño,56,Docente,20,Ejecutiva,10357.83,2492.47,Sí,51747,1273,15,Agencia
5436,F,Atlántico,28,Ejecutivo,21,Ejecutiva,15551.51,1583.52,No,0,8869,4,Web
5439,F,Misiones,45,Ejecutivo,46,Ejecutiva,28037.21,4610.45,No,0,8140,5,Web
5442,No binario,Valle del Cauca,45,Ejecutivo,69,Ejecutiva,37127.16,7206.7,Sí,126200,5549,33,Agencia
5460,M,Entre Ríos,47,Ejecutivo,42,Ejecutiva,12303.73,1105.92,Sí,43262,6694,13,Web
5464,M,Entre Ríos,56,Ejecutivo,65,Ejecutiva,29567.41,2337.56,No,0,10740,1,Agencia
5467,M,Tolima,38,Empresario,43,Ejecutiva,26882.48,6085.93,Sí,89582,11051,14,Web
5474,F,Rio de Janeiro,26,Médico,14,Ejecutiva,6802.66,307.92,No,0,9004,6,Aeropuerto
5477,M,Córdoba,38,Empresario,43,Primera clase,36274.36,8359.85,No,0,7646,17,Web
5479,F,Salta,30,Ejecutivo,52,Primera clase,81199.54,3376.13,No,0,5548,4,Aeropuerto
5482,M,Nariño,48,Ejecutivo,45,Ejecutiva,26176.76,3109.59,Sí,116496,23887,5,App
5483,F,Santa Fe,29,Ejecutivo,23,Primera clase,46887.16,2210.77,Sí,81151,8096,13,Aeropuerto
5484,F,Córdoba,26,Abogado,18,Ejecutiva,5838.87,1113.92,No,0,8705,42,App
5491,M,Tucumán,29,Empresario,21,Económica,1800.78,146.92,Sí,24513,10188,8,Web
5498,M,Tolima,45,Deportista,49,Ejecutiva,19150.81,2727.19,Sí,95588,597,7,Aeropuerto
5500,F,Córdoba,33,Profesional independiente,22,Primera clase,30093.59,5878.5,No,0,9759,5,App
5502,F,Atlántico,37,Ejecutivo,73,Ejecutiva,41688.93,2915.55,Sí,146371,7123,5,Aeropuerto
5504,M,CABA,35,Ejecutivo,66,Ejecutiva,31811.85,6417.11,No,0,3516,4,Web
5516,F,Bolívar,39,Deportista,76,Económica,11252.84,921.94,Sí,57525,378,0,Web
5528,F,Panamá,36,Deportista,66,Ejecutiva,30704.1,6841.83,No,0,8933,6,Web
5532,M,Misiones,50,Deportista,81,Ejecutiva,17897.72,2329.51,Sí,97044,7423,7,Web
5536,M,Santander,49,Ejecutivo,72,Ejecutiva,24288.17,1459.95,Sí,77544,2797,13,Web
5540,F,Rio Grande do Sul,43,Empresario,29,Ejecutiva,15150.3,2654.52,Sí,40369,9794,0,App
5600,F,Mendoza,58,Ejecutivo,59,Ejecutiva,42956.26,5811.16,No,0,8339,25,Agencia
5616,M,Tucumán,42,Médico,17,Primera clase,27637.76,5560.44,No,0,4094,1,App
5618,F,Salta,40,Deportista,80,Ejecutiva,54506.93,8181.99,Sí,182439,4690,23,Agencia
5624,No binario,CABA,25,Profesional independiente,15,Primera clase,32328.27,5006.26,Sí,65752,5563,36,App
5635,F,São Paulo,28,Ejecutivo,68,Ejecutiva,22389.14,1554.81,Sí,118086,7688,9,Web
5636,M,Bolívar,34,Empresario,56,Ejecutiva,31679.58,6135.17,No,0,9705,18,App
5663,M,CABA,46,Ejecutivo,29,Primera clase,56950.86,11350.92,No,0,8057,4,App
5716,M,Córdoba,35,Médico,13,Ejecutiva,9097.04,873.71,No,0,14613,33,App
5725,F,CABA,27,Ejecutivo,67,Económica,12698.03,914.85,Sí,59296,2315,4,App
5726,M,CABA,44,Ejecutivo,67,Ejecutiva,52898.39,10055.59,Sí,134893,5598,4,Agencia
5748,M,Tucumán,49,Deportista,83,Ejecutiva,54327.36,4967.44,Sí,127363,8222,5,App
5776,M,Entre Ríos,52,Ejecutivo,47,Ejecutiva,30767.85,1872.49,Sí,77634,3503,4,Web
5782,F,Entre Ríos,36,Deportista,62,Ejecutiva,35665.58,1994.4,Sí,107112,12903,3,App
5784,F,Bolívar,45,Empresario,59,Ejecutiva,27980.59,3516.58,No,0,5242,2,Web
5795,F,CABA,33,Ejecutivo,72,Económica,26937.53,3561.63,Sí,55738,4092,17,Web
5804,M,Chaco,54,Ejecutivo,66,Económica,8843.58,1606.91,Sí,45429,6020,24,Aeropuerto
5809,F,Cundinamarca,53,Ejecutivo,64,Económica,11490.37,2011.3,Sí,39565,4199,5,App
5813,M,Mendoza,46,Empresario,21,Primera clase,26111.11,2375.58,Sí,67300,18438,6,Web
5827,M,CABA,34,Ejecutivo,44,Primera clase,101614.7,20295.1,Sí,137789,4441,7,Web
5838,M,Chiriquí,39,Deportista,46,Ejecutiva,21316.38,3417.84,No,0,10648,4,App
5844,F,Los Santos,25,Empresario,20,Ejecutiva,9381.4,1781.48,No,0,14738,109,Agencia
5847,M,Atlántico,45,Abogado,21,Primera clase,44481.82,9538.26,No,0,7636,60,App
5851,F,Rio Grande do Sul,48,Ejecutivo,31,Económica,6912.84,1528.65,No,0,8623,5,Web
5858,F,Salta,48,Ejecutivo,23,Ejecutiva,10491.94,482.51,No,0,10386,13,Agencia
5860,M,Panamá,27,Empresario,26,Económica,3287.2,308.65,No,0,16476,5,App
5871,M,Minas Gerais,34,Empresario,13,Ejecutiva,7966.85,426.58,Sí,13132,18913,56,Web
5876,F,Entre Ríos,35,Ejecutivo,76,Ejecutiva,30392.94,7471.14,Sí,149056,4296,3,App
5881,M,Bolívar,41,Empresario,43,Ejecutiva,24161.26,4752.58,Sí,69063,7516,14,App
5882,M,Rio Grande do Sul,27,Médico,11,Económica,907.24,128.37,No,0,8915,17,App
5888,F,Herrera,41,Ingeniero,17,Ejecutiva,9704.09,2319.01,Sí,44729,6523,0,Agencia
5895,F,Chaco,36,Deportista,53,Económica,6080.2,827.71,No,0,24198,7,Agencia
5902,M,Entre Ríos,26,Deportista,92,Económica,28110.62,5632.98,Sí,75010,2052,16,App
5911,F,Paraná,30,Deportista,47,Económica,11992.27,1813.15,No,0,12685,0,Agencia
5917,M,Antioquia,36,Ejecutivo,47,Ejecutiva,35091.95,6988.01,Sí,83588,5166,23,App
5924,F,Minas Gerais,42,Médico,6,Económica,2207.7,308.66,Sí,3007,14340,11,App
5930,F,Antioquia,47,Deportista,67,Primera clase,70446.56,14594.67,No,0,7308,12,Web
5938,M,Chiriquí,58,Empresario,56,Ejecutiva,29279.57,3758.35,No,0,8217,13,Aeropuerto
5941,M,Córdoba,47,Deportista,99,Económica,29518.33,3150.58,No,0,5782,8,App
5963,M,Córdoba,36,Deportista,92,Primera clase,97620.97,4391.49,No,0,4099,13,Web
5964,No binario,Chaco,48,Médico,20,Ejecutiva,10486.38,739.76,No,0,8394,16,Agencia
5995,M,Pernambuco,49,Abogado,14,Ejecutiva,7828.97,1078.41,No,0,10488,65,Web
5997,F,Paraná,58,Ejecutivo,57,Ejecutiva,27831.36,3630.19,No,0,7643,13,Agencia
6011,F,Atlántico,55,Contador,23,Ejecutiva,8502.68,980.59,Sí,39600,4551,14,Aeropuerto
6016,M,Entre Ríos,39,Empresario,36,Ejecutiva,11177.9,1958.53,Sí,65887,8852,3,App
6018,F,Salta,25,Empresario,23,Primera clase,53925.89,3837.88,No,0,9002,109,App
6020,F,Mendoza,37,Empresario,15,Ejecutiva,7052.43,1709.59,No,0,13216,24,App
6031,F,Valle del Cauca,34,Ejecutivo,41,Ejecutiva,22492.73,5279.9,Sí,42357,9679,14,Web
6035,M,Antioquia,39,Empresario,58,Ejecutiva,26678.6,2801.16,No,0,9462,2,Web
6040,M,Salta,26,Empresario,59,Ejecutiva,21903.76,1503.84,Sí,121051,5210,24,Web
6041,F,São Paulo,35,Empresario,47,Ejecutiva,16414.67,2458.9,Sí,39106,2047,73,Web
6051,M,Chaco,36,Ejecutivo,49,Económica,7723.84,1532.77,Sí,40338,6828,6,Agencia
6052,M,Chaco,27,Empresario,29,Primera clase,57725.48,4403.72,No,0,8107,8,Web
6059,F,Valle del Cauca,48,Ejecutivo,58,Ejecutiva,29765.05,4302.55,Sí,111047,4743,5,Web
6072,F,Tucumán,47,Médico,24,Primera clase,26407.77,1941.17,No,0,8254,8,Agencia
6074,M,Santa Fe,39,Docente,17,Ejecutiva,8352.82,1881.21,Sí,41560,1371,21,Web
6083,M,Santa Fe,31,Ejecutivo,68,Económica,18214.59,863.76,No,0,12086,10,Agencia
6089,F,Bolívar,36,Empresario,21,Ejecutiva,11248.01,1508.89,Sí,41066,13480,10,Web
6105,F,Misiones,55,Ejecutivo,71,Económica,21397.07,5027.69,Sí,49056,2789,4,App
6119,F,Minas Gerais,47,Ejecutivo,73,Económica,26546.29,2155.5,Sí,41991,5646,5,App
6120,F,Salta,26,Ejecutivo,36,Primera clase,27320.68,1650.06,Sí,189951,4483,5,Web
6129,F,Santander,29,Ejecutivo,34,Ejecutiva,11520.28,1629.56,Sí,46815,4054,10,Web
6133,F,Minas Gerais,53,Empresario,12,Ejecutiva,6115.18,1515.05,No,0,12303,3,Agencia
6134,F,Entre Ríos,49,Empresario,31,Ejecutiva,17896.64,1941.73,Sí,50917,5987,13,Agencia
6143,M,Tolima,32,Médico,11,Ejecutiva,4882.27,563.15,No,0,9269,15,Agencia
6147,F,Colón,32,Empresario,40,Ejecutiva,23957.94,3201.44,Sí,41074,6442,106,App
6156,F,Nariño,48,Empresario,57,Ejecutiva,16779.55,1745.13,Sí,56332,6199,0,Web
6171,M,Santa Fe,28,Deportista,99,Ejecutiva,52258.18,5568.38,No,0,7808,33,App
6182,F,Chiriquí,35,Empresario,58,Primera clase,122155.78,5907.24,Sí,187896,7688,35,Web
6213,F,Rio de Janeiro,46,Ingeniero,20,Ejecutiva,7795.22,1649.47,Sí,42054,5252,18,Web
6229,M,Cundinamarca,46,Ejecutivo,69,Económica,7502.84,1100.1,Sí,58390,3657,2,App
6237,F,Mendoza,30,Médico,15,Económica,1625.59,365.28,No,0,11500,27,Web
6240,F,CABA,57,Médico,26,Ejecutiva,15278.31,1878.93,Sí,39763,4841,7,Aeropuerto
6253,M,Chaco,34,Profesional independiente,16,Ejecutiva,11376.47,1663.66,No,0,9955,26,Agencia
6256,F,Colón,38,Ejecutivo,29,Ejecutiva,9469.04,1800.92,Sí,45947,4953,2,App
6271,M,Córdoba,45,Empresario,27,Ejecutiva,23439.25,4503.3,No,0,8771,20,Aeropuerto
6275,M,Córdoba,39,Ejecutivo,69,Económica,11275.75,1645.54,Sí,65188,3596,1,App
6277,F,Mendoza,42,Empresario,48,Primera clase,101754.11,5412.3,No,0,4503,1,Web
6284,M,Chaco,38,Empresario,51,Económica,9969.25,1324.83,Sí,45540,2844,12,Aeropuerto
6292,M,CABA,55,Empresario,42,Ejecutiva,31201.37,2510.51,Sí,37223,3814,33,Aeropuerto
6293,F,Misiones,28,Abogado,8,Primera clase,5653.96,627.06,No,0,23575,21,Web
6315,M,CABA,37,Ejecutivo,49,Ejecutiva,42500.23,5143.62,No,0,3868,4,Agencia
6317,F,São Paulo,62,Empresario,21,Ejecutiva,17560.4,3810.12,Sí,43251,8916,1,Web
6319,M,Córdoba,36,Deportista,95,Primera clase,57461.84,2829.92,Sí,429339,7718,1,Web
6333,M,Bolívar,32,Ejecutivo,15,Primera clase,16244.34,3028.58,No,0,16013,13,Agencia
6338,M,CABA,33,Empresario,20,Ejecutiva,10433.8,1097.74,Sí,45872,17897,12,App
6347,M,Antioquia,45,Empresario,51,Económica,4577.12,189.51,Sí,44047,3446,32,App
6353,M,Rio Grande do Sul,44,Médico,18,Primera clase,37951.29,8692.28,No,0,6172,12,Web
6385,F,Tucumán,37,Empresario,11,Primera clase,18610.35,2756.08,No,0,17884,4,Agencia
6400,M,Veraguas,55,Empresario,55,Primera clase,95838.72,4956.74,Sí,180178,7882,22,Agencia
6404,F,São Paulo,34,Comerciante,17,Ejecutiva,11241.72,927.86,Sí,40555,2963,60,Web
6413,M,Atlántico,51,Deportista,77,Ejecutiva,31066.95,5462.0,Sí,152987,4230,6,Aeropuerto
6423,M,Entre Ríos,54,Ejecutivo,43,Primera clase,86448.62,15248.13,No,0,8994,8,App
6440,F,Panamá,36,Deportista,36,Primera clase,79122.99,9521.8,Sí,163046,3978,13,Agencia
6443,F,Chaco,28,Empresario,40,Primera clase,111203.16,24802.56,No,0,8447,1,App
6454,M,Mendoza,24,Ejecutivo,66,Ejecutiva,25481.71,2149.13,Sí,86537,6802,1,App
6461,F,Buenos Aires,52,Ejecutivo,68,Ejecutiva,45975.81,7109.81,No,0,3944,27,App
6475,F,Santander,47,Abogado,3,Ejecutiva,2071.1,478.25,No,0,12299,2,App
6476,F,Rio de Janeiro,44,Ejecutivo,73,Económica,9252.05,878.19,Sí,78507,4733,6,Web
6493,M,Bolívar,50,Ejecutivo,41,Ejecutiva,26945.75,2656.98,Sí,49545,8407,9,Web
6504,M,Paraná,39,Ingeniero,17,Ejecutiva,13027.71,2894.4,Sí,39790,6546,37,Aeropuerto
6506,M,Tucumán,34,Ejecutivo,69,Ejecutiva,58208.0,2651.19,Sí,193165,6923,2,Agencia
6516,M,Tolima,41,Deportista,75,Ejecutiva,60520.91,8232.47,No,0,9480,65,Agencia
6530,M,Córdoba,38,Empresario,48,Ejecutiva,13956.51,2172.18,Sí,47759,3533,6,Agencia
6538,F,Entre Ríos,39,Empresario,32,Primera clase,31009.18,2455.44,Sí,57519,5371,8,Web
6540,F,Chaco,41,Médico,24,Primera clase,56752.54,6006.64,No,0,12702,2,Agencia
6582,M,Colón,35,Ejecutivo,57,Económica,12642.12,2097.61,Sí,46421,5945,7,App
6584,M,Atlántico,34,Ejecutivo,74,Ejecutiva,56268.22,12474.98,Sí,131939,6816,40,Web
6587,F,Córdoba,47,Empresario,29,Ejecutiva,15371.77,2508.78,No,0,13364,12,App
6588,M,Tucumán,38,Empresario,41,Económica,3287.55,284.36,Sí,22175,23869,117,App
6594,F,Rio de Janeiro,46,Empresario,18,Ejecutiva,12190.07,1351.51,Sí,35798,15796,38,App
6630,F,CABA,31,Empresario,45,Primera clase,77010.89,3947.21,No,0,6289,1,App
6666,M,CABA,50,Profesional independiente,22,Primera clase,41850.55,5748.23,No,0,3741,13,Agencia
6669,F,Cundinamarca,27,Ejecutivo,68,Económica,12644.69,2407.55,Sí,52068,1902,0,App
6674,M,Cundinamarca,43,Ejecutivo,32,Primera clase,45726.18,4324.3,No,0,3553,0,Web
6680,M,Santander,44,Ejecutivo,69,Ejecutiva,21495.82,3776.0,No,0,10205,6,Aeropuerto
6682,M,Valle del Cauca,40,Ejecutivo,71,Primera clase,116013.06,15819.28,Sí,167700,5238,19,App
6692,M,Rio de Janeiro,45,Ejecutivo,30,Primera clase,85186.16,10495.85,Sí,132897,9521,2,Aeropuerto
6699,F,Pernambuco,51,Deportista,67,Ejecutiva,48510.44,10021.59,No,0,29001,19,Web
6705,F,Córdoba,50,Ingeniero,1,Ejecutiva,369.66,58.87,Sí,1917,11671,38,Web
6715,F,Santander,37,Ejecutivo,77,Económica,21666.74,5256.94,Sí,47576,4434,7,Agencia
6718,F,Atlántico,34,Ejecutivo,78,Ejecutiva,36246.88,8961.98,No,0,3874,15,Aeropuerto
6740,M,Córdoba,52,Ejecutivo,79,Económica,23703.64,2196.77,Sí,47390,3673,2,Agencia
6743,F,Valle del Cauca,45,Médico,16,Primera clase,42590.6,7372.73,Sí,38434,10897,37,Web
6750,F,Santa Fe,47,Ejecutivo,71,Ejecutiva,34364.48,4395.71,No,0,6574,2,Web
6757,M,Panamá,50,Ejecutivo,53,Económica,6725.18,412.15,Sí,43907,3687,12,Web
6762,F,Chiriquí,47,Médico,29,Ejecutiva,16403.76,3740.71,Sí,59054,12564,116,App
6784,F,Chaco,40,Empresario,40,Económica,9843.18,1580.66,No,0,8548,0,App
6788,M,CABA,42,Empresario,53,Ejecutiva,27459.96,5917.74,No,0,8833,18,Web
6797,F,Paraná,41,Ejecutivo,46,Primera clase,92708.69,16759.48,No,0,6250,28,Web
6815,F,Bahia,32,Arquitecto,17,Primera clase,39478.45,2771.13,No,0,8345,0,Web
6825,M,Santa Fe,44,Ejecutivo,69,Ejecutiva,29540.19,2816.05,No,0,10398,0,App
6827,F,CABA,38,Empresario,35,Ejecutiva,25321.22,6018.89,Sí,85727,9599,0,App
6836,M,São Paulo,49,Empresario,38,Ejecutiva,15728.75,2065.07,No,0,9557,2,Agencia
6840,F,Paraná,40,Deportista,45,Económica,9498.26,805.28,Sí,42103,2090,7,Web
6862,M,Nariño,24,Ejecutivo,66,Ejecutiva,20940.23,1654.67,Sí,115887,9076,1,Web
6871,M,Misiones,48,Empresario,40,Ejecutiva,13559.67,2313.15,No,0,10950,4,Web
6879,F,Santander,31,Empresario,56,Primera clase,49200.62,7690.43,No,0,21268,23,App
6885,M,CABA,30,Ejecutivo,49,Ejecutiva,31606.12,3887.98,Sí,65096,7431,5,Web
6896,M,Paraná,56,Ejecutivo,34,Primera clase,60289.94,9858.79,No,0,11435,24,Agencia
6935,F,Paraná,38,Profesional independiente,9,Ejecutiva,2557.93,483.7,Sí,23222,13957,57,Agencia
6974,F,Panamá,34,Empresario,49,Ejecutiva,31070.22,4544.03,Sí,44219,17445,57,App
6981,M,Bolívar,50,Médico,25,Primera clase,15527.12,2643.6,No,0,8736,12,Agencia
6989,F,Mendoza,45,Deportista,63,Económica,6820.41,1286.0,No,0,15840,4,Web
6993,M,Santa Fe,39,Ejecutivo,31,Primera clase,66157.91,16103.65,No,0,7253,15,App
6998,M,Buenos Aires,48,Abogado,7,Ejecutiva,3735.35,625.82,No,0,11271,41,App
7003,M,Paraná,56,Empresario,18,Primera clase,31212.18,2987.95,No,0,5758,9,Agencia
7013,M,Tucumán,40,Empresario,59,Económica,8139.51,1848.62,No,0,15767,10,Web
7016,F,Tolima,37,Empresario,19,Ejecutiva,10988.11,1245.12,No,0,35764,16,Web
7018,F,Herrera,52,Empresario,37,Ejecutiva,11241.47,679.69,Sí,80253,11728,3,Agencia
7024,F,CABA,43,Empresario,36,Ejecutiva,14991.19,1207.62,Sí,40327,3942,12,Web
7028,F,Bolívar,37,Abogado,19,Primera clase,28994.13,1625.69,No,0,7442,68,Web
7035,F,Los Santos,36,Empresario,42,Ejecutiva,27971.88,2289.16,No,0,1797,13,Agencia
7045,F,Pernambuco,42,Ejecutivo,50,Ejecutiva,29983.32,1397.9,No,0,5495,14,App
7071,F,Tolima,35,Ejecutivo,79,Primera clase,126059.59,9135.02,Sí,340147,4659,4,App
7074,F,CABA,25,Ejecutivo,17,Ejecutiva,6638.44,759.99,No,0,8892,19,Web
7104,F,Rio de Janeiro,51,Empresario,47,Ejecutiva,26576.35,6253.01,No,0,13854,12,Web
7108,M,Buenos Aires,54,Médico,21,Primera clase,36356.79,2854.9,No,0,6374,18,Web
7113,M,Entre Ríos,49,Ejecutivo,32,Ejecutiva,15574.48,2906.74,No,0,9846,2,App
7125,F,Cundinamarca,41,Empresario,50,Ejecutiva,18161.15,1751.12,Sí,40320,13898,7,Web
7130,F,Veraguas,56,Empresario,39,Ejecutiva,25793.01,2840.34,Sí,49180,4024,16,Web
7137,M,Córdoba,54,Deportista,22,Ejecutiva,16954.55,1560.51,No,0,14395,3,App
7150,F,Bahia,18,Empleado,22,Ejecutiva,12773.41,1218.7,Sí,48851,632,7,App
7159,F,Salta,39,Médico,12,Primera clase,33171.2,4647.81,Sí,60827,7745,44,Web
7173,F,Rio Grande do Sul,32,Empresario,55,Primera clase,99014.57,8406.88,Sí,125540,9784,15,Web
7182,F,Rio Grande do Sul,33,Ingeniero,12,Primera clase,24496.96,2197.68,Sí,49626,7725,85,Web
7187,F,Herrera,39,Deportista,72,Primera clase,44515.93,6943.07,Sí,250362,15914,8,Web
7195,M,Herrera,51,Empresario,11,Primera clase,24928.46,1007.53,No,0,7178,1,Web
7207,F,Chaco,40,Empresario,19,Primera clase,34889.05,4265.35,Sí,56495,5333,8,Web
7211,F,Tolima,48,Deportista,90,Económica,26287.52,3029.02,Sí,32333,3162,24,App
7212,F,Santander,24,Médico,25,Primera clase,70708.37,12094.83,No,0,4405,7,App
7220,M,Antioquia,49,Ejecutivo,55,Ejecutiva,41805.4,8508.01,Sí,118772,3719,12,Agencia
7260,F,Tucumán,38,Empresario,36,Ejecutiva,25736.36,2715.42,No,0,7214,26,Web
7261,F,Salta,32,Deportista,75,Ejecutiva,19486.78,2053.61,Sí,161165,14468,9,App
7267,M,Entre Ríos,47,Ejecutivo,21,Primera clase,23794.72,5202.86,No,0,11952,12,Web
7280,F,Atlántico,37,Empresario,29,Primera clase,70165.97,15870.49,No,0,9746,53,Web
7284,F,Entre Ríos,44,Empresario,46,Primera clase,100650.27,6081.52,No,0,16933,1,App
7285,F,Pernambuco,36,Deportista,69,Económica,16578.03,774.89,Sí,52600,2236,2,Agencia
7288,M,Colón,52,Ejecutivo,58,Ejecutiva,19314.35,4079.37,No,0,16138,1,App
7304,F,Antioquia,52,Empresario,57,Económica,9680.2,1442.49,Sí,62020,7722,5,Web
7314,M,Tucumán,58,Abogado,10,Ejecutiva,3878.39,210.43,No,0,12352,2,Agencia
7333,F,Salta,28,Empresario,54,Primera clase,38235.87,3850.21,No,0,31096,30,Web
7336,M,São Paulo,32,Ejecutivo,29,Ejecutiva,15617.73,764.06,Sí,60258,3676,6,Aeropuerto
7340,M,Santander,27,Ejecutivo,56,Económica,7734.37,1123.47,Sí,47625,8763,37,App
7344,F,Bahia,26,Ejecutivo,34,Ejecutiva,20121.68,1193.74,No,0,11496,2,Web
7347,F,Rio Grande do Sul,46,Médico,5,Ejecutiva,2736.88,279.19,No,0,9382,12,Agencia
7349,F,Buenos Aires,44,Empresario,49,Económica,10825.95,1636.07,Sí,47888,2691,11,Web
7378,M,Tucumán,34,Ejecutivo,61,Primera clase,90847.99,6936.26,No,0,16286,16,App
7429,M,Entre Ríos,44,Deportista,96,Primera clase,125093.16,25364.85,Sí,418171,7302,2,Web
7456,M,Chiriquí,32,Empresario,29,Primera clase,41206.42,4053.37,Sí,130623,7881,25,App
7465,M,Chiriquí,29,Empresario,22,Primera clase,14819.38,2773.5,Sí,81799,11367,1,App
7468,F,Antioquia,37,Empresario,58,Ejecutiva,31502.55,2319.58,No,0,9968,9,Web
7484,F,CABA,43,Profesional independiente,10,Económica,3478.21,299.96,No,0,12142,0,Aeropuerto
7488,F,Bolívar,35,Ejecutivo,73,Ejecutiva,23486.2,2931.56,Sí,199850,6646,16,Web
7490,F,Mendoza,48,Empresario,58,Ejecutiva,24976.45,4454.16,Sí,89607,13369,6,Web
7504,M,Rio de Janeiro,44,Empresario,48,Ejecutiva,22980.78,3961.9,Sí,102066,15252,12,Web
7507,M,Mendoza,42,Ejecutivo,68,Ejecutiva,34156.94,5977.27,Sí,95269,6532,5,App
7519,F,Mendoza,38,Empresario,59,Primera clase,37793.69,5377.11,No,0,4453,71,Web
7581,M,Salta,27,Médico,25,Primera clase,47506.86,7746.01,No,0,6225,4,Web
7587,F,Misiones,47,Ejecutivo,67,Económica,16178.41,1131.76,Sí,42780,9006,3,App
7588,M,Mendoza,28,Empresario,58,Ejecutiva,22263.18,5386.58,Sí,61312,2063,21,App
7589,F,Salta,57,Abogado,17,Ejecutiva,8756.86,1601.71,Sí,41273,8455,27,Aeropuerto
7599,F,Rio de Janeiro,37,Ejecutivo,31,Ejecutiva,15467.41,1412.48,No,0,8407,5,App
7601,M,São Paulo,56,Empresario,31,Primera clase,40748.89,1697.16,No,0,7654,13,Agencia
7612,F,Tucumán,41,Ejecutivo,69,Económica,24431.32,1512.63,No,0,4406,12,Aeropuerto
7637,M,Valle del Cauca,38,Abogado,15,Primera clase,29654.9,4302.94,No,0,10598,32,Aeropuerto
7645,M,São Paulo,37,Profesional independiente,17,Ejecutiva,4644.96,819.13,Sí,42360,2260,11,Web
7660,M,Atlántico,36,Deportista,42,Ejecutiva,11154.38,907.14,Sí,54152,10590,57,Web
7669,F,Valle del Cauca,37,Médico,14,Ejecutiva,6889.77,705.78,No,0,8489,47,Web
7682,F,Rio Grande do Sul,36,Ejecutivo,75,Económica,9771.49,1688.25,No,0,16348,2,Agencia
7690,F,Buenos Aires,28,Deportista,56,Primera clase,79050.55,13514.48,No,0,14316,31,Web
7694,M,Nariño,40,Empresario,49,Ejecutiva,27602.93,3595.97,Sí,76874,18875,4,Agencia
7698,M,CABA,29,Abogado,10,Primera clase,8228.21,1538.3,No,0,16866,3,App
7702,F,Buenos Aires,37,Ingeniero,21,Primera clase,35481.59,3360.32,No,0,8152,31,Agencia
7713,F,Misiones,39,Médico,24,Ejecutiva,16305.92,2902.52,Sí,29331,11200,54,Web
7715,F,Bahia,38,Ejecutivo,42,Ejecutiva,25782.68,2399.78,No,0,4580,11,Agencia
7718,F,Cundinamarca,41,Ejecutivo,25,Ejecutiva,15545.29,789.57,No,0,10365,20,Web
7729,M,Pernambuco,44,Médico,24,Ejecutiva,17555.76,4097.27,No,0,15905,11,App
7737,F,Mendoza,44,Ejecutivo,73,Ejecutiva,25587.51,3785.41,Sí,137009,2326,3,App
7745,M,Buenos Aires,41,Ejecutivo,78,Ejecutiva,19126.9,4619.7,Sí,137889,6477,15,Aeropuerto
7754,F,Tolima,61,Empresario,33,Primera clase,31603.5,3909.49,Sí,90980,10703,19,App
7760,F,Córdoba,35,Deportista,32,Primera clase,41304.38,4599.94,No,0,5469,17,Web
7778,F,Buenos Aires,27,Ejecutivo,56,Ejecutiva,39968.17,9778.94,No,0,2784,5,App
7785,M,Chaco,44,Ejecutivo,79,Económica,16453.14,3075.33,Sí,52000,3209,9,Web
7813,F,Misiones,35,Deportista,49,Ejecutiva,15917.57,1055.77,Sí,51225,9692,6,App
7820,F,Panamá,35,Empresario,16,Primera clase,35785.3,4082.0,No,0,14794,1,Web
7822,M,Bolívar,45,Ejecutivo,18,Económica,5139.63,411.32,No,0,12060,10,Web
7828,F,Santa Fe,40,Empresario,50,Primera clase,78642.08,14770.82,Sí,136885,10014,41,App
7833,M,Mendoza,62,Médico,27,Primera clase,56369.6,11978.94,Sí,120059,10192,10,Web
7842,M,Chaco,36,Ingeniero,22,Ejecutiva,12198.74,2500.85,Sí,45741,3558,2,App
7846,F,Valle del Cauca,26,Empresario,43,Primera clase,40705.56,9092.78,No,0,20510,8,App
7856,F,Antioquia,33,Empresario,51,Ejecutiva,38304.84,7004.17,No,0,8229,2,Web
7871,F,Buenos Aires,27,Deportista,20,Ejecutiva,5468.16,260.48,No,0,11455,22,Web
7872,F,Entre Ríos,32,Contador,24,Ejecutiva,14410.16,2381.9,Sí,43474,3505,4,App
7889,F,Córdoba,46,Ejecutivo,53,Económica,11910.69,1865.22,Sí,50745,5219,5,Web
7893,F,Cundinamarca,37,Médico,6,Ejecutiva,3717.03,853.9,No,0,10490,27,Web
7894,F,CABA,25,Profesional independiente,2,Primera clase,4074.28,679.72,No,0,9156,46,App
7897,M,Minas Gerais,48,Empresario,11,Ejecutiva,6108.81,538.38,Sí,20286,25751,1,Aeropuerto
7932,F,Paraná,41,Ejecutivo,74,Ejecutiva,48599.66,8840.22,Sí,100746,5727,13,Web
7935,F,Herrera,44,Ejecutivo,64,Ejecutiva,21095.07,2817.51,Sí,107159,6743,1,Agencia
7944,F,Nariño,34,Deportista,87,Ejecutiva,65585.53,12224.69,Sí,69338,1210,16,Web
7969,F,Valle del Cauca,54,Ingeniero,20,Primera clase,44587.59,2288.67,No,0,9264,35,Agencia
8004,M,Córdoba,42,Empresario,54,Ejecutiva,35891.43,3048.0,Sí,96820,5185,4,App
8015,M,Misiones,32,Empresario,15,Ejecutiva,11384.44,2496.0,No,0,10130,7,Agencia
8032,M,Tolima,58,Empresario,49,Ejecutiva,18604.94,3340.88,Sí,43858,3776,5,Web
8033,F,Rio de Janeiro,25,Médico,13,Primera clase,27428.08,1432.42,Sí,46716,3890,15,Aeropuerto
8038,M,Santa Fe,32,Ejecutivo,66,Ejecutiva,42612.77,5648.09,No,0,4627,2,Agencia
8040,F,Buenos Aires,26,Empresario,58,Primera clase,88918.0,11459.63,No,0,12505,17,App
8046,F,Valle del Cauca,27,Médico,25,Ejecutiva,16726.37,1371.45,Sí,50187,6242,46,Web
8049,F,CABA,62,Deportista,54,Ejecutiva,29975.47,3678.63,No,0,1068,5,Web
8052,F,Chaco,30,Deportista,70,Primera clase,48345.32,10535.88,Sí,222730,25981,8,Web
8060,F,Chaco,42,Ejecutivo,15,Ejecutiva,12572.23,1385.27,No,0,8888,23,Web
8074,F,São Paulo,26,Empresario,42,Ejecutiva,18651.33,2461.55,Sí,74351,2860,6,App
8077,M,Veraguas,39,Empresario,54,Ejecutiva,40394.61,6803.91,Sí,71847,13866,32,Web
8118,M,Tucumán,37,Empresario,28,Primera clase,63848.71,14448.05,No,0,11776,8,Web
8126,F,Bahia,33,Ejecutivo,72,Ejecutiva,17465.15,812.41,No,0,8445,15,Web
8128,M,Chiriquí,27,Ejecutivo,61,Primera clase,92397.35,9645.48,No,0,5664,8,Web
8131,F,Misiones,42,Deportista,74,Económica,23026.31,5165.86,Sí,70886,300,27,Web
8134,M,Veraguas,30,Deportista,91,Ejecutiva,61498.18,9649.41,Sí,176942,8019,22,App
8144,M,Pernambuco,52,Deportista,50,Económica,14876.39,2833.77,Sí,43464,1924,5,Web
8150,F,CABA,48,Ejecutivo,43,Ejecutiva,23086.12,1762.81,Sí,91892,8677,36,Web
8154,M,Chaco,27,Ejecutivo,65,Ejecutiva,42827.6,10141.45,Sí,145956,7067,10,Web
8157,M,Córdoba,40,Médico,23,Ejecutiva,10531.9,1465.84,Sí,39984,4505,39,Web
8168,F,Chaco,34,Ejecutivo,41,Primera clase,81379.61,9614.71,Sí,210764,5404,7,Web
8171,M,Rio de Janeiro,30,Empleado,20,Ejecutiva,15971.19,2056.58,Sí,49136,1289,3,App
8182,M,Chaco,40,Empresario,38,Primera clase,102891.53,24679.86,No,0,11168,1,Aeropuerto
8185,F,Cundinamarca,39,Empresario,50,Ejecutiva,27219.15,4559.33,Sí,89893,11435,25,Web
8197,F,Entre Ríos,43,Empresario,45,Ejecutiva,21839.49,1697.93,Sí,126199,6892,24,App
8198,F,Chaco,28,Empresario,15,Económica,3098.44,205.1,Sí,4603,11607,70,Web
8202,M,Mendoza,27,Ejecutivo,75,Económica,27425.93,3771.63,Sí,26313,3202,6,App
8216,M,Chiriquí,34,Ejecutivo,73,Ejecutiva,21742.52,2935.75,No,0,9249,1,Web
8244,M,Tucumán,29,Empresario,14,Primera clase,29119.65,3778.38,No,0,17373,19,App
8245,F,Entre Ríos,36,Otro,23,Ejecutiva,15291.6,3227.85,Sí,46730,5525,11,App
8246,F,Chaco,37,Abogado,2,Ejecutiva,837.52,49.46,No,0,13899,19,Web
8259,F,Tolima,44,Ejecutivo,58,Ejecutiva,26796.23,5701.5,Sí,72674,5045,43,Web
8274,F,Misiones,37,Médico,14,Primera clase,13097.97,3246.85,No,0,10846,6,Web
8280,F,Tucumán,30,Arquitecto,18,Ejecutiva,8486.87,501.67,Sí,42596,3810,4,Web
8281,F,Cundinamarca,37,Ejecutivo,76,Ejecutiva,53500.69,3551.64,Sí,153023,6706,2,Web
8283,M,Buenos Aires,52,Ejecutivo,77,Económica,26457.11,4702.64,Sí,73197,3226,1,Web
8314,F,Santa Fe,29,Ejecutivo,49,Primera clase,29640.35,2555.68,Sí,129951,8405,25,App
8327,M,Entre Ríos,28,Ejecutivo,21,Ejecutiva,10530.67,1674.47,Sí,41253,3837,34,App
8334,F,Nariño,45,Deportista,38,Ejecutiva,25201.85,6055.25,Sí,82641,7257,5,Web
8339,M,Antioquia,35,Empresario,40,Ejecutiva,11240.38,1556.42,Sí,56555,3804,57,Web
8350,F,Rio de Janeiro,37,Empleado,23,Ejecutiva,14617.73,3372.65,Sí,53364,1420,30,App
8366,M,Salta,28,Empresario,25,Primera clase,55077.68,7832.49,Sí,57798,5580,14,Web
8377,M,Mendoza,32,Profesional independiente,3,Ejecutiva,1065.7,83.97,No,0,9637,25,Web
8386,F,Misiones,32,Empresario,40,Ejecutiva,17664.6,3212.43,No,0,8967,9,App
8387,M,Chiriquí,55,Ejecutivo,79,Ejecutiva,27820.37,6891.75,No,0,7397,2,App
8391,M,Valle del Cauca,36,Empresario,22,Ejecutiva,14641.72,3549.04,No,0,12337,8,Web
8403,M,Rio de Janeiro,26,Ejecutivo,38,Ejecutiva,24883.11,5584.17,No,0,2640,2,App
8405,M,Veraguas,41,Médico,13,Ejecutiva,4498.52,777.85,Sí,13843,10612,18,App
8428,M,Mendoza,37,Ejecutivo,61,Ejecutiva,26109.29,3619.66,No,0,11134,7,App
8431,M,Chaco,38,Médico,22,Ejecutiva,14684.92,642.03,Sí,49950,9272,78,Web
8438,F,Mendoza,34,Ejecutivo,45,Ejecutiva,32013.97,2129.56,No,0,5125,0,Web
8445,M,Antioquia,36,Empresario,57,Ejecutiva,38416.61,8261.95,No,0,4661,0,App
8451,F,Buenos Aires,39,Ejecutivo,77,Ejecutiva,59643.56,7970.27,No,0,3577,8,Web
8476,M,Mendoza,33,Ejecutivo,50,Económica,11165.33,2095.32,Sí,42475,4369,10,App
8487,F,Entre Ríos,56,Ejecutivo,47,Ejecutiva,27652.52,4369.26,Sí,73445,5541,12,Agencia
8494,M,Rio de Janeiro,25,Empresario,48,Ejecutiva,24260.83,3194.12,Sí,56878,13228,20,App
8505,F,Valle del Cauca,47,Ejecutivo,57,Ejecutiva,31329.33,4111.94,Sí,64772,3753,19,Web
8508,F,Entre Ríos,53,Ejecutivo,57,Ejecutiva,39014.46,6837.28,No,0,7835,13,Aeropuerto
8513,M,Tucumán,40,Empresario,46,Primera clase,102189.28,21950.6,Sí,95704,5193,11,App
8515,F,Entre Ríos,30,Empresario,38,Ejecutiva,28616.04,5197.34,Sí,97667,5996,27,Web
8529,F,Entre Ríos,30,Deportista,98,Económica,27942.13,3866.38,No,0,4564,24,App
8534,M,Bolívar,29,Ejecutivo,53,Ejecutiva,44729.49,8288.17,Sí,51589,6920,3,Web
8547,F,São Paulo,29,Empresario,34,Ejecutiva,24666.48,1317.83,Sí,45050,14509,6,Aeropuerto
8556,F,Santa Fe,50,Deportista,83,Económica,20402.46,2524.52,Sí,44039,2002,54,Agencia
8558,F,Antioquia,43,Ejecutivo,58,Económica,12677.84,1143.45,Sí,51223,4395,2,Aeropuerto
8586,M,Santander,31,Ejecutivo,77,Ejecutiva,47361.91,7379.96,Sí,158323,8697,6,App
8592,F,Misiones,39,Deportista,50,Ejecutiva,28876.47,4990.27,No,0,5614,10,Web
8600,F,Antioquia,47,Empresario,57,Económica,19946.07,3896.03,Sí,40780,3151,20,Agencia
8603,M,Paraná,51,Médico,16,Primera clase,34989.38,1965.47,No,0,7471,33,App
8627,F,Mendoza,42,Médico,7,Ejecutiva,3472.57,687.52,No,0,13222,57,Aeropuerto
8641,M,Buenos Aires,40,Ejecutivo,52,Ejecutiva,22031.51,1618.36,Sí,116740,9954,13,App
8656,F,Misiones,28,Médico,26,Ejecutiva,21155.45,5109.8,Sí,39438,7283,40,Agencia
8663,M,CABA,29,Ejecutivo,54,Ejecutiva,35875.34,3407.07,No,0,3887,5,Web
8666,M,Buenos Aires,41,Ejecutivo,18,Primera clase,39033.83,3859.25,Sí,56163,10273,10,Web
8673,M,Colón,31,Empresario,46,Económica,13779.95,884.79,Sí,32980,25787,57,Agencia
8675,M,Córdoba,32,Empresario,57,Primera clase,82048.93,18285.72,No,0,7189,21,Aeropuerto
8680,M,Herrera,36,Deportista,54,Ejecutiva,20641.48,2394.4,Sí,136861,981,21,Web
8685,F,Tucumán,38,Profesional independiente,18,Primera clase,29283.93,2640.0,Sí,81554,11304,7,Web
8692,M,Bolívar,48,Profesional independiente,21,Ejecutiva,14445.35,811.92,No,0,10002,3,Web
8695,F,Valle del Cauca,62,Ejecutivo,53,Primera clase,110765.16,23618.8,Sí,107314,9548,27,App
8708,M,Chiriquí,29,Ejecutivo,61,Económica,11946.06,594.24,Sí,41553,5930,0,App
8724,M,Santa Fe,40,Empresario,14,Ejecutiva,8702.85,1555.33,Sí,30947,9570,3,App
8730,F,Córdoba,28,Empleado,20,Ejecutiva,10721.02,1819.2,Sí,45648,935,6,Agencia
8748,F,Herrera,56,Arquitecto,24,Económica,2715.98,510.52,Sí,10305,9804,14,Aeropuerto
8774,M,Colón,38,Ejecutivo,47,Ejecutiva,31797.97,2823.48,No,0,8493,0,Web
8777,F,Veraguas,26,Médico,22,Económica,3059.29,617.79,Sí,17266,9408,24,App
8796,No binario,Misiones,40,Ejecutivo,27,Primera clase,41414.11,7443.66,Sí,60651,8779,13,App
8798,F,CABA,41,Ingeniero,7,Ejecutiva,4017.72,543.85,No,0,15075,2,App
8804,F,Colón,40,Empresario,53,Ejecutiva,36109.99,4895.95,Sí,97358,16684,1,Web
8808,M,Cundinamarca,37,Ejecutivo,51,Ejecutiva,35958.78,2230.91,Sí,94509,4573,11,Web
8813,M,Antioquia,40,Ejecutivo,49,Ejecutiva,25452.05,2514.68,Sí,68340,6772,5,Agencia
8814,F,Córdoba,43,Empresario,25,Ejecutiva,9386.07,1908.22,No,0,24849,9,App
8819,M,Mendoza,30,Deportista,70,Ejecutiva,46332.65,4795.28,No,0,10152,9,App
8842,M,Mendoza,40,Ejecutivo,51,Económica,15140.33,1344.51,Sí,40345,4858,1,App
8866,F,Mendoza,27,Empresario,47,Primera clase,75274.75,5595.57,No,0,8520,2,Agencia
8876,F,Tucumán,36,Empresario,51,Ejecutiva,36791.19,9025.25,No,0,4528,8,Agencia
8884,M,Santander,36,Empresario,27,Primera clase,60834.94,12993.39,Sí,106591,17488,56,Web
8886,M,Colón,50,Ejecutivo,36,Primera clase,59289.62,8425.81,No,0,5947,5,App
8891,M,Buenos Aires,35,Abogado,20,Ejecutiva,5760.85,251.28,Sí,49312,5459,50,App
8896,M,Buenos Aires,31,Profesional independiente,20,Primera clase,39791.21,1827.88,No,0,4173,3,App
8898,M,Mendoza,51,Ejecutivo,73,Ejecutiva,54397.35,12087.77,No,0,11807,0,App
8903,F,Entre Ríos,31,Empresario,11,Ejecutiva,3605.81,722.0,No,0,11555,24,Agencia
8907,F,Rio de Janeiro,31,Empresario,59,Ejecutiva,48375.38,3938.48,No,0,19479,19,Agencia
8916,M,Buenos Aires,32,Ejecutivo,50,Ejecutiva,32338.56,1892.7,No,0,4836,1,Web
8931,M,Valle del Cauca,58,Ejecutivo,70,Ejecutiva,45238.75,5293.53,No,0,4505,3,App
8935,F,Los Santos,35,Deportista,86,Ejecutiva,59117.02,14702.68,Sí,109817,41131,0,Agencia
8936,No binario,Tolima,41,Deportista,69,Ejecutiva,20860.02,4768.09,Sí,152196,20284,22,Agencia
8951,M,Herrera,29,Abogado,5,Primera clase,7485.37,1619.8,No,0,8735,21,Web
8983,F,Mendoza,52,Abogado,1,Ejecutiva,763.66,150.75,Sí,1921,8517,23,App
9010,M,Antioquia,27,Ejecutivo,44,Económica,12565.3,3044.12,Sí,39058,6007,5,App
9014,F,Valle del Cauca,37,Empresario,23,Ejecutiva,11045.07,1208.59,Sí,63358,11507,10,App
9051,M,Nariño,55,Empresario,57,Ejecutiva,23791.18,2266.16,Sí,76044,10554,43,App
9054,F,Pernambuco,39,Ejecutivo,32,Primera clase,43819.16,7597.31,Sí,105261,13571,2,App
9059,F,Cundinamarca,43,Ejecutivo,54,Ejecutiva,22531.44,5407.23,No,0,8433,4,Agencia
9064,F,Misiones,32,Médico,7,Primera clase,14264.23,982.06,No,0,10142,26,Web
9070,F,Chaco,47,Empresario,58,Primera clase,139783.06,29507.26,Sí,283636,12798,25,Web
9080,M,Tucumán,25,Deportista,97,Económica,28431.77,3087.19,No,0,19949,4,Agencia
9099,F,Los Santos,50,Ejecutivo,63,Primera clase,87964.5,4114.1,Sí,307365,6851,8,Aeropuerto
9114,M,Colón,39,Arquitecto,18,Primera clase,42250.36,9235.96,Sí,77291,4124,9,Web
9124,F,Minas Gerais,28,Médico,20,Ejecutiva,9906.19,1867.08,Sí,43369,8510,5,Web
9137,F,Buenos Aires,32,Deportista,99,Económica,11334.0,1634.27,Sí,48450,4517,10,Web
9153,M,Mendoza,36,Empresario,26,Ejecutiva,16257.18,3203.97,Sí,51427,4251,37,Web
9163,F,Santa Fe,40,Ejecutivo,57,Económica,13192.16,2534.22,Sí,48453,5111,0,Aeropuerto
9170,M,Santa Fe,30,Empresario,29,Ejecutiva,10328.51,2168.36,No,0,8423,5,App
9171,M,Antioquia,36,Médico,21,Primera clase,30391.82,7412.13,Sí,91724,8137,26,App
9183,M,Rio Grande do Sul,34,Empresario,59,Primera clase,95385.72,18702.83,No,0,6671,15,Web
9193,M,CABA,36,Deportista,30,Primera clase,49390.52,5322.19,No,0,19088,22,Agencia
9211,F,Chiriquí,42,Empresario,56,Ejecutiva,26410.34,3508.3,No,0,10894,27,Agencia
9242,F,Paraná,26,Ejecutivo,78,Ejecutiva,61180.54,11809.16,Sí,182194,8225,5,Web
9250,M,Minas Gerais,34,Empresario,41,Ejecutiva,22857.26,4873.0,Sí,102552,17944,5,App
9252,M,Los Santos,29,Empresario,29,Primera clase,52413.21,12673.87,No,0,8513,8,Web
9257,M,Santander,50,Ejecutivo,45,Ejecutiva,15117.47,3357.64,Sí,109269,1564,11,Web
9285,M,Córdoba,43,Ejecutivo,71,Ejecutiva,46233.77,4048.47,Sí,66257,7388,5,App
9294,F,Bolívar,41,Abogado,23,Ejecutiva,11358.29,1327.68,No,0,12589,77,Agencia
9311,M,Salta,26,Abogado,20,Ejecutiva,14072.98,1677.8,Sí,44733,5787,32,App
9317,M,Santa Fe,46,Deportista,74,Económica,8490.61,1930.73,Sí,49534,1192,64,Aeropuerto
9321,M,Veraguas,43,Empresario,25,Primera clase,37669.32,8626.09,Sí,75600,7218,1,App
9335,M,Buenos Aires,54,Empresario,53,Ejecutiva,40827.65,2717.1,No,0,15260,41,App
9337,M,Bahia,41,Empresario,37,Ejecutiva,17420.12,2830.12,Sí,37213,29286,8,Web
9338,F,Mendoza,38,Médico,28,Ejecutiva,16567.03,3868.11,Sí,39180,3439,49,App
9347,F,Chaco,54,Empresario,38,Ejecutiva,30103.72,1342.27,No,0,6705,11,Web
9357,M,Misiones,51,Deportista,79,Económica,10366.7,2558.17,Sí,49390,989,29,Web
9382,M,Herrera,42,Empresario,19,Ejecutiva,12797.7,685.68,Sí,36031,14562,46,Agencia
9384,M,Panamá,51,Ejecutivo,64,Primera clase,120795.02,12702.95,No,0,7252,36,Web
9398,F,Córdoba,29,Ejecutivo,15,Ejecutiva,11671.66,1785.5,Sí,35857,9375,3,Agencia
9408,F,Cundinamarca,26,Empresario,16,Primera clase,28342.01,1155.12,No,0,9655,25,Agencia
9422,F,Cundinamarca,35,Ejecutivo,71,Económica,22687.58,4501.95,Sí,48862,6689,3,Web
9429,No binario,Antioquia,38,Abogado,23,Ejecutiva,15654.2,1721.48,No,0,10798,19,Aeropuerto
9458,F,Atlántico,44,Ejecutivo,51,Ejecutiva,22419.56,1800.2,Sí,107268,3635,18,App
9464,F,Valle del Cauca,41,Empresario,52,Económica,11752.68,1339.54,Sí,39070,3470,12,Web
9465,M,Bolívar,36,Abogado,14,Primera clase,29765.04,4721.36,Sí,52148,5952,0,Web
9475,F,CABA,47,Médico,25,Primera clase,33206.03,7727.64,Sí,92830,3507,7,Web
9477,F,Tucumán,41,Ingeniero,17,Ejecutiva,11550.14,2470.19,Sí,46621,3976,1,Web
9485,M,Rio de Janeiro,40,Empresario,21,Primera clase,31286.13,2440.99,Sí,71170,32116,18,Web
9496,F,Chiriquí,41,Empresario,42,Ejecutiva,23738.74,3455.06,Sí,50105,3160,51,Web
9506,F,Bolívar,43,Ejecutivo,30,Ejecutiva,20802.31,3020.06,No,0,19254,3,Agencia
9508,F,Mendoza,29,Abogado,17,Ejecutiva,14322.0,2293.98,No,0,10619,4,App
9585,F,Veraguas,34,Empresario,22,Ejecutiva,10455.19,2059.03,Sí,41050,6615,10,Web
9597,M,Salta,53,Deportista,69,Ejecutiva,38665.61,3702.98,Sí,113442,2132,10,Web
9606,M,Tucumán,32,Ejecutivo,57,Económica,8218.08,1823.65,Sí,51277,3271,14,Web
9622,M,Veraguas,30,Empresario,38,Primera clase,20680.56,1269.1,No,0,10487,19,Aeropuerto
9629,M,Nariño,29,Ejecutivo,78,Primera clase,174963.8,22246.97,Sí,190729,12238,4,Web
9637,M,Rio de Janeiro,45,Empresario,44,Primera clase,77481.55,10994.58,Sí,137214,15809,1,App
9654,M,São Paulo,30,Ejecutivo,51,Ejecutiva,15311.69,2089.99,Sí,69647,11951,8,App
9670,F,Entre Ríos,28,Ejecutivo,58,Ejecutiva,40538.09,8247.46,Sí,148392,4280,4,App
9682,M,Antioquia,34,Deportista,87,Económica,19749.6,2441.57,Sí,84257,300,33,App
9683,M,Rio Grande do Sul,35,Ejecutivo,73,Económica,6938.51,1213.49,Sí,45771,3121,12,Web
9685,M,Cundinamarca,42,Médico,23,Económica,5436.67,1081.86,No,0,9906,37,App
9686,M,Buenos Aires,49,Deportista,78,Económica,16035.26,712.96,Sí,40006,590,10,Web
9729,F,Córdoba,53,Ejecutivo,78,Ejecutiva,60927.04,11163.35,Sí,183351,5133,6,App
9738,M,Valle del Cauca,44,Ejecutivo,63,Económica,5889.97,1267.25,Sí,39547,5529,7,App
9777,F,Bolívar,48,Ejecutivo,41,Ejecutiva,13562.26,3310.11,Sí,97453,3875,9,Agencia
9787,M,Veraguas,37,Médico,18,Primera clase,27994.81,4163.07,No,0,6022,7,App
9790,M,Los Santos,45,Ejecutivo,57,Ejecutiva,29545.68,3655.05,No,0,5030,18,App
9800,F,Chaco,41,Deportista,76,Primera clase,142495.46,25833.35,Sí,339658,4800,13,Web
9802,F,São Paulo,40,Ejecutivo,78,Ejecutiva,63924.56,2788.24,Sí,128351,9272,53,Aeropuerto
9814,F,Córdoba,27,Ejecutivo,64,Ejecutiva,32597.03,3148.81,Sí,77645,4399,1,App
9825,M,Atlántico,49,Empresario,39,Ejecutiva,31821.51,3929.55,Sí,43061,10350,4,App
9827,F,Herrera,60,Empresario,31,Ejecutiva,13103.96,3082.89,No,0,18236,2,Agencia
9831,M,Veraguas,44,Ejecutivo,65,Primera clase,118133.35,24796.83,No,0,7513,17,Web
9856,M,Tucumán,48,Ejecutivo,52,Primera clase,52479.12,10097.51,No,0,5470,7,Web
9862,M,Mendoza,28,Empresario,50,Económica,14430.67,1879.27,Sí,46996,6776,11,Web
9869,M,Tucumán,52,Profesional independiente,24,Ejecutiva,11531.63,2339.2,Sí,59709,3919,12,Web
9898,M,Atlántico,37,Médico,10,Ejecutiva,2619.51,108.9,No,0,9201,6,Web
9899,F,Minas Gerais,32,Ejecutivo,71,Económica,22420.74,4344.8,Sí,57203,3696,8,Aeropuerto
9905,M,Chiriquí,32,Ejecutivo,43,Ejecutiva,32698.02,2268.61,No,0,6397,7,App
9909,M,Buenos Aires,37,Abogado,20,Ejecutiva,7770.46,824.54,No,0,10046,5,Web
9935,M,Córdoba,25,Arquitecto,13,Primera clase,21065.95,3861.95,No,0,9346,29,Web
9939,F,Buenos Aires,36,Deportista,56,Ejecutiva,47558.01,5473.59,Sí,116933,300,6,Web
9969,M,Santa Fe,30,Ejecutivo,30,Ejecutiva,21948.53,2581.89,Sí,40224,7655,3,App
9974,M,Santa Fe,32,Deportista,70,Primera clase,142988.94,19756.24,No,0,24935,10,App
9994,F,Tucumán,60,Ejecutivo,78,Ejecutiva,42643.16,3546.31,No,0,3615,12,Web
10009,F,São Paulo,38,Contador,22,Ejecutiva,6383.23,1566.77,Sí,43916,1597,0,Web
10013,M,Bolívar,35,Ejecutivo,50,Ejecutiva,12979.97,2067.12,No,0,8733,0,Web
10037,F,São Paulo,34,Ejecutivo,64,Ejecutiva,31396.1,3394.1,No,0,5611,8,Web
10041,F,Misiones,26,Ejecutivo,48,Primera clase,51360.86,6137.55,Sí,188130,3686,0,Aeropuerto
10046,M,Bolívar,31,Deportista,57,Primera clase,96531.29,10876.49,No,0,3535,1,App
10057,F,Santa Fe,34,Empresario,43,Ejecutiva,31632.38,4298.86,Sí,56280,10320,6,Web
10059,F,Cundinamarca,40,Ejecutivo,64,Ejecutiva,37456.19,2305.22,Sí,127617,5863,1,Agencia
10069,F,Valle del Cauca,28,Médico,29,Económica,6031.48,865.86,No,0,8666,58,App
10074,F,Colón,48,Empresario,11,Económica,3140.37,224.92,Sí,8537,16758,32,Web
10075,M,CABA,40,Médico,29,Ejecutiva,15158.29,2817.57,Sí,70778,7648,13,App
10081,F,Tucumán,27,Ejecutivo,30,Ejecutiva,15954.91,905.53,Sí,45098,4101,9,Web
10088,M,Rio Grande do Sul,44,Ejecutivo,67,Económica,16917.6,888.06,Sí,44101,3645,18,App
10099,F,Chiriquí,53,Médico,16,Ejecutiva,6821.45,289.36,No,0,8465,13,Web
10101,F,Buenos Aires,28,Empresario,17,Primera clase,22834.79,979.44,No,0,9688,48,Web
10108,F,Tolima,26,Empresario,46,Ejecutiva,11629.13,2730.27,No,0,9701,31,App
10112,M,Atlántico,40,Ejecutivo,66,Económica,12829.94,3136.4,No,0,10473,50,App
10114,F,Santander,50,Ejecutivo,71,Ejecutiva,31909.25,2455.95,Sí,92153,8641,0,App
10126,M,Bahia,45,Empresario,16,Primera clase,25166.48,2054.35,Sí,69799,7799,8,Aeropuerto
10138,M,CABA,30,Ejecutivo,78,Ejecutiva,43062.73,7803.99,Sí,114665,4964,34,App
10162,M,Chaco,60,Profesional independiente,23,Ejecutiva,9342.84,941.94,No,0,9573,13,Web
10187,M,Atlántico,32,Ejecutivo,79,Ejecutiva,28268.03,4221.85,No,0,5700,9,Web
10199,M,Nariño,41,Empresario,32,Primera clase,67062.24,16261.26,No,0,4893,6,Web
10202,F,Chiriquí,48,Empresario,39,Primera clase,40117.66,3626.7,Sí,79149,4979,11,Web
10206,M,Entre Ríos,26,Empresario,25,Primera clase,58428.83,10007.4,Sí,46035,16913,11,App
10212,No binario,Paraná,28,Ejecutivo,68,Primera clase,93902.62,19203.7,Sí,236523,9243,7,Web
10231,F,Salta,32,Profesional independiente,20,Ejecutiva,5962.53,1070.72,No,0,8984,14,Aeropuerto
10235,M,Mendoza,47,Empresario,13,Primera clase,24395.87,4644.22,No,0,8432,34,Aeropuerto
10236,M,São Paulo,49,Médico,26,Primera clase,26392.06,3552.99,No,0,4223,36,Web
10237,F,Bolívar,53,Ejecutivo,40,Ejecutiva,28997.79,2684.55,Sí,40023,7953,5,Web
10267,F,Cundinamarca,26,Ejecutivo,75,Ejecutiva,44905.37,10605.36,Sí,162860,3597,2,App
10285,F,Tucumán,47,Ejecutivo,40,Primera clase,84675.32,13958.03,Sí,130399,8396,47,App
10293,F,CABA,51,Deportista,97,Económica,26820.67,1255.68,Sí,49025,1547,0,Agencia
10297,F,Rio de Janeiro,35,Empresario,31,Ejecutiva,8850.28,1191.91,No,0,20041,9,App
10304,M,Cundinamarca,28,Ejecutivo,41,Primera clase,81375.83,4869.88,No,0,11318,7,Web
10333,M,Los Santos,38,Médico,28,Primera clase,26495.97,1440.86,No,0,10463,1,Agencia
10340,F,Salta,43,Empresario,52,Económica,15445.13,1389.71,Sí,43451,13727,9,App
10357,F,São Paulo,39,Empresario,19,Primera clase,16910.79,3539.27,Sí,39004,9629,7,Web
10366,F,Veraguas,41,Profesional independiente,15,Primera clase,29841.32,3452.86,No,0,4103,13,Web
10369,M,Córdoba,42,Deportista,97,Primera clase,50652.93,6570.65,No,0,10856,65,Web
10379,F,Rio Grande do Sul,24,Empresario,37,Ejecutiva,17807.85,2939.73,No,0,8713,0,Web
10386,F,Valle del Cauca,42,Docente,22,Ejecutiva,7385.76,1363.11,Sí,42312,736,9,App
10387,F,Bolívar,36,Empresario,52,Económica,11990.67,1294.58,Sí,40502,3369,23,Agencia
10398,F,CABA,34,Empleado,21,Primera clase,52925.25,7089.65,Sí,84372,4164,5,Aeropuerto
10432,M,Bahia,29,Empresario,35,Ejecutiva,16734.23,1191.69,No,0,11554,28,Web
10434,M,Salta,41,Deportista,38,Ejecutiva,14153.52,3119.88,No,0,13777,10,Aeropuerto
10454,M,Cundinamarca,47,Empresario,51,Ejecutiva,30980.02,2655.23,No,0,5951,32,App
10455,F,Mendoza,31,Médico,13,Ejecutiva,4710.19,1128.47,No,0,9800,42,Web
10465,F,Misiones,38,Empresario,21,Ejecutiva,10142.08,470.61,No,0,9483,14,Aeropuerto
10473,M,Entre Ríos,36,Ejecutivo,56,Ejecutiva,14796.11,765.74,Sí,82227,3610,18,App
10483,F,Nariño,46,Ejecutivo,39,Ejecutiva,33354.93,1904.57,No,0,7498,10,App
10489,M,Cundinamarca,55,Empresario,39,Ejecutiva,21748.85,3832.56,Sí,102394,11037,1,App
10502,F,Tolima,35,Empresario,24,Primera clase,57713.56,11882.52,No,0,12187,8,Web
10509,M,Misiones,35,Ejecutivo,74,Ejecutiva,26968.01,5237.43,No,0,4572,0,Web
10512,F,Santander,39,Deportista,60,Económica,10061.82,2454.41,Sí,55702,2522,2,Aeropuerto
10536,M,Chaco,44,Arquitecto,19,Primera clase,31261.93,3624.28,No,0,7955,41,App
10556,F,Herrera,40,Empresario,50,Ejecutiva,23452.61,5663.8,Sí,78582,9381,6,Agencia
10580,M,Rio de Janeiro,29,Empresario,59,Ejecutiva,24450.79,1167.93,Sí,158085,9402,7,Web
10583,F,Tolima,32,Arquitecto,14,Primera clase,11601.97,467.93,Sí,44453,4221,3,Web
10585,F,Valle del Cauca,41,Deportista,85,Económica,14653.15,2801.1,Sí,61316,2566,29,Web
10587,F,Córdoba,44,Médico,5,Ejecutiva,3929.29,161.88,No,0,8634,5,Aeropuerto
10592,M,Tucumán,40,Abogado,22,Primera clase,56364.85,6642.63,Sí,79366,4510,23,Web
10606,M,Chaco,56,Médico,25,Primera clase,24499.33,4688.23,No,0,4687,1,Aeropuerto
10611,F,Atlántico,51,Médico,27,Primera clase,37875.39,6578.84,No,0,7037,2,Agencia
10617,F,Tucumán,30,Abogado,9,Ejecutiva,2297.06,185.95,No,0,8501,11,App
10629,F,Salta,18,Otro,19,Primera clase,38720.5,5183.35,No,0,6138,20,App
10640,M,Santa Fe,28,Abogado,11,Ejecutiva,4388.14,288.72,No,0,9387,0,Web
10651,No binario,CABA,36,Ejecutivo,66,Económica,17642.19,1104.72,Sí,51589,4179,24,App
10653,F,Los Santos,27,Empresario,57,Primera clase,73710.37,10894.51,No,0,8945,9,App
10656,M,Chaco,35,Ejecutivo,27,Ejecutiva,8696.46,1538.85,No,0,8369,2,Web
10657,F,Rio de Janeiro,35,Ingeniero,21,Primera clase,30482.49,7603.95,Sí,38538,4744,42,Web
10660,F,São Paulo,47,Arquitecto,24,Primera clase,44934.91,7025.08,No,0,4553,54,App
10666,F,CABA,42,Empresario,26,Primera clase,44374.11,10195.22,No,0,7828,11,App
10676,F,Bolívar,30,Ejecutivo,67,Económica,15306.51,3615.61,Sí,64559,3364,51,App
10678,M,Chiriquí,36,Empresario,52,Ejecutiva,38747.67,9284.17,No,0,4819,1,Web
10690,F,Cundinamarca,56,Ejecutivo,59,Ejecutiva,18267.91,3139.02,Sí,133023,5069,5,Agencia
10693,M,Nariño,54,Ejecutivo,65,Primera clase,84344.22,17912.73,Sí,277434,3750,22,App
10696,F,Los Santos,47,Profesional independiente,13,Ejecutiva,3378.77,159.61,No,0,9143,93,Web
10712,M,CABA,30,Ejecutivo,52,Ejecutiva,20512.23,2329.04,Sí,138585,3823,14,App
10729,F,Misiones,58,Ejecutivo,38,Ejecutiva,18529.74,3919.06,Sí,102608,5507,10,Aeropuerto
10735,M,Tucumán,59,Empresario,32,Ejecutiva,27671.66,2558.62,No,0,5161,0,Web
10737,M,Pernambuco,41,Ejecutivo,63,Primera clase,141008.88,27391.14,No,0,8517,56,Web
10746,M,Mendoza,38,Abogado,8,Económica,2141.61,247.37,No,0,9505,16,App
10764,M,Chiriquí,42,Empresario,46,Ejecutiva,29711.66,4571.26,Sí,106517,12038,8,Aeropuerto
10766,M,Salta,36,Ejecutivo,51,Económica,19073.9,2222.62,Sí,44366,5476,65,App
10769,M,CABA,27,Empresario,58,Primera clase,100933.57,13206.1,Sí,297811,10290,6,App
10782,F,Chiriquí,41,Ejecutivo,47,Económica,15436.32,2034.51,Sí,39325,2586,13,Aeropuerto
10801,M,Bolívar,37,Empresario,59,Primera clase,95235.04,22518.33,No,0,8697,30,Aeropuerto
10807,M,Antioquia,54,Deportista,42,Ejecutiva,24914.86,4511.9,Sí,97981,3634,25,Aeropuerto
10815,F,Herrera,60,Médico,19,Económica,5005.94,710.01,No,0,8920,11,App
10819,F,Panamá,42,Médico,13,Primera clase,17114.0,725.37,Sí,34134,8541,26,Web
10825,M,Antioquia,30,Empresario,51,Ejecutiva,32540.72,6785.6,Sí,138176,4918,3,App
10838,M,Chiriquí,30,Ejecutivo,38,Ejecutiva,22228.18,4022.93,Sí,80210,3881,11,Agencia
10854,F,Tucumán,47,Ejecutivo,16,Primera clase,19922.98,2497.85,Sí,52502,6017,11,Web
10859,No binario,Atlántico,24,Ejecutivo,39,Ejecutiva,10413.7,2516.79,No,0,8962,20,App
10873,F,Buenos Aires,44,Abogado,20,Ejecutiva,17716.61,1154.8,No,0,10791,50,Web
10879,M,Rio de Janeiro,39,Ejecutivo,47,Primera clase,86923.97,16434.24,Sí,170849,7190,1,App
10889,F,Atlántico,30,Ejecutivo,53,Ejecutiva,26699.25,4628.15,Sí,79585,13283,6,Web
10916,F,Tolima,45,Deportista,21,Ejecutiva,16442.49,3885.1,No,0,9532,9,Web
10921,F,Paraná,50,Deportista,25,Económica,7870.06,1733.72,No,0,9865,31,Aeropuerto
10924,F,Rio Grande do Sul,35,Médico,13,Económica,4709.11,765.69,No,0,11596,8,Agencia
10950,M,Rio Grande do Sul,40,Ejecutivo,66,Ejecutiva,38711.16,7930.25,Sí,97107,4965,14,App
10953,F,Colón,55,Abogado,19,Económica,4936.41,594.08,Sí,12617,22828,6,Web
10954,M,Bolívar,31,Ejecutivo,54,Ejecutiva,16688.83,4085.22,Sí,92212,7648,23,App
10965,M,Valle del Cauca,47,Empresario,23,Económica,4434.44,559.74,No,0,13405,12,App
10977,M,Bolívar,40,Ejecutivo,72,Ejecutiva,41215.61,8965.62,Sí,94492,4786,1,Aeropuerto
10997,M,Bahia,33,Empresario,44,Primera clase,96899.85,5458.59,No,0,10654,5,App
11000,M,Chaco,35,Abogado,4,Ejecutiva,2272.76,172.03,No,0,12963,9,Aeropuerto
11002,M,Salta,42,Ejecutivo,68,Ejecutiva,30291.4,2160.76,No,0,4542,0,Web
11008,M,Valle del Cauca,50,Deportista,71,Económica,8963.18,757.74,Sí,59883,1198,2,Agencia
11015,F,Santander,52,Ejecutivo,44,Ejecutiva,16794.71,2353.61,Sí,39913,5268,5,Agencia
11025,F,CABA,33,Empresario,45,Primera clase,60152.48,14770.9,No,0,9904,13,Web
11032,F,Tolima,29,Abogado,5,Primera clase,10532.41,1486.28,No,0,8580,6,Aeropuerto
11040,M,Cundinamarca,33,Deportista,47,Ejecutiva,22108.59,4220.37,Sí,71168,23224,24,Web
11049,M,Santa Fe,56,Ejecutivo,61,Primera clase,144282.08,11946.72,Sí,194220,4869,0,Aeropuerto
11053,F,Cundinamarca,41,Ejecutivo,75,Ejecutiva,64885.28,4381.9,No,0,6055,2,App
11056,F,Entre Ríos,42,Ejecutivo,75,Ejecutiva,43384.75,3682.29,Sí,75199,5415,10,Web
11061,M,Pernambuco,56,Empresario,20,Económica,5285.01,663.8,No,0,8943,29,Agencia
11062,F,Chaco,30,Médico,27,Primera clase,76256.38,7560.92,No,0,5033,8,Web
11067,F,Rio de Janeiro,50,Ejecutivo,67,Primera clase,101373.0,20553.34,Sí,333478,11683,7,App
11082,F,Cundinamarca,34,Ejecutivo,68,Ejecutiva,20513.09,4506.28,Sí,127138,4749,18,App
11083,F,Tucumán,28,Empleado,21,Ejecutiva,10930.96,1399.15,Sí,57834,900,46,App
11099,F,Cundinamarca,44,Ejecutivo,70,Económica,8658.08,511.66,Sí,57237,3730,8,Web
11109,M,CABA,53,Comerciante,19,Primera clase,33368.76,4422.92,No,0,3645,0,Web
11114,M,Chaco,35,Médico,23,Primera clase,38688.47,7938.37,Sí,86941,12112,14,Web
11142,F,Buenos Aires,40,Empresario,39,Primera clase,59856.7,6733.17,No,0,8626,115,Web
11145,M,Tolima,26,Empresario,23,Ejecutiva,17792.32,1060.28,Sí,23252,12744,11,App
11150,F,Antioquia,48,Empleado,24,Ejecutiva,6976.14,1418.82,Sí,48307,1574,3,App
11156,F,Mendoza,44,Ejecutivo,20,Económica,4090.35,343.36,No,0,11905,6,Aeropuerto
11162,M,Los Santos,30,Empresario,43,Económica,5246.19,1223.71,Sí,29620,9148,22,App
11170,M,Misiones,43,Empresario,27,Ejecutiva,16002.98,1336.12,Sí,40040,2795,0,Web
11174,F,Chaco,35,Empresario,15,Ejecutiva,6402.89,343.97,No,0,21299,10,App
11181,F,Tolima,50,Empresario,35,Primera clase,73614.08,10477.94,No,0,3683,35,Web
11186,F,Misiones,40,Ejecutivo,41,Económica,5743.09,356.36,Sí,20771,12432,37,App
11226,M,Cundinamarca,58,Deportista,66,Ejecutiva,53542.95,10750.11,No,0,6826,12,App
11228,F,Salta,40,Ingeniero,23,Primera clase,36304.53,7965.81,No,0,3625,4,App
11236,F,Tolima,42,Médico,16,Ejecutiva,10052.75,1042.5,No,0,8865,14,App
11246,M,Atlántico,39,Abogado,13,Primera clase,28641.19,3749.15,No,0,11978,14,App
11253,M,Santa Fe,58,Ejecutivo,68,Económica,8979.85,632.35,Sí,45140,2842,7,Agencia
11258,M,Misiones,31,Empresario,45,Ejecutiva,33454.61,6308.5,Sí,62846,3284,5,Web
11261,M,Minas Gerais,50,Deportista,84,Económica,26681.66,4791.06,Sí,39630,6659,27,App
11264,F,Los Santos,29,Empresario,29,Ejecutiva,24243.57,1048.93,No,0,11918,10,Aeropuerto
11272,F,Cundinamarca,36,Ejecutivo,57,Primera clase,128450.2,21063.44,Sí,187092,8940,2,Web
11274,M,Entre Ríos,48,Docente,21,Ejecutiva,11945.1,1684.44,Sí,44496,1453,97,App
11297,M,Antioquia,44,Ejecutivo,48,Primera clase,66918.1,11731.42,No,0,4581,2,App
11308,F,Buenos Aires,60,Ejecutivo,74,Económica,10946.71,2561.19,No,0,11375,17,App
11319,M,CABA,36,Deportista,94,Primera clase,116608.97,21169.72,Sí,412324,11070,1,App
11320,M,Salta,35,Ejecutivo,42,Ejecutiva,28792.93,6724.58,No,0,12708,7,Web
11333,F,Misiones,26,Ejecutivo,60,Económica,21509.89,1269.69,Sí,40229,6530,0,Web
11352,F,Bolívar,34,Deportista,70,Económica,9690.2,1225.7,Sí,44472,1008,14,App
11357,F,Mendoza,55,Ejecutivo,35,Primera clase,69345.21,4436.13,No,0,8559,10,Web
11363,F,Veraguas,29,Arquitecto,21,Ejecutiva,8726.36,685.51,No,0,8898,14,App
11381,M,Minas Gerais,46,Ejecutivo,68,Ejecutiva,35496.92,5322.14,No,0,9002,24,App
11388,M,Minas Gerais,57,Deportista,25,Ejecutiva,17697.32,3383.55,Sí,45396,5307,2,Agencia
11403,F,Mendoza,45,Médico,10,Ejecutiva,3504.1,158.54,No,0,8754,4,Web
11421,F,Pernambuco,51,Empresario,23,Económica,4807.71,251.06,No,0,11021,23,App
11423,M,Atlántico,50,Médico,27,Primera clase,36008.93,6226.84,No,0,11470,7,Web
11451,F,Santa Fe,39,Ingeniero,6,Ejecutiva,2110.75,282.29,Sí,11052,9686,8,Web
11458,M,Paraná,45,Docente,24,Ejecutiva,17871.41,1380.82,Sí,41314,539,66,Agencia
11462,M,Santa Fe,51,Empresario,48,Primera clase,79248.67,17244.46,Sí,104617,5578,15,Web
11476,F,Bolívar,59,Empresario,39,Ejecutiva,17506.07,1868.48,No,0,9908,21,Web
11480,M,Entre Ríos,43,Ejecutivo,42,Primera clase,84168.01,4381.3,Sí,194519,9108,2,Web
11484,F,Bolívar,32,Deportista,74,Económica,26216.2,4265.47,No,0,859,2,Agencia
11492,F,Entre Ríos,39,Médico,6,Ejecutiva,2781.61,191.52,No,0,9004,10,Web
11493,M,Santander,33,Ejecutivo,47,Ejecutiva,28429.69,5916.23,No,0,14659,0,Agencia
11495,F,Rio Grande do Sul,43,Deportista,71,Ejecutiva,58384.69,2699.77,Sí,148386,7009,39,Aeropuerto
11515,F,Salta,47,Ejecutivo,22,Primera clase,36621.59,6960.63,No,0,8492,9,App
11541,F,Nariño,41,Empresario,42,Económica,14802.98,3281.1,No,0,8653,5,App
11557,M,Chaco,59,Profesional independiente,22,Primera clase,27786.98,2396.54,No,0,3845,31,Web
11560,F,Mendoza,41,Abogado,5,Ejecutiva,4267.99,664.62,No,0,9399,36,Web
11573,F,Mendoza,31,Deportista,88,Primera clase,136852.72,16684.47,Sí,164775,10100,7,Web
11583,F,CABA,53,Empresario,32,Ejecutiva,19070.62,1604.31,Sí,45527,4528,29,Agencia
11588,M,Chiriquí,40,Deportista,83,Ejecutiva,34560.35,7326.67,Sí,90415,23183,12,App
11605,F,Bolívar,37,Ejecutivo,63,Ejecutiva,28048.35,6686.14,Sí,135067,10858,6,Agencia
11607,M,Chiriquí,45,Empresario,48,Ejecutiva,31224.01,4763.36,No,0,5791,12,App
11630,F,Buenos Aires,42,Abogado,24,Económica,7056.56,1661.61,No,0,10421,9,Aeropuerto
11633,F,Paraná,34,Empresario,30,Primera clase,36836.81,4855.82,Sí,129361,3645,27,Web
11654,M,Bolívar,39,Ejecutivo,78,Ejecutiva,42682.2,7307.82,Sí,155603,13733,2,Aeropuerto
11681,M,Nariño,34,Abogado,14,Ejecutiva,7147.96,1329.5,No,0,13156,20,App
11688,M,Mendoza,43,Ejecutivo,78,Primera clase,124126.67,26608.24,Sí,360920,10423,0,Agencia
11693,M,Salta,49,Ingeniero,23,Primera clase,29561.31,6700.88,No,0,6511,35,App
11714,F,Salta,26,Ejecutivo,15,Ejecutiva,4867.59,340.04,No,0,13663,26,App
11719,F,Rio de Janeiro,33,Empresario,58,Ejecutiva,33479.67,7199.13,Sí,67591,14630,0,Web
11732,F,Bolívar,30,Abogado,21,Primera clase,56548.54,7370.22,No,0,7917,10,Web
11733,F,Bolívar,41,Deportista,98,Económica,8624.17,1233.92,Sí,54043,2352,14,App
11757,F,Rio Grande do Sul,39,Ejecutivo,75,Primera clase,178356.31,32217.33,No,0,4280,1,App
11760,M,Bolívar,38,Ejecutivo,60,Ejecutiva,20024.94,4124.11,Sí,64694,3647,1,Web
11780,M,Atlántico,48,Ejecutivo,56,Económica,19135.48,1229.61,Sí,49586,3027,3,Web
11790,M,Atlántico,50,Médico,10,Ejecutiva,6119.0,932.93,No,0,9020,28,Web
11805,F,CABA,40,Ejecutivo,36,Ejecutiva,17850.47,873.01,No,0,9803,7,App
11819,M,CABA,48,Médico,5,Económica,1492.25,304.92,No,0,8731,28,App
11828,M,Buenos Aires,40,Empresario,50,Primera clase,40368.47,1954.63,No,0,8606,40,Aeropuerto
11830,M,Atlántico,55,Ejecutivo,56,Primera clase,53448.04,10468.73,No,0,16155,0,Aeropuerto
11840,M,Nariño,43,Profesional independiente,5,Ejecutiva,1330.55,156.93,Sí,10455,11506,21,Web
11847,F,Santander,35,Ejecutivo,35,Ejecutiva,20213.37,1975.41,Sí,72376,7015,17,Web
11848,F,Buenos Aires,53,Profesional independiente,3,Primera clase,1772.16,125.71,No,0,11286,14,Agencia
11855,F,Colón,54,Deportista,99,Económica,29857.94,5173.89,Sí,76843,1301,20,App
11861,M,Rio Grande do Sul,24,Empresario,56,Económica,7185.8,796.66,Sí,55025,5432,66,App
11881,M,Buenos Aires,49,Ejecutivo,17,Primera clase,31634.58,2918.07,No,0,4476,2,Agencia
11909,M,Tolima,57,Empresario,31,Ejecutiva,10503.87,1717.47,No,0,16637,29,App
11910,F,Tucumán,56,Ejecutivo,67,Ejecutiva,37150.25,4613.22,Sí,102068,4686,6,Web
11913,F,Antioquia,35,Ejecutivo,54,Ejecutiva,25263.76,3999.34,Sí,122553,7056,16,Agencia
11922,F,Minas Gerais,48,Deportista,54,Económica,8734.95,1693.88,Sí,56748,3388,19,Web
11925,M,Entre Ríos,33,Ejecutivo,68,Ejecutiva,36203.84,4858.77,Sí,76025,5058,1,Web
11929,F,Buenos Aires,28,Empresario,52,Primera clase,89331.62,17807.42,Sí,175000,12220,4,App
11939,F,CABA,42,Médico,25,Primera clase,32256.44,5168.96,No,0,9272,22,App
11951,F,Entre Ríos,30,Médico,23,Económica,3625.93,391.53,Sí,6362,12977,27,App
11957,F,Antioquia,29,Empresario,33,Ejecutiva,15641.54,3839.85,Sí,90408,3399,5,Agencia
11958,F,Mendoza,26,Médico,8,Ejecutiva,3608.47,399.95,No,0,8578,15,App
11962,F,Bolívar,37,Empresario,22,Ejecutiva,8417.57,767.99,Sí,52459,16660,7,Web
11968,F,Buenos Aires,44,Empresario,51,Ejecutiva,31547.9,4603.12,Sí,61273,13394,17,App
11975,F,Valle del Cauca,62,Ingeniero,18,Ejecutiva,6774.36,1160.45,Sí,44188,5963,3,Web
12006,M,CABA,34,Deportista,53,Económica,8194.77,1370.06,Sí,41090,2359,1,Agencia
12019,F,Santa Fe,18,Otro,17,Primera clase,36893.3,3527.28,Sí,80954,3726,1,App
12036,F,Tolima,38,Empresario,40,Ejecutiva,30135.61,6238.06,Sí,59865,3653,5,Web
12040,F,Chaco,27,Médico,13,Ejecutiva,9529.41,2094.22,No,0,9966,30,Web
12060,M,Buenos Aires,33,Empresario,28,Ejecutiva,20777.23,5179.29,No,0,10681,48,Agencia
12094,F,Minas Gerais,25,Profesional independiente,13,Primera clase,27785.81,2405.02,No,0,13079,56,Web
12116,M,Buenos Aires,54,Abogado,8,Primera clase,11922.53,1301.2,No,0,10300,15,Web
12138,F,Entre Ríos,56,Abogado,16,Ejecutiva,8373.47,1316.29,No,0,11788,11,Web
12145,F,Tolima,28,Abogado,24,Primera clase,50679.72,12313.13,No,0,8156,17,Web
12169,M,CABA,46,Ejecutivo,64,Económica,16439.15,2078.24,Sí,50671,4665,16,Agencia
12175,M,Salta,41,Deportista,87,Ejecutiva,61603.38,13990.67,Sí,87108,1392,7,App
12185,F,Santa Fe,50,Empresario,25,Económica,6912.34,1139.6,No,0,13209,56,Aeropuerto
12187,F,Valle del Cauca,28,Deportista,97,Económica,26750.6,5300.2,Sí,60617,6449,15,App
12191,F,Paraná,45,Ejecutivo,55,Ejecutiva,42685.61,9650.71,Sí,82299,4090,3,Web
12196,M,Córdoba,33,Contador,16,Primera clase,35565.92,3346.19,No,0,5134,25,Web
12206,F,Pernambuco,25,Ejecutivo,60,Económica,11414.6,1194.55,Sí,44735,6488,1,App
12214,F,São Paulo,46,Ejecutivo,73,Ejecutiva,50633.73,8014.41,Sí,178190,5460,10,Agencia
12216,F,CABA,54,Ejecutivo,52,Ejecutiva,36445.3,5540.85,Sí,112987,5992,2,Web
12221,F,Atlántico,29,Ejecutivo,68,Primera clase,47452.99,7685.06,No,0,8054,9,App
12237,M,Santa Fe,41,Médico,26,Ejecutiva,7929.88,1183.31,No,0,10503,10,Agencia
12238,M,Valle del Cauca,57,Ingeniero,24,Primera clase,59662.99,10422.73,No,0,3983,27,Agencia
12246,M,Atlántico,48,Abogado,20,Ejecutiva,8412.44,1443.71,No,0,8863,7,Agencia
12260,No binario,Chaco,36,Ejecutivo,72,Económica,25833.05,4938.71,No,0,3744,1,Web
12274,F,Entre Ríos,44,Deportista,98,Económica,26361.98,5405.29,No,0,1185,31,Web
12275,M,Misiones,40,Ejecutivo,30,Ejecutiva,7858.91,1469.08,Sí,54554,4508,10,App
12283,F,Rio Grande do Sul,42,Ejecutivo,56,Ejecutiva,39162.25,3516.59,No,0,4044,16,Web
12297,F,São Paulo,28,Empresario,25,Primera clase,39078.77,3907.37,No,0,4313,10,Agencia
12300,M,Bahia,46,Ejecutivo,77,Ejecutiva,35994.58,7935.26,Sí,188611,4033,4,Web
12308,M,Chaco,27,Empresario,25,Ejecutiva,8951.07,1089.28,Sí,44635,4693,3,App
12312,F,São Paulo,30,Ejecutivo,59,Ejecutiva,21668.63,4477.32,Sí,90374,10652,6,Agencia
12320,M,Los Santos,24,Empresario,21,Económica,4578.88,922.96,Sí,10547,14530,41,App
12324,M,Misiones,34,Médico,24,Ejecutiva,9751.31,609.03,No,0,9623,15,Web
12338,F,Entre Ríos,43,Deportista,91,Económica,25649.49,5904.59,No,0,1249,8,Aeropuerto
12343,M,Tolima,54,Empresario,33,Ejecutiva,12610.92,1083.58,Sí,87307,6173,6,Web
12348,F,Bolívar,31,Ejecutivo,63,Ejecutiva,55348.92,8931.22,Sí,91957,4921,2,Web
12355,F,Chaco,48,Ejecutivo,64,Ejecutiva,30748.07,3847.93,Sí,111394,3836,13,Web
12373,M,Herrera,48,Médico,29,Ejecutiva,16332.91,2945.55,Sí,70428,4090,74,Agencia
12377,F,Santa Fe,43,Ejecutivo,26,Ejecutiva,14648.45,2535.6,No,0,9465,22,Web
12389,M,Córdoba,38,Ejecutivo,56,Ejecutiva,28453.38,4383.67,Sí,52081,10981,8,Web
12394,F,Santa Fe,29,Empresario,44,Ejecutiva,22660.97,2869.98,No,0,13080,21,App
12396,M,Valle del Cauca,51,Ejecutivo,38,Primera clase,51096.22,4563.28,No,0,3944,12,App
12427,F,Atlántico,28,Abogado,7,Ejecutiva,3771.35,838.6,No,0,14401,19,App
12435,F,Santander,40,Empresario,30,Económica,6968.52,824.63,No,0,10328,11,Web
12438,F,Buenos Aires,35,Empresario,50,Ejecutiva,20770.19,3136.58,Sí,104390,26243,1,Agencia
12446,F,Misiones,56,Abogado,2,Ejecutiva,1056.62,81.45,No,0,9256,42,Agencia
12473,M,Valle del Cauca,35,Empresario,29,Primera clase,41159.9,3058.17,Sí,49425,21719,5,Web
12478,M,Mendoza,26,Ejecutivo,70,Primera clase,145006.74,25279.54,No,0,8905,17,Web
12503,M,Chaco,55,Empresario,36,Ejecutiva,24374.29,2834.13,Sí,79696,7924,21,Web
12508,F,Buenos Aires,38,Deportista,60,Económica,15804.28,3177.36,Sí,45140,5971,38,Web
12527,M,Cundinamarca,53,Comerciante,13,Primera clase,30198.21,5562.86,No,0,3858,61,Web
12529,F,Misiones,27,Ejecutivo,58,Ejecutiva,26376.36,5390.04,Sí,132234,3069,9,App
12543,M,Cundinamarca,44,Empresario,32,Ejecutiva,17933.51,2769.19,Sí,72964,2695,26,App
12544,M,Mendoza,30,Ejecutivo,56,Ejecutiva,45858.88,3117.04,Sí,61066,5177,6,Agencia
12552,M,CABA,34,Deportista,66,Económica,12210.63,3046.57,Sí,54435,1871,8,Agencia
12564,F,Tucumán,39,Ejecutivo,76,Económica,6735.65,799.77,Sí,54061,3055,4,Agencia
12579,F,Tucumán,53,Ejecutivo,22,Primera clase,40129.01,2586.4,Sí,55499,9765,9,Agencia
12583,F,Tucumán,29,Ejecutivo,68,Primera clase,138729.06,26400.89,No,0,5399,8,App
12591,M,São Paulo,43,Ejecutivo,77,Ejecutiva,46157.74,6782.91,No,0,9645,27,Aeropuerto
12598,F,Minas Gerais,45,Médico,23,Ejecutiva,15963.34,1158.48,Sí,47646,3365,12,Web
12610,F,Paraná,31,Médico,25,Ejecutiva,14096.78,2551.27,Sí,48734,4429,103,Agencia
12621,M,Bolívar,27,Ejecutivo,20,Económica,4050.19,311.92,Sí,17653,16585,11,App
12627,F,São Paulo,34,Ejecutivo,36,Ejecutiva,10301.68,2481.53,Sí,71605,4191,8,Web
12640,F,Mendoza,36,Empresario,47,Ejecutiva,25359.33,5790.64,No,0,14361,2,Agencia
12668,M,Mendoza,28,Ejecutivo,25,Primera clase,46883.16,5175.6,No,0,4946,5,Web
12678,F,Cundinamarca,37,Empresario,45,Ejecutiva,31085.5,4726.09,Sí,39244,5638,31,App
12687,F,Misiones,37,Ejecutivo,21,Ejecutiva,10679.99,1445.56,Sí,55908,3086,20,Web
12712,M,Córdoba,52,Abogado,21,Primera clase,38856.57,3140.47,No,0,5607,40,App
12734,M,Chiriquí,34,Ejecutivo,39,Ejecutiva,13092.94,630.56,No,0,8784,7,Web
12743,F,Atlántico,30,Médico,5,Ejecutiva,1410.5,81.03,No,0,10387,24,Web
12744,M,Buenos Aires,31,Ejecutivo,71,Económica,15263.72,981.63,Sí,71288,8506,8,Web
12746,F,Los Santos,30,Empresario,57,Ejecutiva,35176.26,6564.44,Sí,85068,10172,15,Aeropuerto
12748,F,Colón,52,Deportista,88,Económica,22615.81,4941.48,Sí,74013,424,16,App
12754,F,Santander,34,Ejecutivo,65,Ejecutiva,26007.22,6177.46,Sí,97483,4969,8,Web
12756,M,Entre Ríos,29,Ejecutivo,43,Ejecutiva,28421.21,7004.97,Sí,78799,7118,9,App
12762,F,Córdoba,42,Empresario,10,Primera clase,22398.78,5409.61,Sí,40142,23360,12,App
12776,M,Antioquia,52,Empresario,41,Primera clase,48875.89,3802.12,No,0,13560,53,Aeropuerto
12786,M,Salta,31,Empresario,43,Ejecutiva,34023.23,4963.23,No,0,3619,7,Web
12810,M,CABA,31,Empresario,56,Económica,12910.55,2574.96,No,0,12062,1,Agencia
12811,M,Los Santos,42,Deportista,73,Ejecutiva,42452.77,8370.16,Sí,149970,5689,23,App
12822,F,Tucumán,34,Médico,27,Ejecutiva,10143.15,1611.63,Sí,52923,6188,0,App
12829,M,Chaco,48,Deportista,42,Ejecutiva,30733.43,1691.19,Sí,106066,16515,8,App
12852,M,Chiriquí,48,Abogado,12,Ejecutiva,5908.16,836.49,No,0,22339,20,Aeropuerto
12861,F,Santa Fe,28,Médico,26,Primera clase,30917.92,1328.56,No,0,8327,28,App
12877,F,Entre Ríos,43,Médico,21,Ejecutiva,13902.67,2381.79,No,0,10799,2,App
12897,F,Herrera,31,Comerciante,20,Ejecutiva,13195.62,2137.63,Sí,42013,3021,1,Web
12898,M,Antioquia,56,Médico,21,Económica,6892.55,1491.29,No,0,9023,23,Web
12903,M,Salta,53,Empresario,49,Ejecutiva,38610.73,2278.27,Sí,116228,9436,16,Web
12906,M,Mendoza,51,Empresario,43,Primera clase,43006.36,9272.13,No,0,4080,10,Agencia
12922,F,Santander,36,Otro,12,Primera clase,18201.72,2913.44,Sí,48030,5565,3,Web
12924,F,Bahia,48,Empresario,22,Ejecutiva,16366.59,3310.52,No,0,17698,11,Aeropuerto
12928,F,Buenos Aires,56,Empresario,17,Ejecutiva,7314.72,1489.25,No,0,16440,5,Agencia
12944,M,Tucumán,30,Médico,9,Primera clase,17137.92,2960.06,Sí,27631,10549,2,Web
12950,F,Salta,42,Médico,15,Primera clase,33250.56,1553.42,No,0,4521,2,Agencia
12953,F,Córdoba,30,Ejecutivo,71,Económica,21580.03,2539.12,Sí,40178,2454,13,App
12959,F,CABA,42,Empresario,23,Ejecutiva,16066.81,988.2,Sí,57161,6908,10,Web
12966,M,Tucumán,43,Profesional independiente,16,Primera clase,28549.4,4397.89,No,0,3563,1,App
12968,M,Pernambuco,60,Arquitecto,9,Ejecutiva,2817.16,450.86,No,0,10051,13,Agencia
12974,M,Paraná,37,Deportista,43,Primera clase,34275.51,2224.65,No,0,10645,4,Aeropuerto
12983,M,Cundinamarca,47,Empresario,58,Ejecutiva,29829.94,5279.01,No,0,19106,2,Web
12985,F,CABA,26,Ejecutivo,39,Ejecutiva,26617.31,5425.0,No,0,8747,34,App
13000,F,Santa Fe,44,Empresario,17,Económica,4827.9,416.65,No,0,11728,10,Web
13002,M,Colón,24,Empresario,25,Ejecutiva,20335.22,3383.85,Sí,39311,16766,1,Aeropuerto
13006,F,Atlántico,55,Ejecutivo,75,Ejecutiva,30811.3,6368.54,No,0,5259,8,Web
13010,M,Atlántico,37,Ejecutivo,50,Ejecutiva,33528.28,4142.12,No,0,7531,11,App
13031,M,Salta,46,Deportista,39,Ejecutiva,29852.72,2862.26,No,0,4806,10,Agencia
13036,M,Chaco,30,Arquitecto,18,Ejecutiva,7474.73,1394.75,No,0,9904,19,Agencia
13055,F,Misiones,38,Empresario,42,Primera clase,33549.42,5893.36,No,0,16085,44,Agencia
13075,M,Minas Gerais,39,Empresario,19,Ejecutiva,7701.3,560.35,Sí,27496,13439,48,Agencia
13079,F,Atlántico,31,Empresario,51,Primera clase,36423.61,5895.77,No,0,7843,8,Agencia
13082,M,Panamá,31,Médico,29,Primera clase,48004.42,6634.22,No,0,11026,57,Web
13090,F,Salta,33,Empresario,48,Ejecutiva,36213.67,3057.02,No,0,3794,12,Agencia
13092,M,Santander,42,Ejecutivo,76,Primera clase,108318.82,11708.4,Sí,256596,7626,35,Web
13095,F,Paraná,53,Ejecutivo,61,Económica,17189.04,4268.62,Sí,51195,5522,5,Web
13096,M,Chiriquí,47,Ejecutivo,60,Primera clase,65066.15,12486.95,Sí,207121,9674,11,App
13097,M,Chaco,33,Empresario,43,Ejecutiva,20899.9,4825.96,Sí,87237,5111,6,Aeropuerto
13100,M,Chaco,52,Arquitecto,24,Ejecutiva,5224.51,1000.59,Sí,40435,3797,4,Web
13118,M,Minas Gerais,42,Empresario,43,Ejecutiva,26958.15,1562.04,No,0,22304,0,Web
13124,M,Atlántico,41,Empresario,47,Ejecutiva,20185.98,1184.3,No,0,13104,31,App
13127,M,Panamá,39,Ejecutivo,77,Primera clase,118056.31,22423.93,Sí,382266,7072,9,Agencia
13164,F,Pernambuco,33,Empresario,56,Ejecutiva,33623.91,5512.29,No,0,23270,57,Web
13170,F,Pernambuco,42,Ejecutivo,43,Primera clase,104609.8,9269.64,No,0,5763,13,Agencia
13171,F,Chaco,41,Empresario,37,Económica,10940.24,2335.27,No,0,15556,11,Aeropuerto
13177,M,Bolívar,42,Ejecutivo,46,Ejecutiva,28208.37,6345.53,Sí,104755,6133,8,Agencia
13181,F,Entre Ríos,38,Deportista,94,Económica,16098.84,1152.62,Sí,91908,6022,16,Agencia
13189,F,Chiriquí,34,Ejecutivo,35,Económica,6333.62,491.26,No,0,18493,26,App
13209,M,Buenos Aires,41,Deportista,38,Económica,13320.56,612.42,Sí,40573,2513,22,Agencia
13210,F,Nariño,46,Deportista,82,Económica,7431.32,1495.02,Sí,48920,1698,3,App
13233,M,Mendoza,43,Deportista,54,Ejecutiva,13511.34,1796.94,Sí,119405,838,24,Agencia
13242,M,Minas Gerais,49,Ejecutivo,71,Económica,11172.32,692.06,Sí,59369,5351,25,App
13243,F,Córdoba,51,Ejecutivo,64,Primera clase,57286.06,5598.31,Sí,152852,8004,11,App
13264,F,Tucumán,25,Arquitecto,21,Ejecutiva,10918.82,2563.21,No,0,10536,4,App
13266,M,Antioquia,32,Deportista,95,Económica,27038.64,3699.0,No,0,1064,7,Agencia
13267,M,São Paulo,43,Empresario,31,Ejecutiva,23714.66,3030.9,No,0,13887,19,Web
13270,M,São Paulo,42,Deportista,95,Ejecutiva,43608.02,7035.33,No,0,4232,4,Aeropuerto
13276,F,Veraguas,46,Deportista,80,Económica,21068.61,1776.7,Sí,55180,387,6,Agencia
13294,M,São Paulo,30,Empresario,57,Ejecutiva,25397.34,2989.61,Sí,89017,5854,0,App
13300,F,CABA,40,Empresario,51,Ejecutiva,14775.65,3122.24,No,0,10287,29,Agencia
13306,M,Bolívar,37,Empresario,36,Ejecutiva,26900.73,1399.49,No,0,4391,18,Web
13323,M,Rio de Janeiro,61,Ejecutivo,63,Ejecutiva,38321.99,7069.83,Sí,48159,7727,4,App
13346,M,Santa Fe,25,Ejecutivo,33,Ejecutiva,12287.77,2336.72,Sí,67389,6071,2,App
13353,F,Buenos Aires,41,Abogado,18,Ejecutiva,11328.89,2417.63,No,0,10807,10,Web
13363,M,Veraguas,55,Profesional independiente,19,Ejecutiva,9648.91,1756.1,No,0,9397,45,Agencia
13365,F,Misiones,41,Ejecutivo,35,Económica,5747.79,1412.43,Sí,12665,11954,3,Web
13373,F,Salta,55,Ejecutivo,51,Ejecutiva,29640.14,2296.62,Sí,56719,5147,29,Web
13390,F,Mendoza,44,Empresario,52,Primera clase,77130.18,6288.6,No,0,9904,38,App
13397,No binario,Antioquia,51,Deportista,88,Económica,27075.25,6740.7,No,0,300,3,App
13420,M,Veraguas,41,Ejecutivo,77,Ejecutiva,19449.59,2904.13,Sí,78420,17208,1,App
13429,No binario,Pernambuco,29,Empresario,48,Primera clase,80414.3,17938.52,Sí,248508,14032,2,Aeropuerto
13437,F,Tucumán,31,Empresario,36,Ejecutiva,15424.03,704.54,Sí,46210,4216,2,App
13445,M,Entre Ríos,31,Empleado,19,Ejecutiva,15877.67,2359.87,Sí,51270,1462,17,App
13455,F,Rio de Janeiro,45,Otro,5,Ejecutiva,3394.48,707.8,No,0,8858,28,Web
13458,F,Córdoba,42,Ejecutivo,52,Ejecutiva,18336.62,1803.68,Sí,77792,3345,41,Agencia
13460,F,Atlántico,45,Deportista,63,Ejecutiva,42323.73,5176.81,No,0,8866,14,App
13461,M,Rio de Janeiro,30,Ejecutivo,60,Ejecutiva,25354.63,2602.88,No,0,4463,2,Web
13468,M,CABA,38,Empresario,29,Ejecutiva,22608.51,4736.99,Sí,58920,8407,7,App
13478,M,Cundinamarca,42,Ejecutivo,65,Ejecutiva,36233.73,3845.91,No,0,13936,5,Agencia
13493,M,Minas Gerais,47,Empresario,21,Económica,3008.83,384.04,Sí,5883,19097,67,Web
13495,M,Tucumán,32,Ejecutivo,38,Ejecutiva,18932.49,3336.76,Sí,68506,4396,1,App
13498,F,Misiones,32,Ejecutivo,44,Ejecutiva,11398.01,1554.66,Sí,76751,4382,8,Web
13513,F,Valle del Cauca,42,Empresario,45,Primera clase,74970.69,5144.32,No,0,15041,20,Web
13517,F,Tolima,43,Médico,20,Primera clase,33580.74,5124.88,No,0,8031,10,Agencia
13524,M,Rio de Janeiro,30,Empresario,42,Ejecutiva,29213.62,3040.06,Sí,84983,14954,29,Web
13529,F,Santa Fe,52,Ejecutivo,45,Ejecutiva,18932.4,2710.78,Sí,39069,2852,3,Web
13531,F,Mendoza,36,Deportista,99,Ejecutiva,34358.6,4575.78,No,0,19950,6,App
13536,F,Bolívar,46,Deportista,60,Ejecutiva,36180.44,2517.53,Sí,58113,853,26,App
13547,F,Veraguas,32,Ejecutivo,41,Primera clase,46280.38,7036.32,Sí,234264,4690,6,Agencia
13550,M,Cundinamarca,41,Ejecutivo,75,Primera clase,183467.55,12460.42,Sí,227808,11166,2,Agencia
13556,F,Nariño,54,Profesional independiente,21,Ejecutiva,6874.92,1450.95,Sí,52757,3542,37,Web
13564,F,Rio Grande do Sul,37,Médico,21,Ejecutiva,6618.53,939.05,No,0,17105,11,Web
13572,M,São Paulo,30,Empresario,59,Económica,4352.86,187.47,Sí,56042,2287,54,Web
13574,M,Salta,52,Empresario,28,Ejecutiva,22975.95,5353.19,No,0,18974,39,Agencia
13590,M,Veraguas,46,Empresario,21,Primera clase,17292.27,2027.09,Sí,82807,5162,26,Aeropuerto
13594,F,Salta,52,Abogado,17,Ejecutiva,11628.16,764.37,No,0,8829,56,Web
13597,M,Santa Fe,44,Empresario,41,Ejecutiva,32770.59,8093.06,No,0,2847,11,Web
13598,F,Chaco,55,Médico,18,Ejecutiva,9434.88,1523.12,Sí,38112,8724,96,App
13617,F,Cundinamarca,27,Ejecutivo,60,Primera clase,147253.92,21717.13,Sí,128951,5190,0,Web
13619,M,Minas Gerais,34,Ejecutivo,72,Ejecutiva,33215.09,6934.33,Sí,174561,6830,11,Web
13627,M,Atlántico,35,Deportista,81,Ejecutiva,38891.76,3937.15,Sí,82304,13781,1,Aeropuerto
13636,No binario,Minas Gerais,44,Ejecutivo,64,Económica,7816.76,613.19,Sí,34527,8647,8,Agencia
13644,F,CABA,28,Empresario,48,Ejecutiva,32185.97,3393.36,No,0,8523,10,Web
13646,M,Panamá,39,Deportista,35,Ejecutiva,8620.81,685.92,Sí,80243,7634,14,App
13656,M,Santander,54,Ejecutivo,36,Ejecutiva,17281.68,2552.67,No,0,13773,10,Agencia
13660,M,Chiriquí,33,Empresario,31,Primera clase,22566.14,4967.13,No,0,15583,4,Web
13666,F,Antioquia,51,Deportista,78,Ejecutiva,39275.07,3941.55,Sí,102130,4042,9,Web
13672,F,Veraguas,42,Médico,27,Primera clase,41136.21,5967.32,Sí,66371,5528,7,Web
13674,F,Misiones,35,Ejecutivo,27,Económica,6213.15,1318.87,No,0,8628,2,Agencia
13677,M,Paraná,36,Empresario,22,Primera clase,18463.32,1722.33,Sí,103465,8872,29,Aeropuerto
13690,F,Minas Gerais,60,Otro,22,Ejecutiva,13701.16,2072.35,Sí,45985,1375,23,App
13704,M,Antioquia,51,Médico,14,Primera clase,15323.19,1127.99,No,0,9294,11,Web
13717,F,Valle del Cauca,30,Abogado,7,Económica,1133.71,119.7,No,0,13062,10,App
13729,M,Paraná,33,Empresario,48,Primera clase,41096.18,4352.52,No,0,9357,12,App
13732,F,Santa Fe,48,Ejecutivo,76,Ejecutiva,25708.92,4290.82,Sí,58208,9608,12,Web
13735,F,Chaco,32,Ejecutivo,65,Ejecutiva,18710.89,1353.85,Sí,112492,4627,27,App
13741,F,Valle del Cauca,43,Ingeniero,22,Ejecutiva,17694.34,731.95,Sí,55031,7343,31,App
13772,F,Antioquia,32,Médico,5,Ejecutiva,3412.02,333.16,No,0,15596,20,Web
13775,M,Nariño,44,Empresario,18,Ejecutiva,7701.32,793.33,No,0,8452,16,Agencia
13780,F,Buenos Aires,29,Deportista,91,Ejecutiva,53224.44,10829.86,Sí,138714,4408,27,Web
13804,F,Buenos Aires,59,Deportista,34,Ejecutiva,28033.12,2520.02,Sí,34916,1515,6,Web
13829,M,Salta,24,Ejecutivo,33,Ejecutiva,26043.16,5922.7,Sí,75316,5543,12,App
13834,M,Paraná,51,Empresario,44,Ejecutiva,22182.51,4424.06,No,0,10819,30,Web
13843,F,Nariño,53,Ejecutivo,68,Ejecutiva,56133.85,4992.62,Sí,100935,6550,9,Web
13862,F,São Paulo,38,Deportista,61,Ejecutiva,32775.62,7869.09,Sí,100804,5657,15,Aeropuerto
13872,F,Buenos Aires,38,Deportista,72,Económica,8362.43,568.22,Sí,65742,300,29,Web
13885,M,Nariño,43,Ejecutivo,15,Ejecutiva,11604.79,1066.13,No,0,8913,4,App
13913,F,Misiones,31,Ejecutivo,74,Ejecutiva,28617.64,2140.12,Sí,198566,5684,0,Web
13916,F,Herrera,49,Ejecutivo,55,Ejecutiva,34329.49,3319.05,Sí,135437,7373,0,App
13924,F,Paraná,24,Ejecutivo,32,Ejecutiva,16763.62,2739.6,Sí,33457,12364,26,Web
13925,F,Bahia,46,Ejecutivo,47,Ejecutiva,26393.27,3163.45,Sí,48280,18436,11,Web
13941,F,Veraguas,44,Ejecutivo,71,Ejecutiva,43568.07,4796.87,Sí,73118,4333,4,Web
13944,M,Córdoba,36,Empresario,48,Económica,4759.21,326.88,No,0,33094,7,App
13961,M,Tucumán,37,Empresario,57,Ejecutiva,27935.13,2463.59,Sí,51048,10220,18,Web
13973,F,Rio de Janeiro,55,Deportista,92,Económica,15607.9,1523.91,Sí,64551,378,51,App
13990,F,Rio Grande do Sul,47,Ejecutivo,37,Primera clase,78740.13,7956.31,No,0,14933,23,App
13992,M,Minas Gerais,35,Empresario,28,Ejecutiva,17779.97,3798.55,No,0,14826,11,Agencia
13996,M,Tucumán,37,Médico,22,Primera clase,41855.47,9699.48,No,0,5154,27,Web
14002,F,Nariño,45,Ejecutivo,61,Ejecutiva,24506.86,4228.8,Sí,148645,6652,2,Web
14009,F,Bolívar,52,Médico,12,Económica,1839.62,114.55,No,0,9197,40,Web
14011,F,Minas Gerais,39,Ejecutivo,38,Ejecutiva,11139.58,903.76,Sí,84799,7554,1,Aeropuerto
14012,F,Buenos Aires,27,Ejecutivo,60,Ejecutiva,40891.1,9140.85,Sí,67524,3904,6,App
14018,M,Atlántico,47,Ejecutivo,58,Económica,14469.21,2366.35,Sí,42969,6791,7,App
14031,F,Paraná,29,Médico,10,Ejecutiva,7986.8,1257.1,Sí,14186,8357,39,Web
14059,F,São Paulo,33,Médico,26,Ejecutiva,12131.54,2784.12,No,0,14168,25,App
14075,F,Paraná,43,Abogado,20,Ejecutiva,6675.4,1338.52,No,0,13721,2,Web
14099,F,CABA,60,Empresario,25,Primera clase,29486.2,5400.68,Sí,47790,6381,43,Agencia
14110,M,Chiriquí,47,Empresario,15,Ejecutiva,6369.16,854.49,Sí,23842,8705,1,Aeropuerto
14116,M,CABA,26,Profesional independiente,16,Ejecutiva,10009.61,654.94,No,0,18466,8,Web
14121,M,Paraná,26,Médico,13,Primera clase,36054.33,4001.96,No,0,6368,1,Web
14131,M,Córdoba,29,Ejecutivo,68,Ejecutiva,34469.47,1749.08,Sí,164045,6008,12,App
14132,F,Misiones,36,Ingeniero,21,Ejecutiva,7668.48,1779.63,Sí,57674,4427,5,Web
14138,M,Atlántico,24,Ejecutivo,57,Ejecutiva,27322.27,6653.34,Sí,110918,9709,1,Aeropuerto
14145,M,Bahia,32,Deportista,22,Primera clase,35654.16,6311.25,No,0,17417,43,Web
14147,F,Cundinamarca,30,Deportista,49,Económica,16458.83,3517.61,Sí,50605,1937,5,App
14153,F,Santa Fe,44,Ejecutivo,29,Ejecutiva,19956.09,2632.6,Sí,56501,3589,11,Web
14160,F,Rio Grande do Sul,42,Ejecutivo,78,Ejecutiva,21091.21,2549.09,Sí,121306,7980,45,Web
14202,M,Entre Ríos,36,Empresario,34,Ejecutiva,26309.13,3259.7,No,0,3715,23,Web
14225,F,Nariño,33,Ejecutivo,35,Ejecutiva,23216.34,1235.63,Sí,73099,6769,43,Web
14245,M,Minas Gerais,30,Ejecutivo,62,Ejecutiva,27196.77,5946.72,No,0,4979,9,App
14246,M,CABA,58,Ejecutivo,66,Económica,10092.97,475.57,Sí,51626,5844,0,Web
14263,F,Rio de Janeiro,41,Empresario,21,Ejecutiva,13914.52,2360.76,No,0,23337,18,App
14299,F,Santa Fe,40,Deportista,37,Primera clase,26124.42,5656.25,Sí,80928,8289,32,Web
14305,M,Buenos Aires,51,Médico,19,Ejecutiva,8051.51,501.99,Sí,42275,11544,2,Aeropuerto
14330,F,Pernambuco,35,Ejecutivo,40,Primera clase,64145.41,7454.52,No,0,5477,5,App
14358,F,Santa Fe,30,Ejecutivo,77,Ejecutiva,26809.84,6680.93,No,0,7292,9,Aeropuerto
14371,M,Antioquia,53,Abogado,23,Primera clase,35196.13,5731.56,No,0,18771,7,Web
14381,M,Valle del Cauca,41,Ejecutivo,68,Ejecutiva,20833.31,4351.58,No,0,11512,11,Aeropuerto
14398,F,Salta,44,Abogado,13,Primera clase,18469.52,4108.39,Sí,62497,9933,4,Agencia
14420,M,Valle del Cauca,60,Ejecutivo,70,Ejecutiva,39096.47,7355.19,No,0,3335,21,App
14430,M,Panamá,36,Empresario,51,Ejecutiva,16214.49,3592.03,Sí,63506,7021,8,Web
14442,M,Herrera,31,Ejecutivo,31,Primera clase,73629.83,4511.32,Sí,77456,7234,2,Agencia
14443,M,Tucumán,40,Empresario,28,Ejecutiva,15075.79,2713.75,No,0,8826,0,Web
14462,F,Atlántico,38,Empresario,18,Ejecutiva,8986.46,2055.1,Sí,21694,21253,17,Web
14492,F,Buenos Aires,45,Ejecutivo,27,Económica,6521.35,1201.28,Sí,12041,8599,11,Web
14503,M,Pernambuco,30,Ejecutivo,45,Primera clase,90559.36,19933.57,Sí,163993,12691,23,Web
14508,F,Santa Fe,27,Ejecutivo,39,Ejecutiva,21473.15,4620.21,Sí,79898,8588,35,Aeropuerto
14534,F,Paraná,40,Empresario,38,Ejecutiva,13580.53,1338.09,No,0,9468,110,Agencia
14565,M,Buenos Aires,33,Deportista,69,Ejecutiva,46663.4,5255.84,No,0,2373,22,Aeropuerto
14570,F,Colón,52,Empresario,29,Ejecutiva,20145.8,3481.14,No,0,22889,12,Aeropuerto
14595,F,Salta,27,Abogado,11,Ejecutiva,7800.82,1758.78,No,0,21886,18,Agencia
14600,M,Santa Fe,38,Empresario,28,Económica,5816.97,512.3,Sí,15062,13780,7,App
14629,M,Atlántico,30,Empresario,27,Económica,1966.77,127.7,Sí,15617,8579,25,Web
14633,M,CABA,49,Empresario,47,Económica,4198.77,668.39,No,0,18720,65,Agencia
14665,F,Buenos Aires,35,Empresario,37,Ejecutiva,29315.59,4734.86,No,0,6036,24,Web
14667,F,Tucumán,45,Médico,29,Ejecutiva,12261.92,2047.51,Sí,32331,11328,25,Agencia
14684,M,Colón,45,Ejecutivo,75,Económica,23485.81,1116.53,Sí,62858,6154,15,Web
14685,M,Minas Gerais,26,Profesional independiente,15,Ejecutiva,4692.62,926.08,No,0,8418,5,Agencia
14686,M,Santa Fe,41,Médico,5,Ejecutiva,3100.41,454.28,No,0,9304,0,Web
14688,F,Valle del Cauca,36,Abogado,2,Ejecutiva,1091.58,83.42,Sí,5217,8588,6,Web
14689,F,Salta,37,Empresario,41,Ejecutiva,13639.63,1889.7,Sí,78170,5149,10,App
14698,F,CABA,40,Deportista,67,Primera clase,102722.64,16674.69,No,0,6027,4,Web
14720,F,Entre Ríos,46,Ejecutivo,18,Ejecutiva,6922.24,1726.16,Sí,20171,8705,19,Web
14724,M,Paraná,36,Abogado,18,Ejecutiva,8212.8,709.03,No,0,12884,1,App
14735,F,Mendoza,43,Ejecutivo,51,Primera clase,105315.0,21843.87,Sí,287999,7199,9,Aeropuerto
14738,F,Atlántico,46,Médico,14,Primera clase,10605.82,1878.67,Sí,40894,5139,45,Agencia
14749,F,Chiriquí,40,Empresario,20,Económica,7224.85,1549.0,Sí,11387,10653,0,Web
14750,M,Chaco,27,Empresario,53,Primera clase,67832.59,13242.4,No,0,13397,31,Web
14754,M,Veraguas,38,Ejecutivo,75,Primera clase,143393.68,17267.15,Sí,207451,6260,16,Agencia
14758,F,Misiones,25,Empresario,27,Ejecutiva,8307.73,1400.03,Sí,38041,16683,19,Web
14760,M,Cundinamarca,34,Empresario,59,Ejecutiva,35584.14,4454.38,No,0,8324,0,App
14767,F,Chiriquí,57,Empresario,42,Ejecutiva,18312.82,1263.14,Sí,100994,10527,12,Agencia
14790,F,Pernambuco,30,Profesional independiente,24,Ejecutiva,19991.41,2683.59,No,0,9523,1,App
14801,M,Entre Ríos,36,Empresario,58,Ejecutiva,16000.51,1936.46,Sí,62306,12380,20,Web
14805,F,Tucumán,34,Ejecutivo,73,Económica,7330.99,1345.74,Sí,50003,2857,8,Agencia
14810,M,Antioquia,34,Ejecutivo,44,Ejecutiva,16781.33,2472.94,Sí,93893,6476,15,Agencia
14811,M,Misiones,62,Ejecutivo,49,Ejecutiva,12814.28,1017.33,Sí,132863,4984,10,Web
14822,F,Salta,40,Ejecutivo,56,Económica,12630.19,754.97,Sí,62248,2215,8,Agencia
14841,F,Bahia,26,Ejecutivo,46,Ejecutiva,14274.0,3330.28,Sí,69440,7529,11,App
14846,M,CABA,56,Abogado,17,Ejecutiva,4275.39,613.65,Sí,50181,4437,14,Web
14851,F,Veraguas,58,Profesional independiente,24,Primera clase,46605.1,11154.78,No,0,4834,27,App
14856,F,Cundinamarca,53,Ejecutivo,37,Ejecutiva,28499.7,2100.99,No,0,4713,13,Web
14860,F,Bolívar,42,Empresario,32,Ejecutiva,16291.15,2148.84,No,0,10955,18,Web
14863,F,CABA,32,Empresario,22,Primera clase,47074.68,10947.35,Sí,67153,11920,3,Agencia
14868,M,Valle del Cauca,56,Empresario,39,Primera clase,52163.27,6832.35,Sí,145768,8067,3,Aeropuerto
14873,F,Rio de Janeiro,61,Ejecutivo,47,Ejecutiva,26265.78,4667.91,Sí,46638,5223,1,Web
14878,M,Chaco,47,Empresario,46,Primera clase,85956.44,17901.53,Sí,197981,15383,25,App
14883,F,Atlántico,36,Ejecutivo,41,Económica,12016.03,915.81,Sí,40117,4949,0,Aeropuerto
14899,F,Valle del Cauca,40,Médico,10,Ejecutiva,4676.72,1035.56,No,0,11494,7,App
14903,F,Santander,35,Empresario,36,Ejecutiva,18319.5,2898.24,Sí,75266,7619,11,Web
14910,F,Santander,42,Ejecutivo,75,Ejecutiva,41557.33,4900.96,No,0,4425,24,App
14915,F,Tucumán,40,Profesional independiente,12,Primera clase,21125.97,980.46,Sí,33496,9858,29,App
14922,F,Buenos Aires,37,Ejecutivo,66,Económica,20454.54,5033.31,Sí,41691,6958,0,Aeropuerto
14931,F,Nariño,60,Ejecutivo,57,Primera clase,44002.58,4097.68,Sí,275710,4830,11,App
14933,M,Chaco,38,Empresario,47,Primera clase,78375.02,11181.2,No,0,3904,22,Web
14936,M,Chiriquí,38,Deportista,58,Ejecutiva,36833.7,3706.81,No,0,13379,36,App
14950,F,Cundinamarca,50,Médico,6,Económica,709.48,30.91,Sí,6168,12434,18,App
14951,M,Rio Grande do Sul,44,Empresario,34,Primera clase,67322.41,13181.21,Sí,135817,12778,11,Aeropuerto
14955,F,Tolima,42,Empresario,35,Ejecutiva,24739.84,5081.66,No,0,6907,6,App
14967,M,Valle del Cauca,38,Empresario,43,Ejecutiva,24854.39,4818.21,Sí,58150,6690,52,App
14976,No binario,Córdoba,41,Deportista,42,Ejecutiva,12341.05,1134.78,No,0,10084,67,App
15003,M,Buenos Aires,24,Deportista,74,Primera clase,131066.44,27445.81,No,0,22929,1,App
15004,F,São Paulo,39,Empresario,14,Primera clase,16795.01,4098.48,Sí,60085,25683,4,Web
15007,M,Nariño,33,Ejecutivo,78,Ejecutiva,38654.01,4936.34,Sí,91126,8019,1,Web
15014,M,Tolima,25,Empresario,36,Primera clase,94400.96,19111.55,Sí,72744,4536,10,App
15021,M,Tucumán,34,Ejecutivo,64,Ejecutiva,35671.59,2107.97,Sí,106874,10005,4,Web
15027,M,CABA,27,Ejecutivo,53,Económica,19562.47,3088.98,Sí,44451,5958,4,Web
15031,F,Rio Grande do Sul,43,Empresario,36,Primera clase,77241.05,13370.96,Sí,167888,5409,16,Web
15034,M,Buenos Aires,24,Ejecutivo,66,Ejecutiva,31153.2,3435.52,No,0,10428,63,App
15038,M,Buenos Aires,36,Empresario,27,Primera clase,37003.74,7037.96,Sí,78978,8058,18,Web
15043,F,Santa Fe,50,Empresario,53,Ejecutiva,30878.27,2031.87,Sí,110478,7251,30,App
15044,M,Rio de Janeiro,32,Médico,29,Primera clase,45769.73,8886.72,No,0,6462,53,App
15048,F,Rio de Janeiro,33,Empresario,45,Primera clase,74011.22,12566.43,Sí,141876,13588,47,Web
15052,M,Herrera,56,Médico,13,Primera clase,30785.28,6143.34,No,0,3983,21,Web
15056,F,Chaco,41,Ejecutivo,62,Económica,6536.43,693.02,Sí,52804,5706,12,App
15065,F,Misiones,30,Empresario,48,Primera clase,45055.28,9770.33,Sí,97354,13761,6,Web
15068,F,Rio de Janeiro,37,Ejecutivo,70,Ejecutiva,18135.18,3233.85,No,0,10873,2,App
15069,F,Atlántico,41,Ejecutivo,54,Ejecutiva,39177.42,8256.69,Sí,143709,3841,2,Web
15079,M,Tucumán,29,Empresario,19,Económica,4365.84,475.9,No,0,11251,42,Web
15083,M,Bahia,50,Ejecutivo,44,Ejecutiva,25566.28,2036.35,No,0,5824,23,App
15142,M,Misiones,27,Ejecutivo,66,Ejecutiva,25416.39,5238.48,Sí,118523,4348,23,Agencia
15157,M,Tucumán,28,Empresario,51,Primera clase,31546.8,2140.47,Sí,179400,10621,6,Web
15161,F,Atlántico,46,Deportista,73,Primera clase,151319.67,28242.97,No,0,9015,25,App
15169,F,Herrera,42,Empresario,39,Ejecutiva,29804.43,3692.45,No,0,5499,17,Aeropuerto
15171,F,Atlántico,28,Empresario,56,Primera clase,130718.33,23239.03,Sí,122096,19854,22,App
15178,F,Valle del Cauca,28,Ejecutivo,64,Ejecutiva,20561.22,1829.66,Sí,167259,4417,16,Web
15187,M,Los Santos,44,Ejecutivo,17,Económica,2981.26,376.75,Sí,13496,8938,8,Web
15205,No binario,Chaco,35,Empresario,18,Económica,4110.32,322.95,No,0,9468,9,Agencia
15221,M,Mendoza,49,Docente,21,Ejecutiva,7895.07,1437.47,Sí,44276,571,23,App
15240,F,Santander,40,Médico,20,Primera clase,46897.32,6038.73,Sí,90569,4983,41,App
15247,M,Salta,35,Empresario,51,Económica,4633.25,1096.4,Sí,55544,5167,19,Web
15248,M,Minas Gerais,40,Comerciante,18,Ejecutiva,7706.93,1177.42,Sí,39587,3164,3,Agencia
15265,F,Córdoba,39,Ejecutivo,71,Ejecutiva,21618.1,2768.54,Sí,58608,8700,32,App
15306,F,Atlántico,49,Ejecutivo,33,Primera clase,38114.29,3838.94,No,0,8928,12,App
15316,M,Los Santos,33,Empresario,38,Ejecutiva,26334.7,4303.7,Sí,96045,19115,23,Aeropuerto
15317,M,Salta,43,Empresario,54,Económica,15401.01,1020.29,Sí,62042,2051,4,App
15319,M,Córdoba,50,Médico,25,Ejecutiva,21637.67,2238.39,Sí,44891,2243,20,Web
15341,M,Tucumán,51,Empresario,28,Ejecutiva,10259.52,1842.39,No,0,8661,21,Web
15345,F,Los Santos,41,Deportista,38,Ejecutiva,31054.37,6130.02,Sí,37073,27844,13,Web
15350,F,Entre Ríos,59,Empresario,51,Económica,6807.4,840.13,Sí,44112,12074,57,App
15357,F,Bolívar,37,Ejecutivo,66,Ejecutiva,33101.36,3074.44,Sí,112590,11485,5,Agencia
15378,F,Nariño,52,Ejecutivo,60,Primera clase,56453.3,8783.58,Sí,104526,8119,10,Agencia
15380,F,Tolima,37,Ejecutivo,54,Ejecutiva,16902.92,1574.16,Sí,116042,6777,30,App
15382,F,Chaco,58,Ejecutivo,51,Económica,10487.51,868.52,Sí,52404,3815,11,Aeropuerto
15384,F,Buenos Aires,46,Ejecutivo,18,Primera clase,49287.76,12005.04,No,0,4023,29,App
15387,M,Misiones,41,Ejecutivo,77,Económica,6798.89,509.14,Sí,56237,3034,3,Web
15409,M,Salta,47,Abogado,9,Ejecutiva,4460.27,436.85,No,0,9052,22,Agencia
15416,M,Veraguas,41,Empresario,22,Económica,7232.79,374.2,No,0,19593,27,Agencia
15417,F,Misiones,43,Empresario,47,Ejecutiva,25689.84,1599.11,No,0,5222,18,Web
15425,M,Valle del Cauca,54,Ejecutivo,32,Ejecutiva,16328.74,1780.24,Sí,64814,7526,5,App
15438,M,Tucumán,30,Ejecutivo,27,Ejecutiva,12839.45,1960.51,No,0,10942,21,App
15490,M,Entre Ríos,41,Deportista,35,Ejecutiva,13405.55,1871.87,No,0,46073,4,Web
15491,M,Entre Ríos,52,Ejecutivo,17,Ejecutiva,3900.91,429.35,No,0,8986,10,App
15495,F,Misiones,52,Empresario,49,Ejecutiva,36130.34,5958.63,No,0,5481,6,Web
15509,F,Tucumán,46,Empresario,28,Primera clase,25118.71,4775.56,No,0,7188,6,Web
15537,M,Misiones,26,Ejecutivo,62,Ejecutiva,30223.44,3617.75,Sí,108147,1607,1,App
15542,F,Chaco,37,Ejecutivo,54,Económica,14498.09,914.05,Sí,53493,4077,10,Agencia
15550,M,CABA,40,Médico,14,Primera clase,23216.16,3701.59,Sí,42417,8379,11,Aeropuerto
15556,F,Tolima,36,Ejecutivo,71,Económica,21220.23,4985.29,Sí,42895,3905,0,App
15561,M,Entre Ríos,32,Profesional independiente,9,Económica,973.09,149.49,Sí,6505,13847,12,App
15569,M,Misiones,42,Abogado,24,Ejecutiva,14266.72,2736.14,Sí,41101,3834,51,App
15584,F,Paraná,31,Empresario,17,Ejecutiva,10310.58,1683.37,Sí,45434,4422,13,App
15585,M,Santa Fe,48,Empresario,24,Ejecutiva,15262.55,3622.62,Sí,42156,8088,81,Web
15589,M,CABA,46,Ejecutivo,79,Primera clase,198994.66,10258.81,Sí,285592,11507,2,Agencia
15606,F,Entre Ríos,46,Ejecutivo,42,Ejecutiva,34420.72,7019.9,Sí,72103,6306,24,App
15607,M,Paraná,42,Empresario,58,Ejecutiva,43743.9,2923.15,Sí,92227,4730,5,Web
15609,F,Rio de Janeiro,48,Abogado,20,Ejecutiva,9768.56,443.08,Sí,56112,4299,38,Web
15619,F,Córdoba,37,Empresario,53,Primera clase,58621.92,9340.45,Sí,112622,23192,7,Web
15623,M,Córdoba,41,Deportista,92,Económica,28221.56,2321.16,No,0,11535,15,App
15628,M,Atlántico,32,Deportista,82,Ejecutiva,51935.88,6705.89,Sí,72872,12440,3,Web
15636,F,Santa Fe,36,Médico,23,Primera clase,22633.46,3025.97,No,0,8707,34,Web
15653,F,Tucumán,27,Empresario,47,Ejecutiva,24141.97,2440.9,Sí,57646,9389,16,App
15657,F,Veraguas,51,Deportista,71,Económica,21509.5,5106.13,Sí,48602,388,12,Web
15671,M,Córdoba,36,Ejecutivo,71,Económica,28026.08,6308.27,Sí,64335,5754,5,App
15674,M,CABA,37,Ejecutivo,55,Ejecutiva,30754.09,6152.06,Sí,109461,4373,33,Web
15676,M,São Paulo,46,Ejecutivo,45,Económica,13185.63,2258.82,Sí,43337,4362,2,App
15678,F,Rio Grande do Sul,30,Ejecutivo,70,Primera clase,139648.77,5870.03,Sí,193979,8698,8,Agencia
15682,F,Herrera,38,Empresario,52,Económica,17775.63,1008.0,Sí,58884,5667,43,App
15683,M,Entre Ríos,42,Deportista,94,Económica,16765.36,3756.27,Sí,93956,3944,1,Web
15685,M,Chaco,49,Empresario,29,Primera clase,34510.16,3707.46,Sí,104668,6219,4,Web
15686,F,Entre Ríos,40,Ejecutivo,76,Primera clase,43027.63,2881.55,No,0,7167,1,Web
15701,M,Valle del Cauca,28,Ejecutivo,55,Ejecutiva,33395.68,7085.26,No,0,5214,17,Web
15702,M,Chaco,53,Empresario,30,Ejecutiva,12210.96,2307.14,Sí,48751,5261,10,Agencia
15705,M,Tucumán,40,Empresario,52,Primera clase,101713.55,21923.59,Sí,152573,15590,7,Web
15712,F,Rio Grande do Sul,25,Profesional independiente,14,Primera clase,26793.74,4243.73,Sí,70871,4398,8,App
15713,M,Veraguas,46,Ejecutivo,75,Ejecutiva,43980.15,3299.96,Sí,106908,6742,0,App
15722,F,Córdoba,36,Empresario,56,Económica,9164.34,1480.76,Sí,57771,2238,8,Aeropuerto
15730,F,Bolívar,42,Empresario,16,Económica,4265.29,951.94,No,0,8734,16,App
15744,F,CABA,27,Empresario,21,Ejecutiva,13471.17,2643.34,No,0,12770,5,App
15799,M,Atlántico,45,Ejecutivo,26,Primera clase,29609.48,6117.24,No,0,7081,2,App
15806,F,Pernambuco,28,Ejecutivo,47,Ejecutiva,38794.77,1559.76,Sí,97657,5864,6,App
15809,F,Chiriquí,32,Ejecutivo,44,Primera clase,54195.03,9976.1,No,0,8746,1,Web
15812,F,Bahia,25,Empresario,40,Ejecutiva,21229.54,1138.54,Sí,54263,6646,15,App
15813,F,Tucumán,32,Ejecutivo,38,Ejecutiva,31921.31,6503.24,No,0,5612,21,Web
15819,M,Entre Ríos,28,Ejecutivo,45,Económica,13175.05,1344.99,Sí,31900,13117,15,Web
15846,F,Santa Fe,35,Médico,22,Ejecutiva,8267.96,2061.83,No,0,13529,4,Web
15849,F,Tolima,54,Otro,22,Ejecutiva,14883.29,1486.3,Sí,54349,1077,6,Agencia
15859,F,São Paulo,37,Empresario,42,Ejecutiva,34461.87,1633.85,No,0,6912,11,Web
15877,M,Cundinamarca,28,Ejecutivo,39,Ejecutiva,28434.97,3564.71,No,0,6484,28,App
15890,F,Cundinamarca,60,Empresario,28,Ejecutiva,19360.8,3010.88,Sí,51221,9231,2,Web
15891,F,Buenos Aires,33,Médico,28,Primera clase,33934.89,2948.94,No,0,7003,15,App
15892,F,Herrera,37,Ejecutivo,78,Ejecutiva,26607.47,3734.78,No,0,3577,32,Web
15904,M,Córdoba,27,Ejecutivo,33,Ejecutiva,25291.13,2113.16,No,0,6396,13,App
15919,F,Misiones,28,Ingeniero,15,Primera clase,24608.77,5384.46,No,0,5792,30,Agencia
15928,F,Buenos Aires,47,Médico,14,Primera clase,8413.76,876.51,No,0,8755,14,Agencia
15944,F,Buenos Aires,26,Médico,11,Económica,3215.17,589.67,No,0,9519,8,Web
15958,M,Santa Fe,58,Abogado,17,Primera clase,34534.89,6661.14,No,0,4909,32,Agencia
15976,F,Bolívar,57,Ejecutivo,77,Ejecutiva,32294.38,2539.82,Sí,135673,4848,5,Agencia
15979,M,Paraná,32,Deportista,99,Económica,11539.96,2608.71,Sí,116780,2603,4,Aeropuerto
15981,F,Buenos Aires,35,Ejecutivo,25,Ejecutiva,11709.4,1631.31,Sí,54127,3547,9,Agencia
15983,M,Nariño,41,Ejecutivo,75,Económica,9994.26,827.43,Sí,83780,4841,5,Web
15988,F,Santander,39,Ejecutivo,47,Ejecutiva,32462.5,7224.31,No,0,10831,2,Agencia
15993,F,Pernambuco,27,Ejecutivo,75,Ejecutiva,55389.66,5113.93,Sí,62097,10134,1,App
15996,F,Nariño,40,Empresario,20,Ejecutiva,7194.44,1622.08,No,0,10125,2,App
16001,M,Santa Fe,41,Ejecutivo,38,Ejecutiva,27222.05,5381.78,Sí,50896,9039,10,Aeropuerto
16009,M,Entre Ríos,32,Empresario,35,Primera clase,78374.12,4668.31,Sí,104528,3966,18,Web
16016,F,Chaco,58,Ejecutivo,62,Ejecutiva,27321.9,4039.49,No,0,6046,2,Web
16019,M,Misiones,40,Empresario,49,Ejecutiva,27462.35,1216.51,Sí,99933,16090,18,Web
16022,M,Córdoba,32,Empresario,45,Ejecutiva,28627.27,5855.09,No,0,16333,12,App
16029,M,Cundinamarca,43,Ejecutivo,62,Ejecutiva,34423.79,1673.92,No,0,5171,2,Web
16057,M,Rio de Janeiro,35,Empresario,43,Ejecutiva,14027.66,593.59,Sí,56976,12111,22,App
16088,F,Chaco,53,Ejecutivo,76,Económica,24595.36,2545.57,No,0,2542,0,App
16122,F,Minas Gerais,43,Ejecutivo,76,Económica,13360.13,2016.93,Sí,42521,2567,6,Web
16137,F,Rio de Janeiro,31,Empresario,23,Ejecutiva,14053.07,1258.5,Sí,40414,4638,69,Web
16143,F,Santander,32,Ejecutivo,59,Primera clase,48378.84,8435.91,Sí,137755,4277,21,App
16176,M,Cundinamarca,26,Médico,13,Primera clase,16375.5,2828.41,Sí,52949,7369,9,Web
16179,F,São Paulo,39,Ejecutivo,50,Económica,16254.66,3440.43,Sí,40669,3736,19,Aeropuerto
16195,M,Entre Ríos,45,Deportista,35,Ejecutiva,15371.42,2315.56,Sí,69200,3794,9,Web
16206,M,Córdoba,52,Ejecutivo,78,Económica,27661.14,2989.72,No,0,2796,8,Aeropuerto
16213,F,Tucumán,46,Médico,21,Económica,3864.37,637.39,No,0,10764,11,Agencia
16217,F,Minas Gerais,34,Ejecutivo,43,Ejecutiva,14042.55,2574.77,Sí,118266,5780,9,Web
16227,F,Misiones,35,Médico,26,Ejecutiva,10601.09,1401.64,No,0,9807,8,Web
16230,F,Valle del Cauca,29,Ejecutivo,60,Económica,7562.29,1772.59,Sí,54792,2899,0,Agencia
16248,F,Santa Fe,28,Empresario,53,Primera clase,64955.38,4062.99,No,0,9309,2,Web
16249,M,Valle del Cauca,46,Ejecutivo,55,Ejecutiva,31600.62,4179.94,Sí,69916,7065,0,Web
16264,M,Buenos Aires,47,Ejecutivo,63,Económica,14324.77,959.5,Sí,50804,5083,4,App
16278,M,Atlántico,28,Deportista,51,Primera clase,102835.09,23789.12,Sí,226758,6295,1,App
16293,M,Tolima,33,Ejecutivo,36,Ejecutiva,16960.95,1950.14,Sí,46176,12666,2,Web
16299,F,Valle del Cauca,52,Profesional independiente,22,Ejecutiva,12738.0,1247.31,Sí,39578,4096,5,App
16301,M,Valle del Cauca,51,Ejecutivo,68,Económica,19087.41,1105.95,Sí,54282,2628,3,Web
16307,F,CABA,37,Ejecutivo,66,Primera clase,137881.27,22987.22,Sí,122704,7261,13,Web
16338,F,Misiones,43,Empresario,30,Primera clase,70789.47,14513.81,Sí,52473,8223,0,App
16342,M,Rio Grande do Sul,34,Médico,19,Ejecutiva,13422.64,1579.59,No,0,8482,13,Aeropuerto
16346,F,CABA,35,Deportista,80,Económica,10463.45,2525.97,Sí,67992,1509,16,Web
16362,M,CABA,29,Médico,22,Primera clase,40000.27,3179.33,Sí,49997,7641,21,App
16363,F,Mendoza,39,Deportista,59,Primera clase,80749.98,19098.58,Sí,153502,19804,2,Web
16393,M,São Paulo,48,Empresario,36,Ejecutiva,13507.17,972.45,No,0,12371,12,Web
16397,M,Buenos Aires,28,Deportista,68,Económica,7055.15,1365.47,Sí,48424,1615,72,Web
16405,F,São Paulo,38,Empresario,41,Ejecutiva,36330.53,5689.1,No,0,9668,1,Web
16423,F,Veraguas,45,Deportista,72,Primera clase,123740.03,14608.69,No,0,12699,31,App
16430,M,Nariño,57,Empresario,16,Ejecutiva,11273.01,547.83,No,0,13894,0,Agencia
16466,M,Antioquia,33,Empresario,57,Ejecutiva,45681.77,10216.22,Sí,98352,3619,12,Aeropuerto
16485,M,Cundinamarca,54,Empresario,35,Ejecutiva,25588.47,4534.92,Sí,89524,4299,6,Web
16491,M,Bolívar,25,Ejecutivo,33,Económica,3364.97,595.35,Sí,33799,10066,14,App
16496,F,Mendoza,24,Médico,27,Ejecutiva,14176.71,919.52,No,0,8513,80,Web
16502,F,Tolima,44,Ejecutivo,48,Ejecutiva,34783.35,3429.65,Sí,64689,7854,7,Agencia
16554,F,Minas Gerais,54,Empresario,51,Primera clase,81833.07,16167.59,No,0,8050,1,Agencia
16564,M,Entre Ríos,45,Empresario,51,Ejecutiva,27666.14,2631.38,Sí,57110,19554,18,Web
16571,F,Chaco,29,Deportista,89,Ejecutiva,63816.46,6664.63,Sí,125326,20924,1,App
16574,M,Los Santos,43,Ejecutivo,54,Ejecutiva,24444.31,4725.82,No,0,5574,12,Agencia
16578,M,Buenos Aires,43,Empresario,31,Primera clase,55617.73,5750.08,Sí,183560,12496,9,App
16581,M,Veraguas,27,Empresario,27,Primera clase,24937.41,1495.61,Sí,112550,13926,2,App
16600,F,Córdoba,53,Empresario,11,Ejecutiva,3341.9,260.39,No,0,13446,18,Agencia
16601,M,Bolívar,28,Ejecutivo,42,Primera clase,79360.61,12354.75,No,0,12618,8,App
16606,M,Santa Fe,25,Ingeniero,17,Ejecutiva,4896.77,368.39,Sí,39894,3975,24,App
16616,M,Misiones,44,Ejecutivo,78,Económica,16095.32,675.08,Sí,72482,9959,7,Web
16624,M,Entre Ríos,31,Empresario,27,Ejecutiva,8747.3,1812.35,Sí,63187,9147,37,Agencia
16639,M,Chiriquí,24,Abogado,14,Ejecutiva,6421.6,1065.9,No,0,12304,14,App
16651,F,Antioquia,29,Abogado,15,Primera clase,15197.13,1527.34,No,0,11654,7,Agencia
16659,F,Chaco,31,Empresario,17,Económica,1307.14,78.49,Sí,14595,18994,4,Web
16670,M,CABA,30,Profesional independiente,9,Ejecutiva,4582.91,457.06,No,0,10747,37,Agencia
16676,M,Tolima,48,Empresario,54,Ejecutiva,43768.48,6834.34,No,0,13121,18,Web
16677,M,Cundinamarca,27,Ejecutivo,49,Ejecutiva,27996.5,5699.86,No,0,4614,3,Aeropuerto
16682,F,Herrera,30,Ejecutivo,71,Ejecutiva,42040.85,2457.92,Sí,121747,5067,14,App
16702,M,Veraguas,46,Empresario,26,Ejecutiva,6268.39,795.06,Sí,54650,6798,45,App
16709,F,Valle del Cauca,52,Empresario,34,Primera clase,60574.9,4035.18,No,0,4832,48,App
16712,M,Mendoza,52,Deportista,57,Económica,18156.73,3934.48,No,0,12325,36,App
16723,M,Los Santos,50,Deportista,88,Económica,17067.3,1167.04,Sí,39922,2282,15,Agencia
16748,F,Tucumán,38,Ejecutivo,67,Ejecutiva,27437.95,1525.8,No,0,6260,0,Agencia
16753,F,Tolima,38,Ejecutivo,31,Ejecutiva,14653.63,2410.85,Sí,89927,8745,5,Agencia
16758,F,Rio de Janeiro,49,Deportista,96,Ejecutiva,58792.4,7583.09,Sí,163226,9208,15,Web
16763,F,Córdoba,58,Ejecutivo,69,Ejecutiva,34442.82,6893.08,Sí,126992,9813,3,Agencia
16765,M,Santander,27,Abogado,17,Económica,5953.0,401.32,Sí,14257,10189,0,Web
16788,F,Paraná,35,Empresario,17,Primera clase,36045.41,7929.22,No,0,4934,0,App
16805,M,Paraná,33,Empresario,33,Económica,10605.98,2478.24,No,0,14436,48,Aeropuerto
16807,No binario,Colón,37,Empresario,23,Económica,2586.76,281.24,No,0,12329,12,Agencia
16848,M,Tolima,40,Ejecutivo,48,Ejecutiva,37571.82,4287.02,No,0,4805,24,Web
16854,F,Córdoba,45,Médico,24,Ejecutiva,9206.98,546.09,Sí,47273,4612,51,App
16856,M,Córdoba,36,Médico,23,Ejecutiva,11703.63,2054.63,No,0,9073,25,Web
16868,F,Bolívar,38,Empresario,23,Ejecutiva,8814.47,1767.69,Sí,21010,9517,24,Aeropuerto
16888,M,Colón,58,Empleado,24,Ejecutiva,16817.1,3193.2,Sí,61475,2355,5,Web
16912,F,Paraná,44,Abogado,7,Ejecutiva,4227.78,483.76,No,0,10147,45,Web
16946,F,Los Santos,32,Empresario,19,Primera clase,15464.84,1873.87,Sí,59715,11577,19,Web
16961,F,Valle del Cauca,27,Ejecutivo,59,Primera clase,37051.47,5819.62,Sí,145569,6674,15,App
16988,F,Mendoza,42,Deportista,44,Ejecutiva,27216.61,2483.2,Sí,68392,6929,16,App
16996,M,Cundinamarca,36,Deportista,79,Primera clase,198720.17,40828.66,Sí,188507,4520,6,Agencia
16999,M,Salta,43,Deportista,35,Ejecutiva,26475.19,5192.63,No,0,27781,2,Web
17000,M,Antioquia,46,Abogado,18,Ejecutiva,12836.95,2979.69,No,0,11267,34,Web
17029,M,Rio Grande do Sul,37,Otro,23,Ejecutiva,9674.89,1314.5,Sí,52694,1820,19,App
17033,M,Misiones,48,Ejecutivo,51,Económica,12799.72,1988.05,Sí,45828,7089,13,Web
17038,No binario,Santander,35,Ejecutivo,31,Ejecutiva,9077.97,1004.43,No,0,11847,2,App
17042,M,Mendoza,45,Ejecutivo,65,Ejecutiva,41667.1,9466.67,Sí,158008,9149,7,Aeropuerto
17043,F,Pernambuco,56,Empresario,35,Ejecutiva,15237.97,1590.84,Sí,82668,14510,12,Web
17077,M,Salta,33,Empleado,21,Ejecutiva,6534.22,792.3,Sí,47814,872,1,Aeropuerto
17078,M,Santa Fe,35,Ejecutivo,65,Económica,13232.07,2561.27,Sí,56513,5129,4,Agencia
17087,F,Colón,43,Abogado,24,Primera clase,64885.85,11970.31,No,0,10941,32,Agencia
17088,F,Nariño,49,Ejecutivo,43,Primera clase,78215.17,4929.05,Sí,170708,8332,49,App
17104,M,Santa Fe,41,Ingeniero,20,Primera clase,38791.04,9109.71,No,0,4290,5,Web
17135,F,Tolima,37,Empresario,43,Ejecutiva,11682.36,1897.46,Sí,75549,3709,9,Aeropuerto
17137,M,Nariño,50,Ejecutivo,29,Ejecutiva,15596.74,895.05,No,0,10483,14,Agencia
17141,F,Córdoba,58,Abogado,18,Ejecutiva,12024.99,1275.31,No,0,9586,16,App
17148,M,Rio de Janeiro,49,Ejecutivo,49,Ejecutiva,36617.32,2980.96,No,0,10897,4,App
17153,M,Santander,40,Ejecutivo,69,Ejecutiva,40308.16,3156.64,No,0,4443,0,App
17156,M,Antioquia,34,Deportista,64,Ejecutiva,25039.49,4109.45,No,0,12278,8,Web
17160,F,Salta,38,Ejecutivo,18,Primera clase,27224.35,6183.83,No,0,12358,3,Web
17171,M,Tucumán,49,Deportista,36,Ejecutiva,13999.02,662.8,Sí,79099,6568,14,Aeropuerto
17191,M,Chiriquí,42,Comerciante,19,Primera clase,27336.8,3746.5,No,0,4438,33,Agencia
17196,F,Atlántico,37,Empresario,24,Primera clase,27573.08,1522.34,Sí,99100,10592,24,App
17209,F,Tolima,40,Ejecutivo,37,Primera clase,42249.31,2367.3,No,0,8484,18,Aeropuerto
17215,M,Córdoba,31,Ejecutivo,16,Ejecutiva,12945.05,1027.03,Sí,23677,21127,0,App
17227,F,Cundinamarca,44,Ejecutivo,69,Ejecutiva,43545.24,9805.41,Sí,168151,4434,1,Web
17236,F,Tolima,49,Empresario,17,Primera clase,21742.31,4862.78,Sí,30687,9562,13,Web
17243,F,Colón,43,Ejecutivo,21,Primera clase,27582.35,6099.36,No,0,6835,9,Aeropuerto
17251,F,Mendoza,33,Profesional independiente,20,Primera clase,48449.39,11723.99,Sí,88680,12527,3,Agencia
17263,F,Rio de Janeiro,43,Ejecutivo,60,Ejecutiva,34349.49,2654.91,No,0,11734,6,App
17266,F,CABA,34,Ejecutivo,79,Económica,22135.48,3592.56,Sí,49631,7453,0,Web
17274,F,Mendoza,44,Ejecutivo,67,Ejecutiva,35123.14,8699.03,Sí,176817,9482,21,Agencia
17291,No binario,Córdoba,25,Empresario,24,Primera clase,29529.17,4683.2,No,0,9272,0,Web
17301,F,Atlántico,29,Ejecutivo,58,Ejecutiva,38130.85,9358.55,Sí,70974,9530,3,Aeropuerto
17305,M,Herrera,26,Ejecutivo,28,Ejecutiva,10681.33,2612.01,Sí,60934,4447,36,App
17341,F,Veraguas,31,Deportista,49,Económica,10261.1,2236.91,Sí,49488,11611,4,App
17392,F,Pernambuco,47,Médico,28,Ejecutiva,16393.21,1993.58,Sí,40939,4206,15,Aeropuerto
17406,F,Misiones,37,Médico,26,Primera clase,43663.29,9369.21,Sí,77697,7194,2,App
17424,M,Tolima,30,Empresario,46,Económica,11838.08,612.19,No,0,15929,12,App
17431,M,Mendoza,25,Deportista,90,Primera clase,206031.16,33147.15,Sí,182450,7411,10,App
17445,M,Mendoza,40,Deportista,83,Económica,28329.86,3109.01,Sí,95804,493,7,Aeropuerto
17447,F,Santander,34,Ejecutivo,50,Primera clase,105094.88,22280.66,No,0,4705,27,App
17449,M,Valle del Cauca,38,Empresario,24,Ejecutiva,13577.43,2967.88,Sí,45672,9138,21,Web
17454,M,Salta,42,Ejecutivo,43,Ejecutiva,33971.0,6261.6,Sí,38925,4024,4,Agencia
17457,F,Tucumán,31,Médico,20,Primera clase,26529.06,1104.51,No,0,4824,23,App
17475,F,Antioquia,52,Empresario,20,Ejecutiva,16392.91,1587.25,Sí,17404,12221,33,App
17480,F,Tucumán,37,Ejecutivo,65,Ejecutiva,35035.94,2418.13,Sí,145036,6055,13,Web
17497,M,Antioquia,26,Ejecutivo,55,Económica,9073.28,1671.09,No,0,8522,2,Web
17512,F,Córdoba,45,Empresario,16,Ejecutiva,10122.64,1785.36,Sí,20799,10205,1,Web
17525,F,Santander,24,Ejecutivo,18,Económica,2457.18,552.03,No,0,16194,0,Aeropuerto
17545,M,Santander,47,Deportista,99,Económica,8122.35,436.53,Sí,88027,5629,8,Web
17554,F,Panamá,28,Empresario,43,Económica,7682.74,1135.15,Sí,39922,3023,2,Web
17563,M,Buenos Aires,27,Deportista,42,Ejecutiva,36637.24,4216.15,No,0,5005,1,Web
17569,F,Chaco,52,Ejecutivo,70,Primera clase,54295.44,13146.99,Sí,273106,8593,1,Web
17574,F,Cundinamarca,35,Médico,12,Ejecutiva,3933.31,931.79,No,0,8514,24,App
17590,M,Antioquia,31,Abogado,24,Primera clase,35506.95,3955.19,No,0,9151,22,Agencia
17591,F,Rio de Janeiro,26,Empresario,46,Ejecutiva,36622.32,5543.29,No,0,11454,4,Web
17607,M,Chaco,33,Empresario,37,Primera clase,82501.57,4968.88,Sí,150586,9932,2,Web
17626,F,Nariño,48,Médico,29,Primera clase,35846.14,6716.31,No,0,4675,45,Web
17637,F,Valle del Cauca,51,Médico,5,Ejecutiva,1608.84,122.29,No,0,9052,5,Web
17647,M,Tucumán,35,Empresario,11,Primera clase,5912.5,991.88,No,0,9818,7,Agencia
17672,F,Córdoba,31,Ejecutivo,63,Económica,13474.24,2243.46,Sí,56489,5345,1,App
17684,F,Buenos Aires,32,Arquitecto,11,Primera clase,29846.49,6390.55,No,0,7488,19,Web
17695,M,Córdoba,24,Empresario,48,Primera clase,49525.35,8986.68,No,0,11705,26,Web
17697,M,Salta,31,Ejecutivo,70,Ejecutiva,24847.51,1016.11,Sí,174636,3764,4,App
17711,F,Rio Grande do Sul,30,Empresario,22,Ejecutiva,14233.45,661.06,No,0,11976,47,Web
17712,F,Atlántico,45,Otro,24,Ejecutiva,12881.65,2258.5,Sí,52023,955,13,App
17714,M,Santa Fe,33,Deportista,66,Primera clase,61633.82,4675.1,Sí,287124,16090,1,Web
17724,M,Chaco,25,Arquitecto,15,Económica,4381.03,428.26,No,0,8635,10,Web
17727,F,Misiones,44,Arquitecto,9,Primera clase,16305.92,4024.8,No,0,11770,14,Web
17742,M,Paraná,37,Ejecutivo,31,Primera clase,25424.6,5037.36,Sí,122734,8480,10,Web
17752,F,Tucumán,27,Profesional independiente,19,Primera clase,32386.0,6485.94,No,0,11693,9,App
17753,M,Nariño,49,Empresario,45,Ejecutiva,27460.25,4390.72,No,0,6867,18,Agencia
17757,F,Nariño,46,Ejecutivo,24,Primera clase,44822.95,5135.12,Sí,44561,7062,0,App
17758,M,Buenos Aires,42,Ejecutivo,77,Ejecutiva,54148.22,6487.54,No,0,5631,4,Agencia
17762,M,Chiriquí,41,Abogado,20,Ejecutiva,11279.33,1034.09,No,0,9818,55,Aeropuerto
17763,F,Valle del Cauca,61,Ejecutivo,27,Ejecutiva,6984.1,1521.29,Sí,47361,8141,0,Agencia
17772,M,CABA,56,Empresario,44,Ejecutiva,28422.75,6993.75,No,0,6426,15,Web
17784,M,Santander,52,Arquitecto,23,Ejecutiva,10650.26,1102.2,Sí,43308,2622,43,Web
17789,F,Santa Fe,25,Ejecutivo,36,Primera clase,57813.13,7732.45,No,0,14228,5,App
17792,M,Los Santos,36,Profesional independiente,10,Ejecutiva,4515.84,452.84,No,0,9756,37,App
17796,F,Rio Grande do Sul,35,Ejecutivo,44,Primera clase,63980.43,13817.55,Sí,163594,4685,2,Web
17811,F,São Paulo,44,Deportista,25,Económica,9904.01,663.98,No,0,10253,2,Web
17842,M,Nariño,46,Ejecutivo,28,Ejecutiva,17522.23,1829.56,Sí,23267,8901,5,Web
17844,M,Antioquia,32,Empresario,48,Ejecutiva,33173.64,5952.71,Sí,85459,13303,7,Web
17851,M,Rio de Janeiro,49,Ejecutivo,74,Ejecutiva,31744.25,4859.47,No,0,7119,0,Aeropuerto
17861,F,Mendoza,39,Médico,21,Primera clase,16634.45,1983.74,No,0,11155,16,App
17879,M,Los Santos,29,Ejecutivo,79,Económica,10055.14,681.51,Sí,68648,5871,9,App
17886,F,Misiones,59,Empresario,18,Primera clase,43167.49,5096.47,No,0,7928,18,Web
17890,M,Chaco,48,Ejecutivo,70,Primera clase,46531.31,8459.75,Sí,175001,5610,16,Web
17895,F,Antioquia,31,Ejecutivo,65,Primera clase,105765.47,22160.03,No,0,3925,7,Agencia
17900,F,Minas Gerais,42,Ejecutivo,61,Primera clase,89386.28,14737.51,Sí,286513,3875,6,App
17908,F,Rio de Janeiro,42,Ejecutivo,20,Primera clase,54071.14,3987.57,No,0,9643,13,Agencia
17919,M,Bolívar,34,Empresario,12,Primera clase,27476.87,5165.22,Sí,54590,18395,24,App
17931,M,Cundinamarca,44,Deportista,64,Primera clase,90130.6,11184.01,No,0,9280,12,Web
17934,F,Pernambuco,43,Empresario,25,Ejecutiva,6290.63,1563.61,Sí,28670,36532,4,App
17944,F,Tucumán,32,Ejecutivo,44,Económica,5916.9,1361.42,Sí,28435,11285,7,Aeropuerto
17952,F,Colón,42,Deportista,59,Ejecutiva,29643.52,1834.89,No,0,4849,4,App
17955,No binario,Salta,40,Empresario,32,Ejecutiva,26351.97,4337.0,Sí,69261,7434,58,App
17956,M,CABA,33,Ejecutivo,55,Económica,20866.2,1418.3,Sí,45528,2987,0,App
17973,F,Antioquia,35,Profesional independiente,19,Primera clase,26263.54,3294.51,No,0,4433,16,Agencia
17977,F,Cundinamarca,56,Ejecutivo,27,Ejecutiva,11419.19,468.96,Sí,74908,7425,9,Agencia
17979,F,Nariño,26,Ejecutivo,76,Ejecutiva,41632.53,9078.66,Sí,197667,4139,2,App
17988,M,Misiones,26,Deportista,90,Ejecutiva,26184.95,2342.61,Sí,145443,9420,41,Web
17989,F,Mendoza,30,Ejecutivo,72,Económica,20440.85,1949.42,Sí,74887,3287,0,Web
18000,F,Córdoba,37,Empresario,53,Primera clase,38655.94,5882.39,Sí,142839,29996,26,App
18004,F,Valle del Cauca,42,Ejecutivo,72,Primera clase,108002.83,25507.68,No,0,7665,11,Web
18025,F,Chaco,24,Ejecutivo,16,Ejecutiva,7649.89,1583.37,No,0,10383,10,Web
18037,M,Chaco,31,Ejecutivo,53,Ejecutiva,17193.75,3089.33,Sí,52630,10478,0,Agencia
18048,F,Antioquia,31,Ejecutivo,79,Económica,10933.9,1013.1,Sí,61920,3720,5,App
18052,F,CABA,32,Deportista,43,Ejecutiva,12274.54,965.45,Sí,86461,4888,12,Aeropuerto
18057,M,Salta,52,Ejecutivo,52,Primera clase,92239.07,8121.72,No,0,8231,5,Agencia
18077,F,Tolima,51,Ejecutivo,76,Primera clase,106721.19,20323.29,No,0,4268,2,Web
18081,F,Panamá,40,Deportista,26,Ejecutiva,17827.17,3390.38,No,0,9943,8,Web
18083,F,São Paulo,45,Ejecutivo,46,Económica,10835.04,1114.74,Sí,41602,3146,3,Web
18094,F,Chaco,41,Ejecutivo,50,Económica,4451.28,1066.64,Sí,46731,1988,5,Agencia
18100,F,Rio de Janeiro,35,Empresario,43,Económica,6442.75,916.72,No,0,13124,54,Agencia
18115,M,Santa Fe,39,Empresario,40,Primera clase,73954.02,5776.6,No,0,10774,15,Web
18127,F,Nariño,39,Empresario,19,Económica,4670.37,962.59,No,0,12280,55,Web
18128,M,Córdoba,46,Empresario,13,Económica,1843.94,176.4,No,0,10856,35,Web
18139,M,CABA,47,Ejecutivo,30,Primera clase,25732.77,1110.67,No,0,7811,13,App
18150,M,Antioquia,45,Empresario,36,Económica,12597.08,1793.99,Sí,16773,8762,1,Web
18151,F,Valle del Cauca,44,Arquitecto,22,Ejecutiva,7951.46,1087.89,Sí,44126,8102,4,App
18152,M,Tolima,50,Empresario,18,Primera clase,38225.48,6886.37,Sí,47668,10065,29,App
18183,M,Antioquia,32,Médico,15,Ejecutiva,5493.49,1344.65,Sí,39562,9770,26,Agencia
18197,F,CABA,42,Ejecutivo,62,Ejecutiva,29987.71,7241.59,Sí,64264,5303,8,Web
18208,M,Misiones,51,Ejecutivo,51,Ejecutiva,33297.36,7452.08,Sí,116401,3990,5,App
18209,F,Veraguas,49,Ejecutivo,42,Primera clase,29252.65,2692.36,Sí,113271,13946,9,App
18212,M,Bolívar,35,Empresario,29,Económica,7757.79,498.66,No,0,10972,7,Web
18241,F,Salta,47,Ejecutivo,47,Económica,6402.36,874.1,Sí,34009,13094,18,Agencia
18246,M,Santa Fe,40,Ejecutivo,28,Primera clase,26283.24,3472.47,No,0,10135,4,Web
18249,M,Veraguas,28,Ejecutivo,56,Ejecutiva,17887.48,1610.78,No,0,8848,0,Web
18250,M,Nariño,40,Empresario,56,Ejecutiva,30147.79,2606.58,Sí,62340,10642,31,App
18260,M,Entre Ríos,30,Ejecutivo,48,Ejecutiva,33760.11,3980.01,No,0,4788,2,Aeropuerto
18261,F,Buenos Aires,28,Ejecutivo,63,Económica,12613.52,2932.56,Sí,56086,3312,8,Agencia
18266,F,Colón,42,Deportista,49,Primera clase,72894.55,3126.42,No,0,9322,8,App
18268,F,Atlántico,59,Ejecutivo,79,Económica,24844.47,5753.64,Sí,44766,2113,9,Web
18276,F,Nariño,32,Abogado,14,Primera clase,28317.66,5469.89,No,0,4796,27,Web
18282,F,Chaco,46,Ejecutivo,52,Ejecutiva,36588.6,9074.85,Sí,48191,4635,5,Web
18288,F,CABA,34,Ejecutivo,50,Ejecutiva,38516.28,9255.72,Sí,44473,4539,14,Agencia
18289,F,Rio de Janeiro,32,Abogado,14,Ejecutiva,5465.29,1007.57,No,0,9663,9,App
18291,F,Santa Fe,28,Ejecutivo,67,Ejecutiva,26630.54,2477.07,No,0,10081,0,App
18293,F,Entre Ríos,34,Deportista,42,Ejecutiva,15244.84,2061.82,Sí,89584,990,6,Agencia
18296,F,Santa Fe,51,Deportista,51,Ejecutiva,34883.32,7185.42,No,0,9043,19,Web
18304,F,Bahia,49,Ejecutivo,48,Primera clase,48813.35,8666.53,Sí,220875,4742,18,App
18317,M,Mendoza,47,Deportista,93,Económica,15835.81,1006.84,Sí,62078,1241,76,Web
18321,M,Veraguas,44,Médico,9,Ejecutiva,2523.3,333.2,No,0,11599,7,Web
18322,M,Antioquia,43,Ejecutivo,53,Ejecutiva,18395.67,3492.67,Sí,49256,10993,12,App
18344,F,Santa Fe,26,Deportista,78,Primera clase,146494.34,32016.24,Sí,227485,22251,15,App
18369,F,Chaco,29,Ejecutivo,68,Económica,20175.8,4509.73,No,0,8725,11,App
18383,M,Santa Fe,55,Ejecutivo,74,Ejecutiva,40194.84,9239.53,Sí,66103,5878,6,Agencia
18394,M,Pernambuco,38,Deportista,87,Económica,9338.2,531.67,Sí,71016,2050,12,Web
18396,F,Misiones,40,Empresario,10,Primera clase,7132.38,817.3,No,0,8642,16,Web
18423,F,Bolívar,35,Deportista,86,Económica,25554.83,4256.09,No,0,2362,24,Agencia
18427,M,Entre Ríos,32,Arquitecto,22,Primera clase,31106.62,2565.64,No,0,5318,25,Agencia
18438,F,Misiones,40,Deportista,88,Económica,7583.03,507.08,Sí,76861,3202,29,App
18457,M,São Paulo,32,Empresario,54,Ejecutiva,13739.38,676.12,No,0,8348,10,Web
18459,F,Tucumán,57,Ejecutivo,50,Ejecutiva,35447.97,2935.9,No,0,6621,0,Web
18461,M,Bahia,24,Ejecutivo,68,Ejecutiva,26348.31,6503.47,No,0,10230,9,Web
18503,F,Bolívar,34,Abogado,12,Primera clase,10455.33,1734.45,No,0,11973,22,Web
18509,F,Tucumán,50,Empresario,51,Ejecutiva,27166.58,1701.84,No,0,7632,1,Agencia
18515,F,Santa Fe,27,Comerciante,19,Ejecutiva,11444.67,2854.41,No,0,9289,33,Web
18516,M,Cundinamarca,51,Deportista,38,Económica,3317.39,452.83,Sí,38989,3224,3,Aeropuerto
18520,M,Bolívar,40,Médico,22,Primera clase,32839.41,4336.63,No,0,5992,34,Web
18525,M,Tucumán,50,Profesional independiente,3,Ejecutiva,1214.89,90.61,No,0,9783,54,Web
18540,M,Misiones,38,Abogado,4,Ejecutiva,2820.02,382.9,No,0,13045,13,App
18550,M,Bolívar,56,Empresario,34,Ejecutiva,25867.91,1052.45,Sí,41752,9150,0,Agencia
18551,M,Bolívar,24,Empresario,37,Ejecutiva,21829.62,4589.52,No,0,25910,24,App
18557,F,Colón,33,Ejecutivo,65,Ejecutiva,24560.73,3981.98,No,0,5945,3,App
18559,F,Buenos Aires,39,Deportista,59,Primera clase,59394.69,5580.37,Sí,298908,16516,15,Web
18567,No binario,Atlántico,42,Médico,13,Ejecutiva,7159.61,497.05,No,0,9820,6,App
18577,M,CABA,40,Ejecutivo,44,Ejecutiva,26800.85,3285.02,No,0,10410,4,App
18592,F,Chaco,56,Empresario,12,Económica,1561.95,383.61,Sí,4451,9461,9,App
18593,No binario,Cundinamarca,37,Empresario,11,Primera clase,6984.68,589.81,Sí,55618,11691,28,Web
18596,F,Rio de Janeiro,29,Empresario,36,Económica,5198.7,1242.54,No,0,12643,5,Web
18604,F,Paraná,30,Deportista,62,Ejecutiva,40315.3,4302.0,No,0,1802,9,Web
18613,F,Santa Fe,41,Empresario,41,Ejecutiva,22273.73,3224.18,No,0,16021,36,App
18621,M,Salta,56,Empresario,58,Primera clase,131334.87,5326.35,Sí,133118,15580,27,Aeropuerto
18627,M,Mendoza,35,Deportista,92,Ejecutiva,47501.32,10320.01,Sí,203816,1776,15,App
18645,M,Cundinamarca,35,Empresario,57,Ejecutiva,18732.89,1378.33,Sí,50572,31416,12,Aeropuerto
18654,M,Paraná,33,Deportista,63,Ejecutiva,23240.89,2808.94,No,0,10107,22,Aeropuerto
18662,M,Rio Grande do Sul,53,Ejecutivo,43,Ejecutiva,26675.29,5871.34,Sí,62217,6620,2,Agencia
18670,M,Los Santos,49,Profesional independiente,5,Económica,795.81,97.83,No,0,9492,8,Web
18676,M,São Paulo,54,Empresario,53,Económica,8471.13,414.32,Sí,44865,7472,27,App
18680,M,Pernambuco,36,Empresario,49,Ejecutiva,12173.97,2911.96,No,0,11624,5,App
18707,F,Rio de Janeiro,41,Ejecutivo,22,Primera clase,18631.81,1470.99,Sí,89964,6090,0,Web
18718,F,Salta,25,Arquitecto,22,Primera clase,37523.9,2134.2,No,0,5006,34,Web
18723,F,Rio de Janeiro,32,Deportista,80,Ejecutiva,55577.31,2576.54,Sí,129817,2384,11,Web
18724,M,Santander,27,Arquitecto,19,Ejecutiva,11203.7,2732.0,Sí,41558,4827,4,App
18733,F,Pernambuco,49,Ejecutivo,70,Económica,13814.7,727.31,Sí,49915,7338,11,App
18737,M,Chaco,46,Abogado,11,Ejecutiva,3848.48,667.29,No,0,9723,9,Web
18752,F,Mendoza,26,Médico,12,Primera clase,22397.65,1345.53,Sí,57824,7967,8,Web
18754,M,Bolívar,27,Empresario,31,Primera clase,31133.32,5266.48,No,0,9025,2,App
18770,M,Entre Ríos,43,Profesional independiente,23,Primera clase,29928.83,5977.13,No,0,3943,3,Aeropuerto
18775,F,Buenos Aires,31,Deportista,67,Económica,16067.98,1104.66,No,0,53912,11,App
18789,M,Chaco,29,Ejecutivo,76,Ejecutiva,38033.13,5426.24,Sí,119213,9487,1,Web
18812,F,Santander,59,Profesional independiente,11,Primera clase,25003.69,3777.44,No,0,3853,69,Web
18814,F,Chaco,46,Ingeniero,20,Primera clase,16776.79,3584.62,Sí,46341,9785,31,App
18820,F,Salta,29,Empresario,22,Ejecutiva,6240.14,872.96,No,0,18013,168,App
18826,M,Santander,30,Comerciante,22,Ejecutiva,13083.33,2506.55,Sí,43112,4886,22,Web
18827,F,Tolima,33,Abogado,10,Económica,2663.13,290.81,No,0,10949,1,App
18840,M,Antioquia,28,Ejecutivo,58,Ejecutiva,20831.05,1429.19,Sí,111862,3675,3,App
18842,M,Mendoza,32,Médico,29,Ejecutiva,20361.08,1332.68,No,0,8490,31,Agencia
18850,M,Salta,49,Empresario,33,Ejecutiva,24295.98,2159.9,No,0,23125,1,Agencia
18858,F,Minas Gerais,45,Ejecutivo,34,Económica,7363.09,353.66,No,0,10032,19,Web
18859,F,Buenos Aires,48,Deportista,94,Económica,17697.36,3941.78,Sí,69449,1481,56,App
18860,F,Entre Ríos,32,Empresario,55,Ejecutiva,20037.4,2475.04,Sí,77165,14289,1,Agencia
18863,M,Antioquia,43,Ejecutivo,78,Primera clase,162657.27,20506.88,No,0,4093,1,Web
18880,F,São Paulo,38,Empresario,46,Ejecutiva,15307.87,1286.82,Sí,54103,5186,19,App
18883,F,Herrera,50,Médico,21,Primera clase,12660.27,1215.12,Sí,82357,5117,1,App
18910,M,Cundinamarca,21,Otro,18,Ejecutiva,14177.1,2408.67,Sí,50127,2035,23,App
18924,F,São Paulo,35,Profesional independiente,23,Primera clase,37602.97,5707.75,No,0,7179,60,Web
18936,F,Bolívar,42,Deportista,81,Económica,11406.06,1453.73,Sí,55696,1780,19,Web
18944,M,Mendoza,37,Ejecutivo,31,Ejecutiva,17373.46,1068.94,Sí,51375,5604,0,Agencia
18948,F,Los Santos,32,Ejecutivo,77,Primera clase,151019.65,33655.48,No,0,7019,11,Agencia
18953,F,Cundinamarca,29,Empresario,49,Ejecutiva,29535.95,4644.55,No,0,3846,8,App
18957,M,Entre Ríos,25,Ejecutivo,65,Ejecutiva,39351.63,8055.96,No,0,4263,5,App
18971,M,Atlántico,37,Médico,18,Ejecutiva,8147.24,412.98,No,0,9566,14,Web
18978,M,Atlántico,47,Deportista,99,Primera clase,72939.1,12524.89,No,0,6868,31,Web
18982,M,Chaco,25,Profesional independiente,18,Ejecutiva,13028.86,2215.48,Sí,47135,3045,30,App
18984,M,Atlántico,32,Ejecutivo,57,Ejecutiva,26291.78,1659.52,No,0,6755,8,Agencia
18990,M,Chaco,49,Ejecutivo,77,Ejecutiva,60200.11,12343.3,Sí,100908,3592,0,App
18994,M,Chaco,58,Empresario,20,Primera clase,36078.13,2322.99,Sí,69841,8250,30,Aeropuerto
19005,F,Mendoza,55,Médico,18,Primera clase,35660.54,2005.43,No,0,9636,6,Web
19006,M,Santander,39,Ejecutivo,59,Ejecutiva,27133.6,5400.6,Sí,138877,4533,15,App
19007,F,Minas Gerais,35,Ejecutivo,19,Ejecutiva,10256.33,2519.5,Sí,27407,15065,5,Web
19009,F,Tolima,43,Ejecutivo,43,Primera clase,51597.9,12450.98,No,0,9418,8,Web
19018,M,Salta,35,Médico,18,Primera clase,28026.16,4365.24,No,0,4280,42,Web
19019,F,Rio Grande do Sul,39,Empresario,28,Económica,5472.54,899.61,No,0,9420,9,Web
19028,M,Antioquia,38,Empresario,55,Ejecutiva,26016.82,4737.92,Sí,140844,4284,13,Agencia
19030,F,Rio Grande do Sul,58,Ejecutivo,66,Ejecutiva,37249.2,5955.28,Sí,108209,3908,6,Agencia
19032,M,Atlántico,32,Ejecutivo,77,Ejecutiva,21034.88,2987.76,Sí,191889,4525,24,Agencia
19033,M,Rio de Janeiro,44,Ejecutivo,45,Ejecutiva,16416.08,2660.72,Sí,83084,5296,3,App
19035,M,Santa Fe,37,Médico,17,Ejecutiva,11996.57,1678.45,Sí,21862,21714,5,App
19045,M,Buenos Aires,43,Deportista,64,Económica,24223.73,5914.18,Sí,43058,2574,12,Agencia
19057,M,Atlántico,48,Ejecutivo,75,Ejecutiva,24618.55,4009.15,Sí,90075,7942,21,Aeropuerto
19066,M,Antioquia,26,Abogado,4,Económica,1026.65,152.01,No,0,8530,4,App
19068,F,Los Santos,39,Empleado,22,Ejecutiva,10799.18,621.8,Sí,62038,1532,10,Aeropuerto
19078,M,Misiones,34,Ejecutivo,38,Ejecutiva,28011.34,3366.49,No,0,4012,1,Web
19100,M,Cundinamarca,35,Empresario,52,Ejecutiva,22793.76,4782.94,Sí,40204,12416,15,Aeropuerto
19107,F,Bolívar,24,Empresario,59,Ejecutiva,45365.17,8494.24,No,0,24262,30,Web
19135,F,Los Santos,60,Ejecutivo,25,Primera clase,52530.77,8478.66,No,0,6711,23,Web
19138,M,Paraná,40,Empresario,36,Primera clase,95243.25,21685.32,No,0,8799,25,App
19180,F,Córdoba,44,Ejecutivo,40,Ejecutiva,15934.06,3857.31,No,0,15114,17,Web
19190,F,Los Santos,35,Ejecutivo,70,Económica,13487.89,891.51,Sí,48613,4230,1,App
19195,F,Tucumán,47,Abogado,18,Primera clase,13440.78,2009.09,No,0,12077,16,App
19210,M,Atlántico,38,Deportista,88,Ejecutiva,30892.98,5279.38,Sí,231767,82049,1,Web
19268,F,Cundinamarca,30,Abogado,24,Ejecutiva,14710.34,589.68,No,0,10451,6,App
19269,M,Tucumán,48,Deportista,80,Ejecutiva,50581.16,2101.52,No,0,14643,6,Web
19278,M,Cundinamarca,48,Empresario,40,Primera clase,44115.15,5491.89,Sí,77350,5789,1,Agencia
19279,M,Entre Ríos,52,Empresario,59,Primera clase,113756.17,4552.02,No,0,10563,11,App
19306,M,Herrera,30,Deportista,98,Ejecutiva,47600.82,3608.06,Sí,112863,69892,37,App
19327,M,Veraguas,34,Empresario,30,Ejecutiva,12153.14,2050.23,No,0,9858,0,App
19332,F,Panamá,35,Deportista,79,Ejecutiva,28455.1,6919.82,Sí,128917,5665,6,Agencia
19335,M,Santander,40,Empresario,51,Ejecutiva,23449.77,3292.09,Sí,132836,12770,4,Agencia
19337,F,Tucumán,43,Deportista,51,Primera clase,70579.38,12054.57,Sí,190118,12269,9,App
19369,F,Santander,31,Ingeniero,7,Ejecutiva,2475.15,99.62,No,0,9223,27,Web
19389,F,Rio Grande do Sul,58,Ejecutivo,28,Ejecutiva,15384.78,3665.37,No,0,19862,0,Web
19398,F,CABA,35,Ejecutivo,66,Ejecutiva,25837.93,5960.0,Sí,64494,5189,4,Web
19406,F,Nariño,41,Ingeniero,17,Primera clase,11046.36,875.32,Sí,36489,9350,11,App
19412,F,Los Santos,37,Ejecutivo,25,Ejecutiva,21864.91,1954.56,Sí,43096,7562,5,Web
19423,F,Colón,27,Deportista,89,Económica,11920.29,2286.41,Sí,27661,12455,6,Web
19425,M,Nariño,38,Ejecutivo,58,Primera clase,50485.75,2493.02,No,0,11514,29,App
19437,F,Rio de Janeiro,26,Deportista,94,Económica,15623.8,2580.43,Sí,53852,22202,0,App
19444,F,Córdoba,38,Deportista,34,Ejecutiva,17879.78,1438.33,Sí,40767,10561,91,App
19445,M,Valle del Cauca,39,Ejecutivo,78,Ejecutiva,60032.16,13078.33,Sí,89667,7955,7,Web
19461,F,Córdoba,28,Empresario,13,Primera clase,13060.7,1595.57,No,0,20705,6,App
19473,F,Cundinamarca,28,Empresario,12,Ejecutiva,8227.75,1444.2,No,0,18655,6,App
19485,M,Mendoza,48,Deportista,36,Ejecutiva,17216.43,1078.65,Sí,66926,14266,0,Web
19505,F,Veraguas,36,Empresario,58,Ejecutiva,26597.73,4852.35,Sí,116407,5248,1,Aeropuerto
19510,M,Córdoba,34,Ingeniero,17,Ejecutiva,13152.32,735.81,Sí,46180,3868,2,App
19536,M,Mendoza,56,Ejecutivo,49,Ejecutiva,16698.2,3718.88,Sí,58742,14914,5,App
19560,F,Antioquia,39,Médico,20,Primera clase,20740.09,3190.27,No,0,11291,33,Web
19600,M,Chaco,46,Médico,23,Primera clase,43333.33,10832.78,Sí,47489,8489,9,App
19605,F,Buenos Aires,40,Empresario,56,Ejecutiva,14185.79,3272.17,No,0,14358,15,Web
19609,F,Entre Ríos,33,Empresario,51,Primera clase,73231.59,12770.7,No,0,7220,13,App
19610,F,Mendoza,38,Empresario,38,Ejecutiva,10982.52,1397.17,No,0,11012,6,Agencia
19617,F,Chaco,36,Profesional independiente,21,Ejecutiva,15094.29,2894.37,Sí,36939,9868,39,App
19626,F,Bolívar,48,Médico,23,Primera clase,47182.91,4574.85,No,0,7949,8,Agencia
19645,F,Colón,24,Deportista,23,Primera clase,44717.06,10784.94,No,0,7548,7,Aeropuerto
19661,M,Veraguas,42,Ejecutivo,65,Económica,19279.8,2450.61,Sí,74652,2314,6,Agencia
19684,F,Santa Fe,26,Empresario,55,Ejecutiva,24732.01,5269.85,Sí,103016,5221,7,App
19691,F,Entre Ríos,39,Profesional independiente,19,Ejecutiva,14991.64,2043.16,Sí,43683,3743,16,Web
19694,F,Panamá,31,Ejecutivo,60,Ejecutiva,40151.19,2294.03,Sí,74472,9213,2,Web
19716,M,Minas Gerais,37,Médico,13,Ejecutiva,8026.78,1003.19,No,0,11257,14,Web
19721,F,Santa Fe,37,Empleado,23,Ejecutiva,18871.07,2933.16,Sí,61726,1087,12,Web
19727,F,Chiriquí,41,Ejecutivo,69,Ejecutiva,19862.47,3435.54,Sí,138790,5408,0,Agencia
19736,M,Santa Fe,35,Ejecutivo,49,Ejecutiva,29622.92,5256.73,No,0,8576,1,Agencia
19746,F,Santander,24,Empresario,15,Primera clase,25266.74,2376.94,No,0,8638,33,Web
19764,M,Córdoba,41,Empresario,38,Primera clase,27052.45,1849.79,No,0,8897,3,Web
19770,M,Misiones,31,Empresario,45,Ejecutiva,30903.64,7128.14,Sí,88010,7409,29,Web
19771,F,Bolívar,47,Deportista,53,Primera clase,135522.47,28691.09,Sí,205045,11223,0,Web
19783,F,Santa Fe,44,Ingeniero,24,Ejecutiva,7142.97,885.43,Sí,52712,8463,3,Web
19790,M,Mendoza,38,Empresario,42,Económica,5024.44,984.16,Sí,41435,10119,21,Agencia
19798,M,Buenos Aires,38,Médico,5,Ejecutiva,3654.81,647.75,No,0,9715,25,Web
19812,M,Chaco,38,Deportista,96,Ejecutiva,41392.42,9714.62,No,0,5379,25,Agencia
19814,M,Bahia,27,Empresario,35,Primera clase,83123.28,18477.73,No,0,20468,8,Agencia
19829,F,Mendoza,33,Empresario,57,Ejecutiva,16747.78,3369.18,Sí,97290,10048,2,Web
19840,M,Paraná,44,Médico,13,Primera clase,7266.63,1676.79,No,0,10178,6,App
19857,M,Chiriquí,43,Ejecutivo,71,Ejecutiva,23597.02,5280.72,Sí,125892,9022,2,Web
19861,M,Panamá,34,Empresario,44,Ejecutiva,19087.55,2634.23,Sí,83723,6929,72,App
19863,F,Entre Ríos,45,Deportista,94,Económica,22333.17,2461.45,Sí,65466,2341,7,App
19882,M,Los Santos,39,Empresario,50,Primera clase,54325.47,10527.95,No,0,7726,1,Web
19888,M,Antioquia,48,Ejecutivo,73,Económica,11083.07,1089.6,Sí,45950,3248,8,Web
19891,M,Entre Ríos,25,Ejecutivo,72,Económica,20370.61,3324.06,Sí,41016,3109,39,Web
19901,F,Santa Fe,36,Empresario,31,Ejecutiva,10312.28,2512.41,Sí,57352,1819,8,Aeropuerto
19904,F,Tucumán,36,Deportista,53,Ejecutiva,39194.11,2351.97,Sí,54217,3727,6,App
19906,M,Los Santos,28,Ejecutivo,44,Ejecutiva,27401.85,4658.06,No,0,8478,9,Web
19918,F,Antioquia,37,Médico,28,Primera clase,71296.87,15366.27,No,0,8827,19,Aeropuerto
19939,F,Mendoza,35,Deportista,94,Ejecutiva,62628.28,12291.37,Sí,120349,6758,29,Web
19946,M,Valle del Cauca,48,Ejecutivo,75,Ejecutiva,29176.24,5768.92,No,0,6130,7,Agencia
19947,M,Bolívar,35,Empresario,36,Ejecutiva,29347.34,1649.57,No,0,9716,12,App
19953,M,Mendoza,38,Empresario,35,Ejecutiva,24868.49,4821.36,No,0,4098,4,Agencia
19954,M,São Paulo,33,Ejecutivo,20,Ejecutiva,5359.62,270.36,No,0,13981,7,Web
19972,F,Atlántico,40,Ejecutivo,58,Primera clase,65310.94,16277.58,Sí,165319,5558,21,Aeropuerto
19992,M,Antioquia,46,Ejecutivo,45,Ejecutiva,28290.19,5430.92,Sí,94086,2256,2,Agencia
20000,F,Los Santos,42,Ejecutivo,67,Económica,9902.29,402.18,Sí,61072,3495,10,App
20004,F,Cundinamarca,49,Ejecutivo,67,Ejecutiva,24682.58,2785.39,No,0,6343,5,App
20012,F,Cundinamarca,32,Empresario,40,Ejecutiva,28598.85,5083.19,No,0,7690,9,Aeropuerto
20016,F,Herrera,37,Abogado,6,Económica,1186.94,180.76,Sí,5061,10918,26,Web
20018,M,Colón,39,Empresario,28,Primera clase,44705.06,2603.83,No,0,7679,5,Web
20023,M,Chaco,39,Empresario,57,Ejecutiva,33343.67,3477.5,No,0,7158,14,Web
20026,M,Tucumán,38,Abogado,6,Primera clase,8675.86,960.29,Sí,13107,10456,15,Aeropuerto
20030,F,Chiriquí,34,Empleado,22,Ejecutiva,10044.09,2201.2,Sí,46221,1136,16,App
20032,F,Chaco,47,Ejecutivo,22,Ejecutiva,18217.24,3129.92,Sí,46431,4120,4,App
20036,F,Salta,33,Ejecutivo,32,Primera clase,66607.66,9291.75,No,0,19044,34,App
20049,M,Antioquia,36,Arquitecto,20,Primera clase,18679.26,4329.57,No,0,8586,7,Aeropuerto
20051,F,Tucumán,35,Abogado,15,Primera clase,29149.62,3271.84,No,0,9388,100,App
20066,F,Santa Fe,38,Empresario,56,Económica,9607.0,1715.63,Sí,34663,9820,10,Web
20079,M,Bahia,39,Ejecutivo,60,Ejecutiva,37095.9,8675.79,No,0,2366,2,App
20090,F,Nariño,43,Empresario,32,Ejecutiva,14172.86,2650.83,Sí,84634,3659,7,Agencia
20105,M,Salta,45,Empresario,54,Ejecutiva,36037.64,6209.02,Sí,94880,8385,13,Agencia
20111,F,Los Santos,24,Ejecutivo,72,Económica,25168.39,3805.63,No,0,4219,5,App
20117,M,CABA,43,Abogado,17,Primera clase,14486.52,2396.07,Sí,58133,5295,33,Web
20125,F,São Paulo,40,Ejecutivo,74,Ejecutiva,57378.03,4397.6,No,0,5754,13,Web
20126,M,Pernambuco,37,Ejecutivo,75,Ejecutiva,50770.18,10517.11,No,0,4336,19,Web
20141,M,Santa Fe,51,Ingeniero,18,Primera clase,34317.13,4581.38,No,0,3845,45,Aeropuerto
20148,F,Rio de Janeiro,24,Ejecutivo,61,Ejecutiva,45489.67,7156.06,No,0,5588,56,App
20179,F,Tolima,45,Arquitecto,20,Primera clase,15442.19,1726.7,Sí,110395,5881,0,Agencia
20180,F,Misiones,30,Ejecutivo,75,Primera clase,43667.75,5264.06,Sí,193376,11401,9,Web
20185,F,Antioquia,37,Médico,17,Económica,5979.83,1490.51,No,0,10122,24,Web
20213,M,Cundinamarca,59,Empresario,15,Ejecutiva,7509.1,637.15,Sí,18221,11430,6,Web
20218,M,CABA,37,Deportista,98,Ejecutiva,56461.56,6049.74,No,0,91091,6,Agencia
20224,M,Salta,46,Empresario,41,Primera clase,110325.65,17913.11,Sí,154483,13687,37,Web
20237,F,Misiones,40,Ejecutivo,37,Primera clase,75113.23,17134.61,No,0,7229,1,App
20241,M,Córdoba,39,Deportista,91,Económica,20623.49,3225.93,Sí,39551,1103,3,App
20271,M,Bolívar,42,Empresario,49,Ejecutiva,25396.9,2740.36,No,0,13168,3,Aeropuerto
20278,F,Atlántico,50,Comerciante,19,Ejecutiva,11013.96,2242.42,Sí,40104,4703,12,Web
20279,M,Atlántico,47,Médico,23,Ejecutiva,10161.92,2005.2,No,0,10049,16,Web
20286,F,Colón,59,Médico,20,Primera clase,25899.49,4479.08,No,0,7048,3,Agencia
20310,M,Tolima,40,Ejecutivo,56,Económica,16137.29,1979.52,Sí,65426,4112,14,App
20313,M,Panamá,48,Ingeniero,22,Primera clase,45954.85,8230.49,No,0,5378,5,Web
20325,F,Salta,32,Deportista,99,Ejecutiva,40863.16,8117.83,Sí,232427,2863,25,App
20328,M,Tucumán,51,Empresario,54,Económica,10377.75,1621.87,No,0,18156,14,Web
20331,F,Cundinamarca,33,Empresario,43,Ejecutiva,11748.21,781.22,No,0,28269,14,Aeropuerto
20333,F,Pernambuco,25,Deportista,62,Económica,22424.73,4852.28,Sí,61710,5049,7,App
20345,M,Rio de Janeiro,37,Abogado,19,Ejecutiva,10724.47,535.5,Sí,37298,8774,22,Web
20356,F,Córdoba,59,Deportista,86,Económica,14749.05,2280.82,Sí,57631,576,8,Web
20358,F,Panamá,43,Ejecutivo,16,Ejecutiva,4373.0,859.23,No,0,10697,14,Agencia
20364,M,Rio de Janeiro,42,Médico,26,Ejecutiva,11572.05,2296.01,No,0,9181,50,Agencia
20368,F,Rio de Janeiro,56,Empresario,35,Primera clase,55750.16,13402.77,Sí,90972,5788,35,Aeropuerto
20395,F,Antioquia,25,Deportista,89,Económica,14607.47,1178.89,Sí,50077,4535,68,App
20396,F,Rio Grande do Sul,39,Abogado,22,Ejecutiva,7724.5,820.68,No,0,13037,75,Agencia
20408,F,CABA,33,Ejecutivo,69,Ejecutiva,37671.7,7972.3,No,0,5080,8,App
20428,M,Chiriquí,30,Ejecutivo,75,Ejecutiva,32848.93,4120.25,Sí,102106,2380,11,Aeropuerto
20430,M,Panamá,26,Médico,7,Primera clase,9272.59,1895.53,No,0,9447,27,Web
20441,F,Misiones,34,Ejecutivo,46,Primera clase,93817.13,21895.02,No,0,3639,35,Web
20444,F,Rio de Janeiro,24,Deportista,87,Económica,19973.21,1899.69,Sí,85361,22236,60,App
20450,M,Chaco,37,Médico,6,Ejecutiva,2087.0,111.22,No,0,8550,3,Web
20453,F,Atlántico,26,Ejecutivo,28,Ejecutiva,8292.97,1838.87,No,0,9463,21,App
20461,F,Buenos Aires,31,Empresario,43,Primera clase,103378.52,7373.09,No,0,9383,11,Web
20468,M,Chaco,31,Ingeniero,21,Ejecutiva,7290.31,1114.97,Sí,40323,2846,6,App
20487,M,Colón,35,Profesional independiente,17,Ejecutiva,5973.07,676.27,Sí,46159,4252,77,Web
20504,F,Chaco,26,Empresario,49,Ejecutiva,30297.48,6355.68,Sí,53770,3620,11,App
20510,F,Santa Fe,39,Empresario,28,Ejecutiva,12003.85,847.52,Sí,74041,23641,7,App
20511,M,Chaco,27,Empresario,13,Primera clase,21251.61,4728.42,No,0,10448,34,App
20519,F,Buenos Aires,49,Deportista,93,Ejecutiva,56618.06,3475.37,No,0,13155,24,Aeropuerto
20522,M,Los Santos,46,Empresario,48,Primera clase,61583.53,6059.03,No,0,5263,8,Web
20523,M,Colón,40,Ingeniero,22,Ejecutiva,7309.82,1700.8,Sí,46970,4657,9,App
20525,M,Salta,46,Deportista,55,Económica,16725.75,875.63,Sí,54084,2093,33,App
20527,M,CABA,32,Deportista,31,Ejecutiva,15317.35,3518.49,Sí,51588,1019,43,Web
20538,M,Santa Fe,35,Médico,26,Primera clase,62698.07,7351.25,No,0,7145,12,Agencia
20544,F,Cundinamarca,25,Médico,27,Ejecutiva,7216.89,1608.03,No,0,11609,38,App
20547,F,Minas Gerais,59,Ejecutivo,52,Ejecutiva,25357.28,5863.47,No,0,6379,7,Web
20548,F,Valle del Cauca,31,Ejecutivo,70,Económica,17517.97,1968.53,Sí,52669,2556,1,Web
20576,M,Córdoba,31,Deportista,98,Ejecutiva,41849.0,6628.07,No,0,8004,5,Web
20579,M,Chaco,29,Médico,26,Ejecutiva,18419.49,2472.56,Sí,41894,6607,33,App
20584,M,Cundinamarca,43,Ejecutivo,38,Primera clase,33438.18,5495.13,No,0,9256,9,Agencia
20586,F,Minas Gerais,41,Médico,16,Primera clase,30037.93,3151.25,No,0,6291,21,Agencia
20587,M,Bahia,44,Ingeniero,23,Primera clase,53997.34,10474.24,No,0,4762,9,Aeropuerto
20595,F,Buenos Aires,46,Ejecutivo,22,Primera clase,17019.9,1514.01,Sí,43856,7904,7,Web
20609,F,São Paulo,25,Contador,20,Ejecutiva,6754.26,1625.62,Sí,43036,4958,8,Web
20615,M,Rio de Janeiro,49,Ejecutivo,71,Económica,22647.43,4729.7,Sí,58750,2775,7,Agencia
20621,M,Salta,37,Ejecutivo,25,Ejecutiva,14803.41,3132.12,Sí,68140,8236,18,Agencia
20636,F,São Paulo,29,Deportista,85,Primera clase,106345.75,4794.9,Sí,206156,8738,12,App
20642,M,Atlántico,38,Abogado,14,Primera clase,25838.75,6351.04,No,0,14208,28,Web
20650,F,Chiriquí,38,Médico,5,Ejecutiva,1976.6,164.78,No,0,10606,22,App
20662,M,Chaco,38,Ejecutivo,77,Ejecutiva,41645.26,3972.75,Sí,151620,4773,21,App
20672,F,Colón,54,Ejecutivo,25,Primera clase,48204.14,2913.07,No,0,8281,5,App
20677,M,Chiriquí,31,Ingeniero,17,Primera clase,29110.22,6508.05,No,0,6969,10,Web
20709,M,Tucumán,24,Empresario,59,Ejecutiva,46431.93,10728.75,Sí,106485,4319,60,App
20711,M,Córdoba,43,Empresario,46,Primera clase,90070.44,9763.8,Sí,201197,4722,15,Agencia
20718,M,Córdoba,41,Ejecutivo,47,Ejecutiva,35661.03,1522.12,Sí,75922,6155,3,Web
20730,F,Santa Fe,43,Médico,7,Ejecutiva,5059.94,308.75,No,0,9753,16,Web
20764,M,Bolívar,30,Médico,24,Primera clase,32089.06,6165.55,No,0,8585,1,Web
20770,M,Nariño,52,Comerciante,23,Ejecutiva,16167.85,2268.68,Sí,45258,1903,51,Web
20775,F,Rio Grande do Sul,34,Ejecutivo,68,Primera clase,138011.75,31468.82,Sí,246710,11255,3,Aeropuerto
20778,F,Tucumán,34,Abogado,1,Primera clase,1113.8,112.94,No,0,10168,7,Agencia
20780,F,CABA,34,Ejecutivo,29,Primera clase,81023.2,4763.51,Sí,61545,8182,5,App
20785,F,Buenos Aires,40,Deportista,95,Primera clase,141493.27,18169.69,Sí,316290,8979,7,Agencia
20796,M,Mendoza,26,Deportista,66,Económica,5987.5,1088.75,Sí,43295,1251,9,Web
20799,M,Tucumán,53,Ejecutivo,65,Económica,9275.95,1993.79,Sí,68189,5631,11,App
20806,F,São Paulo,29,Abogado,6,Económica,1356.83,289.4,No,0,9350,2,Web
20812,F,Panamá,40,Empresario,27,Primera clase,46761.63,7755.25,No,0,8984,14,Web
20813,M,Tucumán,58,Ejecutivo,50,Ejecutiva,18574.32,3253.3,Sí,114260,6190,7,Aeropuerto
20830,M,Salta,42,Empresario,56,Ejecutiva,23233.31,2141.53,Sí,105775,4070,1,Aeropuerto
20847,M,Los Santos,43,Empresario,23,Ejecutiva,14392.31,2308.11,Sí,24172,13375,1,Web
20863,M,Santa Fe,28,Empresario,36,Ejecutiva,15026.24,926.04,Sí,44265,4945,18,Web
20877,F,Entre Ríos,47,Ejecutivo,76,Ejecutiva,34915.29,4538.95,Sí,81988,10926,35,Web
20878,M,Santa Fe,34,Ejecutivo,78,Ejecutiva,29614.96,1636.82,Sí,88291,15745,5,Agencia
20881,M,Paraná,26,Médico,17,Ejecutiva,11064.57,1626.13,Sí,34983,8550,21,Web
20893,F,São Paulo,35,Ejecutivo,78,Económica,17123.72,1585.57,Sí,66685,2777,0,Web
20903,M,Chaco,45,Empresario,58,Primera clase,62416.54,12745.26,Sí,152371,9187,2,App
20910,M,Tucumán,25,Abogado,9,Económica,3356.11,754.54,No,0,9621,33,App
20913,F,Paraná,32,Ejecutivo,54,Ejecutiva,44855.18,5758.99,No,0,2964,1,Web
20921,M,Paraná,28,Empresario,43,Ejecutiva,26984.18,1610.24,Sí,86953,4567,11,Web
20923,M,Entre Ríos,47,Deportista,51,Ejecutiva,39940.73,9976.32,Sí,59431,7059,40,Web
20925,F,Santa Fe,37,Empresario,54,Ejecutiva,32364.77,5995.16,No,0,5500,25,Web
20926,F,Entre Ríos,47,Empleado,24,Ejecutiva,18189.32,1856.86,Sí,63816,2910,51,Web
20943,F,Los Santos,44,Empresario,47,Ejecutiva,19451.22,1143.6,Sí,61447,5155,22,Aeropuerto
20959,F,Entre Ríos,53,Ejecutivo,71,Económica,10063.62,1299.69,Sí,52850,4483,8,Web
20979,M,Bolívar,41,Deportista,68,Ejecutiva,24402.92,1441.83,Sí,131896,6592,27,Web
20989,F,Rio Grande do Sul,54,Empresario,36,Ejecutiva,18472.04,2093.15,No,0,11691,15,Agencia
21005,F,Chaco,52,Médico,29,Primera clase,57985.32,11629.1,No,0,3998,78,Web
21006,F,Rio de Janeiro,30,Ejecutivo,62,Ejecutiva,43235.77,4429.44,Sí,61473,4836,5,Aeropuerto
21020,M,Salta,50,Empresario,28,Ejecutiva,17545.39,3983.12,Sí,49532,3637,41,App
21027,M,Rio de Janeiro,30,Empresario,57,Económica,12968.65,1987.71,Sí,39506,1724,0,Agencia
21028,M,Salta,46,Médico,25,Económica,6545.58,1183.04,Sí,21065,16512,8,App
21041,M,São Paulo,48,Ejecutivo,78,Ejecutiva,31432.8,5067.44,No,0,3104,11,Web
21048,F,CABA,26,Abogado,21,Ejecutiva,12752.83,1678.25,No,0,9627,17,Web
21053,F,Buenos Aires,43,Empresario,57,Primera clase,115231.87,14604.44,Sí,235346,7136,4,App
21055,M,Buenos Aires,36,Empresario,43,Primera clase,25155.46,1415.64,Sí,107002,7694,0,Web
21074,F,Panamá,40,Médico,7,Ejecutiva,5794.93,793.07,No,0,8625,1,App
21081,F,Mendoza,45,Empresario,38,Ejecutiva,17683.08,3744.85,No,0,10309,26,Web
21088,F,Santa Fe,54,Ingeniero,6,Ejecutiva,3698.1,882.58,Sí,16834,8825,3,Agencia
21106,M,Misiones,44,Empresario,42,Ejecutiva,24386.31,5885.78,No,0,8683,3,App
21113,F,Herrera,31,Empresario,57,Ejecutiva,33706.86,1638.51,No,0,6183,7,Aeropuerto
21125,M,Tucumán,36,Deportista,55,Primera clase,100796.64,9295.52,Sí,141051,15024,58,App
21128,M,Minas Gerais,37,Empresario,49,Ejecutiva,25898.17,3826.18,Sí,107562,17348,113,Web
21153,F,Nariño,27,Empresario,21,Primera clase,29327.8,1776.38,No,0,12794,71,Web
21161,F,Entre Ríos,38,Ejecutivo,39,Primera clase,76124.69,14292.4,No,0,7056,0,Web
21210,F,Buenos Aires,53,Ejecutivo,33,Primera clase,72226.87,3008.24,No,0,8305,0,App
21213,M,Veraguas,32,Ejecutivo,41,Económica,5765.14,1134.84,Sí,40603,3258,57,Aeropuerto
21216,M,Nariño,34,Ejecutivo,75,Primera clase,152112.01,36588.69,No,0,4451,17,Web
21258,M,Valle del Cauca,30,Empresario,24,Primera clase,54708.0,11190.76,No,0,10417,6,Web
21263,F,Buenos Aires,30,Médico,6,Ejecutiva,2098.86,501.91,Sí,10409,10804,21,Agencia
21265,M,CABA,35,Empresario,43,Económica,12204.42,1315.7,Sí,48048,3401,22,App
21275,F,Bahia,33,Ejecutivo,77,Ejecutiva,56670.16,13276.21,No,0,1638,0,App
21277,F,Buenos Aires,37,Empresario,57,Económica,9046.77,1006.18,Sí,55173,7884,4,Web
21282,M,Tucumán,42,Ejecutivo,72,Ejecutiva,56189.47,2590.17,Sí,127541,5054,10,App
21293,F,CABA,28,Deportista,89,Económica,20278.51,1064.85,Sí,59650,1664,8,Web
21295,F,Entre Ríos,36,Deportista,81,Ejecutiva,34919.9,4338.42,Sí,90810,6217,6,Web
21313,M,Santa Fe,40,Empresario,48,Ejecutiva,39024.26,8682.32,No,0,8942,17,App
21329,M,Entre Ríos,32,Ejecutivo,35,Ejecutiva,27724.46,4918.58,Sí,34249,14021,17,App
21353,M,Entre Ríos,43,Deportista,62,Ejecutiva,18151.65,2838.99,Sí,129332,6942,0,Web
21354,F,CABA,26,Ejecutivo,36,Ejecutiva,28792.5,2905.83,No,0,4120,37,Web
21359,F,Entre Ríos,41,Ejecutivo,43,Económica,15571.47,2689.69,No,0,23707,13,App
21367,F,Bolívar,41,Ejecutivo,71,Ejecutiva,34727.09,6287.28,No,0,3891,9,App
21372,M,Tucumán,55,Médico,27,Ejecutiva,9153.7,1428.0,Sí,76749,3970,19,App
21373,M,Buenos Aires,37,Empresario,27,Ejecutiva,10321.0,1315.92,No,0,18100,12,Agencia
21390,F,Tolima,48,Empresario,55,Ejecutiva,39493.89,6767.17,No,0,12134,25,Web
21398,F,Santa Fe,52,Ejecutivo,30,Ejecutiva,11554.54,1891.99,Sí,43954,8726,3,Web
21409,F,Misiones,45,Ejecutivo,44,Ejecutiva,26010.96,1485.18,No,0,6795,16,Web
21410,F,Salta,35,Ejecutivo,44,Ejecutiva,33317.15,4563.44,No,0,3613,1,Agencia
21434,M,Salta,36,Ejecutivo,42,Ejecutiva,11490.23,518.39,Sí,112781,6228,1,Agencia
21436,F,São Paulo,30,Empresario,13,Ejecutiva,7648.84,1865.3,Sí,32269,8454,32,App
21445,M,Pernambuco,46,Abogado,19,Primera clase,32481.92,4424.97,No,0,4229,21,Web
21446,M,Antioquia,46,Ejecutivo,42,Primera clase,93052.41,20633.91,No,0,7373,28,Agencia
21450,F,Entre Ríos,32,Ejecutivo,23,Primera clase,24123.87,2079.51,Sí,54870,6355,1,Web
21455,F,Salta,56,Ejecutivo,75,Primera clase,133906.06,13294.62,Sí,339390,3896,7,Agencia
21493,F,Misiones,34,Médico,20,Primera clase,37836.22,8126.0,No,0,7025,9,App
21495,M,Tolima,30,Empleado,18,Ejecutiva,12216.02,517.69,Sí,48156,1335,13,App
21502,M,Entre Ríos,33,Deportista,38,Ejecutiva,16857.82,1515.21,Sí,61806,545,25,App
21512,F,Santa Fe,37,Empresario,52,Primera clase,41343.72,3876.28,Sí,155848,8639,9,Web
21550,F,Bolívar,49,Deportista,29,Ejecutiva,14044.05,3439.53,No,0,21330,93,App
21553,M,Santa Fe,35,Empresario,37,Primera clase,39131.36,5175.49,No,0,9497,18,Agencia
21580,M,Tucumán,35,Ejecutivo,32,Ejecutiva,18034.39,4329.41,Sí,26228,8503,19,Web
21586,M,Cundinamarca,40,Abogado,23,Primera clase,30317.81,6249.52,Sí,58830,8350,11,Agencia
21589,M,Misiones,40,Deportista,89,Económica,22374.4,2443.35,Sí,46921,3320,4,Web
21592,F,São Paulo,27,Médico,8,Ejecutiva,6375.84,725.75,No,0,11274,0,App
21593,F,Cundinamarca,39,Deportista,62,Económica,16468.1,1201.81,Sí,58451,2908,2,Aeropuerto
21597,M,Córdoba,35,Ejecutivo,50,Ejecutiva,12068.41,668.15,Sí,105950,6066,11,App
21598,F,Chiriquí,35,Empleado,15,Primera clase,26144.85,4151.75,No,0,4425,61,Web
21599,M,Buenos Aires,49,Empresario,34,Primera clase,28652.83,1270.6,No,0,17503,17,Web
21604,M,Minas Gerais,44,Empresario,52,Económica,15094.12,1911.48,Sí,19788,33656,26,Web
21605,M,Nariño,40,Empresario,26,Ejecutiva,8440.44,1869.17,No,0,9067,13,Aeropuerto
21621,F,Bahia,46,Ejecutivo,57,Ejecutiva,37168.35,7010.88,Sí,137419,6291,0,Web
21633,M,Buenos Aires,41,Empresario,43,Ejecutiva,25003.8,3433.95,Sí,73167,5027,37,App
21639,F,Valle del Cauca,34,Empresario,56,Ejecutiva,17878.48,1189.36,No,0,9736,1,Web
21675,M,Córdoba,46,Empleado,21,Ejecutiva,16099.47,2610.95,Sí,46134,1445,3,Web
21679,M,Antioquia,31,Ejecutivo,75,Ejecutiva,20985.52,1577.0,Sí,127320,3726,2,Agencia
21684,M,Santa Fe,32,Deportista,94,Ejecutiva,64405.22,7937.79,Sí,156683,5538,4,Web
21705,F,Entre Ríos,54,Ejecutivo,51,Ejecutiva,18930.89,4671.45,Sí,94071,6794,4,Agencia
21710,F,Chaco,33,Empresario,41,Primera clase,44528.42,7819.93,No,0,10213,29,Aeropuerto
21735,F,Chaco,39,Empresario,56,Ejecutiva,31862.41,6534.93,No,0,9146,6,Agencia
21740,M,Los Santos,42,Empresario,18,Primera clase,25614.5,2396.7,Sí,35311,7160,7,App
21746,F,Pernambuco,46,Empresario,30,Ejecutiva,6960.84,707.98,Sí,48570,9885,6,Agencia
21749,F,Chaco,45,Profesional independiente,24,Ejecutiva,8417.0,839.86,Sí,62917,7774,14,Aeropuerto
21750,M,Santa Fe,34,Médico,19,Primera clase,29324.38,4281.94,No,0,7241,55,App
21754,M,Santa Fe,32,Médico,12,Primera clase,11682.64,906.36,No,0,11967,37,App
21760,M,Mendoza,47,Médico,19,Primera clase,30558.64,4395.38,No,0,14382,12,Agencia
21791,F,Herrera,33,Empresario,41,Ejecutiva,17248.91,2385.16,Sí,77081,32516,18,Web
21827,F,Córdoba,34,Empresario,44,Económica,8617.99,1761.11,No,0,8940,9,App
21837,M,Misiones,32,Empresario,42,Ejecutiva,30098.2,2246.84,No,0,11172,4,App
21840,F,Herrera,32,Empleado,23,Ejecutiva,15747.07,3441.63,Sí,56743,913,41,Web
21842,M,Herrera,40,Ejecutivo,18,Ejecutiva,11174.54,1649.8,No,0,8432,4,App
21847,M,Pernambuco,51,Ejecutivo,61,Ejecutiva,30484.75,3310.38,No,0,10578,8,Web
21860,M,Misiones,31,Ejecutivo,74,Ejecutiva,41280.36,8689.06,Sí,94504,3486,10,Aeropuerto
21862,F,Santa Fe,26,Médico,16,Ejecutiva,7813.92,456.91,No,0,8806,2,Aeropuerto
21881,F,Salta,40,Ejecutivo,75,Económica,21210.58,4423.37,Sí,49459,3087,13,Web
21883,F,Mendoza,49,Empresario,15,Ejecutiva,10539.53,1315.12,Sí,41370,9409,4,Web
21891,M,Buenos Aires,25,Ejecutivo,52,Ejecutiva,21802.91,3162.08,Sí,51445,5900,4,App
21899,M,Santa Fe,46,Empresario,33,Ejecutiva,11698.15,2726.39,No,0,12317,4,App
21907,F,Córdoba,41,Ejecutivo,55,Primera clase,127696.36,7492.82,No,0,4543,40,App
21909,F,Santa Fe,40,Empresario,57,Ejecutiva,45632.83,10610.36,No,0,5353,25,Aeropuerto
21910,M,Mendoza,44,Empresario,58,Económica,5637.83,846.62,Sí,50103,5439,25,App
21912,M,Mendoza,43,Ejecutivo,74,Ejecutiva,57250.4,12140.55,Sí,68515,8372,13,App
21915,F,Santander,45,Médico,28,Ejecutiva,9291.79,1133.73,No,0,10746,70,Web
21916,M,Minas Gerais,42,Empresario,16,Ejecutiva,6838.11,808.5,Sí,17658,8756,25,Web
21917,M,Bolívar,29,Ejecutivo,76,Ejecutiva,30694.31,2164.88,Sí,127783,4996,11,App
21924,M,Córdoba,38,Empresario,35,Ejecutiva,10229.05,438.47,No,0,18197,4,App
21949,F,São Paulo,61,Ejecutivo,58,Económica,6332.24,857.05,Sí,57773,3140,12,App
21951,M,Cundinamarca,55,Deportista,70,Económica,9487.91,1672.5,Sí,62053,2147,106,Agencia
21956,M,Córdoba,41,Profesional independiente,20,Primera clase,32346.03,2888.94,No,0,3545,58,Web
21962,F,Minas Gerais,45,Arquitecto,14,Primera clase,32770.16,2820.62,No,0,6725,73,App
21968,M,Rio de Janeiro,48,Médico,15,Ejecutiva,9667.25,1956.81,No,0,10561,23,Web
21969,M,Atlántico,48,Empresario,42,Primera clase,53613.2,2645.81,Sí,135797,8535,16,Web
21980,F,Colón,28,Empresario,47,Ejecutiva,26737.18,3745.25,Sí,116967,4024,14,Web
21982,F,Tucumán,37,Ingeniero,19,Primera clase,27680.67,5765.62,No,0,5016,2,App
22020,M,Buenos Aires,27,Empresario,49,Primera clase,68589.41,7846.46,Sí,207369,16415,58,App
22037,F,Chaco,44,Empresario,13,Primera clase,31830.08,5248.09,Sí,55567,7833,8,Web
22047,F,Veraguas,53,Ejecutivo,46,Ejecutiva,34252.9,4652.96,No,0,13896,7,Web
22052,M,Santa Fe,39,Ejecutivo,29,Ejecutiva,22588.15,1048.14,No,0,12172,1,Agencia
22063,F,Tucumán,31,Empresario,34,Ejecutiva,11427.14,1989.21,Sí,41103,6231,4,Aeropuerto
22085,F,Santa Fe,55,Empresario,52,Primera clase,103766.93,12859.86,No,0,5893,27,Agencia
22089,F,Santander,29,Comerciante,11,Primera clase,15837.41,894.55,Sí,51596,4359,9,App
22093,F,Tolima,32,Empresario,49,Económica,13058.55,1232.99,Sí,15935,11664,6,Agencia
22102,M,Los Santos,59,Ejecutivo,37,Ejecutiva,32668.0,4657.85,Sí,35708,5729,5,Web
22103,M,Santander,28,Ejecutivo,68,Ejecutiva,28372.4,3755.36,Sí,108243,3489,1,App
22127,F,Antioquia,36,Médico,18,Primera clase,30704.94,7542.52,No,0,8590,20,App
22130,F,Entre Ríos,34,Abogado,17,Ejecutiva,5441.28,535.27,No,0,8537,28,Web
22148,F,Entre Ríos,36,Abogado,3,Primera clase,7248.52,1460.27,Sí,12129,9716,23,Agencia
22150,M,Paraná,28,Abogado,22,Ejecutiva,12826.43,1426.03,No,0,9343,11,Aeropuerto
22156,F,Nariño,54,Médico,5,Primera clase,11447.6,2187.6,No,0,9728,46,Agencia
22158,F,Salta,43,Ejecutivo,34,Primera clase,30444.29,3557.91,Sí,117185,4058,0,Web
22169,F,Rio Grande do Sul,44,Abogado,19,Ejecutiva,12126.54,553.31,No,0,10059,15,Web
22172,M,CABA,34,Ejecutivo,44,Ejecutiva,29762.78,6017.83,No,0,7065,2,Aeropuerto
22178,F,Buenos Aires,30,Profesional independiente,20,Primera clase,18740.89,1318.09,Sí,96583,7888,11,App
22182,M,Salta,41,Deportista,61,Ejecutiva,17849.47,1351.93,No,0,9872,6,Web
22195,M,Cundinamarca,35,Deportista,88,Económica,30759.21,6758.49,No,0,2406,1,Aeropuerto
22214,M,Santander,32,Médico,18,Primera clase,27745.64,2287.99,No,0,10518,15,App
22218,F,CABA,37,Médico,27,Ejecutiva,13543.95,2179.18,Sí,40806,8897,12,Web
22221,F,Santander,42,Empresario,46,Ejecutiva,22942.4,2970.15,Sí,73792,13817,38,Agencia
22222,M,Santander,59,Médico,25,Primera clase,36887.13,2942.7,No,0,6549,29,Web
22223,F,Salta,53,Ejecutivo,68,Económica,19780.19,3158.69,Sí,44424,10918,3,App
22233,F,Salta,49,Empresario,53,Ejecutiva,32573.09,3716.61,No,0,8007,11,App
22234,F,Chaco,31,Ejecutivo,31,Primera clase,37857.29,8672.44,Sí,84029,11310,20,App
22236,F,Chaco,32,Ejecutivo,69,Primera clase,80356.22,9746.53,Sí,252185,8531,3,Web
22245,F,Tolima,27,Abogado,5,Ejecutiva,3859.65,726.18,No,0,11136,10,App
22249,F,Salta,60,Médico,19,Ejecutiva,9616.98,1616.93,No,0,11090,4,Aeropuerto
22252,F,CABA,31,Ejecutivo,75,Económica,8280.72,1854.8,Sí,72399,11539,13,App
22256,F,Entre Ríos,45,Empresario,44,Ejecutiva,20704.55,1297.5,Sí,62578,6978,54,App
22294,M,Córdoba,37,Ejecutivo,60,Ejecutiva,32242.53,4752.67,Sí,137520,2198,19,Web
22317,M,Entre Ríos,43,Ejecutivo,65,Ejecutiva,42146.08,5572.4,No,0,4929,12,Agencia
22361,No binario,Salta,32,Ejecutivo,53,Ejecutiva,24869.87,4093.01,No,0,4415,8,Web
22371,F,Valle del Cauca,48,Arquitecto,20,Primera clase,34528.5,8121.42,Sí,88992,8018,23,Web
22374,M,Tucumán,37,Médico,27,Primera clase,43946.88,4853.62,No,0,4658,13,Agencia
22384,M,Nariño,44,Ejecutivo,24,Primera clase,36700.64,8168.51,No,0,6638,7,Web
22400,M,Bolívar,35,Ejecutivo,70,Ejecutiva,55353.57,12423.33,Sí,121046,10241,1,Web
22409,M,CABA,50,Ejecutivo,74,Ejecutiva,37999.85,3742.75,Sí,88579,7634,1,Web
22420,M,Buenos Aires,46,Empresario,36,Ejecutiva,8473.18,1451.03,No,0,10749,12,Web
22424,M,Cundinamarca,25,Empresario,34,Ejecutiva,23897.03,5072.68,No,0,29611,32,Web
22426,F,CABA,60,Empresario,18,Económica,6801.84,1278.73,Sí,6514,48193,39,App
22436,M,Antioquia,40,Profesional independiente,23,Ejecutiva,10751.21,1247.88,No,0,8451,7,Agencia
22449,M,Córdoba,31,Empresario,20,Primera clase,42910.54,3016.88,No,0,4270,0,App
22455,F,Misiones,29,Abogado,14,Primera clase,24991.34,1214.88,No,0,5388,5,Web
22504,M,Minas Gerais,46,Empresario,44,Ejecutiva,36376.78,4797.75,No,0,5747,10,Agencia
22530,M,Antioquia,44,Arquitecto,1,Ejecutiva,458.03,81.99,No,0,8633,103,App
22538,F,Santander,54,Ejecutivo,48,Ejecutiva,28397.09,5344.83,Sí,47491,5909,0,Agencia
22541,F,Tucumán,60,Empresario,57,Ejecutiva,49946.03,7429.65,Sí,75451,8889,8,Web
22546,No binario,Chaco,46,Empresario,34,Ejecutiva,9351.76,505.34,Sí,54519,4817,1,Aeropuerto
22557,F,São Paulo,38,Ejecutivo,70,Ejecutiva,31399.44,6723.8,Sí,134894,8947,11,Aeropuerto
22559,F,Bahia,39,Ejecutivo,39,Ejecutiva,21162.91,5016.76,Sí,48409,5497,23,Aeropuerto
22570,F,Mendoza,29,Ejecutivo,19,Ejecutiva,15439.51,1844.02,Sí,49504,6394,2,Web
22571,M,Salta,50,Profesional independiente,10,Primera clase,6143.09,1098.67,Sí,37417,11510,11,App
22575,F,Bolívar,40,Ejecutivo,63,Ejecutiva,33666.77,4230.99,Sí,99533,9740,0,Web
22583,M,Panamá,53,Empresario,29,Primera clase,44855.9,9809.82,No,0,31408,9,Aeropuerto
22592,M,Veraguas,31,Empresario,32,Primera clase,63419.43,5062.32,No,0,8584,13,Web
22593,M,Tolima,27,Empresario,27,Ejecutiva,16689.82,3247.43,No,0,17542,21,App
22600,F,Rio Grande do Sul,52,Ejecutivo,74,Ejecutiva,34060.26,4211.86,No,0,4249,18,Web
22602,F,Veraguas,30,Empresario,59,Ejecutiva,38696.77,3743.04,Sí,142601,8632,5,Web
22611,F,Chaco,42,Empresario,51,Ejecutiva,25534.44,1711.25,No,0,8075,7,App
22620,M,Buenos Aires,44,Ejecutivo,55,Económica,16116.37,1384.3,Sí,42388,1429,21,App
22626,F,Chaco,37,Ejecutivo,22,Ejecutiva,11717.07,2714.04,Sí,56247,4343,4,App
22628,F,Mendoza,50,Empresario,29,Ejecutiva,8984.35,1415.91,Sí,78407,12122,12,Agencia
22631,F,Colón,46,Médico,10,Ejecutiva,2796.69,638.21,No,0,8902,25,Web
22638,M,Salta,41,Deportista,83,Económica,13871.66,1468.07,Sí,64217,300,7,Web
22648,M,Rio de Janeiro,44,Médico,7,Ejecutiva,5564.07,740.81,No,0,8527,29,App
22677,F,Misiones,43,Empresario,33,Ejecutiva,13191.66,1948.44,Sí,84005,55405,37,Web
22678,M,Mendoza,41,Ejecutivo,28,Ejecutiva,12247.22,1313.27,No,0,12194,18,Agencia
22679,M,Buenos Aires,51,Ejecutivo,58,Ejecutiva,25493.6,5487.57,No,0,8807,33,App
22680,F,Herrera,41,Empresario,48,Ejecutiva,32027.19,6412.56,Sí,86536,2685,50,App
22699,F,Paraná,40,Deportista,78,Ejecutiva,33300.89,6561.84,Sí,178643,10504,0,Aeropuerto
22706,No binario,Tucumán,39,Médico,22,Ejecutiva,11088.32,2547.66,Sí,30516,10980,44,Web
22716,M,Cundinamarca,33,Empleado,19,Ejecutiva,8929.57,924.42,Sí,40495,1644,9,App
22724,F,Chaco,51,Deportista,88,Económica,17416.75,3942.96,Sí,72500,4594,2,Web
22737,F,Nariño,44,Deportista,59,Ejecutiva,34774.53,6209.92,No,0,13059,3,App
22745,F,Misiones,41,Ejecutivo,50,Ejecutiva,16557.81,3684.38,Sí,110576,2689,7,Web
22746,F,Veraguas,39,Médico,14,Económica,2427.03,408.95,No,0,12801,0,Web
22798,F,Veraguas,42,Ejecutivo,76,Ejecutiva,38458.5,1737.85,No,0,6054,5,Web
22807,M,Mendoza,52,Deportista,45,Ejecutiva,15675.08,2544.82,Sí,44860,2365,24,App
22817,M,Misiones,42,Ejecutivo,41,Primera clase,58886.62,14485.25,Sí,217189,7536,29,Web
22839,F,Tucumán,33,Ejecutivo,74,Económica,25563.49,5473.43,No,0,5082,2,Web
22843,F,Valle del Cauca,36,Ejecutivo,66,Primera clase,77454.55,5758.7,No,0,8363,8,Web
22850,M,Tucumán,30,Empresario,45,Primera clase,43213.4,3929.9,No,0,8278,59,Agencia
22866,M,Misiones,39,Ejecutivo,33,Ejecutiva,18735.79,2412.73,No,0,8438,17,Web
22870,F,Buenos Aires,41,Ejecutivo,66,Económica,11955.63,813.44,Sí,72628,5233,11,Agencia
22897,M,São Paulo,24,Ejecutivo,22,Ejecutiva,15706.9,2702.5,No,0,9646,11,Web
22902,F,Buenos Aires,32,Abogado,14,Ejecutiva,10351.49,1048.24,No,0,9062,26,Web
22907,F,São Paulo,41,Médico,19,Ejecutiva,12130.94,1995.73,Sí,37406,14656,3,Web
22927,M,Santander,35,Ejecutivo,48,Ejecutiva,17413.43,1611.4,Sí,54918,4486,14,App
22928,F,Tolima,56,Médico,14,Ejecutiva,7421.5,597.36,Sí,24583,14027,47,Web
22937,M,Córdoba,49,Deportista,27,Primera clase,45512.75,5235.22,Sí,50010,7592,48,Web
22950,F,Antioquia,51,Empresario,22,Ejecutiva,6876.48,862.38,No,0,10208,2,App
22960,F,Entre Ríos,37,Deportista,94,Ejecutiva,50162.0,10896.99,Sí,225615,2959,19,Web
22961,F,Tolima,52,Ejecutivo,75,Ejecutiva,45070.04,6845.96,Sí,178071,4795,0,Web
22962,F,Salta,40,Empresario,55,Económica,11651.57,1603.89,Sí,42397,2737,5,Aeropuerto
22963,F,Salta,27,Comerciante,23,Primera clase,45467.42,9098.43,No,0,5012,14,App
22977,M,Salta,38,Profesional independiente,24,Primera clase,41799.88,9502.53,No,0,6960,5,Web
22979,F,Tucumán,59,Ejecutivo,28,Primera clase,48344.66,3575.61,No,0,13297,23,Agencia
22980,M,Nariño,24,Empresario,23,Económica,5467.72,800.81,No,0,11545,18,App
22989,F,Buenos Aires,36,Empresario,53,Económica,17600.08,4178.4,Sí,42549,10275,89,Web
22991,M,Mendoza,35,Médico,16,Económica,4112.09,535.5,No,0,8669,48,Web
23011,F,Entre Ríos,42,Ejecutivo,75,Ejecutiva,54263.37,8320.48,Sí,156556,12253,32,Agencia
23014,F,Salta,40,Abogado,24,Ejecutiva,20411.94,2594.03,Sí,59653,8033,10,Aeropuerto
23018,M,Nariño,31,Ejecutivo,40,Ejecutiva,18247.23,1500.58,Sí,88508,4524,26,App
23020,M,Chaco,26,Ejecutivo,68,Económica,24909.96,3049.23,Sí,57356,3857,5,Agencia
23042,F,Entre Ríos,59,Empresario,53,Ejecutiva,29476.94,6361.13,Sí,95935,15616,36,Aeropuerto
23054,M,Herrera,33,Empresario,25,Ejecutiva,14971.14,3433.15,No,0,9517,25,Agencia
23056,F,Entre Ríos,36,Empresario,57,Ejecutiva,19695.73,2201.8,Sí,148652,7948,14,App
23059,F,Antioquia,45,Empresario,25,Ejecutiva,6082.34,1172.58,No,0,9193,9,App
23069,M,Minas Gerais,37,Empresario,52,Ejecutiva,19332.16,1471.4,Sí,53886,6412,11,App
23071,F,Córdoba,52,Médico,10,Ejecutiva,3396.54,827.83,Sí,12949,8607,24,Web
23103,M,Rio Grande do Sul,38,Empresario,52,Ejecutiva,26046.45,2466.31,Sí,49785,4276,21,Agencia
23127,M,Atlántico,41,Profesional independiente,21,Primera clase,37425.83,4116.69,No,0,5210,8,Web
23130,M,Bahia,31,Ejecutivo,28,Primera clase,36405.16,3937.98,Sí,69281,4132,9,Web
23141,M,Santa Fe,37,Ejecutivo,77,Ejecutiva,65394.09,3378.49,No,0,5378,2,Web
23146,F,Tucumán,41,Deportista,49,Primera clase,105074.62,4295.55,No,0,17674,13,Web
23158,M,Valle del Cauca,38,Empresario,16,Económica,4696.94,987.82,No,0,18151,13,Agencia
23168,M,Bahia,45,Médico,21,Primera clase,17978.71,3774.78,No,0,8351,11,Web
23178,M,Paraná,45,Docente,24,Ejecutiva,14902.13,3636.0,Sí,59711,1371,24,Web
23187,F,Chaco,45,Deportista,94,Económica,12313.55,675.5,Sí,83825,3063,18,Web
23204,M,Córdoba,25,Empresario,59,Ejecutiva,17306.46,3438.1,No,0,15482,15,App
23213,M,Atlántico,29,Ejecutivo,20,Ejecutiva,8904.51,759.14,Sí,49290,6285,11,Web
23214,F,Minas Gerais,49,Deportista,44,Ejecutiva,30218.04,3635.04,No,0,3813,28,Web
23242,F,Misiones,33,Empresario,25,Económica,6025.85,1381.61,Sí,23305,10813,3,Agencia
23248,F,CABA,41,Ejecutivo,73,Ejecutiva,35767.98,6149.0,Sí,125932,11764,3,Web
23255,F,São Paulo,36,Empresario,53,Ejecutiva,29225.93,6701.03,No,0,11058,7,Web
23262,M,Chaco,40,Médico,24,Ejecutiva,16164.93,3817.75,Sí,43854,6908,62,Web
23266,F,Colón,43,Empresario,43,Económica,12936.35,3047.16,Sí,47942,1225,25,Web
23271,F,CABA,51,Empresario,28,Primera clase,42759.56,6981.67,Sí,82126,11032,31,Web
23278,F,Chaco,49,Ejecutivo,74,Económica,20290.24,2751.11,Sí,56487,4530,6,App
23280,M,Paraná,51,Deportista,24,Primera clase,29984.15,6900.94,Sí,132480,5182,3,Web
23330,F,Buenos Aires,34,Ejecutivo,67,Primera clase,79600.06,8769.06,No,0,4606,23,Agencia
23347,F,Mendoza,32,Ejecutivo,52,Ejecutiva,28899.41,7025.58,No,0,8830,4,Web
23352,F,Chaco,38,Ejecutivo,63,Ejecutiva,36573.21,6070.98,No,0,9847,5,Aeropuerto
23353,F,Cundinamarca,43,Empresario,58,Ejecutiva,35708.4,3238.45,No,0,14750,39,Web
23356,F,Entre Ríos,45,Empresario,53,Primera clase,38749.93,8204.23,No,0,11233,13,App
23377,F,Bolívar,44,Médico,29,Ejecutiva,15792.28,1468.11,Sí,74906,6141,29,App
23380,M,Misiones,31,Médico,23,Primera clase,42228.63,8399.04,No,0,7306,3,Agencia
23383,M,Chiriquí,53,Médico,8,Ejecutiva,3835.03,701.66,Sí,7140,9728,21,Web
23386,F,Nariño,35,Ejecutivo,56,Ejecutiva,17810.47,1190.67,Sí,147365,5550,7,Web
23403,F,Chiriquí,34,Deportista,53,Económica,12376.84,2583.84,Sí,17635,13483,40,Web
23406,F,Chaco,28,Médico,13,Económica,1795.72,425.68,Sí,8336,12203,7,Web
23409,F,Buenos Aires,50,Ejecutivo,38,Ejecutiva,20222.3,4692.98,No,0,11235,0,Agencia
23418,F,Tolima,32,Ejecutivo,39,Ejecutiva,27125.95,6290.32,Sí,53076,4142,5,Web
23421,M,Buenos Aires,30,Ejecutivo,69,Ejecutiva,25285.82,4150.67,Sí,101908,7542,5,Web
23422,F,Santa Fe,62,Empresario,37,Ejecutiva,13451.12,3129.74,Sí,67329,7744,0,Aeropuerto
23458,M,Salta,30,Médico,23,Primera clase,35957.45,2897.09,Sí,112370,8597,6,Aeropuerto
23468,M,Entre Ríos,27,Empresario,57,Económica,7796.21,981.17,Sí,58741,1875,15,Web
23471,F,Cundinamarca,44,Empresario,42,Ejecutiva,13882.07,2762.53,Sí,87247,6855,29,Aeropuerto
23479,M,Rio de Janeiro,42,Médico,27,Primera clase,43758.38,10197.88,No,0,12972,18,Web
23490,M,Santander,44,Profesional independiente,15,Ejecutiva,8974.29,1658.31,No,0,13606,18,Agencia
23501,M,Buenos Aires,41,Profesional independiente,21,Ejecutiva,5793.35,290.68,Sí,38946,1511,23,Web
23507,M,Pernambuco,48,Ejecutivo,73,Económica,7555.31,1071.98,Sí,39086,8468,15,Web
23509,M,Chaco,43,Empresario,47,Ejecutiva,38138.56,7557.26,No,0,7115,38,App
23520,M,Misiones,37,Empresario,31,Ejecutiva,9004.5,1232.12,No,0,20466,2,Aeropuerto
23524,M,Santander,33,Ejecutivo,42,Ejecutiva,21083.55,1658.14,No,0,14336,9,Web
23527,M,São Paulo,50,Médico,28,Primera clase,63595.0,4587.73,No,0,9735,14,Web
23539,F,Chiriquí,43,Docente,22,Ejecutiva,10986.01,627.33,Sí,59523,1275,4,App
23542,M,Antioquia,48,Ejecutivo,78,Económica,26735.39,4600.6,Sí,83413,4949,5,App
23546,M,Entre Ríos,29,Deportista,75,Ejecutiva,37106.3,6412.39,No,0,1631,10,App
23552,M,Panamá,44,Deportista,88,Económica,28524.8,2208.52,Sí,69091,3005,2,Aeropuerto
23557,M,CABA,33,Ejecutivo,66,Ejecutiva,32497.09,3450.36,Sí,141276,4867,1,Aeropuerto
23569,F,Los Santos,33,Ejecutivo,29,Ejecutiva,13468.42,1253.31,No,0,21577,13,App
23571,F,Minas Gerais,32,Ejecutivo,45,Ejecutiva,30997.08,3167.72,No,0,8256,1,Agencia
23573,M,Tucumán,42,Ejecutivo,24,Económica,2461.54,192.19,Sí,19672,9565,6,Web
23579,F,Panamá,48,Empresario,19,Primera clase,10702.71,441.31,Sí,73083,6780,0,App
23593,M,CABA,28,Deportista,94,Ejecutiva,33840.25,1398.18,Sí,220704,1518,11,Web
23609,F,Bahia,44,Abogado,22,Ejecutiva,7845.63,465.5,Sí,45598,5394,17,App
23626,F,Mendoza,34,Médico,24,Ejecutiva,19473.85,1498.2,No,0,9398,20,App
23627,M,Mendoza,35,Ejecutivo,73,Económica,7168.08,1249.91,Sí,58360,2871,10,Web
23628,M,Antioquia,32,Empresario,30,Primera clase,40842.42,7901.91,Sí,130825,7854,31,Web
23644,F,Entre Ríos,45,Abogado,23,Primera clase,39075.65,5511.45,Sí,80678,5656,6,App
23663,M,Atlántico,44,Deportista,85,Económica,16118.55,2564.04,Sí,53442,2841,13,App
23665,F,CABA,40,Ejecutivo,31,Ejecutiva,19724.12,1411.35,Sí,46899,2697,17,Agencia
23671,No binario,Bahia,47,Abogado,4,Primera clase,3954.43,926.6,No,0,13049,62,Aeropuerto
23672,M,Santander,36,Ejecutivo,26,Ejecutiva,16471.82,1115.16,No,0,8968,9,App
23682,F,Colón,24,Ejecutivo,60,Ejecutiva,30134.97,3285.71,Sí,90371,7425,18,Web
23687,F,Salta,50,Ejecutivo,32,Primera clase,58221.31,3458.99,Sí,88318,6065,3,App
23706,F,Mendoza,29,Médico,11,Ejecutiva,2980.55,224.39,Sí,15377,9416,7,App
23712,F,Mendoza,28,Empresario,17,Ejecutiva,6964.17,316.73,Sí,42193,12262,66,App
23746,F,Salta,45,Empresario,54,Ejecutiva,42673.9,2357.22,Sí,80586,1284,47,Agencia
23748,F,Santander,25,Deportista,57,Económica,16994.18,3077.57,Sí,45660,337,6,Web
23765,M,Santander,45,Ejecutivo,74,Ejecutiva,28206.81,4398.15,Sí,142029,7380,2,Web
23766,M,São Paulo,37,Deportista,87,Económica,19492.28,3439.19,Sí,79320,1372,9,Agencia
23772,M,CABA,29,Deportista,65,Ejecutiva,58126.42,9461.59,Sí,53305,5110,20,App
23793,M,Atlántico,46,Médico,12,Primera clase,29923.42,6560.66,No,0,5645,4,App
23800,M,Bolívar,31,Empresario,58,Económica,18070.24,1870.24,Sí,29882,15002,7,App
23810,M,Minas Gerais,30,Abogado,13,Ejecutiva,5905.92,1361.55,No,0,11797,23,App
23818,F,Santander,34,Empresario,52,Primera clase,68889.7,11236.87,No,0,6333,34,Agencia
23824,M,Entre Ríos,40,Empresario,40,Ejecutiva,12108.13,2925.52,Sí,87687,12966,73,Aeropuerto
23857,M,Bolívar,40,Ejecutivo,17,Ejecutiva,9151.31,1071.1,Sí,33660,9900,1,Aeropuerto
23861,F,Cundinamarca,56,Empresario,40,Primera clase,25044.77,3750.9,Sí,152890,16516,27,Agencia
23863,F,Los Santos,32,Ejecutivo,51,Ejecutiva,35043.42,7428.05,No,0,5198,0,Agencia
23872,M,Santander,44,Ingeniero,23,Ejecutiva,10790.01,1250.79,Sí,55466,7136,6,Web
23879,M,Misiones,46,Empresario,35,Ejecutiva,17542.36,2686.57,Sí,42437,10028,0,App
23897,M,Mendoza,37,Profesional independiente,24,Primera clase,22683.75,3824.18,No,0,8457,0,Web
23927,F,Atlántico,53,Ejecutivo,38,Primera clase,91567.55,20391.27,Sí,80520,10720,0,Web
23928,M,Santander,43,Abogado,5,Ejecutiva,1641.39,319.59,No,0,8709,1,App
23945,M,Tucumán,52,Ejecutivo,48,Ejecutiva,32163.79,7050.15,No,0,3811,6,Web
23949,F,Chaco,39,Deportista,89,Primera clase,190482.83,24329.21,Sí,195149,28612,0,Agencia
23956,M,Herrera,43,Deportista,81,Económica,24063.65,4952.43,Sí,92978,1068,31,Agencia
23961,F,Entre Ríos,50,Ejecutivo,36,Económica,8558.25,2035.79,Sí,34129,11341,5,Web
23963,F,CABA,40,Empresario,55,Primera clase,64594.66,15205.02,Sí,196984,12520,10,App
23977,M,Nariño,26,Ejecutivo,24,Primera clase,24365.64,3761.59,No,0,8571,11,Web
23991,M,Bolívar,44,Ingeniero,24,Primera clase,36530.6,4799.75,No,0,3605,14,App
23999,F,Buenos Aires,27,Empresario,49,Económica,7987.83,1884.28,Sí,20209,9136,30,Web
24004,M,Santander,43,Deportista,57,Primera clase,65729.3,6318.56,No,0,11630,4,Web
24006,M,Santa Fe,45,Deportista,32,Ejecutiva,8436.13,1183.26,No,0,10970,3,App
24016,F,Herrera,32,Ejecutivo,65,Ejecutiva,39776.44,4012.66,No,0,5481,0,App
24030,M,Minas Gerais,59,Abogado,18,Primera clase,21065.05,1289.5,No,0,8453,21,Agencia
24057,F,Buenos Aires,38,Ejecutivo,78,Ejecutiva,24142.59,4666.23,Sí,90441,4317,0,App
24064,F,Chaco,50,Deportista,67,Económica,5423.62,669.15,Sí,52710,714,3,Web
24066,M,Córdoba,42,Abogado,12,Económica,1316.85,160.05,No,0,13423,18,App
24068,M,Tolima,34,Deportista,99,Ejecutiva,78379.31,12567.73,No,0,1306,15,App
24074,F,Misiones,46,Ejecutivo,38,Ejecutiva,32785.17,5257.04,No,0,8632,9,Web
24105,F,Tucumán,34,Médico,25,Ejecutiva,16925.07,2973.24,Sí,65287,3713,30,Aeropuerto
24143,M,Herrera,51,Deportista,49,Económica,7595.95,1233.89,Sí,48777,60811,0,App
24152,M,Valle del Cauca,54,Empresario,52,Ejecutiva,24898.28,4990.78,Sí,61500,1605,25,App
24156,M,Tolima,30,Ejecutivo,62,Ejecutiva,47805.54,10850.15,No,0,3819,20,App
24169,M,Valle del Cauca,38,Abogado,20,Económica,6657.75,1149.57,No,0,8424,5,Web
24172,F,Tolima,31,Empresario,50,Ejecutiva,33567.26,2783.03,Sí,43395,5652,26,App
24178,M,Antioquia,43,Empresario,41,Ejecutiva,35978.48,4494.08,No,0,8192,24,Agencia
24180,F,Santander,43,Empresario,53,Económica,13037.29,1921.45,Sí,49121,5371,0,App
24187,F,Córdoba,52,Deportista,84,Económica,7872.2,1135.22,Sí,51228,1921,6,Web
24190,M,Salta,36,Empresario,10,Primera clase,18765.51,2064.48,Sí,33398,9018,48,App
24197,M,Santa Fe,44,Ejecutivo,53,Ejecutiva,29477.44,7205.28,No,0,4402,1,Web
24209,M,Chaco,50,Empresario,54,Ejecutiva,39225.62,1632.61,No,0,9464,11,Agencia
24218,F,Panamá,57,Empresario,56,Primera clase,78470.09,18130.5,Sí,181029,13225,45,App
24225,F,Entre Ríos,39,Empresario,39,Ejecutiva,13482.02,3276.09,Sí,68711,9946,4,Aeropuerto
24230,F,Santander,37,Deportista,36,Ejecutiva,17464.74,1205.5,Sí,95904,25519,29,Web
24235,M,Valle del Cauca,37,Abogado,23,Primera clase,43501.52,1951.88,No,0,4219,19,Web
24243,M,Tucumán,24,Ejecutivo,16,Primera clase,16235.53,3054.84,Sí,64709,5559,9,App
24252,M,Tucumán,36,Empresario,20,Primera clase,36085.44,2682.58,Sí,51317,6113,7,App
24254,F,Buenos Aires,47,Empresario,52,Primera clase,83487.44,15374.48,No,0,19628,22,Agencia
24262,M,Misiones,45,Ejecutivo,46,Económica,5505.36,695.01,Sí,45459,2662,7,Agencia
24268,M,Salta,32,Empresario,25,Ejecutiva,17390.18,2938.11,Sí,28181,31307,23,Aeropuerto
24270,F,Atlántico,27,Profesional independiente,2,Primera clase,2828.65,464.31,No,0,8590,6,App
24272,F,Minas Gerais,42,Ejecutivo,61,Ejecutiva,43182.73,4190.31,No,0,4882,0,App
24280,F,Mendoza,20,Otro,23,Primera clase,34982.01,4807.28,No,0,6802,10,App
24285,M,Pernambuco,46,Ejecutivo,49,Ejecutiva,30743.25,6302.65,Sí,45251,7667,5,Web
24301,M,Nariño,36,Ejecutivo,55,Primera clase,61921.92,4088.04,Sí,104498,18711,24,Web
24305,M,Los Santos,55,Comerciante,24,Ejecutiva,12373.21,2418.44,Sí,59606,4515,10,Agencia
24307,M,Rio de Janeiro,38,Empresario,42,Ejecutiva,14780.63,1804.44,Sí,67515,5654,30,Web
24316,M,Mendoza,32,Ejecutivo,22,Primera clase,17150.36,3341.24,No,0,10977,8,App
24317,F,Veraguas,62,Abogado,2,Ejecutiva,1346.96,60.43,No,0,12621,1,Web
24347,M,Córdoba,32,Ejecutivo,24,Ejecutiva,11543.97,1823.49,Sí,52253,6992,23,Aeropuerto
24366,M,Cundinamarca,47,Deportista,51,Ejecutiva,30748.62,6917.76,Sí,87106,1697,5,App
24368,F,Herrera,29,Empresario,50,Primera clase,112517.44,13123.35,Sí,191161,17762,7,App
24369,M,Minas Gerais,52,Empresario,49,Primera clase,73612.18,10540.02,Sí,136954,12607,5,App
24391,M,Misiones,30,Ejecutivo,74,Económica,15567.69,2319.88,Sí,85709,7872,9,Web
24399,F,Minas Gerais,56,Empresario,20,Primera clase,25206.36,2982.24,Sí,50234,8631,1,Agencia
24400,M,Tucumán,47,Médico,27,Primera clase,68060.05,3475.89,No,0,7418,10,Web
24424,F,Bolívar,39,Ejecutivo,63,Ejecutiva,29332.04,4407.87,Sí,132192,3421,24,App
24450,F,Córdoba,35,Empresario,39,Ejecutiva,25260.81,6096.14,Sí,71600,3552,4,App
24457,F,Mendoza,33,Empresario,33,Ejecutiva,14651.69,2625.8,Sí,68696,11073,3,App
24463,F,Chiriquí,45,Abogado,11,Ejecutiva,5039.38,305.0,Sí,22995,8587,6,App
24470,F,Mendoza,34,Empresario,47,Ejecutiva,31258.96,4216.07,Sí,109202,11942,22,Web
24494,F,Bahia,44,Ejecutivo,40,Ejecutiva,12281.64,1643.01,Sí,83907,7940,10,Web
24501,F,Bahia,35,Deportista,82,Ejecutiva,40863.47,6701.61,No,0,4662,4,Web
24502,F,Cundinamarca,39,Empresario,26,Ejecutiva,19036.03,3227.25,Sí,42355,5641,6,App
24510,F,Nariño,44,Abogado,19,Primera clase,24247.94,2216.84,No,0,9964,32,App
24538,M,Buenos Aires,37,Ejecutivo,75,Ejecutiva,34915.14,5763.89,No,0,9834,5,Aeropuerto
24542,M,Tucumán,34,Ejecutivo,36,Ejecutiva,17054.39,981.45,No,0,12504,0,App
24567,F,Rio de Janeiro,31,Contador,24,Ejecutiva,9669.15,665.43,Sí,38990,4513,16,App
24573,F,Bolívar,49,Ejecutivo,59,Primera clase,77506.46,15423.58,No,0,8026,14,Web
24584,F,Veraguas,53,Profesional independiente,5,Primera clase,11023.0,2005.21,No,0,14082,13,Agencia
24592,F,Chaco,41,Empresario,57,Ejecutiva,28488.39,4852.37,Sí,139600,5188,33,App
24596,F,Paraná,42,Deportista,88,Ejecutiva,27841.56,6249.28,Sí,161936,8042,81,App
24599,F,Mendoza,51,Empresario,58,Ejecutiva,47410.51,11385.03,Sí,71233,4902,14,App
24601,M,Nariño,38,Empresario,13,Ejecutiva,7957.02,1244.98,No,0,10440,2,App
24611,F,Misiones,25,Ingeniero,15,Primera clase,28860.96,4356.97,No,0,3544,9,Web
24619,F,Chaco,28,Arquitecto,12,Primera clase,18944.23,4094.57,Sí,47285,3740,22,App
24663,M,Tucumán,35,Empleado,23,Ejecutiva,11470.98,970.62,Sí,45434,1163,7,Web
24669,F,Santa Fe,38,Empresario,49,Económica,7306.61,1122.71,Sí,38213,9512,13,App
24679,F,Panamá,30,Deportista,56,Ejecutiva,31811.67,5730.64,No,0,11017,48,Web
24687,M,Salta,28,Empresario,13,Ejecutiva,4477.99,336.87,Sí,15475,12911,15,Web
24697,M,Atlántico,36,Ejecutivo,23,Primera clase,16956.56,4135.93,No,0,9131,0,Web
24715,M,Chiriquí,29,Ejecutivo,16,Primera clase,17994.66,4423.2,Sí,52677,8851,1,Agencia
24727,M,Panamá,25,Ejecutivo,51,Ejecutiva,32956.49,7176.65,Sí,87720,6717,15,Web
24732,M,Córdoba,52,Deportista,55,Ejecutiva,35865.56,5177.67,No,0,10960,38,App
24743,M,Cundinamarca,50,Ejecutivo,52,Ejecutiva,43124.0,5524.35,Sí,48463,6324,29,Agencia
24744,F,Cundinamarca,42,Ejecutivo,77,Ejecutiva,50211.59,5374.56,No,0,4157,11,App
24755,F,Antioquia,40,Médico,26,Económica,3767.43,806.4,Sí,24224,9424,10,Agencia
24757,F,Santa Fe,61,Ejecutivo,75,Ejecutiva,33992.1,6996.91,Sí,107192,4612,16,Web
24763,F,Bolívar,38,Ejecutivo,28,Ejecutiva,11315.66,2224.63,Sí,50203,5086,26,Web
24765,F,Santa Fe,36,Médico,29,Primera clase,30769.23,6071.7,No,0,9480,18,Web
24772,M,São Paulo,53,Empresario,58,Primera clase,101302.05,23937.61,Sí,113829,7285,45,App
24773,F,Antioquia,30,Empresario,46,Ejecutiva,22575.52,4581.87,No,0,17020,1,App
24789,F,Antioquia,25,Abogado,18,Ejecutiva,8140.4,1017.74,No,0,9744,21,Web
24798,F,Atlántico,33,Ejecutivo,70,Primera clase,136643.07,18164.67,Sí,241225,3974,33,Agencia
24812,F,Córdoba,42,Empresario,45,Primera clase,87252.84,9186.14,Sí,109958,13867,28,Agencia
24816,F,Tucumán,28,Empresario,30,Económica,2551.41,542.63,No,0,18038,5,App
24817,F,Santander,26,Ejecutivo,58,Ejecutiva,23288.06,2750.44,Sí,53762,6526,16,Web
24821,F,Entre Ríos,34,Deportista,96,Económica,14932.52,2335.22,Sí,64648,2172,17,Web
24822,M,Chaco,38,Ejecutivo,45,Ejecutiva,28595.5,1909.63,No,0,4766,0,Web
24826,M,Chaco,47,Empresario,59,Ejecutiva,43112.92,10335.94,No,0,4620,50,Web
24830,M,Tucumán,37,Ejecutivo,70,Ejecutiva,25771.75,5535.31,Sí,148443,8038,3,App
24844,M,Valle del Cauca,38,Deportista,99,Económica,19734.72,1029.5,Sí,87734,1194,8,Agencia
24869,M,Pernambuco,52,Abogado,23,Primera clase,39853.68,6303.04,No,0,4088,17,Web
24872,F,Minas Gerais,25,Ejecutivo,78,Económica,18965.16,2398.55,Sí,53015,3621,5,App
24879,F,Córdoba,35,Médico,26,Ejecutiva,8300.99,549.24,Sí,57168,5361,3,Web
24890,F,Santander,40,Deportista,96,Económica,26296.22,3062.97,Sí,81057,1198,3,Web
24893,M,Bahia,48,Ejecutivo,56,Económica,16027.57,823.55,Sí,57584,6002,4,App
24900,M,Bolívar,38,Abogado,24,Ejecutiva,14110.38,3462.22,Sí,52002,4227,2,Web
24919,F,Panamá,24,Empresario,53,Económica,16229.62,3829.79,No,0,10246,5,App
24924,F,Tucumán,26,Empresario,54,Económica,16470.46,2343.67,Sí,52164,1892,5,Web
24933,M,Nariño,36,Ejecutivo,22,Primera clase,45570.68,2677.68,No,0,3711,13,App
24934,F,Salta,39,Ejecutivo,25,Primera clase,46086.76,2266.11,No,0,10292,3,Web
24938,M,Los Santos,46,Abogado,18,Ejecutiva,8116.24,1193.57,Sí,39727,4363,36,Web
24940,M,Mendoza,37,Empresario,38,Económica,4705.29,986.73,Sí,39834,1894,21,App
24957,F,Mendoza,44,Médico,18,Ejecutiva,11300.79,1680.2,Sí,43875,5249,9,App
24981,F,CABA,41,Ejecutivo,61,Económica,18291.54,940.24,Sí,40609,5962,2,App
25016,F,Antioquia,41,Profesional independiente,18,Ejecutiva,6580.02,309.83,No,0,8501,36,App
25035,M,Tucumán,42,Deportista,35,Primera clase,57721.92,9540.34,Sí,172817,8404,23,Web
25039,F,Atlántico,37,Deportista,90,Ejecutiva,64840.4,11112.23,Sí,201947,44926,10,Web
25045,F,Veraguas,32,Ejecutivo,19,Primera clase,39576.12,7413.92,No,0,7399,1,Web
25049,F,Misiones,34,Empresario,55,Ejecutiva,32592.9,7261.28,No,0,8610,26,App
25050,M,Santander,42,Empresario,22,Ejecutiva,9660.66,1659.34,Sí,21486,16539,13,Web
25061,M,Tucumán,42,Ejecutivo,64,Primera clase,147806.27,21471.9,No,0,4040,2,App
25078,F,Veraguas,34,Empresario,44,Primera clase,29254.72,6289.53,No,0,7771,3,App
25084,F,Córdoba,42,Empresario,40,Ejecutiva,8964.85,1285.38,Sí,86476,6072,19,App
25095,F,Bolívar,27,Empresario,43,Ejecutiva,19676.5,3057.58,Sí,53811,4127,20,Web
25110,F,Tolima,18,Otro,22,Ejecutiva,6589.5,1104.73,Sí,41724,3762,6,App
25116,M,Antioquia,36,Profesional independiente,22,Ejecutiva,6778.32,769.22,Sí,53242,8116,6,Agencia
25123,M,São Paulo,39,Empresario,31,Primera clase,24890.27,4773.03,Sí,50334,45716,4,App
25133,M,Rio de Janeiro,32,Empresario,12,Ejecutiva,5256.18,425.96,No,0,9452,2,Agencia
25136,M,Pernambuco,46,Deportista,64,Económica,8389.85,813.43,Sí,53731,1621,58,Aeropuerto
25140,M,Entre Ríos,40,Abogado,23,Ejecutiva,9247.55,1258.17,Sí,37193,11418,8,App
25163,F,Mendoza,41,Empresario,43,Económica,5892.64,653.19,Sí,13684,17197,2,Agencia
25170,F,Salta,27,Empresario,14,Ejecutiva,11857.9,2501.96,No,0,29658,21,App
25194,M,Santa Fe,35,Abogado,12,Ejecutiva,9094.03,2149.49,No,0,9873,41,App
25208,M,Chaco,47,Ejecutivo,53,Económica,8707.85,1925.22,Sí,43724,8057,15,App
25212,F,Panamá,33,Deportista,91,Ejecutiva,33922.87,6298.91,No,0,5863,3,Web
25214,M,Bolívar,33,Empresario,21,Ejecutiva,13231.2,2142.77,Sí,48573,3471,0,Agencia
25215,F,São Paulo,58,Médico,10,Ejecutiva,3721.41,240.43,No,0,9245,22,Web
25223,M,Herrera,52,Ejecutivo,49,Primera clase,117339.6,13557.42,No,0,9652,0,Aeropuerto
25230,M,Cundinamarca,29,Ejecutivo,73,Ejecutiva,34846.87,8568.06,No,0,7132,9,App
25233,M,Córdoba,54,Ejecutivo,59,Primera clase,54905.48,4374.6,Sí,195000,7240,7,Web
25243,F,Tucumán,29,Deportista,67,Económica,6785.58,822.41,Sí,59925,2317,18,App
25249,F,Rio Grande do Sul,46,Ejecutivo,49,Ejecutiva,30902.07,2135.76,No,0,10348,2,App
25266,F,Veraguas,31,Ejecutivo,27,Primera clase,34969.52,4589.6,No,0,8253,2,App
25275,F,Tucumán,36,Ejecutivo,78,Primera clase,45988.54,3319.53,Sí,248519,5982,0,Web
25279,M,Antioquia,56,Ejecutivo,69,Primera clase,141141.44,19486.76,No,0,8324,6,Aeropuerto
25308,F,Atlántico,26,Médico,21,Primera clase,51757.1,7199.93,No,0,6271,4,Web
25352,M,Córdoba,46,Empresario,48,Ejecutiva,38818.42,6827.02,Sí,112377,11923,0,App
25365,F,Entre Ríos,59,Ejecutivo,64,Económica,19563.96,2441.59,Sí,59291,5623,1,Web
25369,F,Antioquia,36,Ejecutivo,78,Económica,14001.96,1234.23,Sí,80197,4034,4,App
25370,M,Entre Ríos,45,Contador,14,Primera clase,21530.79,4313.96,Sí,75742,3537,0,Web
25385,F,Misiones,24,Médico,7,Ejecutiva,5301.48,609.1,No,0,8594,18,Web
25400,M,Rio Grande do Sul,26,Deportista,55,Ejecutiva,29606.56,7243.6,Sí,81112,13276,8,App
25405,M,Chaco,40,Médico,5,Ejecutiva,3287.05,273.23,Sí,5686,8522,2,Web
25412,M,Buenos Aires,59,Deportista,50,Económica,7827.24,1942.84,Sí,49572,2552,10,Agencia
25426,F,Bolívar,30,Médico,27,Primera clase,38921.23,6033.61,No,0,8128,13,Web
25431,M,Antioquia,28,Empresario,35,Ejecutiva,24944.27,2752.85,Sí,53614,11913,12,Web
25458,F,Los Santos,51,Ingeniero,19,Primera clase,40512.86,4262.32,No,0,4957,3,Aeropuerto
25461,F,Nariño,28,Ejecutivo,61,Económica,11371.6,2241.18,Sí,61829,3354,0,App
25490,F,Salta,29,Empresario,47,Ejecutiva,20521.02,3946.77,Sí,78955,31242,20,Web
25494,F,Chaco,25,Comerciante,16,Primera clase,31555.5,4587.11,No,0,8306,2,App
25499,F,Antioquia,34,Empresario,34,Ejecutiva,23582.24,5623.23,Sí,93172,8498,11,Web
25503,M,Santa Fe,33,Ejecutivo,31,Económica,7630.61,561.47,No,0,14152,5,App
25504,F,Atlántico,52,Deportista,52,Ejecutiva,12832.93,639.7,Sí,86007,433,0,App
25511,F,Córdoba,38,Médico,29,Primera clase,50496.07,5786.8,No,0,5181,6,App
25518,F,Santa Fe,62,Médico,26,Primera clase,54779.26,12634.14,Sí,75071,14549,5,Aeropuerto
25524,M,Mendoza,30,Ejecutivo,15,Ejecutiva,9004.77,1961.84,No,0,8945,13,App
25525,M,Entre Ríos,34,Ejecutivo,62,Económica,5462.56,753.47,Sí,63832,1049,0,Aeropuerto
25572,F,Antioquia,27,Ejecutivo,35,Ejecutiva,25466.05,6060.96,No,0,14159,19,App
25592,M,Santa Fe,28,Deportista,42,Ejecutiva,25573.9,3211.38,No,0,3986,11,Aeropuerto
25609,F,Los Santos,32,Ejecutivo,63,Económica,18168.57,3067.31,No,0,14999,1,Agencia
25614,F,Veraguas,24,Ingeniero,13,Primera clase,24434.96,5153.35,No,0,4464,0,Web
25629,F,Mendoza,35,Ejecutivo,79,Ejecutiva,32680.27,3963.53,Sí,70041,6928,1,Web
25630,F,Los Santos,51,Abogado,4,Primera clase,5630.69,326.03,No,0,13706,10,Web
25661,M,Buenos Aires,38,Ejecutivo,78,Económica,18806.5,2934.95,Sí,51319,6699,6,App
25663,F,Entre Ríos,52,Profesional independiente,23,Ejecutiva,18637.98,2482.41,Sí,53014,1942,3,App
25667,F,Chaco,46,Empresario,45,Primera clase,85957.83,11966.97,No,0,8999,1,Web
25689,F,Nariño,36,Deportista,80,Primera clase,74146.22,9132.81,Sí,337300,8401,12,Agencia
25692,M,Tolima,39,Ejecutivo,36,Ejecutiva,29251.51,6015.98,No,0,5792,2,App
25695,F,Cundinamarca,25,Empresario,53,Ejecutiva,16095.29,2998.8,No,0,13997,36,Web
25696,M,Atlántico,42,Abogado,17,Ejecutiva,12196.91,2852.75,No,0,8750,0,Web
25705,M,São Paulo,40,Ejecutivo,74,Económica,15557.9,801.7,Sí,45062,2523,5,Web
25712,M,Bahia,34,Empresario,45,Ejecutiva,34604.24,7544.3,Sí,68811,9277,26,Aeropuerto
25713,M,Atlántico,32,Ejecutivo,76,Primera clase,110527.83,23173.49,No,0,6693,4,Aeropuerto
25741,F,Paraná,51,Deportista,88,Económica,15897.6,675.14,Sí,71432,763,4,Web
25746,M,Nariño,45,Deportista,57,Primera clase,120045.68,10387.2,No,0,11201,5,Aeropuerto
25769,M,Tolima,34,Empresario,31,Ejecutiva,11020.37,2173.2,No,0,10519,37,App
25795,F,Tucumán,39,Ejecutivo,65,Ejecutiva,38412.85,1559.58,Sí,172183,8530,4,App
25796,M,Antioquia,36,Ejecutivo,76,Ejecutiva,43551.26,5927.29,No,0,6345,3,Aeropuerto
25799,M,Córdoba,36,Ejecutivo,41,Ejecutiva,16327.37,1463.59,Sí,95283,4520,18,Agencia
25807,M,São Paulo,45,Deportista,85,Económica,28302.57,6705.3,Sí,46532,561,28,Agencia
25826,M,Chaco,37,Empresario,32,Primera clase,44832.03,10956.0,Sí,136614,4594,4,Agencia
25829,F,Antioquia,33,Deportista,52,Ejecutiva,29622.09,2141.47,Sí,110806,2606,3,App
25836,F,Salta,31,Empresario,52,Ejecutiva,21501.27,5087.48,Sí,75346,8417,34,Web
25839,F,Pernambuco,30,Ejecutivo,57,Económica,7565.79,860.46,Sí,42717,5802,17,Aeropuerto
25845,M,Córdoba,55,Ejecutivo,70,Ejecutiva,28841.6,4766.21,Sí,75451,5720,1,App
25850,M,Santander,30,Abogado,10,Primera clase,8754.44,1654.24,No,0,18177,24,Aeropuerto
25859,M,Salta,49,Empresario,42,Ejecutiva,31153.8,6145.92,No,0,10415,9,App
25862,F,CABA,34,Deportista,85,Económica,13772.66,2327.54,Sí,57470,1525,5,App
25865,F,Nariño,58,Ejecutivo,37,Ejecutiva,27880.96,6763.43,Sí,34314,8497,23,App
25913,F,Entre Ríos,37,Médico,16,Primera clase,15976.87,1720.35,No,0,9503,11,Agencia
25914,F,Misiones,55,Médico,8,Ejecutiva,3798.69,819.36,No,0,9573,12,Agencia
25936,F,CABA,43,Ejecutivo,69,Ejecutiva,28576.25,5921.06,Sí,172222,5564,46,App
25965,F,Salta,58,Profesional independiente,12,Ejecutiva,6991.68,1033.26,No,0,8951,50,Agencia
25978,M,Herrera,27,Ejecutivo,77,Ejecutiva,49934.05,2882.35,No,0,4094,49,Aeropuerto
25981,M,Misiones,31,Deportista,45,Ejecutiva,28624.91,5741.34,Sí,127023,994,14,App
25985,F,Mendoza,61,Ejecutivo,54,Primera clase,74946.79,8199.28,No,0,9329,4,Web
26002,M,Córdoba,31,Ejecutivo,49,Primera clase,107061.79,16363.89,No,0,11110,2,App
26010,M,Veraguas,31,Empresario,17,Primera clase,32721.21,7655.83,No,0,11457,0,App
26015,F,Pernambuco,33,Ingeniero,5,Ejecutiva,2442.22,320.41,No,0,8687,14,Web
26024,F,Córdoba,29,Empresario,24,Primera clase,33499.38,6027.36,No,0,8992,21,Agencia
26030,F,Antioquia,40,Abogado,18,Primera clase,14029.34,2273.58,Sí,88970,11603,11,Web
26050,M,Tucumán,32,Empresario,15,Ejecutiva,12086.35,2007.32,No,0,9809,20,Web
26062,F,Veraguas,36,Empresario,50,Ejecutiva,25454.82,4589.13,No,0,6192,15,Agencia
26070,F,Antioquia,52,Ejecutivo,60,Ejecutiva,27808.35,2648.91,Sí,46266,14825,5,App
26078,M,Tolima,50,Ejecutivo,74,Económica,27292.27,4742.92,Sí,25296,5270,25,Web
26079,F,Rio de Janeiro,44,Empresario,17,Primera clase,27067.18,5249.75,Sí,49837,16869,5,App
26080,M,Bolívar,27,Ejecutivo,73,Ejecutiva,25439.67,2650.46,Sí,118493,6179,9,App
26089,M,Tucumán,30,Médico,6,Ejecutiva,1900.79,345.18,No,0,8858,0,Web
26091,M,Valle del Cauca,36,Ejecutivo,31,Ejecutiva,16136.25,3504.25,Sí,87311,4926,1,App
26093,F,Santa Fe,27,Abogado,7,Ejecutiva,3113.15,259.1,No,0,8520,25,App
26101,M,Pernambuco,37,Ejecutivo,71,Ejecutiva,59379.05,7518.88,Sí,74185,5530,9,App
26114,F,Rio Grande do Sul,45,Empresario,36,Primera clase,60886.99,9493.36,No,0,5858,12,Agencia
26149,F,Misiones,45,Empresario,36,Ejecutiva,13612.94,2584.21,No,0,10925,2,App
26157,F,CABA,41,Ejecutivo,71,Ejecutiva,31575.33,4813.3,Sí,115239,5315,7,Web
26162,M,Chaco,32,Médico,25,Primera clase,52310.49,9264.73,No,0,7351,11,Web
26181,F,Chaco,46,Empresario,37,Ejecutiva,10788.97,1360.38,Sí,92427,9574,39,Aeropuerto
26187,F,Valle del Cauca,42,Empresario,50,Ejecutiva,29412.49,6715.08,Sí,99283,6759,23,App
26190,F,Tucumán,45,Ejecutivo,70,Económica,16943.86,2483.46,Sí,48610,5176,14,Web
26193,F,Buenos Aires,31,Ejecutivo,59,Económica,8853.77,936.04,Sí,43940,6566,8,App
26203,M,Herrera,42,Ejecutivo,37,Ejecutiva,9812.24,1462.24,Sí,69972,9549,19,Aeropuerto
26206,F,CABA,24,Deportista,80,Económica,12391.34,2857.41,Sí,49320,2467,42,App
26211,F,CABA,44,Empresario,26,Ejecutiva,8281.61,459.4,No,0,11044,34,Web
26226,F,Salta,27,Empresario,17,Primera clase,27925.49,2636.05,No,0,21836,21,Web
26236,F,Chaco,47,Ejecutivo,37,Primera clase,37260.82,8339.3,No,0,12238,0,Agencia
26259,F,Minas Gerais,48,Profesional independiente,24,Ejecutiva,7115.92,701.09,Sí,48701,6166,20,Agencia
26281,M,Herrera,46,Ejecutivo,37,Primera clase,71214.58,15992.59,No,0,5594,7,App
26289,M,Córdoba,34,Médico,22,Ejecutiva,6808.6,443.51,Sí,42461,10572,32,Web
26299,M,Santa Fe,33,Ejecutivo,54,Ejecutiva,26721.51,6514.96,No,0,5647,13,Web
26303,M,Valle del Cauca,28,Empresario,30,Ejecutiva,10548.75,661.04,Sí,59971,4837,0,Web
26311,F,Rio de Janeiro,46,Deportista,55,Ejecutiva,40511.49,7326.83,Sí,126391,5799,4,Agencia
26326,M,Pernambuco,44,Empresario,46,Ejecutiva,29082.08,4919.72,No,0,3940,7,Web
26341,M,Entre Ríos,53,Deportista,55,Ejecutiva,31157.31,6259.52,Sí,52758,817,17,Web
26356,M,Mendoza,43,Empleado,19,Primera clase,49193.96,3926.81,No,0,4776,29,App
26365,F,Misiones,34,Ejecutivo,40,Primera clase,47124.96,3980.49,Sí,174351,14098,28,Web
26374,F,Nariño,24,Ingeniero,23,Ejecutiva,7243.87,527.02,Sí,51372,6230,35,Agencia
26385,F,Córdoba,38,Empresario,55,Ejecutiva,37054.77,2031.35,Sí,128062,5612,62,Web
26388,M,Misiones,30,Empresario,44,Ejecutiva,24724.44,5120.26,No,0,8528,2,App
26396,M,Nariño,34,Ejecutivo,77,Económica,19311.71,4002.42,Sí,84062,11481,0,Web
26402,F,Cundinamarca,32,Médico,29,Primera clase,44070.4,8071.0,No,0,5489,77,Web
26404,M,Tolima,43,Empresario,47,Ejecutiva,21826.01,2926.08,Sí,62929,9505,3,App
26407,F,Minas Gerais,55,Empresario,33,Ejecutiva,20152.69,2707.2,Sí,84790,6776,71,Web
26425,F,Tucumán,42,Médico,9,Ejecutiva,4319.52,325.69,No,0,10473,13,Web
26429,M,CABA,52,Deportista,88,Económica,25923.64,3963.53,Sí,54230,863,9,Web
26430,M,Santander,46,Abogado,12,Primera clase,16161.62,2195.65,No,0,8463,50,App
26433,No binario,Paraná,54,Abogado,13,Primera clase,24681.28,5159.6,Sí,28915,7276,7,Web
26442,F,Atlántico,47,Deportista,79,Económica,22962.93,4772.67,Sí,48153,1722,4,App
26445,M,Veraguas,43,Médico,23,Ejecutiva,11363.27,763.9,Sí,43737,4304,1,Agencia
26480,M,Antioquia,53,Deportista,52,Ejecutiva,36285.85,4864.31,Sí,132248,1383,1,App
26481,M,Misiones,35,Abogado,22,Ejecutiva,10765.98,1568.12,No,0,14571,29,Agencia
26490,M,Córdoba,40,Empresario,17,Primera clase,18576.58,3472.97,No,0,8442,2,App
26492,M,Minas Gerais,36,Empresario,57,Ejecutiva,34773.42,4941.18,Sí,79890,4249,33,App
26495,M,Chaco,37,Ejecutivo,56,Ejecutiva,42715.21,8317.14,No,0,13377,0,Web
26508,F,Veraguas,54,Abogado,6,Ejecutiva,2891.79,209.2,No,0,8485,10,Aeropuerto
26519,F,Atlántico,25,Ejecutivo,55,Económica,7212.88,598.35,No,0,9033,32,Web
26521,M,Buenos Aires,47,Abogado,21,Ejecutiva,7004.79,1110.32,No,0,10352,31,App
26528,F,Bahia,37,Ejecutivo,59,Primera clase,127331.45,30626.34,Sí,277937,10820,3,Web
26529,F,Córdoba,35,Empresario,28,Ejecutiva,17484.32,3687.54,Sí,71515,4067,5,Agencia
26535,M,Entre Ríos,55,Ejecutivo,58,Primera clase,93733.04,8690.56,Sí,195788,7510,21,Agencia
26536,F,Rio de Janeiro,32,Médico,6,Primera clase,10459.5,2341.79,No,0,8557,1,App
26544,F,Santa Fe,38,Deportista,74,Ejecutiva,28708.91,3167.39,Sí,161965,3607,4,Web
26608,F,Córdoba,37,Empresario,36,Ejecutiva,26174.03,5201.07,No,0,6575,1,Agencia
26615,M,Chiriquí,43,Ejecutivo,71,Primera clase,55386.63,13435.43,No,0,8170,8,App
26618,M,Herrera,45,Médico,14,Primera clase,27618.74,1700.57,No,0,11460,91,App
26627,M,Salta,35,Ejecutivo,67,Ejecutiva,20518.38,1038.16,Sí,117689,7084,18,Web
26634,M,Córdoba,37,Empleado,20,Ejecutiva,5530.2,937.84,Sí,43740,1326,16,Web
26647,F,Córdoba,28,Empresario,31,Ejecutiva,7459.64,1370.32,No,0,9901,30,App
26669,M,Santa Fe,33,Empresario,41,Ejecutiva,10702.6,2308.95,No,0,14649,8,App
26671,M,Córdoba,29,Médico,27,Primera clase,34849.64,3695.65,No,0,5989,17,Web
26686,No binario,Bolívar,39,Deportista,84,Económica,12504.97,1804.8,Sí,68496,586,18,App
26692,F,Tucumán,41,Médico,20,Primera clase,46459.1,6066.67,No,0,8350,4,App
26718,F,Entre Ríos,43,Deportista,93,Ejecutiva,53702.25,6390.22,Sí,138505,6261,1,App
26722,F,Chaco,30,Empresario,23,Primera clase,35603.85,3079.53,Sí,53809,23012,7,Web
26731,M,CABA,46,Ingeniero,19,Ejecutiva,9802.15,907.57,No,0,10065,11,Agencia
26746,F,Córdoba,36,Ejecutivo,49,Económica,6931.96,1080.85,Sí,46187,3043,2,Web
26765,F,Santa Fe,39,Empresario,13,Económica,1733.77,243.35,Sí,10660,81940,55,Web
26770,F,Valle del Cauca,33,Médico,21,Ejecutiva,7075.0,755.3,No,0,9221,11,Aeropuerto
26771,F,Entre Ríos,40,Empresario,41,Ejecutiva,27001.47,3437.22,Sí,90613,3991,8,Web
26790,F,Tolima,35,Comerciante,24,Ejecutiva,11617.97,2904.17,Sí,39730,1430,29,App
26800,M,Santa Fe,44,Médico,7,Ejecutiva,2521.34,509.23,No,0,13527,24,App
26803,M,Tolima,37,Ejecutivo,56,Ejecutiva,33030.32,6051.31,Sí,110724,5248,7,App
26808,F,Atlántico,48,Abogado,20,Ejecutiva,14075.29,2729.82,Sí,40600,9997,44,Web
26809,F,Antioquia,34,Deportista,75,Económica,23285.01,2140.14,Sí,57930,1018,20,Agencia
26816,M,Minas Gerais,48,Empresario,17,Primera clase,15523.26,3107.26,Sí,79652,7862,15,App
26818,M,Salta,32,Médico,13,Ejecutiva,9459.55,502.96,Sí,29075,10057,47,Agencia
26820,F,Panamá,42,Deportista,48,Económica,13064.42,2234.03,Sí,39490,2246,3,Aeropuerto
26830,M,Tolima,47,Médico,10,Ejecutiva,3846.89,694.44,Sí,24321,8344,6,Agencia
26854,F,Córdoba,47,Abogado,12,Primera clase,24268.77,4398.6,No,0,9897,3,Web
26861,M,Santa Fe,52,Ejecutivo,59,Ejecutiva,36773.54,6537.9,Sí,99436,9979,0,Web
26874,M,CABA,29,Empresario,30,Ejecutiva,11534.08,2035.7,No,0,9089,26,Web
26894,F,Nariño,30,Empresario,53,Primera clase,36732.31,4084.79,Sí,134943,8652,9,Aeropuerto
26898,M,Antioquia,31,Profesional independiente,19,Ejecutiva,11886.64,2845.21,Sí,41981,4709,8,App
26900,M,Chaco,39,Empleado,23,Ejecutiva,7028.79,561.76,Sí,47487,964,24,Web
26915,M,Tolima,34,Deportista,31,Económica,4367.93,284.67,Sí,13551,9382,38,App
26929,F,Minas Gerais,31,Médico,27,Ejecutiva,20511.59,2978.8,Sí,35820,9124,9,Web
26934,F,Misiones,53,Empresario,49,Primera clase,94358.15,21511.15,No,0,21100,0,Agencia
26947,M,CABA,36,Ejecutivo,31,Ejecutiva,11575.11,1590.79,No,0,8587,1,Agencia
26968,M,Buenos Aires,37,Deportista,85,Ejecutiva,53969.1,5608.88,No,0,4530,7,Agencia
26977,M,Córdoba,45,Deportista,36,Primera clase,66780.23,16544.13,No,0,34652,17,Web
26999,M,Valle del Cauca,36,Ingeniero,23,Primera clase,49825.5,5206.24,No,0,9469,28,Agencia
27047,F,Mendoza,34,Empresario,19,Primera clase,36473.42,8983.94,No,0,7843,6,Aeropuerto
27063,M,Salta,46,Deportista,80,Ejecutiva,48730.09,10506.35,Sí,168794,4242,37,Agencia
27064,F,Valle del Cauca,60,Empresario,32,Ejecutiva,17697.03,1617.95,No,0,11546,1,Aeropuerto
27082,F,Rio Grande do Sul,39,Abogado,14,Ejecutiva,7963.52,564.78,Sí,14280,12290,3,Web
27088,M,Salta,45,Empresario,43,Económica,10138.13,866.52,Sí,42477,5029,35,Web
27100,M,Tucumán,42,Empresario,52,Económica,11781.73,1263.44,Sí,43878,5328,19,App
27101,F,Rio de Janeiro,34,Empresario,36,Ejecutiva,14657.22,2169.27,No,0,8444,9,Agencia
27107,M,Bahia,28,Ejecutivo,44,Ejecutiva,28772.35,2309.89,No,0,3450,10,Agencia
27129,F,Santa Fe,36,Empresario,35,Primera clase,53523.78,10194.36,No,0,5459,11,Aeropuerto
27136,F,Cundinamarca,25,Deportista,71,Ejecutiva,49566.4,10391.34,No,0,9833,36,Web
27149,F,Rio de Janeiro,38,Deportista,56,Económica,16979.93,2040.13,Sí,56258,19719,8,App
27159,M,Tolima,56,Médico,14,Ejecutiva,7523.22,978.28,No,0,10444,64,Agencia
27160,M,Tucumán,44,Ejecutivo,44,Ejecutiva,28992.45,6468.85,No,0,6623,0,Agencia
27165,F,Buenos Aires,54,Ejecutivo,48,Primera clase,73940.25,15899.18,Sí,174211,7435,17,Web
27175,M,Paraná,50,Empresario,25,Ejecutiva,18359.15,1563.41,No,0,8461,15,App
27177,M,Misiones,54,Empresario,30,Ejecutiva,14623.26,704.56,Sí,45614,6897,13,Web
27182,M,Córdoba,45,Médico,17,Primera clase,14074.25,3475.42,Sí,71728,8601,36,App
27197,F,Entre Ríos,38,Deportista,57,Primera clase,119229.57,10816.47,No,0,11077,1,Web
27204,M,Pernambuco,52,Empresario,55,Económica,19491.95,1700.23,No,0,9753,17,App
27211,M,Antioquia,45,Ejecutivo,74,Ejecutiva,40770.86,3114.12,No,0,9660,13,App
27236,M,Valle del Cauca,45,Empresario,36,Primera clase,70138.97,11745.0,No,0,19426,17,Aeropuerto
27237,No binario,Buenos Aires,25,Empresario,19,Primera clase,34755.3,5549.09,Sí,54201,8484,4,Web
27241,F,Buenos Aires,55,Deportista,96,Ejecutiva,62630.04,10347.79,Sí,165844,33301,31,App
27245,M,Mendoza,29,Empresario,45,Ejecutiva,16077.99,2490.09,Sí,40349,4763,1,App
27248,F,Rio de Janeiro,30,Ejecutivo,52,Ejecutiva,28981.15,5570.61,No,0,5031,8,Web
27262,M,Atlántico,24,Ejecutivo,78,Primera clase,89909.02,16642.71,Sí,225196,8575,5,App
27267,M,Chaco,51,Empresario,20,Primera clase,38178.04,3392.76,Sí,108584,8574,6,App
27268,M,Tolima,29,Médico,18,Económica,4524.42,451.98,No,0,9776,36,App
27272,M,Panamá,43,Deportista,38,Ejecutiva,19724.39,1552.37,Sí,78847,16095,1,App
27273,F,Chiriquí,24,Empresario,40,Ejecutiva,12981.42,3157.36,Sí,47346,8506,3,Agencia
27278,M,Entre Ríos,52,Ejecutivo,44,Ejecutiva,32021.31,5582.13,Sí,46614,10405,15,Agencia
27280,M,Salta,47,Empresario,52,Primera clase,80393.59,5229.32,Sí,107281,9872,26,App
27287,F,Paraná,50,Deportista,76,Económica,19974.14,2778.76,Sí,42638,1362,32,App
27306,F,Entre Ríos,28,Ejecutivo,33,Primera clase,71147.76,5327.85,No,0,9140,3,App
27310,M,Córdoba,40,Empresario,37,Ejecutiva,15928.5,2042.75,Sí,94362,6481,35,Agencia
27311,F,Tolima,32,Ejecutivo,19,Ejecutiva,10144.61,1125.82,Sí,50552,10372,1,App
27316,F,CABA,37,Ejecutivo,49,Primera clase,92912.54,14413.68,No,0,4019,4,Aeropuerto
27318,M,Atlántico,32,Ejecutivo,59,Primera clase,80499.01,4071.31,Sí,136305,7043,0,App
27320,M,Valle del Cauca,36,Médico,19,Ejecutiva,14598.39,1400.26,Sí,46412,5059,50,App
27322,M,Entre Ríos,52,Empresario,22,Primera clase,17194.81,1450.26,No,0,11522,21,Web
27328,M,Nariño,43,Ejecutivo,71,Económica,22851.19,5177.57,No,0,10081,6,Web
27352,M,Valle del Cauca,32,Abogado,4,Primera clase,5868.2,632.29,No,0,10363,14,Web
27363,F,Atlántico,41,Empresario,40,Ejecutiva,22282.01,3763.64,No,0,17510,59,Web
27364,M,Veraguas,45,Deportista,84,Ejecutiva,34541.15,2661.0,Sí,119776,3904,16,Web
27369,M,Bahia,39,Ejecutivo,47,Ejecutiva,23646.46,5138.63,Sí,120801,6490,16,App
27380,F,Misiones,47,Ejecutivo,62,Ejecutiva,51576.74,5639.09,No,0,5185,4,Web
27381,M,Antioquia,53,Ejecutivo,77,Económica,19240.68,4705.06,Sí,67155,6613,3,Web
27389,M,Herrera,40,Abogado,14,Económica,3670.62,328.49,No,0,9639,12,App
27392,M,Tucumán,42,Empresario,55,Económica,5436.74,334.44,Sí,46169,2042,33,App
27406,F,Salta,28,Docente,23,Ejecutiva,15544.45,1427.3,Sí,49254,923,6,Web
27415,F,Rio de Janeiro,30,Empresario,38,Económica,7269.76,1071.81,Sí,15824,11316,31,App
27419,M,Tucumán,25,Ejecutivo,59,Ejecutiva,44104.06,9494.76,No,0,2465,8,Aeropuerto
27420,M,Misiones,44,Médico,24,Ejecutiva,18848.84,3537.15,Sí,45144,4789,3,Web
27436,F,Bolívar,59,Profesional independiente,22,Ejecutiva,13802.6,3119.03,Sí,39945,2202,13,App
27438,F,Cundinamarca,30,Abogado,1,Ejecutiva,396.28,79.33,No,0,10238,28,App
27451,M,CABA,37,Ejecutivo,56,Primera clase,76895.03,8660.18,Sí,265109,7978,7,App
27468,F,Tucumán,27,Ejecutivo,72,Ejecutiva,55357.22,9309.52,Sí,97252,6264,15,App
27488,M,Tucumán,36,Deportista,93,Económica,26120.64,3342.89,No,0,2258,25,App
27498,F,Córdoba,31,Empresario,56,Ejecutiva,44561.88,5225.97,Sí,155024,5660,0,Web
27507,M,Salta,38,Médico,29,Económica,5630.67,846.72,No,0,8599,34,Agencia
27510,F,CABA,53,Ejecutivo,48,Ejecutiva,32223.25,6674.36,Sí,60568,7025,20,Agencia
27524,F,Rio de Janeiro,38,Empresario,23,Ejecutiva,7759.91,1356.37,No,0,11870,13,App
27544,F,Paraná,26,Deportista,95,Ejecutiva,48469.33,4048.9,Sí,154101,10063,3,Web
27545,No binario,Entre Ríos,32,Empresario,11,Primera clase,9999.9,1069.16,No,0,12970,29,Web
27551,F,Atlántico,43,Ejecutivo,56,Económica,6586.44,1013.1,Sí,50444,3085,5,App
27553,F,Cundinamarca,55,Deportista,66,Primera clase,166624.38,8359.4,Sí,201322,10345,0,Web
27581,F,Santander,34,Empresario,27,Económica,5733.49,817.57,No,0,15024,26,Agencia
27582,F,Minas Gerais,32,Ejecutivo,36,Ejecutiva,18136.06,3013.07,No,0,10839,12,Web
27583,M,Mendoza,25,Empresario,18,Primera clase,14816.94,2275.41,Sí,79061,8824,22,App
27590,F,CABA,35,Ejecutivo,76,Ejecutiva,39422.12,2946.6,No,0,7468,1,App
27617,F,Valle del Cauca,45,Médico,20,Ejecutiva,14116.56,2485.31,Sí,53167,10335,13,App
27620,F,Veraguas,43,Ejecutivo,62,Ejecutiva,26824.46,4908.38,No,0,7824,11,Aeropuerto
27621,M,Rio de Janeiro,44,Deportista,87,Ejecutiva,56408.33,10279.73,No,0,7318,7,App
27624,F,Salta,54,Empresario,32,Ejecutiva,25708.58,1070.73,Sí,90160,13535,7,Web
27634,F,Antioquia,37,Médico,22,Primera clase,20906.47,3419.28,Sí,68730,9746,4,App
27636,M,Mendoza,44,Ejecutivo,29,Ejecutiva,17797.65,2229.18,Sí,40859,3908,1,Web
27641,F,Minas Gerais,47,Ejecutivo,76,Primera clase,170882.02,30966.8,No,0,4159,3,Agencia
27652,F,Santander,36,Empresario,57,Primera clase,87613.41,20772.4,Sí,136861,5226,6,App
27656,F,CABA,45,Ingeniero,24,Ejecutiva,12598.74,612.74,Sí,40754,4984,3,Web
27663,M,São Paulo,51,Empresario,55,Primera clase,144304.26,7685.9,No,0,9998,7,App
27665,M,CABA,42,Ejecutivo,69,Ejecutiva,30489.62,6161.79,Sí,148710,6714,7,App
27687,M,Bahia,56,Ejecutivo,66,Ejecutiva,27126.71,3380.53,Sí,70632,6289,12,Agencia
27692,M,Paraná,61,Abogado,17,Ejecutiva,10467.22,2072.15,No,0,12396,20,Web
27698,M,Misiones,29,Médico,9,Ejecutiva,3112.05,304.25,No,0,9704,19,Web
27709,F,Paraná,33,Médico,14,Primera clase,35031.73,6638.37,No,0,7890,27,Web
27716,F,Salta,33,Empresario,44,Primera clase,75228.18,3838.71,No,0,8813,86,App
27721,M,Valle del Cauca,33,Deportista,48,Ejecutiva,21330.09,2667.43,Sí,98919,35337,8,Agencia
27737,M,Bahia,51,Empresario,58,Primera clase,57936.5,7603.25,No,0,8583,4,App
27739,F,CABA,54,Ejecutivo,68,Ejecutiva,44365.01,3449.96,Sí,82947,8415,2,App
27746,M,Los Santos,45,Ejecutivo,66,Primera clase,144260.66,8986.28,No,0,9618,6,Agencia
27748,F,CABA,36,Empresario,48,Ejecutiva,17553.71,2886.77,No,0,8436,37,App
27759,F,Chaco,28,Ejecutivo,71,Económica,21051.69,2143.7,Sí,52586,4089,0,App
27786,M,Valle del Cauca,61,Ejecutivo,58,Primera clase,92689.8,10540.99,Sí,98528,7108,13,App
27797,M,Bolívar,49,Profesional independiente,14,Ejecutiva,7311.11,1069.14,No,0,10859,35,App
27815,M,CABA,34,Ejecutivo,20,Ejecutiva,15522.76,830.3,No,0,11641,6,Agencia
27827,M,Bahia,38,Empresario,25,Ejecutiva,11828.23,2206.23,No,0,15205,29,Web
27830,M,Salta,52,Ejecutivo,73,Ejecutiva,47901.43,5505.64,No,0,4771,1,Web
27835,M,Chaco,50,Empresario,26,Ejecutiva,16719.73,4092.57,No,0,10924,0,App
27873,F,Tucumán,31,Ejecutivo,57,Primera clase,60428.61,2490.74,Sí,227441,11591,7,Web
27884,F,Mendoza,47,Ejecutivo,29,Primera clase,44545.38,2501.16,No,0,8282,11,Agencia
27886,M,Bahia,44,Empresario,12,Económica,2479.08,263.86,Sí,7114,12782,64,Agencia
27900,F,São Paulo,44,Deportista,34,Ejecutiva,16041.3,2790.77,No,0,11636,24,App
27902,M,Entre Ríos,35,Deportista,96,Económica,27368.31,1094.95,Sí,91728,5485,9,Web
27903,F,Santander,32,Empresario,57,Ejecutiva,17363.19,3068.57,No,0,23011,21,Aeropuerto
27924,F,Mendoza,45,Deportista,49,Ejecutiva,22509.09,3475.79,Sí,132228,9937,13,Agencia
27931,F,Chiriquí,28,Empresario,28,Ejecutiva,14636.74,953.86,Sí,41826,20117,13,App
27934,M,Córdoba,37,Empresario,19,Ejecutiva,6185.67,1431.88,Sí,18917,14015,14,App
27938,M,Córdoba,38,Deportista,59,Ejecutiva,32438.04,6712.82,Sí,47291,1815,49,App
27950,F,Santander,47,Médico,28,Ejecutiva,13733.25,2601.0,Sí,52903,7460,23,Aeropuerto
27954,M,Pernambuco,37,Médico,8,Ejecutiva,5715.64,949.03,No,0,8358,29,Aeropuerto
27965,M,São Paulo,40,Deportista,20,Ejecutiva,12852.49,3161.22,No,0,11134,33,Web
27968,M,Santander,37,Empresario,30,Económica,8716.72,1897.69,Sí,33268,8447,83,App
27972,F,Chaco,55,Deportista,33,Ejecutiva,20685.28,4814.26,No,0,10835,18,App
27988,F,Pernambuco,45,Profesional independiente,24,Primera clase,25574.3,2887.88,No,0,4699,7,Web
28006,F,Herrera,42,Deportista,83,Primera clase,97828.64,21042.09,Sí,226708,40298,39,Web
28014,M,Atlántico,46,Empresario,29,Primera clase,45023.84,2305.41,Sí,136849,22731,9,Web
28021,F,Misiones,41,Ejecutivo,68,Ejecutiva,24164.19,3646.15,Sí,122715,6821,15,Aeropuerto
28023,M,Buenos Aires,40,Médico,26,Ejecutiva,20036.65,1194.52,No,0,9299,17,Web
28035,M,CABA,39,Abogado,4,Primera clase,3143.65,364.79,No,0,9631,2,App
28037,F,Santa Fe,31,Ejecutivo,25,Primera clase,25712.43,1638.17,Sí,93196,3620,13,Web
28046,M,Paraná,56,Empresario,57,Primera clase,152057.74,23067.03,Sí,146881,10964,17,App
28054,M,Antioquia,44,Empresario,54,Primera clase,92353.99,6049.68,Sí,262789,7822,16,Web
28065,F,Chaco,45,Deportista,65,Económica,7536.09,1070.49,Sí,44478,39511,26,Web
28080,No binario,Panamá,44,Profesional independiente,11,Primera clase,7929.09,1553.06,No,0,8460,21,App
28089,F,Salta,37,Ejecutivo,71,Ejecutiva,52826.03,5536.09,Sí,137370,5169,40,App
28093,M,Veraguas,44,Deportista,81,Económica,15773.15,2004.13,Sí,39208,1799,5,App
28100,M,Herrera,34,Médico,14,Ejecutiva,8642.1,1236.05,Sí,21855,10467,63,Web
28101,F,Buenos Aires,49,Empresario,56,Primera clase,118412.69,25732.43,No,0,4129,4,Web
28105,M,Bolívar,45,Empresario,54,Primera clase,57312.78,13720.62,Sí,128080,11330,4,Web
28114,M,Rio de Janeiro,50,Deportista,97,Ejecutiva,39658.3,9757.6,Sí,120955,9778,20,App
28137,F,Tolima,25,Deportista,93,Primera clase,176976.05,24653.45,Sí,458077,10518,3,Agencia
28147,F,Antioquia,49,Empresario,52,Ejecutiva,20604.82,4740.57,Sí,148258,9125,3,Web
28161,M,Chiriquí,41,Médico,28,Económica,5348.32,274.45,Sí,17017,9620,4,Agencia
28194,F,Santa Fe,26,Ejecutivo,58,Ejecutiva,34034.68,3933.6,Sí,66664,6996,11,App
28196,M,Valle del Cauca,46,Deportista,47,Ejecutiva,36823.9,3102.39,Sí,71012,4164,0,Web
28213,M,Paraná,54,Médico,20,Ejecutiva,14875.47,3131.7,No,0,8616,8,Agencia
28223,F,São Paulo,31,Empresario,46,Primera clase,49030.43,5921.94,Sí,203077,7035,0,Aeropuerto
28237,F,Atlántico,44,Deportista,83,Económica,24640.67,5057.95,Sí,23386,446,4,Agencia
28243,M,São Paulo,48,Abogado,10,Ejecutiva,7671.53,577.87,Sí,15224,9977,1,Web
28245,M,Tucumán,38,Abogado,3,Ejecutiva,1791.2,157.65,Sí,6262,11701,35,App
28248,M,Los Santos,45,Ejecutivo,65,Ejecutiva,41404.98,4726.32,No,0,4860,4,Web
28252,F,Misiones,32,Empresario,36,Económica,3494.56,572.51,No,0,9854,79,App
28284,F,Veraguas,26,Ejecutivo,46,Ejecutiva,23468.6,5143.01,Sí,85197,9006,3,App
28291,F,Valle del Cauca,36,Médico,26,Ejecutiva,8855.83,970.55,Sí,60602,21364,26,App
28296,M,Salta,38,Deportista,70,Ejecutiva,49525.13,3068.88,Sí,51052,4694,14,App
28300,F,Santa Fe,36,Contador,24,Ejecutiva,12572.16,1847.1,Sí,45759,4687,12,Web
28301,No binario,Tolima,41,Empleado,21,Ejecutiva,17097.95,4104.49,Sí,47508,1530,9,Aeropuerto
28306,M,Santander,30,Médico,20,Ejecutiva,6562.83,1053.95,Sí,49267,9788,4,App
28311,F,Mendoza,39,Ejecutivo,35,Ejecutiva,26964.26,1876.1,Sí,66555,4434,12,App
28319,M,Minas Gerais,44,Deportista,78,Ejecutiva,47732.88,5490.2,No,0,330,15,Web
28332,F,Atlántico,46,Ejecutivo,25,Ejecutiva,9815.14,2145.71,Sí,62724,5582,6,App
28336,M,Córdoba,58,Ejecutivo,68,Ejecutiva,46134.91,4992.16,Sí,107348,3242,6,Web
28337,F,Chiriquí,34,Ejecutivo,60,Ejecutiva,35182.03,8676.45,Sí,110689,5680,43,App
28345,F,Pernambuco,37,Deportista,89,Ejecutiva,60531.63,4784.78,Sí,91423,68440,35,App
28355,F,Los Santos,43,Abogado,24,Primera clase,51682.64,5938.46,No,0,7111,12,Agencia
28360,M,Buenos Aires,27,Ejecutivo,72,Ejecutiva,56669.48,10949.3,Sí,72310,19996,27,App
28363,F,Chiriquí,55,Ejecutivo,66,Primera clase,167685.53,16142.76,No,0,11310,17,Web
28372,F,Valle del Cauca,42,Ejecutivo,38,Económica,9220.65,2028.87,No,0,10020,51,Web
28382,F,CABA,46,Médico,28,Ejecutiva,9559.05,1393.35,No,0,9848,12,Agencia
28389,F,Mendoza,55,Deportista,85,Económica,19968.4,1521.12,Sí,78336,1441,6,Web
28390,F,Buenos Aires,28,Empresario,57,Primera clase,71108.65,7387.37,Sí,291196,8185,3,Web
28416,F,Cundinamarca,33,Ejecutivo,40,Primera clase,79852.58,19389.3,No,0,5305,18,App
28437,F,Cundinamarca,35,Ejecutivo,49,Ejecutiva,35715.06,8717.54,No,0,7472,2,App
28438,F,Chaco,35,Empresario,38,Primera clase,36240.33,1548.8,No,0,7371,32,Web
28443,M,Tucumán,44,Empresario,38,Ejecutiva,24366.45,2448.56,No,0,8822,37,Web
28444,F,Bahia,45,Ejecutivo,37,Ejecutiva,19079.29,1640.75,No,0,9458,21,Aeropuerto
28447,M,Bolívar,24,Médico,12,Primera clase,27350.37,6053.5,No,0,7412,29,Web
28448,F,CABA,40,Deportista,55,Económica,5797.26,319.34,No,0,19535,6,App
28449,M,Herrera,34,Empresario,59,Ejecutiva,26387.24,3031.63,Sí,126933,12239,11,App
28450,M,Santa Fe,39,Ejecutivo,40,Ejecutiva,14871.01,1303.26,Sí,69542,10818,5,Web
28458,M,Córdoba,38,Ejecutivo,41,Ejecutiva,30569.66,4250.61,No,0,4635,10,App
28462,F,Tucumán,31,Ejecutivo,32,Primera clase,72041.39,16834.7,No,0,3584,24,Agencia
28483,M,Salta,42,Empleado,22,Primera clase,25582.64,1545.15,No,0,3569,12,Agencia
28489,F,Chaco,32,Médico,22,Primera clase,19955.41,2031.99,No,0,8989,53,Web
28512,F,Entre Ríos,36,Ejecutivo,55,Ejecutiva,43767.43,4723.68,No,0,5912,10,Web
28515,M,Mendoza,51,Empresario,13,Primera clase,27906.31,3904.89,Sí,48195,4499,12,App
28529,M,Mendoza,38,Médico,7,Primera clase,12639.96,2589.39,No,0,8907,54,Aeropuerto
28551,M,Córdoba,62,Empresario,23,Primera clase,29633.94,1948.43,Sí,68758,8278,36,Web
28552,F,Rio Grande do Sul,46,Deportista,84,Ejecutiva,58614.62,4491.9,No,0,7431,10,Web
28556,M,Santa Fe,44,Profesional independiente,14,Primera clase,29466.58,5580.65,No,0,5005,9,App
28575,F,Santa Fe,43,Empresario,17,Ejecutiva,14528.56,2392.49,Sí,43993,2863,10,Web
28576,M,Colón,41,Ejecutivo,62,Ejecutiva,27885.45,3614.63,Sí,145026,3598,0,App
28588,M,Buenos Aires,53,Deportista,72,Económica,12897.84,951.42,Sí,58280,2234,8,Web
28599,F,CABA,40,Ejecutivo,45,Económica,11940.34,1252.32,Sí,47285,4035,2,Web
28607,F,Nariño,39,Ejecutivo,69,Ejecutiva,52058.01,9474.42,Sí,78104,5593,2,App
28610,No binario,Bolívar,56,Ejecutivo,47,Primera clase,109696.7,4682.01,Sí,85416,3722,6,Agencia
28615,M,Santa Fe,51,Ejecutivo,47,Económica,5897.27,1081.28,Sí,47094,4097,17,App
28628,F,Entre Ríos,43,Empresario,42,Ejecutiva,27564.1,5758.68,Sí,86968,4298,9,Web
28629,F,Buenos Aires,32,Empresario,39,Ejecutiva,20996.44,4179.88,Sí,75709,13934,0,Web
28634,M,Panamá,39,Deportista,99,Económica,35492.54,4162.6,No,0,2485,31,App
28637,F,Salta,58,Deportista,81,Ejecutiva,29954.92,7373.58,Sí,163394,6305,15,Web
28680,F,Paraná,47,Ejecutivo,36,Primera clase,55160.58,9797.7,Sí,128350,3553,5,App
28689,F,Salta,35,Médico,16,Económica,4821.1,790.47,No,0,9350,42,Aeropuerto
28698,F,Entre Ríos,51,Ejecutivo,58,Ejecutiva,32874.96,1607.74,Sí,112728,9922,15,App
28715,M,Bahia,39,Ejecutivo,64,Primera clase,161362.86,18517.75,Sí,303232,9352,0,Agencia
28719,M,Atlántico,32,Ejecutivo,29,Primera clase,21426.05,4240.19,No,0,12599,0,Agencia
28726,F,Valle del Cauca,37,Ejecutivo,59,Ejecutiva,15141.96,2424.08,Sí,62193,8494,17,Agencia
28739,F,Valle del Cauca,25,Ejecutivo,69,Ejecutiva,46112.55,10906.62,Sí,156221,4306,1,Agencia
28742,F,Salta,39,Empresario,42,Primera clase,53796.84,7208.36,Sí,133417,11878,70,Aeropuerto
28750,F,Veraguas,38,Abogado,19,Ejecutiva,10515.24,1114.77,No,0,11525,32,App
28775,F,Chaco,53,Ejecutivo,33,Ejecutiva,25607.78,1840.39,Sí,38415,17340,18,Agencia
28797,F,Cundinamarca,49,Ingeniero,21,Primera clase,43195.99,4239.49,Sí,66180,5852,23,Aeropuerto
28819,M,Valle del Cauca,32,Empresario,58,Ejecutiva,35123.09,2731.29,No,0,23265,7,App
28832,M,Pernambuco,38,Ejecutivo,51,Ejecutiva,30191.61,2417.38,Sí,149227,6187,2,App
28858,M,Santa Fe,37,Ejecutivo,40,Ejecutiva,21472.64,1991.04,Sí,57270,10980,18,App
28875,M,Buenos Aires,41,Deportista,52,Económica,15102.28,3247.81,Sí,43777,357,15,Web
28879,M,Nariño,45,Ejecutivo,62,Económica,15449.22,1757.47,Sí,41736,5423,19,App
28902,F,Misiones,48,Deportista,45,Primera clase,69407.54,12751.01,No,0,3745,3,Agencia
28906,F,Colón,40,Deportista,96,Primera clase,109892.81,26942.65,No,0,7207,1,Web
28909,F,Entre Ríos,38,Ejecutivo,54,Ejecutiva,37244.95,7231.84,No,0,4017,4,App
28932,M,Chiriquí,47,Ejecutivo,77,Económica,28806.2,4234.29,Sí,28791,3800,17,App
28940,M,CABA,39,Ejecutivo,48,Ejecutiva,29725.92,5120.07,Sí,126993,5634,16,Web
28958,M,Córdoba,30,Empresario,53,Ejecutiva,31958.19,5686.34,Sí,95360,7473,47,App
28970,F,Colón,46,Ingeniero,10,Primera clase,26424.79,1622.84,Sí,31872,8846,0,Web
28972,F,Salta,46,Ejecutivo,75,Ejecutiva,43458.82,3584.47,No,0,2428,2,Agencia
28973,M,Tucumán,45,Ejecutivo,77,Ejecutiva,54440.66,10119.3,No,0,7737,0,Web
28979,F,Santa Fe,29,Ejecutivo,19,Primera clase,28769.53,2702.43,Sí,88111,14137,21,Web
28980,M,Misiones,26,Contador,18,Ejecutiva,10529.71,1448.12,Sí,40475,2608,53,App
28985,F,Nariño,33,Deportista,64,Ejecutiva,48305.28,11467.8,No,0,5034,25,Web
28990,M,Rio de Janeiro,39,Ejecutivo,66,Primera clase,44136.57,5776.79,No,0,11400,8,Agencia
28994,M,Bolívar,24,Deportista,48,Económica,9169.27,2155.31,Sí,43269,574,54,Web
28995,F,Atlántico,53,Empresario,13,Económica,2385.68,111.06,No,0,9775,13,Web
29000,M,Minas Gerais,47,Empresario,52,Económica,8133.3,365.92,Sí,52862,11717,15,Web
29002,F,Rio Grande do Sul,27,Empresario,46,Ejecutiva,26774.18,1622.79,Sí,59234,4289,20,App
29003,M,São Paulo,55,Ejecutivo,44,Económica,9614.04,2356.1,Sí,40608,7682,0,Aeropuerto
29020,F,Valle del Cauca,58,Abogado,16,Primera clase,10659.19,2463.69,Sí,55430,8473,0,Web
29022,F,Córdoba,48,Ingeniero,23,Ejecutiva,12743.47,1777.75,Sí,47387,4339,36,Web
29026,M,Bahia,38,Ejecutivo,18,Ejecutiva,11431.35,577.16,No,0,9650,7,Agencia
29027,M,Tucumán,55,Profesional independiente,4,Primera clase,3657.74,294.87,No,0,9891,6,Aeropuerto
29034,F,Córdoba,27,Ejecutivo,59,Ejecutiva,40327.0,8791.38,Sí,127049,4929,6,Web
29035,F,Tucumán,52,Deportista,44,Ejecutiva,17254.16,1685.68,Sí,88287,18192,11,Web
29036,M,Nariño,41,Empresario,13,Ejecutiva,10962.71,538.48,Sí,19366,9488,21,App
29064,F,Rio de Janeiro,50,Empresario,59,Ejecutiva,34373.75,4735.02,No,0,3646,65,Web
29065,M,Córdoba,52,Empresario,56,Primera clase,154658.75,15779.89,Sí,319723,7035,8,Web
29076,F,Entre Ríos,30,Médico,25,Ejecutiva,15566.29,3254.34,Sí,49307,16552,36,Web
29086,M,Paraná,55,Deportista,41,Ejecutiva,32898.03,6807.92,No,0,29111,8,App
29091,F,Atlántico,38,Empresario,18,Primera clase,29994.01,4948.39,No,0,10631,3,Aeropuerto
29096,M,Colón,47,Médico,15,Primera clase,30305.31,6614.42,No,0,7056,37,App
29126,M,Salta,26,Ejecutivo,67,Ejecutiva,28579.69,2990.07,No,0,6659,6,Agencia
29130,M,Mendoza,32,Ejecutivo,52,Ejecutiva,22873.93,5044.41,Sí,68520,4996,0,Web
29146,F,Rio de Janeiro,43,Médico,24,Primera clase,38400.92,9152.97,No,0,9473,36,App
29150,M,CABA,52,Deportista,44,Ejecutiva,26403.21,4506.14,No,0,370,20,Aeropuerto
29164,M,Paraná,27,Empresario,52,Económica,17197.0,1254.94,Sí,47377,4363,10,App
29166,F,Santander,36,Ejecutivo,27,Primera clase,62501.8,10942.27,No,0,8780,5,App
29167,M,Tucumán,38,Abogado,17,Primera clase,11648.46,2582.4,Sí,43464,6203,70,Agencia
29191,M,Misiones,37,Empresario,52,Económica,12683.99,1524.4,No,0,11565,8,Aeropuerto
29192,No binario,São Paulo,35,Abogado,12,Ejecutiva,8746.28,384.92,Sí,12586,9491,7,App
29198,F,Valle del Cauca,38,Empresario,13,Ejecutiva,5410.24,971.13,Sí,20594,29071,1,App
29200,M,Bolívar,39,Empresario,40,Económica,9328.59,621.05,Sí,35172,9438,31,Web
29202,F,Santa Fe,50,Empresario,14,Primera clase,32750.02,7744.96,No,0,5852,0,App
29207,M,Chiriquí,33,Empresario,44,Primera clase,108618.53,10268.46,No,0,8305,28,Aeropuerto
29229,M,Bolívar,61,Empresario,19,Ejecutiva,8378.89,1818.16,No,0,9647,28,Agencia
29243,M,Tolima,50,Arquitecto,15,Ejecutiva,11483.85,1364.69,No,0,9914,9,Web
29270,M,São Paulo,31,Empresario,42,Ejecutiva,26684.37,4023.82,No,0,4954,24,Aeropuerto
29275,F,Minas Gerais,45,Ejecutivo,44,Ejecutiva,13535.75,745.58,No,0,22364,16,App
29283,M,Santa Fe,54,Ejecutivo,31,Primera clase,35836.03,2878.34,No,0,7104,1,Agencia
29292,M,Panamá,36,Médico,28,Primera clase,36760.61,6816.87,No,0,6890,3,Agencia
29296,M,Chiriquí,26,Deportista,40,Ejecutiva,13998.77,3461.24,No,0,8548,13,Web
29307,No binario,Paraná,54,Contador,10,Primera clase,24542.05,3431.58,Sí,26503,4094,0,Web
29316,M,Córdoba,42,Deportista,59,Económica,7406.71,657.52,Sí,42525,3013,41,Web
29323,F,Rio Grande do Sul,61,Empresario,56,Ejecutiva,44039.09,1821.67,Sí,122743,4340,2,Agencia
29340,M,Pernambuco,40,Abogado,10,Económica,1751.88,349.96,Sí,3145,8996,16,Agencia
29355,F,Pernambuco,39,Ejecutivo,41,Ejecutiva,14921.52,3367.84,Sí,66773,13196,0,App
29359,F,Antioquia,37,Empresario,11,Primera clase,25147.48,5081.24,No,0,7461,1,Web
29373,No binario,Colón,44,Empresario,29,Económica,10848.14,2560.41,No,0,20038,10,Web
29404,M,Buenos Aires,49,Profesional independiente,21,Primera clase,33478.63,5806.61,No,0,4764,35,App
29418,F,Atlántico,46,Médico,17,Ejecutiva,7144.06,371.2,No,0,9340,16,Aeropuerto
29424,M,Paraná,40,Ejecutivo,54,Ejecutiva,29781.86,3594.82,No,0,9160,14,Web
29457,F,Tucumán,27,Médico,25,Primera clase,24534.18,5876.13,No,0,7172,5,App
29470,M,Córdoba,46,Empresario,32,Ejecutiva,17475.77,2283.53,Sí,72339,5144,41,App
29502,M,Rio de Janeiro,38,Ingeniero,17,Primera clase,39146.75,2548.23,No,0,5972,1,Web
29510,F,Atlántico,41,Ejecutivo,47,Ejecutiva,15725.85,804.93,Sí,106150,15489,7,Web
29530,F,Mendoza,46,Deportista,69,Ejecutiva,51905.12,10070.22,No,0,6056,11,App
29541,F,Tucumán,38,Ejecutivo,60,Primera clase,49564.53,6671.64,Sí,278212,10380,3,Agencia
29542,M,Cundinamarca,41,Empresario,25,Ejecutiva,14702.34,1657.39,No,0,10517,5,Aeropuerto
29562,M,Tucumán,32,Médico,9,Primera clase,7784.56,1483.59,No,0,10040,22,Web
29584,F,Minas Gerais,30,Médico,19,Primera clase,44269.93,9954.05,No,0,9069,6,App
29585,F,Buenos Aires,28,Ejecutivo,48,Ejecutiva,33874.45,7342.65,No,0,5407,0,Web
29594,F,Antioquia,26,Ejecutivo,48,Económica,12749.23,2824.55,No,0,9497,30,Web
29595,F,Córdoba,37,Empresario,22,Primera clase,48928.3,9452.19,No,0,16467,38,App
29603,F,Tolima,26,Médico,19,Ejecutiva,5528.08,790.79,Sí,43733,6155,65,Web
29607,F,Herrera,43,Ejecutivo,55,Económica,18487.63,3984.1,Sí,46193,5551,16,Web
29616,M,Bolívar,28,Empresario,42,Ejecutiva,22215.88,4897.0,Sí,70280,6717,1,Agencia
29629,F,Valle del Cauca,41,Empresario,57,Ejecutiva,45945.91,4692.02,Sí,66114,4465,8,App
29630,M,CABA,37,Médico,26,Ejecutiva,13010.21,3231.96,No,0,9689,9,Agencia
29646,F,Buenos Aires,40,Empresario,47,Primera clase,77572.68,9531.74,No,0,15135,11,App
29672,F,Entre Ríos,44,Deportista,81,Ejecutiva,62733.78,8054.74,Sí,121871,8515,3,Web
29685,M,Santa Fe,35,Empresario,40,Primera clase,72454.73,17157.58,Sí,150945,26122,26,Web
29687,F,Colón,29,Ejecutivo,73,Económica,18059.61,4339.75,Sí,40599,2565,12,App
29692,M,Veraguas,33,Ejecutivo,63,Primera clase,156002.35,17948.06,Sí,107655,6837,67,Web
29700,M,Cundinamarca,45,Médico,25,Primera clase,64500.5,15716.42,No,0,5840,19,Aeropuerto
29713,M,Atlántico,40,Ingeniero,3,Primera clase,3247.55,690.9,No,0,8362,11,App
29724,M,Paraná,42,Ejecutivo,16,Primera clase,14883.28,975.91,No,0,9739,21,Web
29742,M,Antioquia,55,Ejecutivo,29,Ejecutiva,7192.86,660.99,No,0,8714,25,Agencia
29761,M,Salta,26,Médico,10,Ejecutiva,4363.16,577.58,No,0,9809,5,Web
29769,F,Los Santos,47,Empresario,48,Ejecutiva,26251.75,5797.97,Sí,81808,10756,43,App
29776,M,Bolívar,33,Empresario,56,Económica,14590.2,3017.21,Sí,46256,2357,9,Agencia
29778,F,Minas Gerais,28,Deportista,59,Ejecutiva,29080.38,3085.59,No,0,7033,17,App
29817,F,Antioquia,34,Médico,14,Primera clase,11738.98,1755.55,Sí,59475,4051,22,App
29821,F,Chiriquí,41,Deportista,52,Ejecutiva,16459.2,2739.47,Sí,111605,22364,71,Web
29827,F,Tolima,37,Ejecutivo,45,Ejecutiva,13898.45,3426.33,No,0,19838,3,App
29833,M,Valle del Cauca,39,Ejecutivo,69,Ejecutiva,41515.67,9027.74,Sí,125176,7692,5,Web
29834,M,Santander,48,Ejecutivo,40,Ejecutiva,24487.99,4806.1,No,0,7321,16,Agencia
29855,M,Chaco,58,Ejecutivo,44,Económica,5837.24,1258.35,Sí,19763,10073,4,Aeropuerto
29857,F,Santa Fe,36,Empresario,53,Primera clase,117136.16,15214.48,Sí,267354,9336,35,Web
29859,F,Mendoza,50,Médico,16,Ejecutiva,11538.39,2647.64,No,0,9020,12,Web
29870,M,Bolívar,39,Empresario,39,Ejecutiva,25300.19,6112.35,Sí,52232,7610,3,App
29875,M,Tucumán,45,Empresario,21,Ejecutiva,16047.15,2437.71,No,0,21753,2,App
29886,No binario,Córdoba,43,Deportista,93,Económica,32201.08,5821.2,Sí,53415,540,8,Web
29916,M,Salta,46,Ejecutivo,44,Ejecutiva,16426.03,1017.19,No,0,9745,6,Web
29942,F,Buenos Aires,37,Ejecutivo,71,Ejecutiva,42251.61,8358.12,Sí,177288,9096,2,Web
29944,M,Entre Ríos,46,Ejecutivo,74,Ejecutiva,23905.33,2068.97,Sí,120879,4202,23,Agencia
29949,M,Atlántico,40,Médico,24,Ejecutiva,15552.53,3486.15,Sí,50909,6689,10,Web
29950,F,Bolívar,39,Abogado,21,Ejecutiva,11385.02,2563.84,No,0,9776,5,Aeropuerto
29953,M,Bahia,34,Ejecutivo,25,Primera clase,29990.46,3106.8,No,0,7290,3,Agencia
29966,M,Tolima,37,Deportista,95,Ejecutiva,52308.19,2749.32,Sí,87393,2348,9,Agencia
29972,M,Buenos Aires,35,Ejecutivo,25,Ejecutiva,11887.34,2754.6,No,0,9688,6,App
29984,F,Los Santos,38,Deportista,33,Ejecutiva,17702.48,1763.27,Sí,31932,9067,49,Web
29987,M,Valle del Cauca,41,Ejecutivo,76,Ejecutiva,61736.6,11710.0,No,0,3296,19,Web
30005,F,Córdoba,53,Empresario,54,Ejecutiva,19721.05,3755.82,Sí,60084,6989,56,App
30029,F,Chiriquí,40,Empresario,37,Ejecutiva,11103.11,2087.5,No,0,11342,72,Agencia
30035,M,Nariño,39,Empresario,28,Ejecutiva,8254.75,1165.84,No,0,16633,30,App
30047,F,Pernambuco,40,Ejecutivo,44,Ejecutiva,29442.62,5472.89,No,0,9539,11,Web
30051,F,Colón,30,Empresario,59,Primera clase,120135.25,15739.52,Sí,156638,7240,0,App
30068,F,CABA,36,Ejecutivo,59,Ejecutiva,34445.08,2514.33,No,0,9642,20,Agencia
30074,M,Mendoza,25,Deportista,94,Ejecutiva,38284.05,5808.36,Sí,263580,12536,4,App
30077,No binario,Paraná,39,Médico,11,Primera clase,22314.78,2069.74,No,0,9132,31,Web
30080,M,Salta,43,Empresario,39,Ejecutiva,21532.62,2935.23,Sí,68819,2104,5,Aeropuerto
30087,M,Paraná,50,Ejecutivo,75,Ejecutiva,39790.41,3372.89,Sí,71280,3035,2,Web
30118,F,Minas Gerais,33,Ejecutivo,77,Ejecutiva,29623.61,7222.33,Sí,159313,5113,0,App
30132,M,Valle del Cauca,31,Profesional independiente,24,Primera clase,60482.06,10403.87,No,0,5921,47,Web
30133,F,Valle del Cauca,59,Médico,9,Primera clase,9827.76,1907.63,Sí,43926,7467,22,Web
30137,F,Bolívar,36,Médico,28,Económica,8873.63,1459.41,Sí,10665,8922,12,Web
30143,M,Tucumán,38,Abogado,22,Primera clase,58076.5,5764.72,No,0,10149,13,App
30147,F,Paraná,46,Médico,21,Ejecutiva,12579.44,581.2,Sí,52179,5641,20,App
30154,M,Cundinamarca,40,Empresario,33,Económica,2307.8,552.56,Sí,21544,8843,12,Web
30156,M,Chiriquí,38,Médico,22,Ejecutiva,8712.81,1426.77,No,0,11188,4,App
30185,F,Bolívar,44,Comerciante,19,Económica,3140.9,720.71,No,0,8347,7,Agencia
30193,F,Chaco,42,Ingeniero,22,Primera clase,54546.43,5305.67,No,0,3724,0,Web
30197,F,Panamá,32,Médico,16,Ejecutiva,4759.67,554.35,Sí,31499,8609,1,App
30210,F,Santander,45,Deportista,73,Económica,23012.38,2988.57,Sí,79529,1412,5,Agencia
30231,F,Herrera,32,Deportista,88,Económica,19101.71,3965.59,Sí,39783,4779,9,Aeropuerto
30235,M,Bolívar,51,Ejecutivo,60,Primera clase,117546.87,19050.52,Sí,172190,7566,2,App
30254,M,Santa Fe,37,Empresario,43,Ejecutiva,23743.23,1945.42,Sí,100192,3574,3,App
30259,M,Salta,27,Ejecutivo,63,Ejecutiva,28173.73,5995.0,No,0,4388,21,Agencia
30264,F,Mendoza,31,Comerciante,11,Primera clase,26930.92,6575.09,Sí,35744,5273,4,Web
30265,M,Cundinamarca,31,Ejecutivo,71,Ejecutiva,53107.69,6921.36,Sí,189269,6479,5,Web
30273,F,CABA,49,Deportista,82,Económica,8643.83,1569.58,Sí,75088,2822,38,App
30285,F,Tucumán,49,Ejecutivo,15,Ejecutiva,4707.03,501.19,No,0,8801,15,Agencia
30292,F,Mendoza,32,Empresario,57,Ejecutiva,35702.23,2129.26,Sí,72544,5112,5,Web
30294,M,Santa Fe,46,Abogado,7,Ejecutiva,3652.98,532.73,No,0,8421,5,Web
30304,F,Tucumán,37,Profesional independiente,17,Primera clase,30543.63,1729.53,No,0,7129,3,Web
30308,M,São Paulo,50,Profesional independiente,23,Primera clase,61020.63,14459.53,No,0,8599,39,Agencia
30309,M,Santa Fe,33,Ejecutivo,30,Primera clase,58956.05,12532.85,No,0,7837,8,Agencia
30322,F,Nariño,38,Deportista,98,Primera clase,253140.32,40232.68,No,0,6141,1,Web
30344,M,Misiones,40,Ejecutivo,66,Ejecutiva,46078.39,2191.48,Sí,87740,4852,18,Agencia
30360,F,Colón,24,Empresario,43,Ejecutiva,16495.25,3853.17,No,0,15768,46,App
30377,M,Santa Fe,46,Ingeniero,1,Ejecutiva,771.75,46.17,No,0,10383,56,Agencia
30388,F,Herrera,29,Deportista,81,Ejecutiva,67500.42,8217.56,No,0,4586,41,Web
30390,F,Tolima,49,Ejecutivo,48,Ejecutiva,26260.96,3743.01,No,0,6012,0,Web
30393,M,Valle del Cauca,52,Empresario,32,Ejecutiva,15034.58,2753.32,Sí,41137,6582,2,App
30418,F,Chaco,40,Empresario,33,Primera clase,47414.53,4046.56,Sí,125179,11802,8,Agencia
30437,F,Colón,42,Deportista,52,Ejecutiva,34548.74,7941.15,Sí,113143,300,22,Web
30443,F,Tolima,39,Profesional independiente,16,Primera clase,32067.43,1954.68,No,0,7391,23,App
30444,F,Santander,57,Deportista,51,Primera clase,51556.44,5663.79,Sí,209116,8469,2,App
30458,F,Buenos Aires,34,Ejecutivo,22,Ejecutiva,6372.33,468.09,Sí,55135,3752,2,App
30459,No binario,Misiones,51,Ejecutivo,71,Primera clase,58084.42,7655.97,Sí,109781,5241,6,Aeropuerto
30465,F,Paraná,54,Deportista,95,Ejecutiva,39671.67,8537.8,Sí,117194,13901,21,Web
30467,M,Bolívar,36,Médico,6,Ejecutiva,2746.37,341.94,No,0,9094,15,Agencia
30476,M,Mendoza,51,Ejecutivo,72,Ejecutiva,43428.04,10687.19,Sí,140500,4929,41,App
30481,M,Atlántico,27,Ejecutivo,50,Económica,12601.32,1963.74,No,0,9170,3,Web
30503,F,Atlántico,31,Empresario,34,Primera clase,70919.78,10708.85,No,0,8664,28,Web
30505,F,Paraná,37,Otro,17,Primera clase,36292.65,8210.18,No,0,4586,112,App
30522,F,Minas Gerais,27,Empresario,26,Ejecutiva,14416.39,3391.37,Sí,27060,18416,32,Aeropuerto
30534,M,Colón,34,Profesional independiente,21,Ejecutiva,11019.7,1391.5,No,0,10610,19,Web
30544,M,Atlántico,54,Ejecutivo,72,Ejecutiva,49057.77,3532.6,Sí,106982,6728,9,App
30550,M,Veraguas,30,Profesional independiente,23,Ejecutiva,15551.4,3305.62,Sí,39350,1441,5,App
30552,M,Misiones,58,Ejecutivo,41,Ejecutiva,27694.22,2335.45,No,0,7059,69,Agencia
30557,F,Cundinamarca,25,Ejecutivo,78,Económica,10524.58,2407.01,Sí,85417,11792,7,App
30576,F,Panamá,44,Ejecutivo,57,Primera clase,105304.86,7632.37,No,0,9557,2,Aeropuerto
30581,M,Chaco,33,Ejecutivo,49,Ejecutiva,19863.51,2030.21,Sí,79026,7394,7,App
30605,F,Pernambuco,25,Abogado,11,Económica,3044.97,658.9,No,0,15934,0,Web
30624,M,Panamá,32,Abogado,21,Económica,3468.79,820.76,Sí,12715,9209,27,Web
30627,F,Colón,30,Empresario,31,Ejecutiva,19739.56,3844.71,Sí,59950,9553,5,App
30632,F,Mendoza,29,Ejecutivo,62,Primera clase,104656.49,17341.41,No,0,9171,1,App
30635,M,Paraná,37,Ejecutivo,69,Ejecutiva,43176.27,3758.17,Sí,142816,7255,5,Web
30651,F,São Paulo,58,Médico,8,Ejecutiva,5576.9,224.5,Sí,10490,9411,22,App
30656,M,Veraguas,39,Profesional independiente,3,Ejecutiva,2447.47,456.02,No,0,11884,21,Aeropuerto
30672,M,Bahia,49,Empresario,12,Económica,1143.7,107.55,No,0,10404,47,App
30676,M,Bolívar,35,Deportista,86,Ejecutiva,39780.92,8426.95,Sí,76168,1894,14,App
30679,F,Santa Fe,46,Empresario,37,Ejecutiva,25744.66,3069.81,Sí,81118,1913,26,Agencia
30688,M,Antioquia,39,Profesional independiente,14,Primera clase,24114.64,3257.32,No,0,10907,4,Web
30717,M,Buenos Aires,41,Ejecutivo,70,Ejecutiva,53579.52,2272.19,No,0,7639,7,App
30734,F,Entre Ríos,38,Abogado,14,Ejecutiva,7877.26,1028.51,No,0,10624,24,App
30747,M,Paraná,58,Ejecutivo,62,Ejecutiva,48513.13,8703.17,No,0,5215,6,App
30755,M,Bahia,29,Empresario,59,Ejecutiva,35584.06,4436.44,Sí,110491,4502,6,Web
30788,M,CABA,39,Empresario,35,Primera clase,65202.86,13400.84,Sí,173480,6003,14,App
30801,M,Santander,38,Médico,16,Primera clase,16529.17,2192.91,Sí,80446,10163,46,Aeropuerto
30817,F,Mendoza,44,Ejecutivo,38,Ejecutiva,14922.05,3220.33,Sí,46123,12476,5,App
30818,M,CABA,39,Ejecutivo,69,Económica,20697.5,1279.88,Sí,67100,2332,14,Agencia
30819,M,Entre Ríos,39,Empresario,29,Ejecutiva,14894.76,1894.08,Sí,70068,9419,4,Web
30822,F,Chiriquí,47,Deportista,53,Ejecutiva,14701.16,3137.93,No,0,11163,25,App
30836,M,Chaco,33,Empresario,37,Ejecutiva,17021.4,1742.62,No,0,8884,2,App
30838,F,Mendoza,25,Empresario,24,Primera clase,54149.58,3246.01,No,0,9975,19,Web
30853,M,Mendoza,28,Comerciante,22,Ejecutiva,12803.16,559.05,Sí,48578,2672,7,Web
30856,F,Salta,42,Deportista,31,Ejecutiva,15407.65,3110.43,Sí,46145,12586,31,Web
30858,F,Mendoza,47,Ejecutivo,27,Ejecutiva,7119.71,1339.04,No,0,9849,2,Web
30867,F,Paraná,56,Ejecutivo,32,Ejecutiva,20925.43,920.88,Sí,66819,15321,2,Agencia
30875,F,Bolívar,56,Abogado,15,Primera clase,24550.09,1928.79,No,0,4027,8,Web
30890,F,Herrera,45,Deportista,25,Ejecutiva,19030.24,1958.83,Sí,65723,12617,6,App
30925,M,Rio Grande do Sul,59,Médico,25,Ejecutiva,11870.77,2760.56,No,0,8514,13,Agencia
30930,F,Córdoba,38,Ejecutivo,77,Ejecutiva,47302.4,7066.78,Sí,208124,5614,2,Aeropuerto
30931,F,Chaco,39,Ejecutivo,56,Primera clase,104772.99,23415.71,No,0,8246,4,Web
30933,M,Santander,34,Empresario,42,Ejecutiva,28266.12,3101.76,Sí,55527,14126,14,App
30936,M,Valle del Cauca,33,Empresario,43,Económica,7541.96,342.23,No,0,11320,21,App
30938,M,Buenos Aires,43,Ejecutivo,79,Primera clase,121565.23,13020.35,Sí,356107,4298,5,App
30954,M,Bahia,33,Comerciante,22,Primera clase,39514.15,9389.15,No,0,4092,17,App
30956,M,Paraná,61,Ejecutivo,15,Económica,3702.42,547.9,Sí,12275,12061,10,Web
30970,M,Tolima,46,Ejecutivo,32,Ejecutiva,22687.39,2351.77,Sí,70306,3778,3,Web
30973,F,Santander,42,Médico,8,Ejecutiva,4311.69,792.7,No,0,13107,28,Web
30975,M,Herrera,31,Empresario,49,Ejecutiva,11841.33,2875.82,No,0,9745,32,App
30977,F,Paraná,37,Ejecutivo,76,Económica,27868.96,3115.96,Sí,71447,2814,14,Web
30979,F,São Paulo,43,Deportista,58,Económica,19323.6,963.6,Sí,51168,1520,4,Web
30991,F,Tolima,46,Otro,21,Ejecutiva,12882.41,882.19,Sí,54193,1300,94,Web
30994,M,Los Santos,40,Empresario,37,Primera clase,36523.73,4345.18,Sí,81328,10028,10,App
31005,M,Atlántico,61,Comerciante,21,Ejecutiva,12706.88,1021.16,Sí,43851,1391,0,Aeropuerto
31016,F,Bahia,32,Empresario,46,Ejecutiva,24433.86,4218.69,No,0,9797,25,Web
31019,M,Córdoba,34,Arquitecto,18,Primera clase,32951.83,5056.38,No,0,4392,6,Agencia
31027,M,Colón,50,Ejecutivo,73,Económica,13331.34,2475.31,Sí,71788,2258,16,App
31028,F,Cundinamarca,30,Empresario,43,Ejecutiva,33412.58,8289.64,No,0,8712,29,App
31061,M,Entre Ríos,38,Empresario,52,Ejecutiva,34018.28,3830.5,No,0,4621,8,Agencia
31069,M,Santander,60,Deportista,59,Primera clase,75258.16,14769.48,No,0,7690,1,Web
31088,M,CABA,49,Deportista,57,Primera clase,63550.74,15689.9,No,0,23232,3,Web
31129,M,Atlántico,46,Ejecutivo,16,Ejecutiva,8792.56,550.8,Sí,21821,9470,2,Aeropuerto
31136,F,Misiones,29,Médico,11,Primera clase,5888.18,1016.61,No,0,12163,16,App
31137,F,Chaco,46,Médico,27,Ejecutiva,18254.22,2591.75,No,0,9287,6,Aeropuerto
31141,M,Paraná,31,Deportista,59,Primera clase,138549.2,33584.24,No,0,8040,60,App
31143,F,CABA,33,Deportista,83,Económica,23791.49,1455.22,Sí,72668,3732,27,App
31159,F,Herrera,45,Empresario,16,Primera clase,21033.68,1495.16,Sí,58773,16041,17,Web
31162,M,Atlántico,34,Deportista,58,Económica,17427.2,2388.63,Sí,45777,1305,6,Agencia
31174,F,Santa Fe,41,Ejecutivo,42,Ejecutiva,16513.55,1223.27,Sí,99927,5969,5,App
31180,M,Salta,45,Abogado,9,Ejecutiva,2564.29,594.18,Sí,18861,15867,17,Web
31184,M,Santa Fe,48,Médico,25,Económica,2190.79,332.81,No,0,8458,13,Agencia
31187,M,Colón,38,Abogado,19,Ejecutiva,7497.81,1719.23,Sí,40402,4660,27,Web
31193,M,Veraguas,34,Médico,25,Primera clase,63478.98,11967.71,No,0,11703,18,Web
31197,F,Mendoza,28,Médico,28,Primera clase,68804.85,3961.26,No,0,8375,20,Web
31219,M,Rio Grande do Sul,56,Médico,6,Ejecutiva,4608.53,275.11,No,0,8576,47,Aeropuerto
31229,M,Valle del Cauca,34,Empresario,59,Primera clase,70121.81,10007.51,No,0,11588,24,Aeropuerto
31231,F,Pernambuco,34,Empresario,34,Primera clase,39533.05,3611.44,Sí,144177,8322,1,Web
31266,F,Tolima,50,Empresario,34,Ejecutiva,22183.89,4351.96,Sí,43884,4055,0,Web
31268,F,Rio de Janeiro,45,Empresario,22,Ejecutiva,5774.61,334.6,No,0,9762,41,App
31270,M,Cundinamarca,34,Ejecutivo,58,Económica,6429.99,1549.06,Sí,52689,5392,22,App
31271,M,Entre Ríos,56,Abogado,17,Primera clase,42852.28,7440.2,No,0,9644,17,Web
31279,M,Minas Gerais,39,Médico,16,Primera clase,23723.04,2053.72,Sí,54650,7091,35,Agencia
31286,M,Misiones,29,Médico,7,Primera clase,11025.17,2702.81,Sí,22019,8954,14,App
31304,F,CABA,57,Empleado,20,Ejecutiva,13822.86,2016.68,Sí,46726,1448,32,Aeropuerto
31330,M,Bolívar,38,Arquitecto,14,Ejecutiva,4113.51,265.01,No,0,8596,22,Web
31351,F,Salta,37,Médico,9,Ejecutiva,4011.08,317.26,No,0,8918,73,Aeropuerto
31392,F,Minas Gerais,38,Deportista,74,Ejecutiva,45942.41,9999.9,Sí,168758,9546,85,Web
31403,F,Minas Gerais,39,Empresario,40,Ejecutiva,29445.41,3866.64,No,0,10440,9,Web
31405,M,Salta,44,Empresario,42,Ejecutiva,30925.48,6917.76,No,0,4599,6,App
31418,M,Salta,35,Ejecutivo,64,Ejecutiva,32137.68,3500.26,No,0,8144,31,Web
31423,M,Nariño,29,Deportista,75,Económica,16749.42,1171.49,Sí,48705,1326,26,App
31426,F,Nariño,47,Médico,13,Primera clase,23937.62,2551.3,Sí,57256,7650,45,Web
31429,M,Tucumán,31,Empresario,20,Ejecutiva,10435.08,1597.87,No,0,17550,19,Agencia
31434,M,Atlántico,25,Ingeniero,14,Ejecutiva,6005.24,1368.41,Sí,14438,9818,4,Web
31444,M,Tucumán,28,Deportista,24,Primera clase,49441.58,6581.51,Sí,73664,3783,3,App
31453,F,Córdoba,33,Ejecutivo,54,Ejecutiva,27486.87,5290.59,No,0,3571,7,App
31462,F,CABA,54,Empresario,51,Ejecutiva,21856.86,2823.25,Sí,135061,4994,32,App
31473,M,Córdoba,48,Ingeniero,10,Primera clase,6661.67,1564.57,Sí,47394,3546,23,App
31483,M,Misiones,54,Médico,20,Primera clase,41642.15,8953.33,No,0,3708,2,Agencia
31484,F,Antioquia,33,Arquitecto,18,Ejecutiva,9602.51,485.33,No,0,9459,12,Web
31487,M,Buenos Aires,47,Médico,12,Primera clase,30393.25,2820.62,No,0,3736,18,Agencia
31499,M,Rio de Janeiro,44,Deportista,31,Ejecutiva,25363.47,5842.28,Sí,73267,6419,13,Agencia
31501,F,Colón,24,Empresario,50,Económica,17644.88,3720.48,Sí,41969,2870,19,App
31510,F,CABA,25,Médico,25,Primera clase,29244.79,3840.53,No,0,11042,9,App
31513,M,Rio Grande do Sul,52,Ejecutivo,32,Ejecutiva,14054.51,1580.89,Sí,67446,5321,1,Web
31517,M,Panamá,53,Empresario,54,Ejecutiva,38898.2,3554.3,Sí,149747,16130,8,App
31545,F,Chaco,24,Empresario,46,Primera clase,32402.67,6764.73,Sí,243061,17034,21,Aeropuerto
31546,M,Nariño,58,Ejecutivo,75,Ejecutiva,29925.36,5521.62,No,0,5647,0,App
31558,M,Minas Gerais,32,Empresario,54,Primera clase,129155.6,18881.26,No,0,16542,2,App
31565,F,Santa Fe,29,Empleado,18,Ejecutiva,13293.1,2882.91,Sí,48332,1171,14,Aeropuerto
31572,M,Nariño,35,Empresario,41,Primera clase,58996.63,8214.25,No,0,9039,6,Aeropuerto
31574,F,Santander,44,Ingeniero,24,Ejecutiva,14954.05,2915.43,Sí,59820,4802,0,Web
31575,F,Chaco,30,Ejecutivo,51,Ejecutiva,37195.35,2820.61,No,0,11379,4,App
31580,F,Panamá,47,Ejecutivo,73,Ejecutiva,35499.07,5042.86,Sí,75304,3925,24,Web
31592,M,Tolima,40,Ejecutivo,69,Ejecutiva,43793.52,10849.8,No,0,4462,15,Web
31621,M,Nariño,26,Empresario,52,Primera clase,64521.78,9287.45,Sí,110241,11000,5,App
31624,F,Bolívar,30,Ejecutivo,75,Ejecutiva,38574.83,6259.22,Sí,156485,8252,11,Web
31661,F,São Paulo,38,Ejecutivo,43,Ejecutiva,25767.83,4225.21,Sí,99657,5036,10,App
31670,F,Nariño,26,Contador,11,Primera clase,25135.48,2954.21,No,0,4874,6,Web
31687,F,Cundinamarca,48,Empleado,24,Ejecutiva,11166.08,679.93,Sí,41135,1556,2,Web
31710,M,Chaco,44,Ejecutivo,63,Ejecutiva,42870.76,8543.25,Sí,99954,6651,2,Web
31715,M,Valle del Cauca,43,Deportista,94,Ejecutiva,72224.24,17459.84,Sí,231732,33965,23,Web
31717,F,Tolima,46,Empresario,25,Ejecutiva,19574.72,4577.58,Sí,61378,3339,2,Web
31722,F,Buenos Aires,52,Empresario,37,Ejecutiva,24973.27,2410.1,No,0,10463,19,Web
31747,M,São Paulo,28,Empresario,27,Primera clase,49979.9,3849.6,No,0,7328,12,Agencia
31760,M,São Paulo,49,Médico,22,Ejecutiva,12096.89,1195.18,No,0,12808,4,Agencia
31763,F,Mendoza,30,Empresario,22,Ejecutiva,16906.03,1679.78,No,0,14809,36,Web
31764,M,Paraná,46,Empresario,52,Económica,18096.64,1635.71,Sí,42666,5272,13,Web
31774,F,Misiones,43,Médico,20,Económica,7379.38,357.09,Sí,13831,12592,9,Web
31775,F,Misiones,30,Deportista,52,Ejecutiva,14641.99,3514.76,Sí,73116,3757,5,App
31781,F,Chiriquí,53,Empresario,43,Ejecutiva,29332.97,3285.7,Sí,71941,5524,9,App
31788,F,CABA,34,Médico,8,Ejecutiva,4288.65,541.27,No,0,8533,34,App
31789,F,Chaco,32,Ejecutivo,38,Ejecutiva,14127.26,2259.95,Sí,53984,10580,9,Web
31797,F,Paraná,52,Ejecutivo,48,Ejecutiva,28539.56,4966.16,No,0,5699,9,Web
31803,M,Santander,35,Médico,13,Primera clase,10479.79,1700.76,No,0,9371,8,Web
31804,F,Bolívar,47,Empresario,10,Primera clase,16501.91,855.84,No,0,8344,3,App
31807,M,Chaco,49,Ejecutivo,73,Ejecutiva,49851.64,7247.42,No,0,12586,5,Web
31811,F,Chaco,32,Empresario,21,Ejecutiva,12106.38,2048.19,No,0,11616,62,App
31814,F,Rio de Janeiro,30,Empresario,40,Ejecutiva,14388.62,1913.74,No,0,44844,26,Web
31832,F,Misiones,30,Ejecutivo,71,Económica,26010.78,4149.02,Sí,43184,2822,39,App
31834,M,Tolima,35,Empresario,39,Primera clase,66381.32,8907.68,No,0,16681,4,Web
31837,F,Santa Fe,35,Empresario,37,Económica,12845.25,548.72,Sí,14746,8787,16,App
31840,F,Los Santos,36,Ejecutivo,79,Ejecutiva,26333.78,5343.74,Sí,107561,7882,25,App
31862,M,CABA,26,Ejecutivo,68,Ejecutiva,50174.46,5432.19,Sí,92016,4373,3,Web
31864,F,Santander,31,Empresario,28,Primera clase,73044.96,5605.37,Sí,65575,4633,18,Web
31874,F,Misiones,29,Arquitecto,19,Primera clase,33359.97,4129.46,Sí,80398,7745,9,App
31878,M,Tucumán,53,Empresario,49,Ejecutiva,34112.01,3945.3,Sí,122446,10326,13,Web
31900,F,Chiriquí,35,Empleado,16,Ejecutiva,9476.45,2073.26,Sí,41506,1247,10,App
31908,M,Nariño,40,Abogado,21,Ejecutiva,12308.13,1669.02,Sí,48716,9025,13,App
31913,M,Veraguas,37,Ejecutivo,79,Ejecutiva,26018.7,3011.02,No,0,12812,0,Agencia
31916,M,Colón,37,Ejecutivo,28,Primera clase,22549.5,3504.06,Sí,109944,22383,1,Web
31940,F,Santander,50,Médico,19,Primera clase,44296.63,10893.3,No,0,9003,15,Web
31950,F,Chaco,53,Empresario,42,Ejecutiva,17188.69,1793.01,Sí,55037,17060,3,Agencia
31959,M,Santander,47,Empresario,59,Económica,16223.33,1429.28,Sí,48249,6660,37,Web
31979,M,Herrera,46,Empresario,24,Ejecutiva,9400.58,732.69,No,0,14931,34,App
31992,M,Herrera,47,Médico,22,Ejecutiva,8701.6,794.61,No,0,9301,0,App
31997,M,Herrera,35,Empresario,23,Primera clase,21205.3,4199.11,No,0,8756,16,Web
32004,M,Bahia,47,Ejecutivo,54,Económica,4899.81,965.53,Sí,58203,5300,0,App
32019,F,Córdoba,26,Médico,24,Ejecutiva,17884.73,2561.35,No,0,11726,22,App
32024,M,Buenos Aires,36,Empresario,21,Primera clase,39626.2,2244.51,No,0,22547,99,App
32032,M,Minas Gerais,52,Empleado,22,Ejecutiva,9648.66,1090.88,Sí,47746,2011,12,App
32035,M,Pernambuco,38,Empresario,26,Ejecutiva,20650.9,1356.38,Sí,42274,19250,5,App
32037,F,Córdoba,48,Ejecutivo,51,Ejecutiva,16681.94,753.64,Sí,101911,11995,4,Web
32039,F,Santa Fe,28,Empresario,59,Ejecutiva,26579.11,3732.37,No,0,53513,40,App
32042,F,Santa Fe,43,Médico,28,Primera clase,74305.08,11905.26,No,0,5942,4,App
32050,F,Bolívar,35,Ingeniero,16,Primera clase,36506.9,3292.71,No,0,4246,5,App
32069,M,Atlántico,24,Empresario,12,Primera clase,18547.22,1506.85,No,0,9787,4,Web
32071,F,Buenos Aires,36,Ejecutivo,66,Ejecutiva,50332.91,6535.7,Sí,136728,2816,2,Web
32072,M,Salta,38,Empresario,16,Ejecutiva,9183.2,842.7,No,0,16669,26,Web
32089,F,Cundinamarca,34,Ejecutivo,66,Ejecutiva,47445.46,4687.84,Sí,117309,3987,10,Web
32099,M,São Paulo,43,Ejecutivo,67,Económica,5485.34,288.08,Sí,44687,6544,2,Agencia
32106,M,Mendoza,46,Ejecutivo,54,Ejecutiva,28351.24,3206.96,Sí,67058,4860,6,Web
32109,M,Salta,31,Médico,18,Ejecutiva,4595.41,857.91,No,0,12753,59,Aeropuerto
32118,F,Rio Grande do Sul,38,Médico,14,Ejecutiva,6780.73,1641.01,No,0,9833,18,App
32125,M,Chaco,47,Deportista,75,Ejecutiva,52780.86,13041.31,No,0,6815,0,Agencia
32129,F,Chaco,44,Abogado,18,Ejecutiva,10113.91,1381.48,No,0,13223,14,Agencia
32137,F,Tucumán,27,Médico,25,Económica,6993.21,430.08,No,0,8411,17,Web
32144,F,Minas Gerais,49,Empresario,32,Primera clase,43243.56,6344.29,Sí,132474,8238,9,Web
32146,M,Tolima,41,Profesional independiente,9,Ejecutiva,3018.16,632.4,Sí,10616,10748,15,Aeropuerto
32150,F,Santander,38,Ejecutivo,73,Ejecutiva,50485.52,3488.05,No,0,4156,58,App
32175,F,Salta,50,Médico,24,Ejecutiva,12586.7,956.39,Sí,60086,5874,4,Agencia
32194,M,Cundinamarca,35,Empresario,47,Ejecutiva,35599.94,4108.95,Sí,48409,9856,2,App
32210,M,Rio de Janeiro,26,Empresario,59,Ejecutiva,43467.3,4755.63,No,0,20507,22,Web
32214,F,São Paulo,43,Empresario,22,Primera clase,19861.04,1858.98,No,0,8452,61,Agencia
32222,M,Buenos Aires,27,Empresario,35,Ejecutiva,24659.59,3260.87,No,0,4734,1,Web
32234,F,Rio Grande do Sul,27,Ejecutivo,77,Ejecutiva,35607.44,6510.37,No,0,4813,8,App
32247,M,CABA,50,Empresario,48,Económica,10017.16,1802.24,Sí,46922,3549,1,Agencia
32257,F,Pernambuco,29,Deportista,93,Ejecutiva,64583.8,9295.77,Sí,231605,7258,21,App
32263,M,Tolima,37,Empresario,30,Primera clase,58512.57,11609.95,Sí,77980,6796,86,Agencia
32274,M,Chaco,27,Ejecutivo,51,Económica,4892.01,443.49,Sí,46220,8630,19,Agencia
32298,F,Herrera,42,Ejecutivo,63,Económica,7510.95,724.32,Sí,43463,1807,3,App
32303,M,Misiones,32,Deportista,61,Primera clase,48630.5,4072.26,No,0,12383,6,App
32308,M,CABA,41,Empresario,48,Ejecutiva,35932.59,3338.77,No,0,5947,1,App
32317,M,Nariño,32,Empresario,12,Ejecutiva,7934.56,1717.75,Sí,14201,10175,45,Agencia
32329,M,Buenos Aires,31,Ejecutivo,79,Económica,10272.59,692.38,Sí,85515,4386,12,App
32340,F,Bolívar,37,Ejecutivo,79,Ejecutiva,31976.12,5995.9,Sí,127392,5974,1,Web
32342,M,Chaco,56,Ejecutivo,66,Primera clase,37808.13,2465.59,Sí,168866,7864,6,Web
32343,F,Paraná,33,Médico,15,Económica,3598.59,222.64,No,0,10284,1,Agencia
32351,F,Cundinamarca,28,Ejecutivo,58,Primera clase,116003.65,21003.04,Sí,257634,7174,4,Web
32374,M,Veraguas,35,Empresario,58,Ejecutiva,41457.25,5415.83,No,0,17629,5,Web
32385,F,Mendoza,58,Ejecutivo,52,Ejecutiva,17266.46,1641.09,Sí,138787,6657,14,Web
32425,F,São Paulo,29,Médico,27,Primera clase,36013.04,5643.79,Sí,86616,11466,54,Agencia
32437,F,Cundinamarca,34,Médico,23,Ejecutiva,6351.9,1055.71,No,0,8998,38,Web
32440,M,Misiones,47,Empresario,38,Ejecutiva,30126.09,1624.42,Sí,96038,7446,3,Agencia
32443,M,Santa Fe,36,Deportista,41,Ejecutiva,25017.51,2954.38,No,0,6038,10,Web
32445,M,Minas Gerais,53,Empresario,40,Ejecutiva,13590.47,3233.6,Sí,91733,12709,4,App
32451,F,Mendoza,28,Ejecutivo,79,Económica,27656.16,3367.2,Sí,90531,7126,3,Web
32457,F,Pernambuco,34,Empresario,40,Ejecutiva,28302.26,3982.16,Sí,62636,8249,3,Agencia
32460,F,Salta,37,Abogado,8,Ejecutiva,5057.04,1205.85,No,0,10985,118,App
32467,F,Antioquia,40,Profesional independiente,5,Ejecutiva,3990.15,991.8,No,0,8515,5,App
32474,F,Salta,35,Ejecutivo,64,Ejecutiva,37746.73,7742.19,Sí,52135,6141,0,App
32476,M,CABA,61,Empresario,36,Económica,3817.32,833.38,Sí,24405,11902,5,Agencia
32492,M,Valle del Cauca,32,Ingeniero,23,Ejecutiva,13996.8,1489.38,Sí,62047,3259,2,App
32506,M,Tucumán,35,Ejecutivo,57,Ejecutiva,35483.53,7949.41,No,0,6064,7,Web
32509,F,Buenos Aires,50,Abogado,18,Ejecutiva,11060.36,1906.64,No,0,9523,4,Web
32514,M,CABA,50,Médico,23,Económica,2724.79,340.56,No,0,8715,24,Agencia
32531,F,Rio de Janeiro,52,Médico,24,Primera clase,39333.0,6982.37,Sí,70288,8073,16,Agencia
32542,F,Colón,35,Abogado,4,Ejecutiva,2597.54,184.19,No,0,9214,21,App
32544,M,Paraná,33,Empresario,19,Ejecutiva,6804.1,838.0,No,0,9080,152,Web
32562,F,Chiriquí,55,Empresario,38,Ejecutiva,29324.75,4747.58,No,0,10484,26,Web
32582,F,Pernambuco,32,Profesional independiente,3,Ejecutiva,2080.26,318.09,No,0,9382,33,Agencia
32583,M,Santa Fe,25,Abogado,14,Económica,3310.34,670.18,No,0,8971,25,Agencia
32589,M,Valle del Cauca,31,Ejecutivo,68,Ejecutiva,49341.2,5415.74,No,0,4899,18,Agencia
32600,F,Bahia,29,Empresario,45,Ejecutiva,30479.84,6683.11,Sí,63521,4776,72,Web
32603,M,Salta,33,Ejecutivo,59,Ejecutiva,37396.94,2171.16,Sí,112747,7099,2,App
32616,F,CABA,55,Empresario,22,Ejecutiva,5957.61,1143.92,Sí,29656,11806,19,Web
32637,M,Córdoba,41,Empresario,58,Ejecutiva,16256.57,3969.48,No,0,10010,15,App
32658,M,Tucumán,65,Comerciante,14,Primera clase,29184.22,5978.63,No,0,4130,37,Agencia
32673,M,Mendoza,37,Empresario,49,Ejecutiva,30611.12,7154.49,Sí,51608,16163,35,Web
32702,F,Salta,45,Profesional independiente,19,Ejecutiva,12418.28,1865.69,Sí,44870,2166,5,Web
32720,M,CABA,29,Empresario,48,Ejecutiva,20522.8,2909.65,No,0,41799,45,Web
32725,F,Buenos Aires,37,Médico,13,Ejecutiva,5116.31,989.08,No,0,10901,9,App
32738,M,Bolívar,33,Médico,16,Económica,4735.06,1102.77,Sí,11579,8887,18,Web
32743,M,Santa Fe,36,Ejecutivo,47,Ejecutiva,25356.34,1737.32,Sí,79579,6372,5,App
32744,M,Entre Ríos,32,Abogado,23,Ejecutiva,14357.69,2085.84,No,0,8520,48,Web
32753,M,Valle del Cauca,52,Empresario,55,Económica,13697.95,1827.9,Sí,43047,21810,47,Web
32757,M,Rio de Janeiro,24,Ejecutivo,39,Ejecutiva,19543.67,978.83,Sí,58816,4265,1,Web
32770,F,Rio de Janeiro,29,Deportista,55,Primera clase,146089.46,24146.87,Sí,148878,12705,3,App
32773,F,Colón,28,Ejecutivo,53,Económica,17958.53,3200.51,Sí,47353,5526,1,App
32782,M,Santa Fe,46,Empresario,33,Primera clase,57604.03,13384.76,No,0,12428,24,Web
32783,M,Antioquia,52,Empresario,52,Económica,10507.16,559.77,No,0,12339,49,Web
32787,F,Cundinamarca,51,Empresario,56,Primera clase,100267.84,7013.32,No,0,8331,39,App
32788,M,Buenos Aires,41,Empresario,40,Ejecutiva,32911.92,1947.84,No,0,13712,2,App
32794,M,Nariño,24,Empresario,56,Ejecutiva,40944.38,8930.24,No,0,20195,10,Web
32798,M,Santa Fe,42,Ejecutivo,52,Ejecutiva,21001.24,4270.94,Sí,99703,4467,15,App
32810,M,Rio de Janeiro,31,Ejecutivo,50,Ejecutiva,20913.99,1532.35,Sí,104423,5071,3,Aeropuerto
32822,F,Córdoba,39,Ejecutivo,74,Económica,26693.58,1722.0,Sí,47082,5295,12,Agencia
32833,F,Buenos Aires,52,Deportista,69,Económica,10594.35,632.81,Sí,55555,2091,74,Agencia
32835,M,Tucumán,30,Médico,10,Primera clase,22153.93,2743.33,No,0,9067,14,App
32836,M,Santander,30,Empresario,34,Ejecutiva,18979.41,3532.42,No,0,20925,11,Web
32841,F,Santa Fe,48,Empresario,24,Primera clase,40047.16,6219.01,No,0,8645,16,Web
32859,M,Tucumán,52,Deportista,54,Económica,8924.72,1520.53,No,0,8584,2,Web
32863,F,Santander,56,Empresario,32,Primera clase,22587.24,4075.15,Sí,162080,4340,14,Web
32866,M,Los Santos,26,Deportista,21,Primera clase,13154.74,2992.28,Sí,94362,9208,33,Web
32877,M,Nariño,38,Deportista,36,Económica,8595.22,562.48,No,0,13787,0,Web
32895,M,Salta,32,Empresario,30,Ejecutiva,8772.06,954.65,Sí,74942,15544,0,Web
32923,M,Córdoba,33,Empresario,50,Ejecutiva,35357.71,4756.89,Sí,81172,14853,2,Web
32937,F,Paraná,42,Deportista,36,Ejecutiva,16066.91,2989.78,No,0,9266,0,App
32943,F,CABA,50,Ejecutivo,77,Ejecutiva,47352.67,9898.97,Sí,136432,9259,27,Web
32946,F,Mendoza,32,Abogado,3,Ejecutiva,2265.41,127.24,No,0,14729,4,Web
32960,F,Santa Fe,43,Empresario,39,Ejecutiva,15959.47,1845.93,No,0,12333,13,App
32963,M,Entre Ríos,39,Médico,5,Económica,477.49,79.69,No,0,12002,20,Agencia
32984,F,Pernambuco,41,Ejecutivo,71,Primera clase,90132.48,22491.51,Sí,171119,4778,22,Web
32990,F,Tolima,48,Deportista,81,Ejecutiva,40682.48,10117.89,No,0,13626,2,Web
32992,M,Mendoza,33,Ejecutivo,79,Económica,20734.02,2011.72,Sí,58523,2617,2,Agencia
33001,M,Santa Fe,32,Ejecutivo,66,Ejecutiva,42666.69,4122.4,No,0,6550,12,App
33006,F,Santa Fe,52,Deportista,60,Ejecutiva,52266.72,12553.32,No,0,5738,24,App
33007,M,Misiones,30,Abogado,13,Primera clase,9976.76,492.7,No,0,10186,2,App
33018,F,Pernambuco,30,Empresario,13,Ejecutiva,5291.93,638.82,Sí,30069,18473,111,Agencia
33025,F,Tolima,35,Ejecutivo,34,Ejecutiva,11813.61,1873.09,Sí,72544,6172,4,Web
33057,M,Buenos Aires,44,Empresario,17,Primera clase,41004.91,2427.97,No,0,14842,22,App
33059,M,Mendoza,55,Ejecutivo,18,Primera clase,22681.2,1541.01,Sí,81755,8746,8,Web
33068,M,Chiriquí,32,Empresario,56,Ejecutiva,22924.66,1906.72,Sí,61130,8610,6,Agencia
33069,M,CABA,24,Médico,16,Ejecutiva,4738.34,522.83,No,0,8621,17,App
33096,M,CABA,24,Profesional independiente,9,Ejecutiva,7732.89,1735.24,No,0,13191,5,App
33112,F,Tolima,30,Ejecutivo,59,Ejecutiva,24395.8,4410.02,Sí,44186,11014,0,App
33128,F,Tucumán,25,Empresario,35,Primera clase,52052.2,9869.35,Sí,73362,9305,35,Web
33141,F,Herrera,44,Empresario,13,Económica,4923.24,746.44,No,0,8593,10,App
33142,F,Chaco,24,Ejecutivo,33,Ejecutiva,25023.07,4351.46,No,0,11740,20,App
33151,F,Valle del Cauca,37,Abogado,4,Económica,1101.17,233.96,No,0,8570,29,Web
33152,F,Chaco,55,Ejecutivo,16,Primera clase,27637.41,6547.5,No,0,8241,1,Aeropuerto
33157,F,Misiones,62,Médico,25,Primera clase,60509.8,7588.67,No,0,10237,5,Web
33163,F,Paraná,29,Abogado,18,Primera clase,30355.14,4758.65,No,0,11370,4,App
33204,F,Mendoza,47,Médico,25,Ejecutiva,10589.7,1888.22,Sí,52937,6323,17,Aeropuerto
33215,M,Antioquia,29,Empresario,32,Ejecutiva,15562.15,3166.64,No,0,9318,1,App
33222,M,Los Santos,30,Ejecutivo,35,Ejecutiva,25461.55,3877.07,No,0,7618,8,Aeropuerto
33225,F,Paraná,26,Ejecutivo,21,Ejecutiva,5333.53,1022.22,Sí,54337,4298,6,App
33230,F,Antioquia,53,Deportista,55,Ejecutiva,19593.86,4729.62,Sí,65378,384,30,Web
33245,F,Tolima,29,Deportista,86,Económica,19024.67,3193.95,Sí,58154,2038,10,App
33247,F,São Paulo,32,Empresario,14,Ejecutiva,5723.6,726.31,Sí,12588,13308,4,App
33248,F,Panamá,31,Empresario,59,Ejecutiva,43045.84,5796.65,No,0,4076,4,App
33263,M,Entre Ríos,28,Empresario,24,Primera clase,25073.42,4820.94,No,0,9218,34,Web
33265,M,Misiones,32,Empresario,41,Ejecutiva,24921.88,1549.71,No,0,19989,8,App
33271,M,Buenos Aires,42,Empresario,43,Ejecutiva,11236.46,1924.88,Sí,33854,9140,34,Aeropuerto
33278,M,Rio de Janeiro,54,Abogado,24,Ejecutiva,14300.44,2842.73,No,0,9875,12,App
33296,M,Colón,52,Ingeniero,21,Ejecutiva,12940.26,756.8,No,0,9686,65,App
33305,F,Herrera,42,Empresario,21,Ejecutiva,6503.52,491.74,Sí,28950,10012,28,App
33309,F,Cundinamarca,34,Empresario,49,Primera clase,111908.33,18535.45,Sí,173696,31013,37,Web
33313,M,Cundinamarca,25,Ejecutivo,63,Primera clase,52535.8,12602.14,No,0,5062,13,Aeropuerto
33329,M,Bahia,41,Ejecutivo,72,Ejecutiva,20620.74,3213.56,Sí,81584,5791,8,App
33352,M,Valle del Cauca,39,Ejecutivo,67,Primera clase,50662.74,2459.96,No,0,7708,19,App
33358,F,Pernambuco,28,Ejecutivo,75,Económica,17866.21,874.73,Sí,56960,5831,21,Web
33363,F,Paraná,36,Ejecutivo,78,Económica,28926.32,3184.25,Sí,73863,5679,16,App
33374,M,Entre Ríos,53,Empresario,30,Ejecutiva,15586.63,1394.39,No,0,13915,37,App
33384,M,Panamá,38,Abogado,15,Económica,5541.71,1130.6,Sí,8089,10411,23,App
33397,M,Mendoza,26,Empresario,49,Ejecutiva,18453.68,3741.21,No,0,16323,104,App
33419,M,CABA,47,Ejecutivo,43,Primera clase,103061.08,13534.61,No,0,4237,29,Web
33445,M,Bolívar,43,Ejecutivo,33,Ejecutiva,19607.75,2342.13,Sí,52767,7262,9,App
33453,F,Córdoba,50,Ejecutivo,48,Ejecutiva,24349.64,4908.14,Sí,113204,8893,0,Web
33477,M,Mendoza,37,Ejecutivo,66,Ejecutiva,23418.6,5080.68,Sí,149202,4703,3,App
33479,F,Bolívar,40,Ejecutivo,57,Ejecutiva,20451.65,4287.81,Sí,140284,9859,17,App
33492,M,CABA,42,Profesional independiente,6,Ejecutiva,3999.1,227.99,No,0,12335,14,Agencia
33497,M,Colón,56,Empresario,33,Ejecutiva,28507.67,5151.83,No,0,6953,53,Aeropuerto
33517,M,Córdoba,29,Ejecutivo,21,Primera clase,35417.26,5137.24,Sí,58084,7443,5,App
33524,F,Pernambuco,48,Médico,5,Primera clase,8466.45,1967.35,Sí,20298,10238,22,App
33537,M,Paraná,39,Ejecutivo,40,Primera clase,95638.59,19832.47,No,0,5445,5,Web
33551,F,Tucumán,41,Ingeniero,17,Ejecutiva,5419.09,347.81,No,0,9559,31,App
33553,No binario,Bahia,29,Ejecutivo,47,Económica,13705.97,2224.16,Sí,35569,9859,2,Web
33557,F,Valle del Cauca,47,Deportista,89,Económica,18671.57,2590.77,Sí,80997,6071,16,Web
33583,M,Entre Ríos,47,Médico,19,Ejecutiva,13756.33,598.71,No,0,11253,10,App
33600,M,Colón,32,Ejecutivo,67,Primera clase,94124.47,19947.85,Sí,243959,7070,4,App
33608,M,Chaco,54,Ejecutivo,16,Primera clase,13266.1,1266.11,Sí,87447,6917,0,Web
33617,M,Bahia,45,Deportista,43,Primera clase,31316.84,5667.36,No,0,4029,10,Web
33638,F,Chaco,24,Ejecutivo,71,Primera clase,51965.37,10523.79,No,0,14941,3,App
33642,M,Misiones,48,Médico,22,Ejecutiva,17183.72,1913.55,Sí,48929,10591,10,App
33646,F,Rio de Janeiro,31,Médico,16,Ejecutiva,13601.13,3277.73,Sí,41178,3799,9,Agencia
33649,F,CABA,27,Abogado,24,Primera clase,57820.04,12631.7,No,0,12437,49,Web
33656,F,Chaco,31,Ejecutivo,60,Ejecutiva,35171.3,7674.56,Sí,113558,11641,8,Web
33660,M,Paraná,46,Ejecutivo,62,Ejecutiva,44275.77,5608.97,Sí,63531,5219,3,Web
33670,M,CABA,42,Médico,28,Ejecutiva,9681.79,2234.46,Sí,62937,3969,0,Web
33685,F,Bahia,48,Empresario,38,Primera clase,74537.91,12636.64,No,0,3626,9,App
33705,F,Nariño,47,Ejecutivo,36,Primera clase,74529.16,5631.02,No,0,9767,28,Agencia
33720,M,Mendoza,49,Ejecutivo,58,Primera clase,75751.71,9802.66,Sí,88797,5897,20,Web
33746,M,Herrera,31,Médico,24,Ejecutiva,5294.52,243.67,No,0,8600,7,Web
33756,F,Colón,34,Profesional independiente,23,Primera clase,45032.37,2949.58,No,0,7331,13,App
33759,M,Bahia,41,Médico,16,Primera clase,24457.99,5535.8,No,0,8457,21,Web
33776,M,Minas Gerais,53,Empresario,46,Económica,8661.26,2046.78,Sí,52049,4607,43,Aeropuerto
33783,M,Panamá,33,Abogado,21,Económica,1944.25,432.66,No,0,17167,69,Agencia
33787,M,Rio de Janeiro,29,Empresario,50,Ejecutiva,39566.0,6111.07,Sí,87436,6254,34,Web
33789,M,Atlántico,49,Médico,25,Económica,7682.24,1813.03,No,0,10040,0,Aeropuerto
33790,M,Tolima,42,Deportista,80,Económica,17659.12,954.65,Sí,86382,3887,11,Aeropuerto
33794,M,Veraguas,43,Ejecutivo,51,Ejecutiva,31553.02,1275.69,Sí,46411,10410,5,Web
33807,F,Valle del Cauca,48,Ejecutivo,60,Económica,7647.35,1237.54,Sí,53398,4212,4,Web
33815,F,Pernambuco,35,Profesional independiente,16,Primera clase,25647.49,2148.35,Sí,54301,7117,7,Web
33818,F,CABA,46,Ejecutivo,73,Económica,7945.69,1654.5,Sí,50291,16870,34,Aeropuerto
33820,F,Córdoba,24,Abogado,20,Primera clase,42950.26,7229.86,No,0,4041,50,Web
33821,F,Mendoza,28,Deportista,68,Económica,6789.04,966.23,Sí,65089,2666,1,App
33824,M,Buenos Aires,24,Empresario,50,Ejecutiva,27012.35,3538.2,Sí,110148,7439,25,Web
33830,F,Colón,25,Empresario,42,Económica,10510.19,1034.06,No,0,8382,12,App
33832,F,São Paulo,32,Médico,22,Ejecutiva,15055.68,1955.95,No,0,10387,48,Agencia
33837,F,Misiones,48,Empresario,51,Ejecutiva,27734.35,5309.89,Sí,51160,30576,16,Web
33839,F,Panamá,34,Ejecutivo,46,Ejecutiva,27866.22,4979.02,No,0,8954,2,Aeropuerto
33844,M,Tolima,58,Ejecutivo,40,Ejecutiva,19966.79,3227.26,Sí,106862,8853,0,Web
33847,F,Paraná,50,Deportista,70,Ejecutiva,27482.28,4124.95,Sí,78801,7796,40,Agencia
33859,No binario,Paraná,46,Empresario,22,Primera clase,20983.61,1918.67,No,0,13125,23,Web
33867,M,Valle del Cauca,30,Empresario,45,Ejecutiva,26471.38,4546.77,Sí,73162,10545,16,Aeropuerto
33895,F,Chiriquí,51,Ejecutivo,51,Primera clase,84989.44,8164.92,No,0,6410,23,Agencia
33899,M,Bolívar,45,Ejecutivo,29,Ejecutiva,19160.87,1475.7,Sí,58546,4099,5,App
33907,F,Antioquia,30,Ejecutivo,34,Ejecutiva,20400.97,4887.65,Sí,47150,6258,12,Agencia
33917,M,Chaco,44,Ejecutivo,54,Ejecutiva,27004.98,2424.34,Sí,92246,9806,5,Agencia
33918,M,Cundinamarca,32,Deportista,58,Primera clase,32486.39,4908.66,No,0,3866,11,App
33926,F,Entre Ríos,31,Empresario,54,Ejecutiva,30524.96,7296.61,Sí,101506,10702,17,App
33929,F,Pernambuco,47,Empresario,38,Ejecutiva,29039.01,7062.83,No,0,5987,1,Web
33934,M,Colón,52,Profesional independiente,13,Primera clase,17239.53,1715.8,Sí,44461,7690,12,App
33965,F,Tolima,46,Ingeniero,7,Primera clase,15126.57,2670.0,No,0,9568,3,Web
33979,M,Córdoba,40,Abogado,23,Económica,7042.52,1501.16,No,0,9380,112,Web
33980,F,Paraná,32,Empresario,39,Primera clase,78075.17,9518.4,No,0,10727,33,Web
33994,F,Atlántico,47,Empresario,37,Ejecutiva,11258.59,559.97,Sí,92025,9571,27,App
34009,M,Chaco,36,Empresario,49,Ejecutiva,34689.49,7200.31,No,0,4755,58,Aeropuerto
34019,F,Atlántico,46,Deportista,29,Ejecutiva,13035.8,1507.9,No,0,17541,1,Web
34028,F,Córdoba,44,Deportista,84,Ejecutiva,31282.22,2189.26,No,0,61475,11,Aeropuerto
34030,F,Antioquia,50,Empresario,57,Ejecutiva,18005.92,3632.24,No,0,18317,2,App
34032,M,Córdoba,36,Ejecutivo,22,Ejecutiva,12595.38,619.98,Sí,41925,10434,26,Web
34048,F,Minas Gerais,54,Ejecutivo,48,Ejecutiva,32326.25,6312.9,Sí,38896,12040,14,Web
34054,F,Tucumán,40,Ejecutivo,41,Ejecutiva,12236.08,1515.93,Sí,112199,11043,6,Web
34059,M,Los Santos,31,Ejecutivo,72,Ejecutiva,38728.98,4368.92,Sí,104392,3596,6,Web
34067,M,Tolima,36,Empresario,34,Ejecutiva,27286.77,1274.37,No,0,8250,7,Web
34072,M,Santa Fe,49,Empresario,13,Económica,1475.96,166.98,Sí,4658,10937,5,Web
34079,F,Bahia,29,Profesional independiente,2,Ejecutiva,568.18,124.24,No,0,11294,21,Web
34083,F,Veraguas,45,Abogado,22,Primera clase,31733.92,2763.45,No,0,6079,29,Web
34090,F,Salta,43,Empresario,16,Primera clase,33173.92,7789.19,Sí,31163,7447,12,Web
34091,M,Los Santos,50,Empresario,50,Ejecutiva,18055.33,1611.78,Sí,87252,4489,12,Web
34093,M,Salta,39,Ejecutivo,38,Ejecutiva,19002.85,3662.05,Sí,69074,4592,10,Web
34121,M,Misiones,50,Empresario,53,Primera clase,92165.19,19523.04,Sí,182100,26597,23,Web
34150,M,Rio de Janeiro,32,Médico,19,Primera clase,34438.62,7237.98,Sí,81356,9086,22,App
34161,F,Mendoza,43,Ejecutivo,59,Primera clase,66236.26,4429.26,Sí,189312,7789,1,App
34179,F,Chaco,29,Profesional independiente,20,Primera clase,32576.37,2098.71,Sí,62880,4273,1,Web
34182,M,Misiones,43,Médico,28,Ejecutiva,14687.37,3383.64,Sí,60254,5767,55,Aeropuerto
34193,M,Antioquia,27,Deportista,58,Ejecutiva,39169.07,8792.93,No,0,8006,6,App
34197,F,Los Santos,26,Empresario,41,Primera clase,31334.24,6046.74,Sí,141565,7545,10,App
34205,F,Paraná,32,Empresario,57,Ejecutiva,25413.87,3319.58,Sí,55422,11504,19,Agencia
34216,M,Bahia,32,Ejecutivo,68,Ejecutiva,44901.16,8446.45,Sí,94228,8792,4,Web
34230,M,Antioquia,44,Empresario,31,Ejecutiva,22485.73,4856.26,Sí,88510,8412,7,Web
34238,M,São Paulo,54,Empresario,28,Ejecutiva,14779.93,3397.47,Sí,57558,9044,6,App
34246,F,Atlántico,26,Ejecutivo,60,Económica,20779.43,5024.3,Sí,19230,10128,28,App
34265,M,Córdoba,34,Empresario,21,Primera clase,28735.13,5415.82,No,0,7891,77,Web
34267,M,Misiones,27,Deportista,86,Ejecutiva,48255.23,10135.99,Sí,139921,935,3,Web
34274,F,Entre Ríos,47,Empresario,44,Primera clase,105958.13,13516.0,No,0,10241,3,Web
34285,M,Rio de Janeiro,30,Empresario,10,Ejecutiva,3552.19,524.4,No,0,9197,6,App
34298,M,Chiriquí,52,Deportista,60,Ejecutiva,35283.79,3536.55,No,0,4045,4,Web
34334,F,Atlántico,42,Ejecutivo,38,Ejecutiva,9504.46,2177.15,Sí,82891,1301,6,App
34341,M,Santa Fe,36,Deportista,98,Económica,22292.47,3711.55,Sí,77014,1437,4,Agencia
34343,M,Atlántico,39,Ejecutivo,20,Ejecutiva,13332.7,2890.42,No,0,9514,5,Web
34346,F,Tolima,45,Empresario,54,Ejecutiva,32636.6,2589.35,No,0,5714,6,Web
34354,M,Mendoza,32,Ejecutivo,66,Ejecutiva,20248.33,4422.75,Sí,128480,7547,14,Web
34359,M,Córdoba,58,Ejecutivo,47,Ejecutiva,34141.41,2720.39,No,0,6897,1,Web
34370,F,CABA,52,Abogado,22,Primera clase,43455.98,8688.37,No,0,5648,8,Agencia
34373,M,Pernambuco,38,Ejecutivo,17,Ejecutiva,6977.26,466.12,Sí,33332,8365,4,Aeropuerto
34382,M,Córdoba,38,Empresario,55,Ejecutiva,18559.25,2390.05,Sí,75267,3940,32,App
34392,F,Chaco,43,Ejecutivo,55,Primera clase,30687.43,4887.14,Sí,183067,5508,2,Web
34406,F,Misiones,41,Empresario,10,Ejecutiva,5617.0,464.05,No,0,11308,1,Agencia
34412,No binario,Córdoba,34,Deportista,88,Primera clase,63693.65,2824.98,Sí,278954,12177,7,Web
34413,M,Bahia,42,Empresario,28,Ejecutiva,14697.55,674.83,Sí,27488,8391,6,Aeropuerto
34414,F,Valle del Cauca,30,Deportista,84,Económica,22573.92,4278.84,Sí,93377,481,1,Agencia
34415,F,Misiones,41,Empresario,54,Económica,18216.95,2994.53,Sí,43675,1304,35,Web
34427,No binario,Entre Ríos,43,Médico,23,Primera clase,31058.71,2613.28,No,0,10448,31,App
34434,F,Buenos Aires,38,Médico,29,Primera clase,52063.37,12044.69,No,0,8054,3,App
34447,M,Santa Fe,41,Abogado,4,Ejecutiva,2163.65,429.52,Sí,7459,9211,5,Aeropuerto
34450,F,Atlántico,41,Ejecutivo,57,Ejecutiva,36399.72,7813.78,Sí,99425,5124,14,Agencia
34458,M,CABA,37,Ejecutivo,46,Ejecutiva,28788.02,6086.7,No,0,9803,8,Web
34460,M,Santander,42,Empresario,43,Primera clase,82164.33,14624.8,No,0,24744,15,Web
34466,M,Buenos Aires,43,Empresario,46,Ejecutiva,24751.01,2921.65,Sí,62343,5337,56,App
34467,M,Entre Ríos,24,Empresario,40,Ejecutiva,19651.15,4607.35,No,0,10785,3,App
34532,F,Tolima,51,Arquitecto,17,Ejecutiva,8974.14,1369.81,No,0,9075,21,Web
34539,M,Santa Fe,26,Empresario,59,Económica,17341.0,4016.32,Sí,57671,3935,19,App
34542,M,Minas Gerais,28,Empresario,31,Ejecutiva,20911.74,3689.25,Sí,53032,3668,12,App
34544,F,Antioquia,33,Médico,9,Ejecutiva,4281.16,383.39,No,0,21214,45,App
34550,M,Chaco,46,Ejecutivo,73,Ejecutiva,39000.41,7629.51,Sí,189555,5792,2,App
34557,F,Nariño,43,Empresario,46,Primera clase,83837.75,8238.56,No,0,15677,2,App
34563,M,Tucumán,37,Contador,16,Primera clase,28515.04,2471.33,No,0,4701,0,Web
34567,F,Valle del Cauca,44,Abogado,19,Ejecutiva,6763.57,420.79,Sí,50441,4212,43,Aeropuerto
34572,F,Veraguas,34,Ejecutivo,75,Ejecutiva,34593.78,6138.9,Sí,128883,5144,0,Web
34574,F,Antioquia,51,Empresario,42,Primera clase,54318.51,9908.38,No,0,4214,75,Web
34575,M,Paraná,34,Deportista,77,Ejecutiva,61025.28,6241.78,Sí,183108,3759,12,App
34583,F,Pernambuco,43,Deportista,93,Ejecutiva,21961.35,1140.65,Sí,99132,2519,2,App
34594,M,Rio de Janeiro,25,Ejecutivo,27,Ejecutiva,21106.3,2370.88,No,0,17299,27,App
34598,F,Córdoba,42,Empresario,50,Ejecutiva,31538.18,3739.88,No,0,24905,28,Agencia
34618,M,Salta,39,Empresario,38,Ejecutiva,33152.22,4389.57,Sí,55379,4766,12,Web
34619,F,Bolívar,30,Ejecutivo,22,Ejecutiva,6054.43,1213.2,No,0,8590,2,Agencia
34631,F,Córdoba,52,Ejecutivo,43,Ejecutiva,22077.47,1338.05,Sí,84198,11013,1,Web
34644,F,São Paulo,34,Empresario,47,Primera clase,108276.21,12065.65,No,0,15441,11,Web
34657,M,Tolima,46,Empresario,54,Primera clase,84282.82,5580.38,No,0,9486,3,Agencia
34660,M,Herrera,45,Deportista,53,Primera clase,42951.77,3129.73,Sí,242481,10248,95,Web
34679,M,Nariño,52,Empresario,17,Primera clase,12557.34,1854.39,No,0,47206,0,Agencia
34680,M,Tucumán,48,Empresario,40,Ejecutiva,32590.01,3948.08,Sí,68968,4689,15,Agencia
34697,F,Santander,50,Deportista,72,Ejecutiva,24831.22,1779.57,Sí,158460,3668,16,Web
34705,F,Atlántico,33,Empresario,13,Primera clase,16052.69,3004.83,No,0,66644,58,Web
34709,M,Herrera,58,Ejecutivo,76,Ejecutiva,51638.02,11887.1,No,0,6095,8,Web
34723,F,Córdoba,28,Empresario,19,Primera clase,12952.94,2904.0,No,0,19762,17,Web
34730,F,Tolima,44,Ejecutivo,78,Ejecutiva,21052.21,2904.55,Sí,60404,4923,0,Agencia
34738,F,Chaco,50,Ejecutivo,64,Ejecutiva,16712.21,2495.96,No,0,20156,2,Web
34769,F,Santa Fe,50,Ejecutivo,46,Ejecutiva,34031.96,2869.09,Sí,83846,9600,1,App
34811,F,Mendoza,31,Médico,22,Ejecutiva,14302.42,2461.85,No,0,10516,6,App
34837,F,Valle del Cauca,55,Ejecutivo,77,Ejecutiva,41363.15,7068.99,Sí,227637,5439,3,App
34840,F,Bahia,43,Empresario,59,Ejecutiva,35663.03,3606.15,No,0,3615,10,Web
34842,F,Bahia,35,Ejecutivo,42,Ejecutiva,29969.97,6404.63,No,0,6387,5,Agencia
34850,M,Nariño,37,Empresario,23,Primera clase,32453.33,4382.64,Sí,117516,10040,34,Web
34851,M,Veraguas,49,Ejecutivo,39,Ejecutiva,14271.63,2006.07,Sí,42597,6857,8,Web
34857,F,Mendoza,38,Empleado,17,Ejecutiva,6448.42,852.11,Sí,40661,1348,4,Web
34858,F,Pernambuco,35,Ejecutivo,63,Ejecutiva,40949.0,7566.81,Sí,64863,5219,23,App
34862,F,Bolívar,33,Deportista,46,Ejecutiva,25617.19,3812.97,No,0,10307,0,Web
34871,M,Pernambuco,28,Empresario,37,Ejecutiva,25176.02,5652.38,No,0,18166,0,App
34878,F,Nariño,61,Empresario,30,Primera clase,65375.76,12228.65,Sí,76318,16606,44,Aeropuerto
34882,M,Santa Fe,50,Empresario,51,Ejecutiva,23364.47,4789.78,No,0,20439,4,Web
34885,M,Los Santos,28,Empresario,59,Primera clase,107174.12,16555.52,No,0,10763,1,App
34893,F,Salta,37,Abogado,20,Ejecutiva,7874.88,1824.77,Sí,28981,9559,6,App
34904,F,Mendoza,44,Deportista,32,Ejecutiva,20589.64,2314.43,Sí,44103,300,58,App
34930,M,Chaco,32,Abogado,20,Ejecutiva,8072.15,1173.28,No,0,9571,15,Web
34943,F,Paraná,53,Ejecutivo,58,Ejecutiva,16286.33,3513.66,No,0,8416,40,Web
34965,M,Buenos Aires,32,Abogado,15,Primera clase,33783.91,3553.33,No,0,7464,42,Web
34987,F,Atlántico,53,Empresario,59,Primera clase,70440.9,9753.81,No,0,10283,32,Agencia
34992,F,Chiriquí,26,Ejecutivo,56,Ejecutiva,38510.16,4358.55,No,0,3226,9,App
35006,M,Pernambuco,32,Ejecutivo,63,Económica,15240.54,3009.87,Sí,50288,3183,4,Agencia
35020,M,Nariño,44,Abogado,8,Primera clase,17080.59,1832.6,No,0,8346,18,App
35025,F,Santa Fe,51,Empresario,36,Primera clase,29893.82,3902.44,Sí,121516,4165,10,App
35057,F,Colón,47,Empresario,10,Ejecutiva,3990.41,660.23,No,0,12580,10,App
35083,M,Colón,56,Ejecutivo,74,Económica,5903.88,1277.92,Sí,46365,3157,15,Web
35086,M,Tucumán,37,Empresario,44,Ejecutiva,26107.4,2928.8,No,0,4272,1,App
35089,M,Entre Ríos,46,Ejecutivo,44,Ejecutiva,20484.35,1786.83,Sí,110955,3011,1,App
35097,M,Los Santos,25,Empresario,17,Primera clase,27605.35,2701.5,No,0,9147,15,Web
35107,M,Rio Grande do Sul,25,Ejecutivo,67,Ejecutiva,22123.64,888.23,Sí,118898,2414,24,Agencia
35125,M,Rio de Janeiro,45,Médico,21,Primera clase,43504.96,7788.11,No,0,8373,15,Web
35145,F,Bolívar,35,Otro,24,Ejecutiva,8905.48,419.3,Sí,40789,1227,9,Web
35170,M,Entre Ríos,32,Ejecutivo,70,Económica,5987.27,938.51,Sí,70954,4946,4,Agencia
35186,M,Cundinamarca,42,Deportista,30,Ejecutiva,17094.59,2952.85,Sí,61062,3493,25,App
35192,F,Córdoba,46,Empresario,44,Ejecutiva,14467.22,2913.41,Sí,57935,25834,10,App
35194,M,Santa Fe,26,Deportista,60,Económica,20084.6,4950.31,Sí,53194,300,16,Web
35198,M,Entre Ríos,35,Abogado,13,Primera clase,27181.06,5993.08,No,0,7717,16,Aeropuerto
35201,F,Tucumán,31,Empresario,50,Ejecutiva,16994.49,2353.3,Sí,121819,52012,2,App
35212,M,Chiriquí,31,Deportista,71,Ejecutiva,46286.67,8899.74,No,0,300,1,Aeropuerto
35225,M,Chaco,30,Ejecutivo,24,Ejecutiva,8788.13,1543.58,No,0,13977,6,Web
35241,M,Santa Fe,35,Empresario,26,Primera clase,53502.45,12208.56,No,0,9394,24,Web
35245,M,Misiones,27,Médico,7,Primera clase,8019.11,1666.76,Sí,27635,21880,6,App
35271,F,Santa Fe,52,Ejecutivo,59,Ejecutiva,21804.02,2540.17,Sí,142994,4337,15,Web
35289,F,Bolívar,38,Abogado,24,Ejecutiva,12127.32,1403.25,Sí,40586,5002,18,App
35292,F,Salta,49,Comerciante,19,Ejecutiva,16739.41,2209.14,Sí,46661,3252,31,Web
35306,M,Nariño,35,Ejecutivo,26,Ejecutiva,11034.87,937.84,Sí,56870,6342,10,App
35307,M,Rio Grande do Sul,24,Abogado,4,Ejecutiva,954.5,95.19,No,0,14383,29,Web
35311,M,Bolívar,39,Ejecutivo,63,Económica,18393.67,3240.24,Sí,39920,3837,12,App
35314,F,Bahia,57,Abogado,19,Primera clase,30119.46,6494.16,No,0,7768,10,Agencia
35319,M,Nariño,37,Deportista,39,Ejecutiva,26456.0,5209.19,No,0,4096,5,App
35322,F,Bahia,28,Empresario,23,Ejecutiva,6334.48,333.89,No,0,36706,17,App
35328,F,São Paulo,42,Empresario,29,Ejecutiva,11008.76,595.5,No,0,12356,23,Web
35329,F,Tucumán,30,Deportista,97,Económica,31067.6,4606.59,Sí,75371,1604,16,Web
35336,M,Córdoba,33,Empresario,52,Económica,19598.25,4266.84,Sí,46523,2198,0,Web
35350,M,Cundinamarca,39,Empresario,39,Ejecutiva,22621.04,3877.72,Sí,68409,3608,16,App
35363,F,Panamá,44,Ejecutivo,56,Ejecutiva,37809.84,4273.1,No,0,3039,7,App
35364,F,Córdoba,38,Ejecutivo,31,Primera clase,58788.64,8304.57,No,0,8138,12,Web
35366,M,Buenos Aires,36,Deportista,45,Ejecutiva,20454.9,4913.53,No,0,71553,20,App
35409,F,Cundinamarca,48,Deportista,93,Económica,17124.48,3925.34,Sí,97605,5564,10,Web
35414,F,Tucumán,39,Deportista,38,Económica,12962.93,1987.2,Sí,13451,15421,29,App
35417,M,Córdoba,27,Comerciante,23,Ejecutiva,7714.6,1372.24,Sí,45769,5151,14,Web
35438,M,CABA,42,Ejecutivo,75,Ejecutiva,43373.73,10103.97,Sí,135040,3950,11,App
35452,M,Valle del Cauca,47,Ejecutivo,70,Ejecutiva,21537.64,4286.4,Sí,95613,3531,27,App
35461,F,Pernambuco,36,Ejecutivo,43,Ejecutiva,27482.88,2995.26,No,0,8655,19,Web
35462,M,CABA,33,Empresario,50,Ejecutiva,34371.66,6396.13,Sí,50804,12380,15,App
35484,M,Bolívar,25,Abogado,22,Primera clase,52699.42,6221.07,No,0,8545,21,App
35488,F,Santa Fe,37,Ejecutivo,59,Ejecutiva,27188.46,2103.16,Sí,119216,5133,3,App
35490,F,Bahia,41,Ejecutivo,53,Primera clase,69973.23,7599.36,Sí,144649,6434,9,Agencia
35504,M,Tolima,52,Ejecutivo,15,Ejecutiva,6592.63,1624.13,No,0,9034,22,Web
35505,M,Salta,24,Ejecutivo,60,Ejecutiva,41224.35,9840.57,No,0,5342,0,Agencia
35507,M,Herrera,26,Ejecutivo,22,Ejecutiva,14886.85,2736.74,Sí,63917,4642,2,App
35514,F,Misiones,34,Ejecutivo,35,Ejecutiva,16181.31,1778.65,No,0,11509,7,Web
35523,F,Buenos Aires,50,Ejecutivo,69,Económica,10086.47,2121.06,Sí,66210,3238,26,App
35538,F,Santander,42,Arquitecto,22,Primera clase,52427.15,5571.01,No,0,7469,46,Aeropuerto
35545,F,Córdoba,52,Deportista,26,Ejecutiva,15400.21,1946.16,No,0,30886,48,Web
35547,M,Nariño,38,Deportista,87,Económica,25626.65,4860.7,Sí,56906,521,0,Agencia
35550,F,Chiriquí,55,Empresario,20,Primera clase,18583.4,3522.79,No,0,8964,6,Aeropuerto
35554,M,Pernambuco,29,Médico,26,Primera clase,39652.2,9395.22,No,0,5105,46,App
35555,M,Panamá,44,Ejecutivo,55,Económica,11356.24,1669.94,Sí,54503,4725,1,App
35568,F,Valle del Cauca,28,Abogado,7,Primera clase,9385.85,1840.93,Sí,24259,11939,6,Web
35570,F,Bolívar,38,Comerciante,24,Ejecutiva,8592.85,880.7,Sí,51649,1321,70,Web
35574,F,Mendoza,41,Empresario,29,Primera clase,26963.33,3923.91,No,0,5001,6,App
35594,M,Misiones,50,Empresario,22,Ejecutiva,13980.87,2101.9,Sí,46847,3984,0,Web
35598,M,Valle del Cauca,34,Ejecutivo,55,Ejecutiva,26321.58,4835.01,No,0,5048,40,Web
35601,F,Nariño,48,Empresario,14,Primera clase,28863.55,2392.75,Sí,28962,3616,25,Aeropuerto
35607,M,Pernambuco,33,Empresario,58,Ejecutiva,19585.42,2625.36,Sí,50998,6802,12,Web
35610,F,Herrera,41,Ejecutivo,33,Primera clase,48641.69,9792.17,Sí,121967,4590,23,App
35611,F,Mendoza,24,Ejecutivo,64,Ejecutiva,30888.68,5309.31,No,0,4193,0,Web
35633,M,Bolívar,37,Ejecutivo,21,Ejecutiva,14011.74,2025.28,Sí,41684,8784,6,Web
35641,F,Pernambuco,30,Médico,7,Ejecutiva,4241.03,452.95,No,0,11510,59,Web
35657,M,Córdoba,37,Empresario,27,Primera clase,37261.83,2811.48,Sí,92977,10322,30,Web
35659,F,Rio de Janeiro,40,Deportista,62,Económica,7763.34,905.74,Sí,64411,2048,11,App
35675,M,Salta,24,Abogado,16,Ejecutiva,9617.06,389.75,No,0,11908,4,Aeropuerto
35678,F,Bahia,51,Empresario,34,Ejecutiva,26392.35,5283.22,Sí,44621,4259,1,Aeropuerto
35687,F,Buenos Aires,48,Empresario,48,Ejecutiva,29828.66,6663.33,No,0,8536,3,Web
35694,M,Córdoba,39,Ejecutivo,64,Ejecutiva,42870.23,10198.02,No,0,9370,3,App
35718,M,Córdoba,45,Médico,7,Económica,1748.22,273.79,No,0,11069,51,Web
35720,M,Entre Ríos,43,Deportista,42,Ejecutiva,25810.19,1456.62,Sí,59064,3620,3,Aeropuerto
35725,F,Valle del Cauca,59,Empresario,49,Ejecutiva,29273.8,5425.44,No,0,13552,4,Agencia
35736,M,Mendoza,34,Ingeniero,22,Primera clase,29347.63,3753.71,No,0,7868,5,App
35805,M,Rio de Janeiro,33,Ejecutivo,78,Ejecutiva,23450.06,5852.95,No,0,10455,3,Web
35807,M,Paraná,49,Ejecutivo,61,Ejecutiva,38793.83,3171.05,No,0,7986,9,Web
35828,M,Los Santos,47,Empresario,21,Ejecutiva,16884.4,1490.42,No,0,15174,5,App
35834,F,Tucumán,46,Empresario,41,Primera clase,61961.35,5901.41,No,0,32011,22,App
35836,M,Tolima,27,Empresario,49,Ejecutiva,27011.32,6031.72,No,0,4408,0,Agencia
35860,F,Santa Fe,27,Empresario,21,Primera clase,48068.35,8064.71,No,0,6879,3,Web
35872,M,Entre Ríos,41,Empresario,40,Primera clase,41284.65,4300.59,No,0,9495,14,App
35874,F,Cundinamarca,35,Médico,22,Ejecutiva,4901.84,682.38,Sí,45118,4450,4,App
35893,F,Cundinamarca,29,Abogado,2,Económica,189.49,13.08,No,0,10578,3,App
35914,No binario,Rio Grande do Sul,28,Ejecutivo,76,Ejecutiva,32406.3,1675.68,Sí,194163,5062,6,Web
35936,M,Colón,24,Ejecutivo,55,Ejecutiva,37176.05,4247.83,Sí,156639,5529,0,App
35944,F,Entre Ríos,32,Deportista,83,Económica,11332.06,1986.86,Sí,69473,5207,17,Web
35949,F,Córdoba,41,Empresario,38,Ejecutiva,13837.69,1250.05,Sí,54970,24551,1,App
35952,F,Antioquia,26,Ejecutivo,62,Ejecutiva,17988.1,1743.42,Sí,63545,9186,0,Aeropuerto
35991,M,Córdoba,37,Ejecutivo,54,Ejecutiva,30551.18,3930.7,No,0,2874,8,Web
36001,F,Santander,53,Ejecutivo,73,Ejecutiva,55753.74,7906.09,Sí,109141,16251,1,App
36003,M,Mendoza,42,Deportista,79,Económica,28161.64,2443.0,Sí,62462,2780,3,Web
36010,M,Cundinamarca,34,Deportista,85,Económica,12490.62,2812.18,Sí,52110,2691,2,App
36059,F,Atlántico,57,Ejecutivo,71,Ejecutiva,57485.98,9496.81,No,0,7746,11,Web
36060,F,Nariño,36,Ejecutivo,45,Ejecutiva,30660.87,1726.48,Sí,108111,6880,58,App
36063,M,Chiriquí,37,Médico,17,Ejecutiva,9079.19,747.63,No,0,13896,10,Agencia
36092,F,Salta,36,Ejecutivo,79,Ejecutiva,28641.54,3982.37,Sí,82615,5089,2,Web
36107,M,Misiones,36,Abogado,20,Primera clase,33253.5,6504.51,No,0,10457,9,Aeropuerto
36115,F,Santa Fe,45,Ejecutivo,32,Ejecutiva,16375.8,2788.34,Sí,44518,6180,0,App
36149,F,Tolima,38,Empresario,30,Ejecutiva,10572.22,597.26,Sí,48474,9308,6,App
36155,F,Cundinamarca,42,Médico,5,Ejecutiva,1581.0,384.27,Sí,14228,8529,23,Agencia
36172,F,Buenos Aires,35,Ejecutivo,32,Primera clase,21230.03,3245.43,No,0,12823,1,Web
36180,M,Minas Gerais,28,Ejecutivo,70,Primera clase,90577.96,19012.83,Sí,238591,10054,7,App
36184,M,Chiriquí,27,Abogado,24,Ejecutiva,5834.92,939.64,Sí,65003,4802,11,App
36211,F,Rio de Janeiro,34,Deportista,74,Ejecutiva,28760.72,6570.0,No,0,10125,25,Web
36222,M,Mendoza,53,Empresario,35,Ejecutiva,23608.2,5024.9,Sí,55112,10876,47,Agencia
36231,M,Tucumán,40,Ejecutivo,61,Ejecutiva,39973.0,5894.68,No,0,8048,15,Web
36240,M,Entre Ríos,38,Ejecutivo,70,Económica,6898.74,1384.12,Sí,45343,3807,2,App
36241,M,Entre Ríos,43,Deportista,83,Ejecutiva,29819.12,3502.4,Sí,74771,4723,61,Web
36249,F,Chiriquí,46,Empresario,57,Ejecutiva,36151.85,3550.66,No,0,18345,9,Web
36267,F,Rio Grande do Sul,24,Ejecutivo,37,Ejecutiva,19857.51,1773.65,Sí,42795,8087,42,App
36278,F,Colón,29,Ejecutivo,68,Ejecutiva,57472.1,10034.35,No,0,5059,12,Web
36293,F,Santa Fe,27,Empresario,35,Ejecutiva,23977.26,4460.66,Sí,68936,6145,87,App
36302,F,Panamá,54,Ejecutivo,37,Ejecutiva,14928.92,3181.8,Sí,73900,3792,1,Web
36306,F,Bahia,42,Ejecutivo,34,Ejecutiva,23806.12,3840.77,No,0,8886,0,Agencia
36308,F,Bahia,40,Empresario,40,Ejecutiva,28766.25,6621.94,No,0,3725,7,App
36320,F,São Paulo,38,Ejecutivo,20,Primera clase,43006.3,7561.2,Sí,67669,9344,2,App
36321,F,Nariño,27,Deportista,37,Ejecutiva,27329.8,5459.08,No,0,36519,21,Agencia
36336,F,Tucumán,31,Abogado,16,Ejecutiva,5788.15,351.82,No,0,12934,56,Web
36344,M,Nariño,34,Empresario,16,Ejecutiva,5778.59,802.26,Sí,37244,16449,25,Web
36360,M,Herrera,44,Ingeniero,14,Primera clase,34856.66,3936.9,No,0,8339,45,Web
36369,M,Santander,55,Deportista,86,Económica,27127.56,5152.97,No,0,1747,6,App
36391,F,Córdoba,45,Empresario,37,Primera clase,24804.92,2471.65,Sí,210712,17507,42,Aeropuerto
36395,M,Valle del Cauca,48,Deportista,78,Económica,12183.53,1281.57,Sí,53581,3315,2,Web
36401,M,Salta,57,Deportista,28,Primera clase,27472.24,5072.44,No,0,6120,16,Agencia
36413,F,Tucumán,49,Ejecutivo,79,Económica,8160.05,1863.83,Sí,59663,9794,9,App
36429,M,Veraguas,45,Empleado,24,Ejecutiva,19550.75,2878.26,Sí,52897,978,11,App
36462,M,Bolívar,42,Ejecutivo,57,Ejecutiva,46457.77,4702.07,Sí,124889,4620,12,Web
36468,F,Mendoza,31,Empresario,49,Ejecutiva,34229.38,6553.45,No,0,5570,8,Aeropuerto
36470,F,Rio de Janeiro,51,Otro,21,Primera clase,38635.95,6995.7,No,0,5509,5,App
36471,M,Herrera,49,Ejecutivo,32,Ejecutiva,17004.85,1296.58,Sí,35445,9011,4,Web
36474,F,Valle del Cauca,32,Empresario,18,Ejecutiva,8382.36,1070.42,No,0,23667,1,App
36477,M,Bolívar,44,Empresario,47,Económica,4032.57,643.86,No,0,11671,26,App
36478,F,Pernambuco,38,Ejecutivo,41,Ejecutiva,19779.2,2811.43,Sí,43825,4415,9,Web
36482,F,Tucumán,26,Arquitecto,23,Ejecutiva,16680.84,3957.11,Sí,45755,2552,43,Web
36484,M,Bolívar,45,Profesional independiente,23,Primera clase,52396.1,7429.15,No,0,5341,3,App
36518,M,Valle del Cauca,52,Deportista,51,Ejecutiva,33385.2,4626.51,No,0,6002,16,App
36519,F,CABA,24,Ingeniero,24,Primera clase,51340.42,11945.34,No,0,5104,1,App
36529,F,Herrera,40,Empresario,32,Primera clase,52902.59,5378.17,Sí,125859,13317,21,Web
36544,M,Córdoba,56,Ejecutivo,55,Primera clase,129555.74,27754.45,Sí,92350,11675,11,Web
36562,F,Tucumán,36,Deportista,74,Económica,20475.16,1295.26,No,0,11582,1,Web
36578,F,Córdoba,28,Profesional independiente,6,Primera clase,13499.82,1290.02,Sí,29662,12412,2,Web
36581,F,Chaco,34,Empresario,24,Económica,2727.59,540.14,No,0,8973,42,App
36587,M,Los Santos,41,Ejecutivo,29,Ejecutiva,21054.82,1026.83,Sí,67123,8233,3,Web
36601,M,Valle del Cauca,33,Deportista,94,Ejecutiva,52179.76,9704.66,Sí,125579,5601,25,Aeropuerto
36608,M,CABA,53,Ejecutivo,31,Ejecutiva,14408.34,1023.22,Sí,48818,9421,5,App
36654,M,Atlántico,25,Empresario,41,Ejecutiva,16680.68,4162.46,Sí,88312,4409,10,App
36661,F,Misiones,30,Ejecutivo,35,Ejecutiva,21810.3,5253.24,Sí,86792,6885,0,Web
36664,M,Chiriquí,61,Abogado,7,Primera clase,7122.96,688.16,Sí,12472,8714,19,App
36678,F,Nariño,39,Ejecutivo,56,Ejecutiva,43576.62,10426.16,Sí,78876,7310,4,Web
36679,F,Los Santos,47,Ejecutivo,72,Ejecutiva,30608.96,6445.71,No,0,4972,14,Web
36683,M,Córdoba,43,Ejecutivo,27,Ejecutiva,12115.76,809.31,Sí,71843,8033,12,App
36684,M,CABA,50,Médico,5,Ejecutiva,2220.41,401.77,No,0,8420,5,Web
36688,M,Atlántico,40,Empresario,24,Ejecutiva,10287.5,677.82,Sí,45686,5596,50,Web
36706,F,Salta,37,Empresario,18,Económica,4453.98,413.08,No,0,10010,14,App
36722,M,Córdoba,49,Docente,22,Ejecutiva,14876.75,3662.54,Sí,51494,865,8,Agencia
36726,F,Valle del Cauca,36,Abogado,15,Primera clase,32939.79,2241.32,Sí,31609,6591,45,Web
36756,F,Chaco,27,Médico,28,Ejecutiva,17579.96,4388.34,Sí,50737,9056,32,App
36778,F,Veraguas,27,Deportista,20,Ejecutiva,8219.57,1354.3,Sí,50034,2888,1,Web
36793,M,Entre Ríos,33,Ejecutivo,72,Ejecutiva,48453.14,4881.28,No,0,2610,5,Web
36795,M,Salta,49,Abogado,21,Primera clase,49625.3,11539.65,No,0,3722,52,Web
36798,F,Chiriquí,50,Deportista,44,Ejecutiva,18353.0,3035.07,No,0,15339,0,Agencia
36801,F,Nariño,31,Ejecutivo,73,Primera clase,180501.65,36194.33,Sí,353165,10866,3,Agencia
36815,F,Panamá,25,Médico,24,Ejecutiva,16361.51,2855.53,No,0,8383,18,App
36816,F,Panamá,40,Ejecutivo,60,Ejecutiva,34896.22,8576.02,Sí,100762,6201,11,App
36826,M,Bahia,47,Empresario,42,Ejecutiva,14420.87,2142.64,Sí,106385,6651,8,App
36838,M,Córdoba,31,Abogado,8,Ejecutiva,4901.42,1214.7,No,0,9241,31,Web
36842,M,Bolívar,28,Ejecutivo,61,Económica,14097.63,2095.22,Sí,39021,2985,30,App
36845,M,Chaco,40,Otro,17,Ejecutiva,5123.04,779.97,Sí,45470,3025,13,Web
36863,M,Salta,46,Deportista,75,Económica,15006.68,800.06,Sí,42738,1850,5,App
36876,M,Minas Gerais,28,Otro,23,Ejecutiva,9255.12,1126.16,Sí,65433,3661,15,App
36881,M,Entre Ríos,34,Abogado,19,Ejecutiva,8535.43,2028.59,No,0,8412,28,Aeropuerto
36883,F,Atlántico,41,Deportista,85,Económica,28235.98,6946.39,Sí,66074,1483,36,App
36885,M,Minas Gerais,52,Ejecutivo,70,Económica,25003.27,4986.57,Sí,57561,6752,9,Agencia
36895,F,Buenos Aires,59,Médico,17,Ejecutiva,10292.91,517.34,No,0,9290,6,App
36901,M,Córdoba,52,Ejecutivo,77,Ejecutiva,51660.03,10489.15,No,0,2332,8,Aeropuerto
36914,M,Salta,27,Ejecutivo,65,Ejecutiva,37407.63,4287.59,No,0,9563,19,App
36924,M,Cundinamarca,55,Deportista,97,Ejecutiva,51473.0,11534.98,Sí,139387,5986,0,App
36934,F,Rio Grande do Sul,49,Ejecutivo,23,Primera clase,35410.5,3211.42,No,0,8888,0,Web
36935,F,Minas Gerais,32,Deportista,93,Económica,10545.91,2420.18,Sí,77315,1350,3,Agencia
36943,M,Córdoba,49,Ejecutivo,73,Económica,28416.27,3876.74,Sí,62109,3544,12,Agencia
36955,F,Santa Fe,37,Empresario,15,Ejecutiva,7082.56,1335.89,Sí,32594,14019,68,App
36965,F,Santa Fe,39,Empresario,44,Ejecutiva,19653.69,1645.04,Sí,96592,6225,29,App
36969,F,São Paulo,53,Empresario,56,Ejecutiva,42466.7,2586.95,No,0,1786,4,Aeropuerto
36979,F,São Paulo,44,Ejecutivo,28,Primera clase,66734.36,3502.66,Sí,58295,5057,13,Web
37022,M,Atlántico,26,Ejecutivo,49,Ejecutiva,25589.68,2641.73,Sí,48670,12541,16,App
37028,M,Panamá,27,Deportista,39,Ejecutiva,35187.57,8388.4,No,0,1354,13,Web
37053,M,Chiriquí,53,Ejecutivo,64,Económica,8729.58,659.79,Sí,73931,4397,3,Agencia
37061,M,Paraná,24,Ejecutivo,45,Ejecutiva,20460.33,2852.64,Sí,75936,7589,19,Web
37112,M,Paraná,42,Deportista,48,Ejecutiva,17562.9,3005.64,No,0,9286,5,App
37117,M,Rio de Janeiro,32,Deportista,51,Ejecutiva,36479.1,3421.12,Sí,87567,3965,3,Web
37118,M,Salta,61,Médico,6,Primera clase,4952.34,498.12,No,0,8724,4,Web
37131,M,Santa Fe,29,Ejecutivo,46,Ejecutiva,18870.06,3536.58,Sí,101868,6712,7,Web
37139,F,Bahia,34,Ejecutivo,59,Ejecutiva,45441.27,5288.98,No,0,3907,2,Web
37148,F,Mendoza,50,Empresario,51,Primera clase,128818.6,7299.3,No,0,9960,3,Web
37156,M,Tolima,52,Empresario,16,Primera clase,10805.04,1185.87,No,0,8599,33,App
37181,M,Chaco,27,Ejecutivo,62,Ejecutiva,54414.05,5179.35,No,0,6780,14,Web
37185,M,Rio Grande do Sul,40,Empresario,39,Ejecutiva,10329.38,1548.57,Sí,56515,18456,20,Web
37186,M,Misiones,32,Médico,10,Ejecutiva,2402.58,275.25,No,0,9007,64,Web
37198,M,Colón,32,Ejecutivo,46,Primera clase,100970.51,18905.8,No,0,5809,22,Agencia
37202,F,Antioquia,51,Ejecutivo,52,Ejecutiva,21454.17,3633.93,Sí,69173,9862,2,App
37240,F,Valle del Cauca,42,Ejecutivo,23,Ejecutiva,7385.9,761.65,No,0,12250,1,Web
37242,F,Misiones,33,Abogado,16,Ejecutiva,8584.43,463.81,No,0,9747,12,Agencia
37285,M,Santander,53,Empresario,36,Ejecutiva,11511.29,2732.08,Sí,55480,7543,4,App
37295,F,Entre Ríos,39,Ejecutivo,50,Primera clase,122489.93,21744.54,No,0,4472,9,Web
37322,F,Los Santos,31,Médico,28,Primera clase,38753.42,2914.47,No,0,7032,63,Agencia
37327,M,Buenos Aires,28,Deportista,29,Ejecutiva,11506.4,2286.36,No,0,8385,13,App
37331,M,Antioquia,26,Médico,12,Ejecutiva,4300.85,874.13,No,0,12502,1,App
37334,M,Cundinamarca,35,Ejecutivo,62,Primera clase,39725.52,4438.01,No,0,4400,7,Web
37335,F,Buenos Aires,36,Empresario,24,Primera clase,13781.11,2079.82,Sí,90385,13051,11,App
37358,F,Santa Fe,47,Ejecutivo,72,Ejecutiva,51187.8,2473.35,Sí,66033,4247,5,Web
37360,F,Santander,57,Ejecutivo,62,Ejecutiva,18475.02,837.62,Sí,121577,3903,7,Aeropuerto
37377,M,Panamá,31,Ingeniero,18,Primera clase,40491.82,5728.37,No,0,4782,74,App
37387,F,Chaco,33,Empresario,56,Primera clase,88967.97,16593.01,No,0,14240,26,Agencia
37391,M,Pernambuco,38,Deportista,69,Económica,25281.5,1499.7,No,0,2379,18,Web
37395,F,Bolívar,28,Deportista,33,Primera clase,37862.91,8262.46,No,0,36874,6,Web
37397,F,Paraná,39,Empresario,48,Ejecutiva,23240.25,3774.12,No,0,8638,77,App
37402,F,Entre Ríos,24,Otro,12,Primera clase,29657.44,6364.01,No,0,4518,17,App
37404,M,Santa Fe,34,Ejecutivo,63,Ejecutiva,54236.32,5773.71,No,0,3214,2,Agencia
37406,M,Salta,57,Empresario,36,Primera clase,20439.26,1626.11,Sí,141794,9015,24,App
37415,F,Antioquia,35,Ejecutivo,77,Ejecutiva,34732.77,5141.62,Sí,165448,5231,12,Agencia
37417,M,Salta,48,Médico,26,Ejecutiva,15308.22,624.8,No,0,12925,0,Web
37425,F,Córdoba,57,Ejecutivo,35,Primera clase,53535.32,5576.35,No,0,10999,1,Agencia
37429,M,Tucumán,44,Empresario,53,Ejecutiva,46028.32,4461.76,Sí,134294,1938,1,Web
37436,M,Mendoza,30,Ejecutivo,51,Primera clase,42475.14,9397.59,No,0,5395,37,Web
37439,M,Tucumán,40,Deportista,83,Ejecutiva,57692.33,9275.96,Sí,92753,28484,5,Web
37451,M,Misiones,44,Médico,21,Ejecutiva,9238.09,2221.51,Sí,52397,4349,67,Web
37456,F,Entre Ríos,28,Deportista,30,Ejecutiva,23062.12,1718.75,Sí,55418,671,2,Agencia
37458,M,Córdoba,44,Empresario,33,Primera clase,44917.1,9722.13,No,0,9048,1,Web
37476,F,Tucumán,29,Deportista,79,Primera clase,185024.63,18948.36,No,0,14315,6,Web
37487,M,Santa Fe,46,Empresario,58,Ejecutiva,43292.14,2247.66,Sí,130113,10519,19,Agencia
37493,M,Tolima,50,Empresario,10,Ejecutiva,3655.59,420.64,No,0,12837,0,Web
37494,F,Veraguas,42,Empresario,38,Ejecutiva,17969.35,1435.22,No,0,12151,12,Web
37509,F,Colón,51,Deportista,32,Ejecutiva,15247.34,1144.74,Sí,87700,21893,8,Web
37517,M,Misiones,49,Ejecutivo,49,Primera clase,97453.35,10915.44,No,0,7584,2,Agencia
37533,M,Cundinamarca,45,Ejecutivo,79,Ejecutiva,59498.37,8456.06,Sí,121420,3414,13,App
37539,M,Rio Grande do Sul,35,Ejecutivo,72,Ejecutiva,40150.51,2616.85,Sí,72880,5095,12,Web
37548,M,CABA,53,Ejecutivo,43,Económica,10188.28,1646.77,Sí,44413,2302,26,App
37553,M,Salta,34,Empresario,28,Económica,2798.37,162.22,Sí,30532,26301,19,Web
37555,F,Paraná,31,Ejecutivo,37,Primera clase,30028.23,4676.15,No,0,6240,12,App
37564,F,Santa Fe,54,Ejecutivo,21,Ejecutiva,9176.03,461.37,Sí,48655,10296,14,Web
37567,M,Misiones,39,Médico,25,Primera clase,47369.74,8176.75,No,0,4940,7,Web
37580,F,Antioquia,40,Ejecutivo,67,Ejecutiva,29254.44,4530.7,Sí,106891,9559,5,Agencia
37590,M,Santa Fe,48,Ejecutivo,65,Ejecutiva,43748.96,10586.09,Sí,90704,8791,3,Agencia
37595,M,Santa Fe,24,Empresario,59,Ejecutiva,30290.22,1408.83,No,0,9639,15,App
37603,F,Atlántico,28,Ejecutivo,57,Económica,15760.93,2078.88,Sí,53506,2565,23,App
37632,F,Herrera,62,Ejecutivo,61,Ejecutiva,42178.82,9033.96,No,0,3700,2,App
37633,F,Tolima,53,Ejecutivo,44,Ejecutiva,11504.93,1503.11,Sí,71453,9592,3,Web
37636,M,Rio de Janeiro,28,Profesional independiente,19,Primera clase,41746.92,2772.63,No,0,8619,9,App
37637,F,Paraná,41,Ejecutivo,38,Ejecutiva,28893.46,1987.34,No,0,1687,10,Web
37640,M,Córdoba,40,Médico,27,Primera clase,30676.31,3141.07,No,0,8408,10,Web
37649,M,Rio Grande do Sul,41,Médico,28,Primera clase,14755.2,2113.74,No,0,8714,35,App
37650,M,Salta,46,Empresario,20,Primera clase,44640.42,3151.55,Sí,60846,5363,11,Web
37655,F,Córdoba,38,Ejecutivo,38,Ejecutiva,15788.25,3630.26,Sí,42945,4414,1,Web
37659,M,Nariño,35,Empresario,49,Ejecutiva,34427.36,3555.29,Sí,62770,11653,1,App
37660,F,Misiones,54,Abogado,6,Ejecutiva,3827.26,744.62,No,0,8944,2,App
37667,F,Nariño,25,Empresario,42,Ejecutiva,25031.41,2877.13,No,0,8757,175,App
37676,M,Valle del Cauca,38,Empresario,45,Ejecutiva,28657.22,3030.99,Sí,120642,9185,6,Web
37677,F,Atlántico,53,Empresario,25,Ejecutiva,17576.34,874.14,No,0,12878,36,App
37687,M,Chaco,48,Deportista,82,Económica,12921.56,2703.37,Sí,64277,1974,3,App
37693,M,Santander,42,Ejecutivo,77,Ejecutiva,26966.6,3998.55,Sí,119254,6352,1,Aeropuerto
37696,M,Misiones,47,Empresario,50,Ejecutiva,14210.25,2061.9,Sí,57479,9523,11,Web
37705,F,Santa Fe,32,Ejecutivo,79,Económica,17734.81,1814.03,Sí,43539,2934,18,Web
37710,M,Rio de Janeiro,24,Ejecutivo,39,Ejecutiva,11229.47,1534.92,Sí,64994,6986,5,App
37721,F,Panamá,24,Ejecutivo,51,Primera clase,59161.09,6371.15,Sí,98983,7675,12,App
37727,F,Chaco,34,Ejecutivo,33,Primera clase,82912.56,7893.05,Sí,82030,7210,1,App
37728,F,São Paulo,43,Empresario,57,Económica,13796.45,2201.03,No,0,10554,12,App
37764,F,Cundinamarca,31,Empresario,50,Ejecutiva,16904.9,3858.79,Sí,92334,21166,16,App
37806,F,Santa Fe,29,Abogado,4,Ejecutiva,1646.48,405.83,No,0,9377,0,Web
37807,F,Misiones,40,Médico,15,Primera clase,9930.02,2200.13,No,0,12221,12,App
37814,F,Buenos Aires,52,Ejecutivo,70,Económica,15464.03,3655.75,Sí,43907,3380,20,App
37822,M,Rio Grande do Sul,34,Ejecutivo,20,Primera clase,30642.33,6235.77,No,0,4009,0,Web
37824,F,Santa Fe,45,Empresario,26,Ejecutiva,7571.74,365.66,No,0,11065,27,Web
37826,M,Tolima,49,Ejecutivo,34,Ejecutiva,19638.5,3710.14,Sí,58875,3873,20,Agencia
37830,F,Misiones,49,Empresario,26,Económica,2931.83,158.31,No,0,9324,17,Web
37832,M,Minas Gerais,53,Empresario,12,Económica,3618.16,827.23,No,0,13478,63,App
37840,M,Veraguas,53,Ejecutivo,52,Económica,11253.27,1230.04,No,0,9669,10,Web
37854,M,Córdoba,39,Ejecutivo,59,Económica,6335.47,592.29,Sí,46382,4325,24,App
37856,M,Santa Fe,46,Ingeniero,5,Económica,531.67,56.48,No,0,10703,12,App
37862,F,Nariño,34,Empresario,52,Primera clase,64734.37,8169.26,No,0,9208,24,Agencia
37865,M,Herrera,40,Empresario,42,Ejecutiva,14054.31,3055.85,Sí,101561,10466,24,App
37868,M,Pernambuco,34,Ejecutivo,62,Económica,21710.76,4009.55,Sí,53005,5508,0,Aeropuerto
37876,F,São Paulo,37,Ejecutivo,54,Primera clase,54562.64,6813.01,Sí,291302,14985,16,Web
37881,M,Santa Fe,33,Ejecutivo,15,Ejecutiva,9354.46,1601.39,Sí,17399,9952,13,Web
37899,F,Bahia,46,Empresario,42,Ejecutiva,36535.93,4733.35,No,0,7048,14,Web
37910,M,Tolima,38,Abogado,18,Ejecutiva,9657.09,2251.38,No,0,10151,0,App
37928,F,Salta,56,Empresario,17,Ejecutiva,7699.54,1684.68,Sí,36776,8861,2,Agencia
37930,F,Cundinamarca,48,Empresario,34,Ejecutiva,21217.17,3945.23,Sí,68757,7777,47,App
37952,F,Misiones,40,Empresario,12,Ejecutiva,5983.84,1282.64,No,0,8691,68,Agencia
37953,F,Antioquia,51,Médico,24,Primera clase,57391.85,13140.59,Sí,132016,3676,14,Web
37969,F,Paraná,26,Empresario,43,Económica,3030.46,537.55,Sí,41197,3718,9,App
37991,M,Santander,38,Empresario,11,Ejecutiva,4851.96,885.96,No,0,16998,6,App
38006,F,Córdoba,37,Médico,14,Primera clase,21692.22,1006.49,Sí,30702,16195,12,App
38046,F,Chaco,44,Ejecutivo,75,Económica,15427.8,2023.45,Sí,55860,5752,0,Web
38054,F,Misiones,34,Empresario,59,Ejecutiva,32083.72,5617.56,No,0,7593,17,Web
38062,M,Nariño,29,Abogado,21,Primera clase,36113.24,8791.69,No,0,5379,4,App
38078,F,Antioquia,38,Ejecutivo,58,Primera clase,93552.11,7389.52,No,0,8722,2,Agencia
38079,M,Bolívar,32,Ejecutivo,54,Ejecutiva,38056.33,8804.69,No,0,5014,0,App
38102,M,Nariño,45,Médico,5,Ejecutiva,2679.87,131.19,No,0,10326,6,Agencia
38118,M,Herrera,41,Ejecutivo,45,Ejecutiva,37699.14,2401.94,Sí,58558,3510,2,Web
38120,F,Antioquia,34,Ejecutivo,43,Ejecutiva,28057.36,5299.24,No,0,5764,2,Agencia
38129,M,Entre Ríos,39,Profesional independiente,23,Ejecutiva,6242.56,850.82,Sí,46835,4353,4,Web
38138,F,Colón,51,Ejecutivo,27,Ejecutiva,13191.27,1485.66,Sí,70960,6374,8,Web
38150,F,São Paulo,50,Empresario,59,Económica,6010.64,396.46,Sí,42977,4245,3,Web
38175,M,Buenos Aires,58,Otro,19,Económica,4452.89,534.07,No,0,10396,21,Agencia
38185,F,Salta,36,Empresario,22,Primera clase,46919.74,5093.11,No,0,22964,13,Aeropuerto
38186,F,Mendoza,42,Deportista,80,Económica,22192.28,1435.27,Sí,43270,1167,9,App
38233,M,Herrera,30,Ejecutivo,64,Primera clase,161439.91,12877.69,No,0,5015,33,Web
38274,M,Chaco,43,Deportista,44,Económica,11629.43,2151.88,No,0,11241,18,Web
38292,M,Bolívar,26,Contador,11,Primera clase,25952.71,2369.63,No,0,4900,0,Web
38299,F,Rio Grande do Sul,39,Empresario,51,Primera clase,114635.87,7375.52,No,0,9655,23,Aeropuerto
38307,No binario,Chaco,32,Ejecutivo,68,Económica,12792.43,929.09,Sí,57885,3323,23,App
38315,F,Buenos Aires,24,Médico,7,Ejecutiva,5234.03,648.88,No,0,16680,5,Web
38335,F,Pernambuco,59,Deportista,38,Ejecutiva,33721.73,6812.46,Sí,34306,12950,5,App
38337,M,Buenos Aires,29,Empresario,24,Ejecutiva,7339.9,1364.51,No,0,13291,12,Web
38341,M,Chaco,54,Ejecutivo,36,Ejecutiva,24425.3,1003.62,Sí,88078,9297,17,Agencia
38368,M,Santa Fe,39,Ingeniero,23,Primera clase,29946.3,5854.22,No,0,4799,10,Agencia
38378,M,Rio de Janeiro,36,Ejecutivo,71,Primera clase,86194.32,7308.23,No,0,8045,22,Aeropuerto
38394,F,Tucumán,40,Ejecutivo,23,Primera clase,55158.08,11101.72,No,0,7225,1,Web
38395,M,Tucumán,36,Médico,28,Ejecutiva,17607.39,2888.15,Sí,46654,6453,1,App
38413,M,Cundinamarca,33,Abogado,15,Ejecutiva,10445.86,1799.56,No,0,8446,3,Aeropuerto
38419,F,Tucumán,34,Empresario,34,Ejecutiva,11118.03,2710.26,No,0,8462,8,Aeropuerto
38422,F,Cundinamarca,47,Deportista,66,Económica,24569.81,1695.39,Sí,39685,4031,4,Aeropuerto
38432,F,CABA,35,Ejecutivo,17,Ejecutiva,12168.74,2353.19,Sí,38957,3181,3,Aeropuerto
38437,F,Tucumán,35,Deportista,24,Ejecutiva,19498.28,3991.79,Sí,53677,7662,46,Web
38443,F,Salta,36,Empresario,44,Ejecutiva,32018.89,7446.26,Sí,94130,18600,7,App
38445,F,Córdoba,58,Abogado,18,Ejecutiva,5132.06,1236.77,No,0,15369,11,App
38460,M,Antioquia,57,Ejecutivo,68,Ejecutiva,51461.26,8991.15,Sí,124200,4249,22,App
38461,M,Panamá,33,Deportista,35,Ejecutiva,22235.52,3539.96,No,0,31841,50,Web
38463,M,Tucumán,52,Médico,22,Ejecutiva,15994.18,3513.46,No,0,10989,10,Web
38476,F,Tolima,31,Ejecutivo,41,Primera clase,80961.36,20037.79,Sí,141961,4740,24,Web
38484,M,Bahia,34,Ejecutivo,48,Ejecutiva,31437.62,5757.12,Sí,73660,7753,10,App
38485,F,Chiriquí,43,Arquitecto,8,Económica,1761.58,170.17,No,0,8849,45,App
38492,M,CABA,42,Profesional independiente,21,Ejecutiva,11678.74,768.41,Sí,41331,2415,12,App
38504,M,Santa Fe,40,Empresario,27,Ejecutiva,19475.29,4478.74,No,0,10327,14,Web
38512,M,Rio Grande do Sul,43,Ingeniero,14,Primera clase,8845.23,551.83,Sí,77366,4057,11,App
38525,F,Córdoba,52,Empresario,56,Económica,5204.48,412.62,No,0,15464,9,Web
38550,M,Buenos Aires,35,Deportista,57,Ejecutiva,22807.44,1041.66,Sí,143922,13007,69,App
38563,M,Minas Gerais,41,Deportista,30,Ejecutiva,22669.05,1164.92,Sí,62418,12608,8,App
38579,F,Cundinamarca,39,Contador,20,Primera clase,26167.22,3378.45,No,0,7157,33,Web
38581,F,Minas Gerais,27,Ejecutivo,44,Ejecutiva,30736.98,3536.95,No,0,20519,0,Web
38594,No binario,Minas Gerais,27,Deportista,76,Ejecutiva,51509.54,8796.27,Sí,198299,11674,13,App
38595,F,Tucumán,24,Deportista,76,Ejecutiva,35493.51,7157.67,Sí,58833,4929,3,Web
38604,F,Córdoba,55,Empresario,59,Ejecutiva,45532.02,4115.58,No,0,5515,5,App
38612,F,Chaco,37,Ejecutivo,37,Ejecutiva,11243.44,636.75,Sí,54175,6910,14,Web
38622,F,Chaco,30,Empresario,49,Primera clase,34463.01,1537.27,No,0,10163,0,Web
38633,F,Mendoza,46,Deportista,45,Ejecutiva,30047.55,2074.15,Sí,61911,8118,26,App
38638,F,Buenos Aires,43,Deportista,41,Primera clase,28074.96,1706.49,Sí,151309,40805,48,Web
38639,M,Mendoza,33,Médico,22,Primera clase,36089.31,5530.14,No,0,7294,21,Agencia
38654,F,Bahia,43,Empresario,37,Ejecutiva,21193.44,3250.3,No,0,22056,13,Web
38663,F,Santander,55,Ejecutivo,72,Ejecutiva,26679.4,1372.6,Sí,117064,10220,0,App
38665,M,Santander,29,Ejecutivo,47,Económica,9249.42,1243.87,Sí,45989,4471,2,App
38677,M,Rio Grande do Sul,39,Abogado,8,Ejecutiva,4995.47,1046.63,No,0,8831,30,Aeropuerto
38691,M,Antioquia,40,Ejecutivo,32,Ejecutiva,19112.81,4125.04,Sí,76537,4104,5,App
38698,F,Paraná,43,Empresario,38,Ejecutiva,12542.21,546.07,Sí,66194,7608,15,Web
38705,M,Buenos Aires,46,Deportista,93,Económica,12497.49,1506.64,Sí,57514,2257,36,Aeropuerto
38711,F,Córdoba,56,Ingeniero,21,Ejecutiva,9143.31,486.28,Sí,41922,4058,33,Agencia
38714,F,Bolívar,35,Abogado,24,Primera clase,38067.71,1787.06,Sí,102530,5186,8,Web
38727,F,Buenos Aires,37,Empresario,57,Primera clase,38889.87,8466.51,Sí,285486,8105,18,Web
38731,M,Tucumán,43,Empresario,28,Primera clase,59223.91,5304.43,No,0,7538,8,App
38732,M,Tucumán,49,Médico,19,Ejecutiva,14465.51,1274.87,Sí,29601,12627,10,Web
38742,F,Santander,36,Empresario,11,Económica,2217.04,389.01,Sí,5811,11814,4,App
38757,M,Santa Fe,61,Ejecutivo,78,Económica,19707.19,3389.99,Sí,48552,4583,0,Web
38776,F,Colón,59,Empresario,53,Ejecutiva,36446.41,3320.11,Sí,106457,8567,34,Agencia
38796,M,Tucumán,56,Empresario,34,Ejecutiva,13250.07,2397.47,Sí,27217,8401,33,App
38821,M,Cundinamarca,54,Médico,22,Primera clase,24360.58,3891.54,Sí,96477,4118,12,App
38824,M,Santander,36,Ejecutivo,22,Ejecutiva,7624.09,516.25,Sí,56841,9443,11,Aeropuerto
38847,F,Santander,33,Ejecutivo,46,Ejecutiva,31257.0,4119.42,No,0,14086,5,Agencia
38849,M,Entre Ríos,44,Ejecutivo,46,Primera clase,103058.93,16054.67,Sí,220632,12940,3,Web
38863,M,Rio de Janeiro,29,Empresario,59,Primera clase,56179.18,7226.09,Sí,246421,10275,21,Web
38867,M,Buenos Aires,40,Ejecutivo,78,Ejecutiva,65787.18,12190.22,Sí,135597,3956,5,Web
38884,M,CABA,62,Ejecutivo,62,Ejecutiva,26338.83,4991.85,Sí,48810,4403,5,Agencia
38890,M,Bahia,29,Ejecutivo,23,Ejecutiva,6867.65,329.41,No,0,9514,6,Web
38894,F,São Paulo,38,Ejecutivo,43,Ejecutiva,21946.71,5073.98,Sí,78513,6857,18,Agencia
38895,M,Salta,34,Empresario,37,Ejecutiva,18021.13,1442.28,No,0,18833,9,Aeropuerto
38920,F,Rio Grande do Sul,56,Profesional independiente,23,Ejecutiva,12286.45,2912.92,Sí,63506,3577,63,Aeropuerto
38922,F,Valle del Cauca,45,Abogado,20,Económica,3176.58,647.09,No,0,13588,27,Aeropuerto
38926,M,Atlántico,43,Empresario,54,Ejecutiva,31859.79,6720.93,Sí,142354,8093,19,Web
38932,F,Santa Fe,36,Empleado,18,Ejecutiva,6380.07,533.56,Sí,39214,1920,8,Web
38937,M,Santander,45,Empresario,17,Primera clase,35021.08,2931.66,Sí,62742,8354,10,App
38942,M,Mendoza,28,Médico,28,Primera clase,35448.01,5044.71,No,0,7786,6,App
38970,M,Buenos Aires,48,Médico,9,Ejecutiva,3123.5,772.36,Sí,16575,9511,35,Web
38988,M,Atlántico,32,Abogado,11,Ejecutiva,9013.8,1493.7,No,0,8555,15,App
39006,M,Mendoza,38,Empresario,48,Primera clase,53291.38,4277.69,No,0,9678,61,Web
39016,F,Chiriquí,52,Ejecutivo,51,Ejecutiva,31527.17,5500.36,No,0,5745,10,App
39035,F,Entre Ríos,30,Empresario,40,Ejecutiva,27957.64,3199.18,Sí,74542,16401,25,Web
39039,F,Cundinamarca,61,Ejecutivo,31,Primera clase,35705.75,7018.79,Sí,133706,8692,29,Web
39044,M,Bahia,34,Empleado,18,Ejecutiva,12111.29,2168.87,Sí,46665,2554,3,Web
39053,M,Tucumán,32,Empresario,33,Ejecutiva,22516.14,2510.82,No,0,25725,2,App
39062,M,Buenos Aires,31,Ejecutivo,75,Ejecutiva,26307.0,1940.65,No,0,10281,26,Web
39123,M,Nariño,24,Empresario,42,Ejecutiva,27400.43,1664.15,Sí,46605,14629,39,Web
39147,M,Panamá,25,Empresario,42,Ejecutiva,24478.4,3961.8,No,0,12047,6,App
39152,F,Buenos Aires,39,Ejecutivo,37,Ejecutiva,10600.64,2204.81,Sí,73956,4154,12,Aeropuerto
39155,M,Valle del Cauca,26,Empresario,30,Ejecutiva,18787.98,3914.85,No,0,12004,0,Web
39163,F,Misiones,39,Ejecutivo,64,Ejecutiva,23661.68,1290.95,Sí,169114,4448,3,Agencia
39192,F,Buenos Aires,35,Médico,28,Ejecutiva,12424.33,1416.38,No,0,12489,14,Web
39194,M,Santa Fe,35,Empresario,18,Primera clase,38261.2,2607.05,No,0,13183,24,Web
39201,F,Valle del Cauca,62,Ejecutivo,67,Económica,7543.4,458.86,Sí,53231,5057,19,Agencia
39204,F,Los Santos,39,Ejecutivo,37,Ejecutiva,18114.35,3985.22,Sí,72844,8892,12,App
39216,M,Buenos Aires,37,Deportista,61,Económica,12866.05,769.8,Sí,54497,1549,2,Web
39263,M,Valle del Cauca,30,Médico,5,Económica,1062.0,157.26,Sí,3794,13550,6,Web
39268,M,Antioquia,42,Contador,22,Ejecutiva,12383.82,3014.17,Sí,39781,1793,0,Agencia
39271,F,Nariño,34,Médico,12,Primera clase,11865.89,758.7,Sí,48581,12077,17,App
39272,F,Tucumán,26,Deportista,29,Ejecutiva,10043.58,766.9,Sí,44125,57310,16,App
39274,F,Bahia,38,Ejecutivo,49,Ejecutiva,30868.7,4614.45,No,0,4105,7,Web
39285,M,Salta,36,Profesional independiente,11,Primera clase,26009.92,3444.84,No,0,4408,59,Web
39295,M,Antioquia,33,Deportista,77,Primera clase,160384.3,18057.7,Sí,144243,12939,22,App
39297,F,Santa Fe,39,Comerciante,24,Primera clase,53574.83,6613.95,No,0,3947,8,App
39306,M,Tucumán,46,Abogado,18,Primera clase,38377.59,8956.59,No,0,3908,14,Web
39310,F,Herrera,35,Ejecutivo,77,Ejecutiva,66047.21,13584.17,Sí,148800,11330,2,App
39315,F,Córdoba,57,Empresario,10,Primera clase,11910.06,1896.03,No,0,8573,8,Agencia
39322,F,Entre Ríos,50,Abogado,19,Ejecutiva,12581.35,1746.62,No,0,12497,2,Web
39324,F,Chaco,49,Empresario,15,Económica,1566.84,319.34,No,0,12163,30,Agencia
39329,F,Entre Ríos,36,Ejecutivo,49,Económica,13803.85,3386.48,Sí,47359,2838,2,Web
39351,M,Valle del Cauca,26,Ejecutivo,34,Ejecutiva,17470.18,4145.24,Sí,41544,5138,4,Web
39353,F,Herrera,37,Empresario,52,Ejecutiva,22471.29,5474.58,Sí,52693,5137,7,App
39361,F,Cundinamarca,46,Deportista,85,Económica,30116.31,3728.18,Sí,95617,6918,4,Agencia
39376,F,Santa Fe,29,Deportista,30,Ejecutiva,21125.01,1557.08,Sí,47560,11843,28,App
39390,M,CABA,46,Ejecutivo,19,Primera clase,21827.19,3664.92,Sí,59233,23120,2,Web
39397,F,Buenos Aires,36,Empresario,48,Primera clase,71183.65,5770.6,No,0,9264,59,Agencia
39416,M,Chaco,48,Abogado,4,Primera clase,5744.09,884.79,Sí,15484,9890,23,App
39429,F,Valle del Cauca,29,Médico,28,Ejecutiva,20873.42,1966.28,No,0,9684,20,Web
39437,M,São Paulo,37,Ejecutivo,74,Económica,11796.42,2258.68,Sí,62643,4834,7,Web
39454,M,Paraná,36,Ejecutivo,77,Ejecutiva,26681.62,6273.09,No,0,4776,42,App
39460,F,Tucumán,26,Deportista,30,Primera clase,70247.2,10154.58,No,0,11607,18,App
39473,M,Veraguas,46,Ejecutivo,52,Económica,8557.04,876.2,Sí,55294,2607,5,App
39479,F,Misiones,40,Empresario,44,Económica,11860.61,2363.34,No,0,11373,34,Web
39512,M,Córdoba,39,Ejecutivo,56,Ejecutiva,19686.84,948.96,Sí,54632,3931,1,Web
39548,F,Cundinamarca,47,Abogado,3,Ejecutiva,672.61,80.45,No,0,9183,8,Web
39556,M,Valle del Cauca,26,Empresario,25,Primera clase,29525.73,4107.97,Sí,70290,8066,8,App
39561,M,Tucumán,29,Empresario,41,Ejecutiva,26743.07,4946.05,Sí,56119,5219,41,Web
39562,F,Córdoba,29,Empresario,16,Ejecutiva,9801.33,558.18,No,0,9143,68,App
39579,M,Nariño,39,Ejecutivo,77,Ejecutiva,42427.25,3332.56,Sí,91416,6514,6,Aeropuerto
39583,M,Entre Ríos,39,Médico,25,Ejecutiva,8547.1,651.87,Sí,48566,7671,49,Web
39587,M,Panamá,41,Deportista,51,Ejecutiva,23813.98,3144.98,Sí,60009,39481,2,App
39595,M,Santa Fe,51,Empresario,46,Primera clase,49909.3,9364.1,No,0,8156,16,Agencia
39622,F,Rio Grande do Sul,38,Médico,24,Ejecutiva,19027.72,1638.8,No,0,8646,7,Web
39625,M,Rio de Janeiro,34,Médico,14,Primera clase,31150.05,2642.3,No,0,7252,26,Aeropuerto
39630,F,CABA,28,Abogado,6,Económica,1263.66,138.92,Sí,6063,9176,0,App
39638,M,Panamá,50,Deportista,47,Ejecutiva,18532.13,1182.12,No,0,11148,8,Web
39640,F,Atlántico,33,Profesional independiente,7,Ejecutiva,3304.78,469.18,No,0,9234,5,Web
39644,F,Misiones,53,Ejecutivo,71,Económica,9640.02,1270.36,Sí,21230,10898,29,App
39645,M,Buenos Aires,41,Ejecutivo,49,Ejecutiva,33449.67,2962.72,Sí,48386,5560,0,App
39653,F,Tucumán,32,Empresario,38,Ejecutiva,29997.33,2480.49,Sí,60962,6431,25,App
39656,M,Chaco,41,Abogado,11,Ejecutiva,4670.15,886.59,No,0,12241,28,Aeropuerto
39665,M,Chaco,29,Empresario,32,Primera clase,36041.2,8415.66,Sí,126737,5532,1,App
39671,M,Minas Gerais,39,Empresario,13,Económica,3165.2,252.49,No,0,11512,21,Web
39677,F,Bolívar,44,Ejecutivo,44,Ejecutiva,20538.17,2802.21,Sí,114613,2386,20,App
39689,M,Misiones,35,Ejecutivo,65,Económica,11555.19,688.67,Sí,44112,6448,14,App
39691,M,Valle del Cauca,47,Ejecutivo,57,Económica,17972.96,2187.9,Sí,45845,6348,5,Web
39708,M,Salta,35,Empleado,22,Ejecutiva,10126.63,1797.43,Sí,47226,1171,22,Web
39717,F,Córdoba,60,Deportista,22,Primera clase,38290.71,3562.79,No,0,8655,23,Agencia
39719,F,Valle del Cauca,45,Empresario,28,Primera clase,26569.52,6239.19,Sí,77036,12271,5,Web
39735,M,Córdoba,35,Ejecutivo,79,Ejecutiva,52344.04,7038.98,No,0,4285,10,Web
39738,F,Santander,28,Empresario,22,Primera clase,46007.3,8685.33,No,0,7255,3,App
39742,F,Chaco,44,Abogado,9,Ejecutiva,2463.15,215.59,Sí,10465,9403,31,App
39743,M,Misiones,37,Ejecutivo,28,Ejecutiva,10626.87,1169.77,No,0,8373,22,App
39746,F,Salta,45,Deportista,85,Ejecutiva,53911.59,11321.25,No,0,1138,4,Web
39748,F,Santa Fe,42,Contador,16,Primera clase,21670.25,3552.59,Sí,52882,3566,15,Web
39750,M,Misiones,46,Ejecutivo,43,Primera clase,46535.32,9238.99,No,0,7938,1,App
39760,M,Nariño,51,Ejecutivo,58,Ejecutiva,30900.0,6703.41,No,0,8802,27,Web
39768,F,Nariño,42,Médico,8,Primera clase,8256.79,377.17,No,0,11561,12,App
39779,F,Pernambuco,46,Médico,22,Ejecutiva,14935.84,2931.21,No,0,8560,16,App
39806,M,Buenos Aires,40,Deportista,88,Primera clase,200780.27,25768.03,No,0,15213,1,Web
39813,M,Rio Grande do Sul,38,Empresario,21,Primera clase,26205.98,4592.86,No,0,12444,25,App
39816,M,Santa Fe,47,Empresario,14,Ejecutiva,6661.56,1111.68,No,0,17930,3,App
39819,F,Tucumán,29,Empresario,53,Primera clase,52102.31,3794.07,Sí,229846,8986,1,App
39840,F,Bolívar,46,Ejecutivo,71,Ejecutiva,40980.08,10099.97,No,0,6154,27,Agencia
39846,F,Córdoba,54,Ingeniero,20,Primera clase,34920.33,6246.82,Sí,58191,7280,8,Web
39850,F,Chaco,47,Deportista,72,Económica,5741.74,1296.11,Sí,55165,1730,13,App
39858,F,CABA,40,Deportista,75,Ejecutiva,55352.86,5713.51,No,0,87327,4,Agencia
39862,F,Bolívar,36,Empresario,52,Primera clase,126235.54,28492.92,No,0,39699,19,Web
39865,M,Valle del Cauca,35,Abogado,19,Primera clase,30678.68,6266.52,No,0,6857,2,Web
39873,F,Los Santos,25,Empresario,25,Primera clase,37232.44,5029.35,No,0,7434,7,App
39880,M,Rio de Janeiro,36,Contador,19,Primera clase,31001.98,1943.22,No,0,4450,36,Agencia
39881,M,CABA,38,Ejecutivo,44,Primera clase,66564.56,12822.86,No,0,14618,1,Agencia
39884,M,Santa Fe,37,Empresario,51,Ejecutiva,30478.23,2212.05,Sí,62878,3319,4,App
39900,F,Nariño,43,Médico,22,Ejecutiva,18141.87,4428.03,No,0,8399,4,App
39904,M,Antioquia,61,Médico,11,Ejecutiva,7493.57,951.19,No,0,12176,4,Web
39907,M,Minas Gerais,29,Empresario,24,Primera clase,32293.47,2460.11,No,0,8741,2,Web
39913,F,Nariño,29,Deportista,83,Económica,17963.64,2800.33,Sí,49756,1100,10,App
39952,F,Buenos Aires,28,Deportista,88,Económica,16034.03,2846.14,Sí,67382,1297,43,Web
39964,M,Buenos Aires,39,Empresario,21,Económica,7068.27,1366.36,No,0,10590,3,Web
39965,M,CABA,35,Ejecutivo,24,Ejecutiva,12474.86,2733.58,Sí,51707,7504,1,Aeropuerto
39974,F,Bolívar,49,Empresario,52,Primera clase,66661.92,15673.92,No,0,9010,61,App
39977,F,Antioquia,37,Profesional independiente,10,Primera clase,21908.93,4582.0,No,0,11800,11,App
39993,M,Santa Fe,40,Abogado,16,Primera clase,27858.72,4041.33,No,0,10143,23,Web
39994,M,Panamá,33,Deportista,88,Económica,16168.81,1541.72,Sí,66584,2255,35,Aeropuerto
40018,F,Rio Grande do Sul,51,Empresario,32,Ejecutiva,23768.24,2968.57,Sí,63130,9673,54,Web
40021,F,Tucumán,40,Médico,29,Ejecutiva,14080.6,1422.58,Sí,49447,7578,6,App
40028,F,Bolívar,40,Deportista,93,Económica,12233.72,1212.44,Sí,69442,2833,16,Agencia
40034,M,Buenos Aires,32,Empresario,24,Primera clase,35769.96,4168.47,Sí,85106,11465,1,Web
40045,F,Tolima,40,Empresario,21,Primera clase,15619.71,2968.94,No,0,15508,9,Web
40051,F,Veraguas,62,Empresario,44,Ejecutiva,13432.08,1923.77,Sí,100023,5492,36,Aeropuerto
40060,F,Bolívar,43,Ejecutivo,71,Económica,7804.46,1352.84,Sí,58227,6126,7,Web
40067,F,CABA,27,Empresario,37,Ejecutiva,13219.18,569.41,Sí,54497,5312,56,Web
40070,F,Misiones,31,Empresario,43,Ejecutiva,31300.95,4698.52,Sí,41954,2078,5,Web
40087,F,Chaco,49,Ejecutivo,77,Primera clase,83338.29,9354.82,Sí,163019,5265,11,Web
40091,M,Colón,43,Empleado,24,Ejecutiva,8235.39,1054.12,Sí,53125,1055,4,Web
40094,M,Santa Fe,48,Profesional independiente,10,Primera clase,8846.97,787.92,No,0,9093,3,Agencia
40113,M,Chaco,29,Abogado,19,Ejecutiva,8802.56,2057.52,No,0,9572,41,App
40157,M,CABA,26,Abogado,11,Primera clase,21254.65,867.18,Sí,42933,11190,11,App
40158,M,Entre Ríos,25,Médico,18,Ejecutiva,7167.74,843.07,Sí,49172,5589,4,Agencia
40167,M,Tolima,39,Profesional independiente,17,Primera clase,25752.97,3728.83,Sí,58697,4679,57,Web
40174,No binario,Santander,40,Ejecutivo,39,Ejecutiva,26715.68,4206.18,Sí,65544,10349,3,Web
40178,M,Bolívar,25,Empresario,50,Ejecutiva,39732.45,5854.0,No,0,4355,72,Web
40184,M,Misiones,30,Empresario,27,Ejecutiva,7651.88,430.74,Sí,69800,11161,50,Agencia
40191,F,Salta,39,Ejecutivo,32,Ejecutiva,9992.8,884.01,Sí,48611,7602,30,App
40200,F,Chaco,44,Médico,11,Ejecutiva,4974.45,982.28,Sí,22824,8940,2,App
40213,M,Colón,39,Abogado,18,Primera clase,41646.95,5659.05,No,0,4208,0,App
40225,F,Tolima,28,Deportista,65,Ejecutiva,43831.21,6793.01,Sí,141135,6616,4,Web
40227,F,Rio Grande do Sul,50,Ingeniero,18,Ejecutiva,13664.12,2110.22,Sí,41793,2820,47,Web
40236,F,Nariño,39,Ejecutivo,75,Ejecutiva,50299.76,4814.07,No,0,8007,7,App
40239,M,Salta,36,Ingeniero,17,Primera clase,43550.75,7620.98,Sí,67020,5307,6,Web
40245,M,Salta,43,Empresario,22,Ejecutiva,14310.26,1666.39,No,0,14147,12,Agencia
40247,M,Rio Grande do Sul,43,Deportista,95,Primera clase,160443.3,25263.78,Sí,338337,8194,17,Web
40279,M,Los Santos,48,Ingeniero,22,Ejecutiva,7765.07,393.65,Sí,58738,3836,7,App
40284,F,Tucumán,41,Empresario,48,Ejecutiva,24955.79,4549.5,No,0,7567,45,Agencia
40307,M,Salta,37,Médico,13,Ejecutiva,10300.77,1060.44,No,0,9187,7,Agencia
40325,F,Mendoza,45,Empresario,12,Primera clase,15064.17,2943.69,No,0,8408,6,Web
40329,M,Atlántico,46,Deportista,95,Económica,23999.56,1396.39,Sí,85722,1632,18,App
40342,M,Salta,30,Ejecutivo,48,Primera clase,53669.38,7378.34,No,0,7251,0,Web
40349,F,Buenos Aires,44,Abogado,20,Primera clase,43144.73,2526.49,No,0,12199,10,App
40357,M,São Paulo,60,Médico,13,Primera clase,12024.85,1009.87,No,0,9703,7,Agencia
40359,M,Herrera,30,Ejecutivo,46,Ejecutiva,28958.41,7200.19,Sí,39674,7015,5,Agencia
40362,M,Mendoza,42,Deportista,67,Primera clase,107360.41,12548.44,Sí,131996,12354,34,Web
40364,F,Córdoba,28,Deportista,90,Económica,29593.39,4999.04,Sí,24372,1279,5,Web
40366,M,São Paulo,31,Deportista,74,Económica,12315.1,1176.29,Sí,62458,1948,1,Agencia
40370,F,Buenos Aires,24,Empresario,56,Ejecutiva,32695.5,6499.28,Sí,123127,10687,68,Web
40377,No binario,Salta,38,Empresario,44,Ejecutiva,25812.88,2163.59,Sí,94072,3894,18,App
40397,M,Tucumán,42,Ejecutivo,28,Ejecutiva,17780.85,906.62,Sí,50923,7400,22,Web
40409,F,Minas Gerais,25,Ejecutivo,41,Primera clase,93940.97,8903.21,No,0,6929,6,Agencia
40422,F,Mendoza,36,Empresario,57,Ejecutiva,29162.89,6352.15,No,0,12333,27,Web
40431,F,Pernambuco,52,Médico,11,Primera clase,12769.39,2763.18,No,0,8508,17,Web
40440,M,Mendoza,33,Ejecutivo,78,Ejecutiva,24567.66,5840.3,Sí,133921,8743,26,Web
40457,M,Chaco,39,Abogado,24,Primera clase,26763.77,6335.89,No,0,6821,60,Aeropuerto
40477,F,Colón,61,Empresario,34,Primera clase,50698.31,9517.35,No,0,19646,3,Web
40480,F,Chaco,25,Empresario,23,Primera clase,18158.28,1339.5,Sí,86682,15094,0,App
40488,M,Veraguas,39,Empresario,39,Ejecutiva,32400.46,2594.0,Sí,45485,5292,13,Agencia
40496,F,Chaco,45,Empresario,31,Ejecutiva,15892.05,3186.73,No,0,9592,73,Web
40505,F,Tucumán,61,Empresario,51,Ejecutiva,25138.87,2160.35,No,0,5776,4,Agencia
40509,M,Antioquia,48,Ejecutivo,59,Ejecutiva,21361.9,3964.24,Sí,64149,13153,14,Agencia
40516,M,Chaco,41,Empresario,34,Primera clase,22582.54,1838.1,No,0,8739,16,Web
40520,M,Misiones,60,Empresario,13,Primera clase,36435.53,3409.23,Sí,30712,4089,23,Aeropuerto
40522,F,Los Santos,37,Médico,28,Ejecutiva,13222.36,978.51,No,0,10277,40,Web
40523,M,Córdoba,51,Empresario,18,Ejecutiva,14470.29,2791.34,Sí,41861,5046,23,Web
40525,M,Santa Fe,47,Empresario,40,Ejecutiva,27191.34,5662.84,Sí,108569,4540,7,Aeropuerto
40528,F,Rio de Janeiro,31,Ejecutivo,68,Ejecutiva,22240.08,987.14,Sí,128695,5845,1,Web
40537,M,Buenos Aires,31,Empresario,37,Ejecutiva,28472.01,3912.54,Sí,72399,3901,0,Web
40544,M,Tucumán,47,Abogado,17,Primera clase,33768.06,3191.23,No,0,7713,19,Web
40551,M,Salta,25,Empresario,40,Primera clase,79619.18,16120.9,Sí,146825,7249,37,App
40561,F,Misiones,44,Ejecutivo,61,Ejecutiva,46035.69,2250.42,No,0,7145,4,App
40567,M,Colón,56,Empresario,20,Ejecutiva,15310.29,2878.74,No,0,10548,23,App
40600,M,Misiones,39,Médico,9,Ejecutiva,3859.88,895.78,No,0,10319,8,Agencia
40608,F,Rio Grande do Sul,35,Médico,29,Ejecutiva,18461.97,4100.35,No,0,9538,6,Web
40614,F,Misiones,43,Ejecutivo,52,Económica,4573.57,523.15,Sí,54595,3667,0,Aeropuerto
40642,M,Bahia,41,Arquitecto,24,Ejecutiva,12720.11,2809.06,Sí,61663,5645,30,Web
40658,F,São Paulo,49,Empresario,59,Ejecutiva,35403.53,2259.82,No,0,3652,11,App
40671,M,Antioquia,44,Ejecutivo,67,Ejecutiva,28794.51,1728.5,No,0,6628,2,Web
40672,M,Nariño,50,Abogado,11,Primera clase,14927.18,1086.39,No,0,8475,0,Web
40674,F,Santa Fe,54,Ejecutivo,22,Ejecutiva,5358.73,1124.57,Sí,27112,8880,10,App
40690,M,Misiones,50,Ejecutivo,34,Ejecutiva,26055.38,1907.94,No,0,3018,1,Web
40693,M,Santa Fe,36,Médico,22,Primera clase,35777.63,4128.38,No,0,6011,2,App
40700,M,Santa Fe,33,Empresario,42,Ejecutiva,10006.65,1136.61,No,0,10670,8,Web
40705,M,Cundinamarca,50,Empresario,52,Económica,16841.2,864.09,Sí,34236,9609,93,App
40707,F,Rio Grande do Sul,38,Ejecutivo,49,Ejecutiva,37566.21,6432.03,No,0,4343,4,Agencia
40730,M,Santander,31,Médico,29,Ejecutiva,14358.17,1134.54,No,0,8703,21,Web
40748,F,Chiriquí,39,Ejecutivo,74,Económica,25601.64,4419.49,Sí,60887,4874,14,Web
40756,M,CABA,47,Ejecutivo,54,Primera clase,112562.41,5287.19,Sí,97590,3812,2,Agencia
40759,F,Mendoza,39,Abogado,23,Primera clase,19525.81,4489.14,Sí,75130,3961,72,App
40780,M,Nariño,25,Ejecutivo,75,Económica,16318.47,2822.75,No,0,8657,3,Web
40797,M,Buenos Aires,36,Abogado,21,Primera clase,26222.59,2886.01,Sí,104915,12906,40,App
40823,F,Santander,48,Médico,17,Primera clase,36593.17,8212.83,Sí,33547,4454,7,App
40829,M,Veraguas,40,Empresario,28,Ejecutiva,22857.09,964.87,Sí,48265,15650,6,Web
40830,M,Tucumán,33,Ejecutivo,44,Ejecutiva,27680.54,1771.94,Sí,51681,6874,12,Web
40848,F,Paraná,25,Ejecutivo,17,Económica,3459.24,753.57,Sí,10947,9069,5,App
40864,No binario,Minas Gerais,41,Profesional independiente,8,Ejecutiva,3477.2,733.73,Sí,16179,8893,8,Agencia
40869,M,Paraná,29,Empresario,50,Ejecutiva,34496.08,7875.82,No,0,3035,11,Web
40902,M,Misiones,34,Ingeniero,24,Primera clase,64983.45,6366.57,No,0,4703,0,Web
40910,M,Antioquia,32,Ingeniero,24,Primera clase,41333.57,6509.57,No,0,10141,10,Web
40914,F,Buenos Aires,27,Comerciante,23,Ejecutiva,11157.75,1684.93,Sí,43311,553,25,Web
40931,F,Minas Gerais,34,Abogado,16,Ejecutiva,8004.2,829.85,No,0,10208,13,Web
40959,M,Herrera,51,Empresario,44,Ejecutiva,28022.67,5390.3,No,0,4456,13,Web
40963,M,Santander,32,Empresario,26,Económica,4495.62,537.93,No,0,14691,30,Agencia
40970,F,Valle del Cauca,45,Médico,19,Ejecutiva,10546.37,1109.9,Sí,47106,5783,1,Aeropuerto
40972,F,Chiriquí,49,Empresario,53,Primera clase,63222.36,13400.74,Sí,219901,7152,4,Web
40987,F,Tucumán,35,Empresario,10,Ejecutiva,4958.74,1191.69,No,0,9863,11,Web
40996,F,Antioquia,45,Empresario,47,Primera clase,63386.26,12018.03,No,0,11639,4,App
41008,M,Mendoza,32,Empresario,44,Primera clase,40974.6,8463.84,Sí,193044,9074,5,Agencia
41009,F,Santander,26,Empresario,39,Primera clase,83915.88,7006.05,No,0,7604,17,Web
41016,M,Atlántico,27,Empresario,28,Primera clase,70016.52,15258.73,No,0,41644,2,App
41024,F,Minas Gerais,33,Médico,28,Ejecutiva,12848.09,2208.12,No,0,9318,6,App
41025,M,Colón,41,Deportista,27,Primera clase,25540.5,1667.51,No,0,17430,6,App
41029,M,Minas Gerais,46,Empresario,18,Ejecutiva,11015.5,2105.2,Sí,20835,13815,7,Web
41031,F,Chaco,36,Médico,21,Primera clase,15177.29,2135.25,Sí,51572,8086,3,App
41037,M,Chaco,40,Ejecutivo,68,Primera clase,121553.44,13566.14,Sí,136063,6419,3,Web
41038,F,Rio Grande do Sul,57,Ejecutivo,49,Ejecutiva,27661.79,2209.19,No,0,5242,5,Agencia
41042,M,Santa Fe,33,Empresario,20,Ejecutiva,6853.75,1033.69,Sí,34368,14165,19,Web
41050,M,Córdoba,26,Ejecutivo,67,Primera clase,53827.87,2551.28,Sí,372953,8300,4,Web
41063,F,Rio Grande do Sul,52,Deportista,82,Económica,18271.79,4408.58,Sí,48052,3107,38,Web
41072,F,Chaco,39,Ejecutivo,63,Ejecutiva,43216.31,1731.19,No,0,9184,36,Web
41075,F,Valle del Cauca,48,Ejecutivo,57,Primera clase,39366.88,3864.01,No,0,8119,14,Agencia
41076,M,Misiones,47,Ejecutivo,60,Ejecutiva,32917.88,7896.78,Sí,98989,6286,6,Web
41078,F,Cundinamarca,26,Empresario,29,Primera clase,38315.55,5873.47,No,0,11482,19,App
41081,M,Pernambuco,42,Ejecutivo,65,Económica,10726.64,655.36,Sí,54008,2487,11,App
41086,F,Entre Ríos,37,Ejecutivo,68,Primera clase,114486.18,12164.03,Sí,379355,9511,0,App
41087,M,Mendoza,42,Arquitecto,19,Primera clase,26263.23,2799.47,No,0,5371,1,App
41098,M,Buenos Aires,50,Ejecutivo,54,Ejecutiva,25250.71,3351.05,Sí,143950,3052,2,Web
41109,F,Entre Ríos,49,Empresario,44,Ejecutiva,20556.56,3724.16,Sí,69526,7952,14,Web
41116,F,Buenos Aires,30,Empresario,30,Ejecutiva,8238.01,1319.25,No,0,8948,1,Web
41139,M,Misiones,28,Empresario,12,Económica,2796.8,178.55,Sí,10838,8773,9,App
41176,F,Salta,46,Empresario,45,Ejecutiva,25670.11,5020.06,Sí,96710,8127,42,Web
41181,M,CABA,47,Ejecutivo,22,Ejecutiva,11147.97,2350.66,Sí,46642,4382,6,Web
41210,M,Chaco,41,Ejecutivo,69,Económica,16552.1,3084.05,Sí,59138,3174,2,App
41214,F,Tucumán,40,Deportista,29,Primera clase,53938.21,4902.04,Sí,88720,37149,53,App
41221,M,Los Santos,58,Ingeniero,18,Primera clase,11772.68,2735.65,Sí,80294,7639,13,Web
41225,M,Valle del Cauca,43,Médico,9,Ejecutiva,2510.46,509.93,No,0,11073,16,App
41231,M,Tucumán,38,Abogado,22,Primera clase,18745.79,2479.47,No,0,10041,25,App
41239,F,Nariño,29,Empresario,59,Ejecutiva,39804.15,6134.61,Sí,114355,3807,2,Aeropuerto
41245,M,Santa Fe,54,Empresario,57,Primera clase,68728.62,9762.3,Sí,125896,7283,9,Web
41287,M,Córdoba,28,Ejecutivo,50,Ejecutiva,35486.6,7531.45,No,0,7264,0,Web
41308,M,Valle del Cauca,24,Ejecutivo,57,Ejecutiva,17880.97,3770.92,No,0,12423,8,App
41319,M,Salta,39,Empresario,51,Primera clase,63986.11,12546.75,No,0,18213,15,Web
41329,M,Bolívar,32,Empresario,24,Ejecutiva,7284.1,779.1,Sí,56457,7941,82,Web
41340,M,Tucumán,44,Empresario,26,Económica,5036.58,646.86,Sí,15060,8369,46,App
41343,F,Misiones,48,Ejecutivo,43,Ejecutiva,34226.87,5200.64,Sí,47915,7213,6,Aeropuerto
41364,F,Tucumán,29,Deportista,97,Económica,24269.03,1550.57,Sí,67850,1005,3,Web
41379,M,Santa Fe,27,Empresario,28,Primera clase,24851.21,5661.58,Sí,87357,7862,48,Web
41381,F,Misiones,29,Empresario,23,Ejecutiva,14225.89,989.8,Sí,46963,1288,3,Web
41385,M,Bahia,48,Empresario,47,Económica,4819.0,314.49,No,0,18340,15,Aeropuerto
41389,F,Santander,59,Deportista,89,Económica,13699.52,2612.45,Sí,59611,5449,0,Web
41404,M,Rio de Janeiro,49,Empresario,56,Primera clase,29225.31,6345.85,Sí,180039,7548,14,Web
41405,F,Mendoza,37,Deportista,61,Económica,9510.64,1206.13,Sí,40959,1561,42,Aeropuerto
41411,F,Misiones,31,Médico,28,Ejecutiva,24321.92,3413.05,Sí,47039,3688,5,App
41414,M,Córdoba,48,Empresario,45,Primera clase,78938.7,19553.29,No,0,7479,12,Web
41425,F,Chaco,26,Deportista,61,Ejecutiva,30166.65,7430.69,Sí,51428,19960,9,Web
41426,F,Bolívar,36,Abogado,9,Económica,2568.04,531.9,No,0,8967,21,Agencia
41430,F,CABA,41,Empresario,26,Ejecutiva,15075.18,2349.0,No,0,8470,4,Agencia
41436,M,Rio Grande do Sul,35,Empresario,27,Económica,4184.42,394.17,Sí,6614,9778,13,Web
41464,F,Chaco,38,Empresario,28,Económica,8075.04,1392.99,No,0,15165,59,Agencia
41465,M,Bolívar,39,Empresario,48,Primera clase,82547.96,12265.11,No,0,11175,6,Web
41467,M,Veraguas,51,Empresario,56,Económica,10314.32,1174.77,Sí,41759,2840,0,App
41490,M,Minas Gerais,45,Empresario,59,Ejecutiva,28072.18,2342.81,No,0,7803,36,Web
41493,M,Salta,41,Ejecutivo,28,Ejecutiva,10708.28,677.0,Sí,61534,9425,56,Agencia
41497,F,Tucumán,39,Ejecutivo,59,Ejecutiva,40581.56,4758.1,Sí,113853,9533,4,App
41508,M,Veraguas,58,Ejecutivo,77,Ejecutiva,50706.59,5283.63,No,0,5201,0,Aeropuerto
41514,F,Salta,37,Ejecutivo,53,Ejecutiva,32486.18,5365.04,No,0,3617,39,Web
41515,F,Chaco,32,Empresario,19,Primera clase,39748.53,8571.33,Sí,51537,15367,16,App
41545,M,Veraguas,59,Otro,22,Primera clase,43108.16,9818.54,No,0,3588,54,Agencia
41560,M,Chaco,46,Ingeniero,16,Primera clase,27583.31,2652.27,No,0,5002,45,Web
41573,F,Tolima,51,Médico,25,Ejecutiva,7571.83,815.64,No,0,12304,35,Web
41579,F,São Paulo,30,Ejecutivo,50,Ejecutiva,12787.01,614.73,Sí,82148,4090,26,App
41593,F,Bolívar,36,Empresario,19,Ejecutiva,13434.61,2242.64,Sí,51895,12855,22,Web
41595,M,Chiriquí,27,Deportista,48,Ejecutiva,34496.74,1836.21,No,0,1615,0,App
41606,F,Chaco,41,Ejecutivo,79,Primera clase,70248.86,4996.46,No,0,6289,1,Agencia
41607,M,Panamá,35,Médico,20,Primera clase,50505.69,10570.45,No,0,10731,12,Web
41610,M,Córdoba,56,Ejecutivo,73,Ejecutiva,42284.95,6734.95,Sí,141982,4457,4,Aeropuerto
41613,F,Nariño,36,Médico,14,Ejecutiva,9637.42,539.99,No,0,9888,21,App
41621,F,Entre Ríos,41,Empresario,31,Ejecutiva,18749.6,1259.42,Sí,82123,8063,15,App
41624,M,Entre Ríos,24,Contador,15,Primera clase,32840.34,5540.77,No,0,4601,68,Web
41635,M,Atlántico,32,Deportista,87,Primera clase,86373.96,20069.73,No,0,7955,16,Web
41644,M,Chaco,28,Ejecutivo,78,Ejecutiva,27353.15,2220.46,No,0,3899,20,Web
41659,M,Tolima,50,Médico,14,Primera clase,30879.8,2015.27,No,0,8057,13,Web
41682,F,Buenos Aires,43,Deportista,77,Económica,18076.59,789.69,Sí,66449,2067,30,Agencia
41701,M,Rio Grande do Sul,30,Empresario,59,Ejecutiva,17397.78,2320.28,Sí,60654,11049,13,Agencia
41704,F,CABA,59,Ejecutivo,49,Ejecutiva,14134.97,1546.73,Sí,74249,3978,29,Web
41714,F,Salta,43,Deportista,89,Ejecutiva,62391.94,12239.66,Sí,98858,27747,18,Web
41728,M,Bolívar,38,Ejecutivo,59,Ejecutiva,31323.3,5101.66,Sí,98821,6280,0,App
41734,M,Entre Ríos,59,Deportista,46,Ejecutiva,32338.01,1658.06,Sí,47038,1442,6,Agencia
41735,M,Entre Ríos,42,Empresario,19,Ejecutiva,15769.47,707.26,No,0,11203,0,Agencia
41736,F,Cundinamarca,47,Deportista,67,Ejecutiva,18679.19,2875.14,No,0,15139,1,Web
41742,F,Misiones,41,Ejecutivo,60,Ejecutiva,20240.62,3225.31,Sí,95383,5988,12,Web
41758,M,Santa Fe,34,Deportista,87,Ejecutiva,20289.92,2101.98,Sí,151420,5664,1,App
41775,F,Atlántico,41,Deportista,93,Económica,29191.25,6212.89,No,0,644,42,Aeropuerto
41778,F,Nariño,43,Médico,26,Ejecutiva,15328.4,2625.25,Sí,49796,4894,8,Agencia
41780,M,Antioquia,38,Ejecutivo,62,Ejecutiva,45587.03,3418.46,Sí,47917,4154,3,Agencia
41781,F,Buenos Aires,27,Empresario,47,Ejecutiva,24546.6,4735.25,Sí,60137,3216,5,Web
41784,M,São Paulo,30,Ejecutivo,72,Ejecutiva,30197.99,5189.6,No,0,5997,11,Web
41824,F,Córdoba,55,Ingeniero,21,Ejecutiva,6631.74,1296.54,Sí,49609,3307,15,Aeropuerto
41826,M,Buenos Aires,44,Ejecutivo,72,Económica,7884.33,1840.36,Sí,55512,2383,0,Web
41841,M,Pernambuco,28,Ejecutivo,60,Ejecutiva,37398.61,5484.46,No,0,10365,23,Web
41852,M,Antioquia,37,Deportista,99,Ejecutiva,25587.0,3656.72,Sí,170158,5753,4,Aeropuerto
41854,M,CABA,54,Ejecutivo,33,Ejecutiva,21949.2,1018.17,Sí,43573,3865,17,App
41861,F,Paraná,43,Comerciante,19,Ejecutiva,4438.47,357.01,Sí,44949,1655,34,Web
41874,M,Valle del Cauca,32,Empresario,44,Primera clase,66868.57,14257.46,No,0,9390,13,Web
41884,F,Santa Fe,56,Empresario,59,Económica,7818.15,1854.69,No,0,11271,1,Web
41892,F,CABA,52,Abogado,16,Económica,1970.04,83.48,No,0,8857,15,Web
41916,F,Buenos Aires,45,Ejecutivo,76,Económica,26444.93,3604.13,Sí,30704,4495,16,Web
41922,F,CABA,28,Ejecutivo,62,Ejecutiva,31913.32,7931.51,No,0,3657,12,App
41932,M,CABA,40,Médico,23,Ejecutiva,17525.73,1251.46,Sí,65264,4941,27,Aeropuerto
41968,F,Colón,47,Deportista,97,Ejecutiva,68843.18,5344.08,Sí,181160,2474,4,App
41973,F,Mendoza,32,Ejecutivo,35,Económica,8118.49,1970.74,No,0,11744,10,Web
41998,F,Santander,38,Empresario,44,Primera clase,92050.1,13051.85,Sí,162778,10309,25,Agencia
42006,F,Tolima,51,Médico,28,Ejecutiva,9663.75,742.04,Sí,39166,4553,39,Web
42032,F,São Paulo,26,Empresario,28,Primera clase,67176.21,7205.81,Sí,142430,9913,25,Aeropuerto
42034,M,Antioquia,35,Ejecutivo,31,Ejecutiva,12958.92,1040.36,No,0,12770,5,Web
42043,M,Nariño,34,Empresario,17,Primera clase,24231.61,3210.26,No,0,8684,8,Aeropuerto
42051,F,Colón,33,Deportista,85,Ejecutiva,54972.21,7056.47,Sí,136943,8385,17,Agencia
42053,F,Chaco,38,Médico,13,Primera clase,16385.55,3528.4,No,0,8771,7,Web
42062,M,Misiones,35,Ejecutivo,78,Ejecutiva,50305.25,8624.59,No,0,2576,4,Web
42063,M,Salta,38,Ejecutivo,61,Primera clase,90175.84,8616.53,Sí,113786,7167,7,Web
42069,F,Rio de Janeiro,48,Ejecutivo,73,Ejecutiva,25388.84,6010.09,No,0,3683,1,App
42083,F,Atlántico,27,Ejecutivo,67,Primera clase,70110.82,4172.11,Sí,161927,4399,6,App
42085,M,Tolima,38,Ejecutivo,35,Ejecutiva,27995.91,1416.06,No,0,9218,12,Web
42093,M,Misiones,38,Deportista,76,Económica,26198.94,5111.55,Sí,37990,1235,6,Web
42104,M,Misiones,34,Empresario,33,Primera clase,85286.87,6657.51,No,0,7718,28,App
42105,M,Misiones,24,Deportista,62,Primera clase,96484.95,4453.26,No,0,13815,8,App
42118,M,Mendoza,45,Deportista,56,Ejecutiva,22257.38,2694.4,Sí,45139,7601,5,App
42126,M,Santa Fe,32,Ingeniero,24,Ejecutiva,12232.17,1707.79,Sí,52737,8932,10,App
42128,F,Atlántico,48,Ejecutivo,73,Ejecutiva,29849.7,2131.5,No,0,11657,2,App
42131,F,Rio de Janeiro,40,Empresario,29,Primera clase,53004.52,6287.73,Sí,67218,6615,9,App
42136,M,Bahia,36,Deportista,60,Ejecutiva,37475.92,6471.89,No,0,15543,34,App
42140,M,CABA,33,Médico,21,Económica,2213.61,270.36,Sí,9222,8726,53,Agencia
42183,F,Tucumán,49,Médico,19,Primera clase,42499.24,7800.3,No,0,8372,5,Web
42201,M,Mendoza,25,Ejecutivo,45,Primera clase,31541.78,3315.65,Sí,121331,12114,1,App
42205,F,Santa Fe,35,Médico,16,Ejecutiva,3832.41,791.23,No,0,10352,49,Web
42221,F,Chiriquí,48,Ejecutivo,79,Económica,10249.94,1295.11,Sí,43070,4694,0,App
42231,M,Valle del Cauca,37,Ejecutivo,63,Económica,9580.51,1340.83,Sí,66081,4228,2,Web
42237,F,Buenos Aires,39,Empresario,40,Ejecutiva,18106.62,1176.92,Sí,67008,4277,88,Agencia
42250,F,Salta,60,Abogado,22,Primera clase,41616.52,5052.11,No,0,6676,13,Agencia
42253,M,Minas Gerais,32,Empresario,23,Ejecutiva,12384.37,2006.1,No,0,16064,26,Agencia
42256,M,Tucumán,41,Ejecutivo,66,Ejecutiva,35671.25,6316.37,Sí,132327,14043,5,Agencia
42273,F,Valle del Cauca,49,Médico,26,Ejecutiva,11637.88,2518.21,Sí,64365,9107,3,Web
42283,F,Tucumán,44,Docente,21,Ejecutiva,8716.65,902.72,Sí,48900,1628,4,Web
42296,M,Tucumán,41,Empresario,39,Ejecutiva,17604.86,1063.17,No,0,9700,6,Aeropuerto
42308,F,Santa Fe,47,Ejecutivo,77,Económica,29402.33,4762.09,Sí,38838,4149,4,Web
42311,M,Antioquia,35,Médico,21,Ejecutiva,13757.23,930.87,No,0,8706,4,App
42323,F,Córdoba,38,Empresario,45,Ejecutiva,24325.06,1985.29,No,0,8658,64,App
42327,M,Tolima,51,Empresario,51,Ejecutiva,34927.22,5478.75,No,0,15287,9,Web
42328,F,Chiriquí,45,Empresario,51,Ejecutiva,32859.82,6959.46,No,0,10487,11,App
42347,F,Santander,35,Empresario,55,Ejecutiva,36273.97,8942.89,Sí,70710,27917,89,Agencia
42363,M,Misiones,38,Médico,15,Primera clase,13955.6,2124.21,No,0,8562,4,Web
42370,F,Salta,42,Ejecutivo,28,Ejecutiva,15472.29,910.35,No,0,11317,5,Web
42384,M,CABA,26,Abogado,1,Ejecutiva,432.37,93.95,No,0,8464,0,App
42385,F,Los Santos,39,Médico,11,Primera clase,15318.09,1383.18,No,0,11620,21,App
42415,F,Rio Grande do Sul,36,Ejecutivo,62,Ejecutiva,40220.74,3841.18,Sí,114253,6336,10,Web
42424,M,Tolima,31,Deportista,53,Económica,7614.9,1734.05,Sí,47241,531,48,Web
42431,M,Los Santos,32,Empresario,53,Ejecutiva,33318.44,6056.95,Sí,102774,4082,21,Aeropuerto
42433,F,Valle del Cauca,48,Empresario,59,Ejecutiva,29530.17,4656.24,No,0,3381,4,Web
42434,M,Mendoza,36,Ejecutivo,41,Ejecutiva,27747.29,6409.67,No,0,4959,23,App
42442,M,Cundinamarca,31,Empresario,59,Económica,12041.77,1003.81,Sí,52953,4768,7,Aeropuerto
42444,F,Valle del Cauca,44,Empresario,41,Primera clase,93858.6,16024.49,No,0,7024,18,Web
42449,F,Córdoba,45,Empresario,41,Económica,9268.91,629.49,Sí,23229,19429,33,Web
42450,M,Chiriquí,38,Empresario,42,Ejecutiva,19628.33,2576.96,Sí,69439,17890,6,App
42452,M,Entre Ríos,48,Médico,23,Primera clase,48061.25,8500.68,No,0,10238,26,App
42457,M,Tucumán,26,Abogado,19,Ejecutiva,9540.82,436.8,Sí,19684,14845,4,App
42458,M,CABA,42,Deportista,39,Ejecutiva,20381.29,1767.19,No,0,22454,1,Aeropuerto
42464,M,Nariño,55,Empresario,23,Primera clase,29530.13,5454.03,Sí,106121,8090,29,Web
42479,F,Atlántico,38,Médico,20,Primera clase,45317.49,10771.36,No,0,10100,13,App
42486,M,Bahia,51,Docente,24,Ejecutiva,12286.43,673.26,Sí,59779,1153,48,Web
42492,F,Misiones,31,Ejecutivo,61,Primera clase,129043.1,31900.62,No,0,10418,5,App
42500,M,Tucumán,32,Ejecutivo,66,Ejecutiva,38985.02,3580.67,No,0,2313,6,App
42514,F,Bahia,26,Ejecutivo,56,Ejecutiva,36466.82,3812.26,No,0,10888,33,App
42526,M,Atlántico,42,Ejecutivo,37,Primera clase,80806.81,12932.97,Sí,120524,4573,3,App
42562,M,Misiones,34,Ejecutivo,33,Ejecutiva,18920.82,3014.93,Sí,79612,6141,0,App
42567,F,Santander,44,Empresario,47,Ejecutiva,31142.75,3268.14,Sí,43294,9046,4,App
42574,M,CABA,61,Deportista,97,Económica,17629.39,3804.79,Sí,105570,2634,28,Web
42585,F,Chaco,38,Ejecutivo,76,Ejecutiva,55686.17,9849.56,No,0,3470,6,Agencia
42587,M,Entre Ríos,32,Empresario,58,Primera clase,125437.41,8029.32,Sí,116998,7184,22,Aeropuerto
42593,F,Pernambuco,44,Empresario,52,Ejecutiva,14707.49,3198.68,Sí,126461,8067,4,Web
42611,F,Mendoza,39,Deportista,77,Primera clase,103338.44,24214.25,Sí,276612,7586,33,App
42617,M,Paraná,54,Empresario,54,Primera clase,81935.04,20207.92,Sí,217490,8017,5,App
42621,M,Santander,32,Ejecutivo,76,Económica,22775.52,1914.15,Sí,58315,5253,3,Web
42622,M,Chaco,28,Empresario,41,Ejecutiva,28515.25,5380.37,No,0,9021,21,Web
42628,F,Salta,38,Ejecutivo,27,Ejecutiva,11834.55,2034.3,Sí,54954,13618,1,Web
42633,F,Valle del Cauca,46,Empresario,42,Ejecutiva,30772.04,5830.12,No,0,6397,4,App
42636,F,Cundinamarca,60,Médico,29,Ejecutiva,11294.05,2167.62,No,0,9166,3,Web
42637,F,Atlántico,33,Ejecutivo,76,Primera clase,157176.68,26852.28,No,0,4061,18,App
42641,M,Misiones,40,Ejecutivo,28,Primera clase,17731.82,1074.57,Sí,151665,16722,0,App
42642,F,Antioquia,49,Ejecutivo,37,Primera clase,51740.74,12928.46,Sí,74241,8235,1,App
42644,F,Entre Ríos,44,Empresario,11,Primera clase,8504.41,1369.66,No,0,15205,57,Agencia
42654,M,Santa Fe,35,Ejecutivo,28,Ejecutiva,12417.62,1868.96,Sí,64460,11901,2,Web
42656,F,Mendoza,34,Deportista,65,Ejecutiva,26413.34,4660.94,Sí,145845,984,0,Web
42667,M,Cundinamarca,56,Profesional independiente,14,Primera clase,26585.05,3618.77,No,0,3916,9,Web
42672,M,Entre Ríos,37,Empresario,53,Ejecutiva,25467.08,2732.98,Sí,74311,11768,8,Web
42681,F,Tolima,38,Empresario,52,Ejecutiva,17562.72,1600.47,Sí,55033,10222,15,Web
42685,M,Salta,41,Deportista,47,Primera clase,98926.56,18929.11,Sí,177232,25151,11,App
42687,M,Córdoba,42,Deportista,48,Ejecutiva,34252.95,2262.14,Sí,87940,1196,22,App
42694,M,Entre Ríos,38,Abogado,7,Primera clase,7975.57,1533.43,No,0,10224,50,App
42697,M,Tucumán,34,Ejecutivo,45,Ejecutiva,32857.28,5259.1,No,0,4648,1,Web
42702,F,Córdoba,48,Abogado,18,Primera clase,29310.14,2889.35,No,0,3624,21,Web
42712,M,Nariño,50,Empresario,56,Económica,6470.89,506.84,Sí,44672,1213,8,Web
42721,F,Nariño,58,Empresario,33,Ejecutiva,8299.92,1681.59,No,0,37299,13,Agencia
42722,F,Misiones,55,Profesional independiente,21,Económica,2800.85,495.59,No,0,8381,3,Agencia
42725,M,Bahia,45,Empresario,20,Primera clase,12717.97,1361.37,No,0,11978,33,Web
42746,F,Buenos Aires,41,Empresario,44,Ejecutiva,14346.85,3248.85,Sí,75599,6749,0,Web
42747,F,Valle del Cauca,46,Empresario,33,Ejecutiva,19179.54,2166.59,Sí,42507,7289,10,App
42758,F,Atlántico,34,Deportista,28,Ejecutiva,8224.48,764.99,Sí,68246,7717,11,App
42793,F,Bahia,35,Empresario,39,Ejecutiva,25699.1,5566.01,No,0,6443,2,Web
42800,M,Mendoza,40,Ejecutivo,26,Primera clase,54061.89,2232.05,No,0,8823,0,App
42805,F,Entre Ríos,41,Empresario,28,Ejecutiva,15649.75,3519.05,No,0,9907,1,Web
42811,F,Rio de Janeiro,42,Ejecutivo,58,Ejecutiva,31043.55,5086.41,No,0,4435,21,Web
42815,M,Tolima,42,Ejecutivo,62,Ejecutiva,17676.41,935.16,Sí,126289,4377,14,Web
42821,F,Paraná,32,Ejecutivo,49,Ejecutiva,17485.41,3520.01,Sí,42255,4678,2,App
42836,M,Entre Ríos,28,Ejecutivo,51,Ejecutiva,31655.31,1694.83,No,0,15404,3,App
42838,F,Los Santos,32,Ejecutivo,56,Primera clase,119238.67,29600.31,No,0,4161,3,App
42841,M,CABA,37,Empresario,34,Ejecutiva,14412.16,874.58,Sí,49009,20302,1,Agencia
42850,F,Entre Ríos,56,Abogado,1,Ejecutiva,411.81,22.17,No,0,10090,51,Agencia
42853,M,Valle del Cauca,31,Empresario,49,Ejecutiva,33833.84,5614.79,No,0,33672,9,Aeropuerto
42857,M,São Paulo,38,Ejecutivo,72,Ejecutiva,53148.16,3104.8,No,0,8866,1,Web
42859,F,Entre Ríos,30,Empresario,25,Ejecutiva,13376.97,599.42,Sí,49655,6299,11,App
42869,F,Misiones,44,Ejecutivo,22,Ejecutiva,10984.1,1197.05,Sí,37574,8961,0,Agencia
42871,M,Atlántico,42,Deportista,85,Económica,26939.17,4828.89,Sí,64965,2431,43,App
42874,F,Nariño,45,Ejecutivo,74,Ejecutiva,30490.13,2291.78,No,0,5106,7,Web
42884,F,Rio Grande do Sul,50,Médico,16,Primera clase,15951.49,3652.02,No,0,10500,9,App
42889,F,Atlántico,45,Empresario,10,Primera clase,16969.21,3654.41,No,0,15321,50,App
42892,M,Veraguas,44,Médico,28,Ejecutiva,17874.88,1807.9,No,0,11138,46,Web
42896,F,Cundinamarca,52,Ejecutivo,21,Primera clase,40787.56,4193.74,Sí,44378,6702,0,App
42900,F,Nariño,31,Empresario,44,Ejecutiva,34433.88,7304.03,Sí,71902,7791,16,App
42907,F,Chaco,50,Empresario,52,Ejecutiva,13886.54,1697.99,No,0,21309,10,Web
42910,F,Santa Fe,31,Ejecutivo,79,Económica,29900.24,2921.66,Sí,39439,1688,3,Web
42917,M,Pernambuco,34,Ejecutivo,46,Primera clase,29549.74,2059.38,Sí,216521,21001,2,App
42923,M,Santander,44,Deportista,68,Primera clase,41233.36,5440.72,Sí,209397,9395,6,App
42926,M,Córdoba,30,Empresario,23,Primera clase,61462.18,9396.38,Sí,97616,6513,2,Web
42927,M,Nariño,42,Empresario,37,Ejecutiva,10983.97,1746.33,Sí,56653,9026,15,App
42946,M,Buenos Aires,28,Deportista,67,Económica,8951.51,613.29,Sí,47457,6542,21,Web
42955,M,Tolima,34,Profesional independiente,9,Ejecutiva,2707.67,217.31,No,0,8914,9,Web
42963,F,Bahia,49,Empresario,52,Primera clase,58341.83,9997.82,No,0,9697,22,Agencia
42966,M,Veraguas,38,Otro,17,Primera clase,33694.05,4089.24,No,0,3828,34,Web
42979,M,Colón,33,Deportista,61,Económica,17348.58,2088.0,Sí,40694,2071,4,Web
42991,M,Buenos Aires,35,Ejecutivo,19,Ejecutiva,8283.08,1842.75,No,0,9739,14,Web
43007,F,Cundinamarca,38,Médico,22,Ejecutiva,13964.1,2466.08,Sí,49271,4132,84,App
43013,M,São Paulo,30,Empresario,51,Ejecutiva,26178.28,4458.11,Sí,68698,12042,7,App
43022,F,Herrera,46,Deportista,94,Económica,26061.93,5862.8,No,0,3241,62,Agencia
43024,M,Misiones,35,Empresario,58,Ejecutiva,27835.33,6630.68,No,0,10119,28,Agencia
43027,F,Pernambuco,39,Ejecutivo,79,Ejecutiva,59417.38,3980.93,No,0,3572,6,Aeropuerto
43032,M,Salta,62,Abogado,13,Ejecutiva,5586.28,632.63,No,0,9715,19,Agencia
43036,M,Valle del Cauca,45,Ejecutivo,18,Ejecutiva,12425.48,1852.58,Sí,43505,6263,25,Web
43045,M,Rio Grande do Sul,54,Empresario,26,Ejecutiva,12319.77,2133.33,Sí,45095,30036,9,App
43051,M,Chaco,80,Empleado,24,Ejecutiva,9394.15,457.78,Sí,64586,3623,0,Web
43059,F,Rio de Janeiro,39,Ejecutivo,60,Ejecutiva,41276.8,5028.41,Sí,77356,5961,9,Web
43062,F,Minas Gerais,51,Ejecutivo,65,Ejecutiva,50905.63,2937.47,Sí,78845,4691,10,Agencia
43078,M,Antioquia,33,Abogado,10,Ejecutiva,4528.5,262.92,No,0,14369,51,Agencia
43087,M,Valle del Cauca,43,Profesional independiente,22,Ejecutiva,17646.79,2744.28,Sí,46886,8062,12,Agencia
43112,M,Córdoba,39,Empresario,46,Económica,12199.76,2090.96,No,0,9031,2,Web
43114,F,Cundinamarca,42,Deportista,97,Económica,22333.07,3478.75,Sí,65140,3560,34,App
43123,F,Chiriquí,24,Empresario,35,Primera clase,56172.89,6881.04,No,0,15594,30,App
43138,F,Tucumán,51,Médico,19,Ejecutiva,12996.48,2861.85,Sí,50912,6584,1,Aeropuerto
43141,M,Buenos Aires,36,Deportista,71,Ejecutiva,38021.03,3484.17,Sí,146700,49126,29,Agencia
43146,F,Pernambuco,26,Ejecutivo,75,Ejecutiva,36279.56,2228.96,Sí,152259,7569,5,Agencia
43155,M,CABA,28,Ejecutivo,64,Ejecutiva,31813.15,4911.7,No,0,4320,7,Agencia
43156,M,Mendoza,32,Ejecutivo,45,Ejecutiva,17799.19,1771.22,Sí,76647,8433,30,Web
43183,F,Tolima,33,Ingeniero,9,Ejecutiva,7622.17,1359.41,No,0,8772,15,Agencia
43195,M,Minas Gerais,31,Contador,23,Primera clase,49348.33,3326.05,No,0,4919,16,Web
43201,F,Entre Ríos,38,Abogado,21,Ejecutiva,11449.21,743.74,No,0,13612,26,App
43211,F,Pernambuco,52,Ejecutivo,78,Económica,14500.75,778.12,Sí,72020,1415,0,App
43233,F,Bolívar,33,Empresario,42,Ejecutiva,30873.14,4296.9,Sí,82367,13469,4,Web
43254,F,Santander,24,Deportista,89,Económica,11995.79,2601.01,Sí,77401,9022,16,App
43260,M,Paraná,50,Empresario,19,Ejecutiva,7627.06,1380.41,Sí,28146,10979,0,Web
43264,F,Buenos Aires,46,Deportista,48,Ejecutiva,16633.14,3365.84,Sí,84589,17217,2,Agencia
43296,F,Nariño,39,Empresario,51,Económica,14557.68,3609.89,No,0,11834,48,Web
43314,F,Santa Fe,36,Médico,5,Económica,1430.89,259.72,No,0,8860,15,Web
43315,M,Mendoza,38,Ejecutivo,42,Ejecutiva,11798.1,1531.23,Sí,70615,4164,19,App
43318,F,Salta,65,Comerciante,19,Ejecutiva,11146.23,482.26,Sí,40197,3582,18,Aeropuerto
43331,F,Colón,27,Médico,18,Primera clase,15859.32,1346.15,No,0,10521,3,Web
43338,M,Rio de Janeiro,44,Ejecutivo,79,Ejecutiva,35316.03,7343.64,Sí,103194,4848,6,Web
43349,M,Bolívar,39,Abogado,2,Económica,434.56,95.77,No,0,10994,10,Web
43365,F,Entre Ríos,31,Empresario,37,Ejecutiva,10885.86,1614.14,Sí,34915,24135,28,App
43367,M,Rio Grande do Sul,32,Médico,11,Ejecutiva,3302.94,352.0,Sí,18910,8472,42,App
43374,F,Córdoba,27,Deportista,74,Primera clase,110102.1,17418.73,No,0,4505,6,App
43379,M,Panamá,41,Ejecutivo,55,Ejecutiva,15651.48,1582.73,Sí,76552,4393,1,Web
43380,M,Valle del Cauca,27,Deportista,46,Económica,6976.26,1158.03,Sí,18107,11494,4,App
43387,F,Valle del Cauca,28,Empresario,24,Ejecutiva,14671.79,1726.3,No,0,11022,1,Web
43388,F,Chiriquí,46,Empresario,55,Ejecutiva,15163.9,2696.43,Sí,119466,13629,27,Web
43396,M,Tucumán,46,Contador,14,Primera clase,12286.77,661.23,Sí,48135,3845,1,Agencia
43415,M,Atlántico,37,Empresario,35,Primera clase,44650.3,7790.78,Sí,107207,4934,3,Web
43428,M,Misiones,47,Empresario,31,Primera clase,43528.69,4648.47,Sí,119171,20132,6,App
43433,M,CABA,46,Ejecutivo,62,Ejecutiva,26468.57,1406.21,No,0,4019,4,Aeropuerto
43440,F,Salta,39,Deportista,62,Primera clase,71075.65,5481.95,Sí,95386,30473,0,Agencia
43446,M,Tucumán,31,Profesional independiente,15,Ejecutiva,3753.14,204.62,No,0,10819,10,App
43458,M,Chiriquí,41,Ejecutivo,43,Ejecutiva,30244.61,6960.99,Sí,96677,4264,29,Web
43470,F,Chaco,49,Abogado,10,Económica,3465.07,221.74,No,0,12076,83,Web
43471,M,Valle del Cauca,45,Profesional independiente,24,Ejecutiva,20344.69,2774.83,No,0,9191,4,Web
43483,F,Santander,25,Deportista,96,Primera clase,109762.64,18187.82,Sí,541589,8179,4,App
43488,F,Salta,34,Ejecutivo,77,Ejecutiva,49016.35,11534.47,No,0,11295,25,Aeropuerto
43496,M,Santa Fe,25,Ejecutivo,54,Ejecutiva,25661.57,3057.84,No,0,7316,30,App
43499,M,Chaco,49,Empresario,50,Ejecutiva,32170.88,6410.15,No,0,10557,9,App
43502,M,Misiones,47,Empresario,55,Primera clase,53667.63,5713.16,Sí,175507,6927,29,Aeropuerto
43510,F,Atlántico,37,Empresario,42,Ejecutiva,29514.13,1195.29,Sí,47089,24334,58,App
43518,M,Pernambuco,35,Abogado,14,Ejecutiva,9075.64,1429.7,Sí,28193,17071,51,Web
43527,F,Colón,36,Ejecutivo,66,Ejecutiva,24475.55,3717.14,Sí,131358,5530,19,App
43544,F,Bolívar,37,Deportista,95,Económica,17076.02,885.14,Sí,80920,6762,22,Web
43567,F,Salta,44,Empresario,22,Ejecutiva,8975.84,696.45,Sí,33915,12501,13,Web
43573,M,Pernambuco,50,Ejecutivo,78,Ejecutiva,20290.42,1893.42,Sí,114852,1507,12,Web
43580,F,Misiones,52,Ejecutivo,67,Económica,14844.96,1434.85,Sí,41592,2871,2,Web
43583,F,Bolívar,31,Abogado,18,Primera clase,44738.45,6300.15,No,0,7285,0,Web
43594,M,Buenos Aires,37,Empresario,52,Económica,4816.23,1100.28,Sí,44531,6613,7,App
43614,F,Atlántico,26,Ejecutivo,52,Ejecutiva,29488.32,5601.86,Sí,138774,8698,23,App
43630,M,Bahia,27,Médico,29,Primera clase,55868.84,12026.27,Sí,86087,9057,26,Aeropuerto
43642,F,São Paulo,46,Ejecutivo,60,Ejecutiva,28330.08,5232.35,No,0,2331,20,Web
43646,F,Antioquia,35,Ingeniero,23,Primera clase,39732.13,2235.98,No,0,7028,27,App
43659,F,Santa Fe,47,Ejecutivo,79,Económica,30112.32,1886.02,Sí,28960,6766,3,App
43664,M,Pernambuco,35,Ejecutivo,67,Económica,10365.06,2540.16,Sí,61166,3111,9,Web
43668,F,Nariño,59,Empresario,56,Ejecutiva,47906.81,3953.57,No,0,12842,0,Aeropuerto
43685,M,Antioquia,37,Ejecutivo,72,Ejecutiva,35781.91,2125.71,Sí,149363,4698,0,Web
43691,M,Santander,38,Profesional independiente,1,Primera clase,1002.18,204.73,No,0,8690,26,App
43694,F,Antioquia,44,Deportista,59,Económica,5092.1,926.86,Sí,53178,2258,1,Web
43699,F,Buenos Aires,58,Médico,28,Ejecutiva,21011.46,3864.98,No,0,9098,16,Web
43700,M,Chiriquí,41,Ejecutivo,55,Ejecutiva,14658.37,2884.15,Sí,98992,7559,8,Agencia
43710,M,Rio de Janeiro,33,Empresario,43,Ejecutiva,29770.4,1362.22,Sí,78464,10976,30,Web
43745,F,Herrera,32,Abogado,21,Ejecutiva,6578.67,668.57,No,0,8879,10,Web
43754,M,CABA,26,Empresario,52,Económica,15505.1,3682.41,Sí,50212,1704,23,Agencia
43759,M,CABA,25,Ejecutivo,48,Económica,9429.95,385.73,Sí,42444,6748,2,Web
43772,M,Buenos Aires,47,Empresario,52,Ejecutiva,18312.71,1174.94,Sí,117731,8642,26,Agencia
43775,M,Santander,53,Ejecutivo,15,Primera clase,37725.56,4116.96,No,0,5709,11,App
43790,F,Bahia,36,Empresario,50,Económica,16974.78,2887.23,Sí,47268,3737,55,App
43796,F,Nariño,37,Empresario,39,Ejecutiva,17054.63,2758.16,Sí,50715,10620,23,Web
43805,F,Mendoza,46,Ejecutivo,63,Económica,16279.72,671.35,Sí,43049,6655,16,Aeropuerto
43806,M,Chaco,40,Ingeniero,20,Primera clase,45608.78,3038.78,No,0,3728,7,Agencia
43812,M,Colón,29,Ejecutivo,20,Primera clase,30800.79,5141.99,Sí,77615,10970,22,App
43837,M,Santander,42,Empresario,43,Primera clase,47535.13,4065.95,No,0,5094,20,Web
43847,F,Los Santos,28,Ejecutivo,54,Ejecutiva,34860.82,7558.07,Sí,116319,4018,7,Aeropuerto
43857,M,Chaco,33,Ejecutivo,61,Ejecutiva,41444.95,5009.39,Sí,68453,4260,1,Agencia
43869,M,Salta,28,Empresario,21,Ejecutiva,8461.54,500.73,Sí,46396,9758,0,Web
43873,M,São Paulo,34,Ejecutivo,55,Ejecutiva,32929.44,7890.36,No,0,8013,4,Web
43884,F,CABA,36,Deportista,67,Económica,20631.73,2057.5,Sí,44034,1746,19,App
43891,F,CABA,46,Abogado,8,Ejecutiva,3149.92,291.46,No,0,8588,3,App
43898,M,Paraná,44,Empresario,50,Ejecutiva,16069.85,2599.42,Sí,108743,9983,5,Web
43901,F,Tucumán,41,Deportista,58,Primera clase,126108.46,13912.46,Sí,232188,9012,10,Web
43916,F,Chaco,54,Médico,12,Ejecutiva,7052.42,1385.86,No,0,9252,11,App
43919,F,Bolívar,58,Deportista,36,Ejecutiva,11503.93,1483.71,Sí,86948,2157,47,Agencia
43930,F,Tucumán,34,Ejecutivo,54,Ejecutiva,35681.42,8561.47,No,0,4403,65,Agencia
43939,F,Minas Gerais,43,Ejecutivo,61,Ejecutiva,28114.83,4018.59,Sí,133656,6334,11,Agencia
43963,M,Bahia,43,Empresario,41,Primera clase,43721.25,6549.23,Sí,142879,8175,6,App
43975,F,Entre Ríos,30,Ejecutivo,65,Ejecutiva,35070.72,3879.0,Sí,129070,13853,10,Web
43985,M,Pernambuco,35,Deportista,91,Ejecutiva,72188.93,9368.96,Sí,221915,15925,10,App
44003,M,Cundinamarca,34,Empresario,30,Ejecutiva,23320.42,3322.36,No,0,22836,15,App
44004,M,Tolima,59,Deportista,52,Ejecutiva,35635.07,3004.08,Sí,103602,2372,2,Agencia
44012,M,Atlántico,43,Ejecutivo,39,Primera clase,77107.8,15964.43,No,0,4997,17,App
44015,F,Tucumán,54,Empresario,18,Ejecutiva,10754.01,752.55,No,0,8670,27,Web
44016,M,Minas Gerais,35,Médico,28,Primera clase,47094.42,10932.86,No,0,5880,24,Web
44020,F,Salta,26,Médico,17,Ejecutiva,7772.16,1123.46,No,0,8696,10,Agencia
44025,F,CABA,32,Ejecutivo,42,Primera clase,27343.51,5167.46,Sí,91860,6882,9,Agencia
44048,No binario,Salta,56,Empresario,17,Económica,2268.16,443.4,Sí,10002,15084,15,Agencia
44050,F,Bahia,53,Arquitecto,4,Ejecutiva,1987.35,202.72,No,0,9357,3,App
44093,M,Tucumán,55,Abogado,4,Ejecutiva,2779.85,572.74,No,0,10389,12,Web
44105,F,Santander,25,Abogado,17,Ejecutiva,5904.24,304.27,No,0,9561,1,App
44107,F,Santander,38,Empresario,41,Primera clase,93899.72,21045.78,No,0,7732,71,Web
44119,F,Entre Ríos,33,Empleado,24,Ejecutiva,10961.91,967.65,Sí,50379,973,6,App
44161,F,Los Santos,43,Empresario,13,Primera clase,18039.84,4393.35,No,0,9181,7,Agencia
44167,M,Cundinamarca,56,Médico,10,Económica,1269.18,244.89,No,0,8614,9,Web
44170,M,Minas Gerais,50,Ejecutivo,55,Económica,7068.28,1257.22,Sí,21265,9531,16,App
44173,M,Antioquia,24,Empresario,42,Económica,7505.58,646.1,Sí,32453,12781,24,Web
44185,F,Buenos Aires,33,Ejecutivo,53,Económica,9173.65,1054.72,Sí,39271,3525,1,Web
44191,M,Santa Fe,59,Ejecutivo,55,Primera clase,116607.93,8736.37,No,0,6259,6,Aeropuerto
44192,M,Valle del Cauca,46,Abogado,24,Ejecutiva,10963.91,1777.29,No,0,10135,8,Web
44199,F,Mendoza,47,Ejecutivo,74,Ejecutiva,26478.53,4126.09,Sí,92200,4824,5,Agencia
44203,M,Pernambuco,46,Empresario,48,Ejecutiva,24529.65,5777.09,No,0,3370,32,App
44214,F,Tolima,26,Ejecutivo,62,Económica,7337.06,998.68,Sí,60146,4875,10,Web
44227,F,Valle del Cauca,39,Empresario,18,Ejecutiva,13068.33,1909.42,Sí,50837,6875,36,Agencia
44228,F,Veraguas,51,Empresario,19,Económica,4952.25,496.3,No,0,8437,21,Web
44229,F,CABA,33,Ejecutivo,31,Ejecutiva,10391.98,1464.32,Sí,62262,7118,5,Web
44230,M,Bahia,34,Deportista,63,Económica,12026.47,1606.17,Sí,45555,5517,10,Web
44231,M,Córdoba,37,Ejecutivo,71,Económica,7817.77,1400.29,Sí,25426,8427,1,App
44237,M,Santa Fe,47,Ejecutivo,73,Ejecutiva,55013.45,8752.34,Sí,142750,6744,33,Web
44258,M,Misiones,27,Abogado,10,Primera clase,19853.52,848.11,No,0,10535,11,Aeropuerto
44278,F,Buenos Aires,28,Ejecutivo,24,Primera clase,33544.66,8064.57,Sí,39592,5618,4,Web
44285,M,Mendoza,61,Deportista,99,Ejecutiva,82272.47,19089.03,No,0,41335,49,Agencia
44286,F,Mendoza,32,Ejecutivo,67,Primera clase,58334.91,7081.87,No,0,9873,3,Web
44295,M,Tucumán,24,Médico,9,Ejecutiva,2171.48,345.79,No,0,9017,3,App
44296,M,Herrera,32,Empresario,31,Ejecutiva,15994.38,1832.75,No,0,10822,10,Agencia
44299,F,Salta,37,Empresario,32,Primera clase,52208.82,9465.72,Sí,93852,4123,7,Agencia
44307,F,Minas Gerais,56,Empresario,27,Primera clase,69567.13,7009.28,No,0,8291,78,Web
44312,F,Antioquia,41,Empresario,22,Ejecutiva,14468.47,2241.49,No,0,28873,48,Aeropuerto
44329,M,Buenos Aires,39,Empresario,30,Ejecutiva,21008.89,2360.05,No,0,14694,9,Agencia
44331,F,Atlántico,53,Empresario,37,Ejecutiva,16563.15,2305.49,No,0,18715,5,Web
44335,M,Bolívar,49,Ejecutivo,78,Económica,19387.2,4104.23,Sí,83003,5932,3,App
44352,F,Chaco,61,Empresario,39,Ejecutiva,20197.14,4361.64,Sí,76891,2917,0,App
44353,F,Paraná,32,Empresario,15,Ejecutiva,9403.58,1753.65,No,0,38397,1,Web
44373,F,Buenos Aires,39,Médico,29,Económica,2640.03,151.33,No,0,8376,68,Aeropuerto
44391,F,Misiones,34,Deportista,87,Ejecutiva,44219.04,3180.2,Sí,170822,1881,12,Web
44394,M,Veraguas,39,Deportista,88,Primera clase,134464.91,18434.78,No,0,8851,1,Agencia
44408,F,Rio Grande do Sul,41,Ejecutivo,61,Ejecutiva,47800.51,9396.97,Sí,147268,7904,0,Agencia
44423,F,Cundinamarca,43,Ejecutivo,68,Ejecutiva,32510.69,5441.34,Sí,93898,4176,1,Web
44435,M,Salta,44,Empresario,23,Primera clase,22288.9,2322.48,No,0,11007,7,App
44468,M,Santa Fe,38,Empresario,19,Ejecutiva,5705.67,758.95,Sí,33456,8696,1,Aeropuerto
44480,F,Entre Ríos,41,Empresario,53,Primera clase,118179.55,18871.2,No,0,4881,148,App
44490,F,Chaco,57,Ejecutivo,62,Ejecutiva,32155.67,4704.89,Sí,134523,7823,7,Web
44507,M,Rio de Janeiro,44,Docente,23,Ejecutiva,9728.42,748.55,Sí,44505,755,30,Web
44518,M,Cundinamarca,40,Ejecutivo,62,Económica,11118.73,1008.91,Sí,45363,3202,2,Web
44537,F,Rio Grande do Sul,40,Empresario,52,Ejecutiva,25144.74,1192.8,Sí,105914,5491,15,Web
44545,F,Córdoba,37,Ejecutivo,57,Ejecutiva,41468.76,4786.24,Sí,116107,2980,17,App
44550,M,Misiones,49,Ejecutivo,45,Ejecutiva,13662.81,1723.43,Sí,95264,6706,13,Web
44555,M,Nariño,30,Contador,20,Primera clase,41504.15,8323.77,No,0,7267,17,App
44556,F,Valle del Cauca,33,Médico,9,Primera clase,17162.97,4255.2,No,0,8520,34,Agencia
44571,F,CABA,41,Ejecutivo,20,Primera clase,41474.27,10168.03,Sí,107514,5918,2,App
44576,M,Tucumán,35,Deportista,46,Ejecutiva,19574.7,3675.38,Sí,80985,1665,41,App
44599,M,Buenos Aires,39,Ejecutivo,73,Económica,21751.22,3649.36,Sí,43261,3212,45,App
44604,M,Salta,27,Ejecutivo,65,Ejecutiva,29099.84,3567.14,Sí,105888,4506,0,Web
44624,M,Salta,60,Deportista,50,Ejecutiva,21271.0,4180.31,Sí,63600,4530,7,Aeropuerto
44641,F,Santa Fe,46,Médico,19,Primera clase,37080.87,8680.73,No,0,4159,29,App
44649,F,São Paulo,40,Ejecutivo,60,Ejecutiva,33261.72,7876.52,Sí,159826,8657,28,App
44650,F,Panamá,31,Deportista,67,Ejecutiva,17440.0,1298.19,Sí,72679,1130,9,Web
44651,M,Rio de Janeiro,38,Médico,13,Ejecutiva,5376.46,615.74,No,0,11353,3,Web
44665,M,São Paulo,30,Ejecutivo,79,Ejecutiva,50668.46,3400.46,Sí,115753,17282,0,Web
44666,F,Atlántico,30,Empresario,27,Ejecutiva,21959.07,1210.19,Sí,60834,5945,10,App
44668,M,Chaco,54,Deportista,73,Económica,6443.56,1573.95,Sí,83861,1055,2,Web
44675,F,Buenos Aires,43,Ejecutivo,48,Ejecutiva,29284.96,4424.6,Sí,48525,4682,11,Web
44677,F,Misiones,34,Empresario,40,Primera clase,103839.86,15798.16,No,0,7234,19,Web
44698,F,Misiones,30,Empleado,23,Ejecutiva,9839.49,2088.37,Sí,52779,2806,88,Aeropuerto
44702,F,Nariño,46,Ejecutivo,36,Económica,6276.06,831.93,No,0,9681,13,App
44714,F,Entre Ríos,35,Ejecutivo,49,Ejecutiva,34063.03,7275.15,No,0,12714,36,Web
44718,F,Misiones,26,Arquitecto,18,Ejecutiva,5924.33,1260.09,Sí,40369,1330,9,App
44722,M,Tolima,49,Empresario,25,Ejecutiva,18027.12,3190.35,No,0,15133,3,Web
44726,M,Córdoba,36,Ejecutivo,38,Ejecutiva,22866.53,1266.69,Sí,60620,1491,10,App
44731,M,Atlántico,39,Empresario,33,Ejecutiva,20774.77,4601.79,Sí,76633,14596,12,Agencia
44747,M,São Paulo,28,Empresario,59,Primera clase,94371.2,19219.37,No,0,25635,22,App
44754,M,Salta,36,Profesional independiente,18,Primera clase,23437.87,5136.8,Sí,73219,10303,4,Agencia
44757,F,Chaco,49,Médico,24,Primera clase,54269.24,11654.02,Sí,121959,8746,6,Web
44770,F,Entre Ríos,39,Empresario,11,Ejecutiva,4345.0,415.8,No,0,37934,41,Web
44774,F,Mendoza,43,Empresario,37,Ejecutiva,17426.8,3238.33,Sí,51251,3672,33,App
44778,F,Salta,32,Profesional independiente,21,Primera clase,53650.72,8574.78,No,0,4201,7,Aeropuerto
44782,M,Rio Grande do Sul,53,Empresario,42,Primera clase,31588.06,6762.38,No,0,9040,29,Web
44790,F,Entre Ríos,46,Abogado,22,Ejecutiva,9957.07,1198.97,Sí,54616,10443,3,Agencia
44794,F,Entre Ríos,44,Deportista,52,Ejecutiva,17557.65,4083.63,Sí,89526,310,102,Aeropuerto
44801,M,Bahia,50,Ejecutivo,55,Ejecutiva,28604.4,3726.68,No,0,5424,2,Agencia
44820,M,Chaco,46,Deportista,81,Ejecutiva,53748.04,12718.42,Sí,184663,28509,30,Web
44842,F,Santa Fe,54,Empresario,18,Primera clase,46645.55,9976.91,Sí,56111,14163,59,Aeropuerto
44858,M,Santander,28,Ejecutivo,33,Primera clase,43452.53,6073.92,Sí,78956,4925,4,Web
44874,F,Misiones,28,Ejecutivo,46,Económica,16058.22,2358.63,Sí,48151,5077,3,App
44880,M,Antioquia,31,Empresario,54,Primera clase,84782.82,12652.59,No,0,9318,30,Agencia
44888,M,CABA,44,Deportista,65,Ejecutiva,24103.24,1702.21,Sí,176140,9684,12,Web
44900,F,Tucumán,44,Empresario,36,Ejecutiva,26215.3,1193.99,No,0,5783,0,Agencia
44902,M,Rio de Janeiro,33,Deportista,22,Económica,5275.41,1180.14,No,0,10281,58,Web
44903,M,Atlántico,41,Ejecutivo,77,Económica,24624.12,5374.93,Sí,65843,5528,1,Agencia
44914,F,Bolívar,28,Empresario,15,Ejecutiva,7870.44,834.06,Sí,16740,13183,26,Web
44941,F,Córdoba,30,Ejecutivo,37,Primera clase,41449.16,10125.47,Sí,121647,9081,7,Agencia
44965,M,Rio Grande do Sul,31,Deportista,54,Económica,9152.15,1669.04,Sí,51257,1389,22,App
44982,F,Salta,33,Ejecutivo,57,Ejecutiva,32176.0,4984.04,No,0,3226,13,App
44990,F,Minas Gerais,33,Médico,12,Primera clase,23170.48,1829.55,No,0,12806,8,Web
45007,M,Salta,49,Ejecutivo,22,Primera clase,52916.89,2488.5,Sí,42529,8257,3,Web
45012,M,Entre Ríos,30,Ejecutivo,30,Primera clase,61670.71,8824.13,No,0,8400,54,Agencia
45036,M,Tucumán,43,Médico,25,Primera clase,43617.94,10610.53,No,0,4843,2,Web
45047,F,Atlántico,37,Empresario,27,Ejecutiva,9117.41,514.16,Sí,61511,3727,97,App
45050,F,Valle del Cauca,30,Empresario,30,Ejecutiva,11953.02,2421.12,No,0,26557,21,App
45055,F,Chaco,38,Ejecutivo,68,Económica,16307.06,3222.03,Sí,51329,8610,1,Agencia
45062,F,Nariño,53,Ejecutivo,51,Ejecutiva,21511.76,3387.2,No,0,9909,0,Web
45064,F,Córdoba,32,Ejecutivo,67,Económica,14934.18,3012.23,Sí,58792,2394,1,Web
45069,F,Córdoba,52,Ejecutivo,55,Primera clase,79358.89,18461.8,Sí,166545,5581,0,Web
45101,F,Entre Ríos,44,Ingeniero,21,Económica,1829.39,177.32,No,0,10795,18,App
45121,M,Misiones,47,Ejecutivo,45,Ejecutiva,14088.43,2321.96,Sí,84592,7506,2,Web
45122,M,Buenos Aires,27,Deportista,85,Primera clase,186259.2,39061.55,Sí,467545,16154,4,Web
45147,F,Tolima,42,Ejecutivo,74,Ejecutiva,35248.18,2531.44,Sí,100712,17018,9,Web
45148,M,Chaco,37,Empresario,23,Ejecutiva,17284.34,2220.48,Sí,28670,8566,17,Aeropuerto
45158,M,Córdoba,41,Ejecutivo,72,Ejecutiva,23183.23,5658.42,No,0,11567,1,Agencia
45166,F,Bahia,36,Ejecutivo,35,Ejecutiva,23600.87,2042.29,Sí,52837,7335,20,Web
45167,F,Chiriquí,47,Deportista,36,Primera clase,79718.1,3834.2,Sí,174704,26525,0,App
45173,F,Bahia,38,Ejecutivo,66,Ejecutiva,43505.33,5481.84,Sí,92905,5464,14,App
45182,F,Panamá,32,Ejecutivo,34,Ejecutiva,18856.12,2801.16,Sí,39309,5276,3,Web
45197,M,Córdoba,45,Empresario,41,Ejecutiva,26440.49,2703.5,Sí,34895,6453,2,Web
45203,F,CABA,41,Ingeniero,21,Ejecutiva,14160.56,3479.93,Sí,41074,4079,16,App
45207,No binario,Colón,45,Médico,29,Ejecutiva,16011.84,1556.52,Sí,45277,7181,62,Web
45220,F,Minas Gerais,26,Deportista,67,Ejecutiva,41372.26,4691.31,No,0,8864,24,App
45221,M,Panamá,44,Ejecutivo,57,Primera clase,103783.68,9718.69,Sí,167750,10299,36,App
45235,F,CABA,40,Ingeniero,23,Económica,3821.04,776.03,Sí,16386,9333,7,App
45238,M,Tucumán,39,Ejecutivo,31,Económica,2537.65,575.39,No,0,13085,7,Web
45264,F,Mendoza,42,Deportista,38,Primera clase,27701.96,4512.22,Sí,161764,18247,22,Aeropuerto
45269,F,Rio Grande do Sul,38,Deportista,62,Primera clase,143888.93,27572.79,Sí,226507,11372,29,App
45273,F,Tucumán,33,Médico,28,Ejecutiva,14981.24,962.44,Sí,34967,9184,10,Web
45286,F,Chiriquí,47,Médico,10,Primera clase,22351.36,4205.77,Sí,24975,10009,1,App
45300,F,Salta,37,Abogado,9,Primera clase,21881.46,5310.3,Sí,46902,7319,20,App
45302,M,Rio Grande do Sul,45,Empresario,49,Primera clase,111985.71,20613.74,No,0,22846,1,Web
45315,M,Chaco,33,Empresario,42,Ejecutiva,12669.71,1903.11,Sí,72072,8253,5,Agencia
45326,F,Santa Fe,57,Ejecutivo,78,Ejecutiva,32565.61,3395.4,Sí,163305,4083,3,App
45327,M,Antioquia,55,Empresario,37,Económica,11245.21,1262.2,Sí,41444,2309,6,Agencia
45336,F,Misiones,45,Empresario,38,Ejecutiva,22235.74,3123.8,Sí,65943,6856,9,App
45339,F,Córdoba,49,Abogado,22,Ejecutiva,10073.41,623.2,Sí,25826,11056,18,App
45356,F,Cundinamarca,61,Empresario,36,Primera clase,83170.29,19768.21,No,0,7866,8,Agencia
45363,M,Misiones,38,Deportista,60,Económica,20815.48,5064.55,Sí,50630,1361,22,Web
45365,F,Bahia,33,Deportista,89,Ejecutiva,50781.36,9840.84,Sí,97332,15382,14,Web
45367,F,Entre Ríos,47,Ejecutivo,64,Económica,17546.7,1146.77,Sí,40388,2922,4,Web
45384,M,Salta,44,Abogado,17,Primera clase,26784.35,1127.75,No,0,4220,2,Web
45394,F,Mendoza,41,Profesional independiente,11,Ejecutiva,9167.77,1310.8,No,0,9654,15,Web
45402,F,Santa Fe,33,Empresario,24,Primera clase,36296.57,6014.08,Sí,72966,13124,2,App
45406,M,Tucumán,33,Ejecutivo,54,Ejecutiva,33761.19,7993.34,Sí,86893,4064,9,Web
45407,M,Córdoba,38,Ejecutivo,53,Económica,11508.26,1299.13,Sí,49790,5893,2,Web
45409,F,Misiones,36,Ejecutivo,48,Primera clase,71148.2,12417.25,No,0,3667,16,App
45420,M,Nariño,47,Ejecutivo,75,Económica,26363.56,5572.69,Sí,47763,5319,2,App
45473,M,Córdoba,28,Empresario,22,Ejecutiva,8461.71,1577.52,Sí,43855,3712,3,Web
45501,F,Tucumán,36,Empresario,15,Primera clase,21684.01,2529.83,No,0,8539,11,Web
45505,M,Santa Fe,41,Profesional independiente,2,Ejecutiva,970.58,201.4,No,0,11310,4,Web
45507,F,Entre Ríos,33,Ejecutivo,38,Ejecutiva,28119.67,4456.96,Sí,81059,8870,0,Web
45509,F,Misiones,25,Médico,5,Primera clase,11664.73,2716.76,No,0,13325,7,Web
45510,F,Bolívar,30,Ejecutivo,57,Ejecutiva,22935.83,5078.03,Sí,95726,9997,9,Aeropuerto
45513,M,Mendoza,54,Médico,8,Primera clase,5978.69,670.12,No,0,10416,7,Aeropuerto
45515,M,São Paulo,34,Abogado,12,Ejecutiva,8100.71,1224.62,No,0,8403,1,Agencia
45517,M,Córdoba,32,Empresario,48,Ejecutiva,21028.66,1272.75,No,0,20702,3,App
45518,M,Antioquia,26,Ejecutivo,79,Económica,15012.85,926.62,Sí,42365,2297,20,Web
45519,M,Nariño,29,Ejecutivo,75,Económica,24838.65,1490.71,Sí,63794,6076,6,App
45528,F,Tolima,37,Empresario,15,Económica,4323.66,748.63,No,0,8622,58,Agencia
45572,F,Los Santos,58,Empresario,27,Ejecutiva,22100.58,4370.12,No,0,10004,41,Agencia
45579,M,Entre Ríos,47,Empresario,33,Primera clase,58912.69,14694.7,No,0,7662,21,App
45584,M,Tucumán,37,Ejecutivo,58,Ejecutiva,29974.6,3888.24,Sí,107839,4332,4,Agencia
45591,M,Córdoba,33,Deportista,36,Ejecutiva,24426.18,3188.38,No,0,4820,8,Web
45594,F,Paraná,38,Ejecutivo,76,Ejecutiva,51581.98,3168.14,Sí,155032,5416,7,App
45597,F,Salta,46,Médico,13,Ejecutiva,4779.1,959.15,No,0,9300,14,Web
45598,M,Los Santos,27,Ejecutivo,76,Primera clase,50285.77,3772.75,No,0,3789,0,Web
45610,M,CABA,46,Empresario,10,Ejecutiva,4303.95,633.43,No,0,8787,20,Agencia
45612,F,Tucumán,39,Ejecutivo,66,Ejecutiva,26076.74,3776.18,Sí,63550,5816,5,Web
45617,F,Entre Ríos,26,Ejecutivo,62,Ejecutiva,27622.76,6801.73,No,0,6116,9,Web
45625,M,Tucumán,39,Arquitecto,3,Ejecutiva,917.29,114.16,No,0,8373,0,Aeropuerto
45629,M,Colón,38,Ejecutivo,66,Ejecutiva,43672.28,3823.64,No,0,8315,4,App
45637,F,Córdoba,33,Ingeniero,2,Ejecutiva,800.33,185.95,No,0,8480,1,Web
45638,M,Valle del Cauca,38,Ejecutivo,68,Económica,22625.71,1334.45,Sí,59901,3124,6,Web
45654,M,Córdoba,26,Ejecutivo,35,Ejecutiva,23735.2,3679.04,Sí,43468,5390,10,App
45656,F,Minas Gerais,31,Profesional independiente,23,Ejecutiva,11921.79,2228.94,No,0,9312,36,Agencia
45659,F,Atlántico,41,Empleado,21,Ejecutiva,12925.16,1309.74,Sí,42536,2407,21,Web
45664,M,Salta,24,Ejecutivo,63,Ejecutiva,17287.26,1382.76,Sí,132824,4885,14,App
45679,M,Bahia,36,Ejecutivo,68,Ejecutiva,36968.01,3281.83,No,0,4390,26,App
45686,No binario,Tucumán,40,Médico,5,Ejecutiva,2168.17,93.43,Sí,8585,10648,7,App
45688,M,Atlántico,32,Abogado,11,Económica,2671.03,211.73,Sí,11473,8523,7,Web
45689,M,Nariño,43,Profesional independiente,21,Primera clase,33873.77,1978.37,No,0,5092,19,Agencia
45690,M,Chaco,59,Abogado,16,Ejecutiva,5141.9,1047.46,No,0,8866,3,Agencia
45693,F,Tolima,38,Deportista,77,Primera clase,146627.5,36362.58,Sí,161244,11406,6,Agencia
45721,F,Mendoza,27,Ejecutivo,44,Ejecutiva,29202.57,6152.5,Sí,105634,2712,4,Web
45737,F,Buenos Aires,27,Abogado,16,Primera clase,34657.96,5400.72,No,0,8338,29,App
45745,M,Tucumán,29,Deportista,60,Ejecutiva,32984.52,5314.45,No,0,1008,16,App
45747,M,Tolima,56,Ejecutivo,66,Ejecutiva,31296.8,3803.96,Sí,96225,6360,1,App
45750,M,Antioquia,42,Empresario,16,Ejecutiva,7617.77,1509.13,No,0,18093,25,App
45753,M,Córdoba,55,Ejecutivo,48,Ejecutiva,20598.52,4353.39,Sí,44626,10523,22,Agencia
45756,M,Colón,28,Deportista,48,Económica,13744.4,1063.11,No,0,28357,14,Web
45759,M,Salta,25,Ejecutivo,76,Económica,24042.23,5535.72,Sí,39240,3530,6,Web
45773,M,Herrera,39,Ejecutivo,70,Ejecutiva,44253.61,9339.15,No,0,6073,1,App
45774,M,Chiriquí,31,Abogado,13,Primera clase,32806.6,5618.0,Sí,24585,9815,41,App
45796,M,Los Santos,45,Empresario,56,Económica,6102.49,1077.02,Sí,48308,6351,2,Web
45809,M,Herrera,41,Médico,17,Ejecutiva,14481.29,2459.17,Sí,42505,4916,11,Web
45830,F,Santander,35,Deportista,83,Ejecutiva,46424.71,7796.1,Sí,164629,7797,56,Web
45838,M,Chiriquí,46,Ejecutivo,73,Ejecutiva,37020.95,5059.6,Sí,124026,18222,36,Agencia
45843,M,Buenos Aires,53,Ejecutivo,58,Económica,8039.04,1951.53,Sí,49365,3684,1,Web
45857,M,Pernambuco,51,Ejecutivo,45,Ejecutiva,25495.45,4473.86,Sí,88287,4455,17,App
45870,F,Rio de Janeiro,49,Ejecutivo,44,Ejecutiva,26290.6,2554.25,Sí,93508,5583,3,App
45901,M,Salta,30,Ejecutivo,70,Ejecutiva,35069.89,2107.45,Sí,123323,3907,10,Web
45917,F,Rio de Janeiro,54,Médico,19,Primera clase,20955.96,5179.62,No,0,14174,90,Web
45937,M,Rio Grande do Sul,34,Deportista,94,Ejecutiva,43260.86,8769.95,No,0,2110,2,Web
45946,F,Tucumán,39,Deportista,57,Económica,14513.94,3566.27,Sí,48643,944,4,Web
45962,M,Tucumán,27,Empresario,21,Primera clase,46791.36,11665.55,No,0,10180,6,App
45985,M,Valle del Cauca,37,Deportista,56,Ejecutiva,17658.98,1186.35,Sí,136498,9132,17,App
45993,F,Chaco,39,Ejecutivo,19,Primera clase,31540.87,7439.77,Sí,57177,3546,14,App
45997,F,CABA,47,Empresario,13,Ejecutiva,4901.7,372.17,No,0,11746,2,Web
46008,M,Antioquia,53,Ejecutivo,54,Primera clase,108276.73,7629.91,No,0,8258,0,Aeropuerto
46025,M,Los Santos,36,Deportista,56,Ejecutiva,36996.32,1839.77,Sí,122359,6367,0,App
46047,M,Santa Fe,36,Ejecutivo,67,Ejecutiva,25043.32,4082.44,Sí,71028,2545,0,Aeropuerto
46059,M,Antioquia,30,Médico,22,Primera clase,31015.62,3520.13,No,0,9920,8,Web
46063,M,Veraguas,46,Empresario,51,Económica,7944.66,1986.11,Sí,22128,19245,11,Web
46069,M,Chaco,45,Ejecutivo,71,Ejecutiva,56289.59,10895.35,Sí,91149,8672,0,App
46089,F,Chiriquí,46,Ejecutivo,15,Económica,5005.96,988.46,No,0,10470,21,Web
46095,M,Tucumán,37,Ejecutivo,32,Primera clase,51649.13,10897.87,No,0,7975,7,App
46102,F,Córdoba,27,Deportista,68,Económica,16467.13,798.9,Sí,67628,108270,46,App
46103,F,Misiones,39,Médico,7,Ejecutiva,3749.49,829.1,No,0,9979,33,Web
46111,F,Mendoza,56,Profesional independiente,6,Primera clase,9345.88,407.95,No,0,12762,50,Aeropuerto
46113,F,Misiones,47,Empresario,48,Ejecutiva,35023.28,4790.19,No,0,10246,24,Aeropuerto
46118,F,Buenos Aires,32,Deportista,91,Económica,17922.47,1880.6,Sí,91373,2090,13,Agencia
46152,F,Chaco,38,Profesional independiente,13,Primera clase,25755.71,1119.61,No,0,3869,10,App
46157,F,Nariño,36,Empresario,37,Primera clase,35614.81,4718.52,Sí,143712,8724,34,App
46166,F,Entre Ríos,48,Ejecutivo,75,Económica,6054.89,396.45,Sí,63386,13076,15,Web
46175,M,Chaco,36,Empresario,53,Ejecutiva,43268.22,7119.5,No,0,7879,2,Web
46195,F,Colón,36,Ejecutivo,36,Primera clase,78265.64,7091.84,No,0,5093,0,Web
46213,M,Mendoza,36,Médico,8,Primera clase,11696.11,2081.91,No,0,8522,0,App
46233,F,Cundinamarca,28,Ejecutivo,58,Primera clase,58760.79,5495.58,No,0,12433,7,Web
46240,F,Misiones,43,Otro,24,Ejecutiva,15634.88,2742.13,Sí,46325,3393,0,Agencia
46253,M,Los Santos,31,Empresario,47,Primera clase,64140.66,15479.5,Sí,246659,8390,17,App
46256,F,Tucumán,38,Deportista,56,Económica,9821.11,691.45,Sí,51475,2363,8,Web
46267,No binario,Santander,41,Ejecutivo,72,Primera clase,150353.51,36826.01,Sí,303643,10129,14,App
46292,M,Los Santos,32,Empresario,29,Ejecutiva,8666.24,529.58,Sí,58015,4044,63,Web
46316,F,Valle del Cauca,28,Deportista,38,Ejecutiva,24508.75,5765.92,No,0,4076,2,Web
46328,F,Salta,48,Ejecutivo,71,Primera clase,40956.94,2241.49,No,0,6507,1,Agencia
46346,F,Entre Ríos,24,Empresario,22,Ejecutiva,14623.0,3453.81,No,0,16468,15,App
46349,F,Córdoba,25,Ejecutivo,44,Ejecutiva,27328.87,5129.81,No,0,2030,10,App
46353,F,Buenos Aires,29,Ejecutivo,24,Económica,4022.84,803.16,No,0,12382,0,Web
46359,F,Buenos Aires,37,Profesional independiente,3,Económica,941.06,179.16,No,0,11327,76,App
46381,M,Santa Fe,32,Ejecutivo,49,Ejecutiva,38824.94,9424.67,Sí,117565,3452,8,Web
46394,M,São Paulo,46,Empleado,24,Ejecutiva,12097.79,794.35,Sí,51315,2229,9,Web
46403,M,São Paulo,31,Empresario,52,Primera clase,76589.49,17383.0,No,0,3720,35,Web
46424,F,Herrera,27,Ejecutivo,67,Ejecutiva,37554.57,4657.41,Sí,62780,9338,9,Web
46432,F,Antioquia,29,Empresario,54,Ejecutiva,36446.76,5668.99,No,0,5097,2,App
46456,M,Chaco,25,Ejecutivo,76,Primera clase,126595.0,8737.15,Sí,362881,10388,17,App
46488,M,Antioquia,61,Ejecutivo,32,Ejecutiva,19031.01,824.18,Sí,44744,3960,32,App
46499,M,Santander,28,Empresario,47,Económica,4206.07,907.99,Sí,53235,2953,6,Agencia
46503,F,Santander,34,Ejecutivo,68,Ejecutiva,21615.0,2185.25,Sí,165763,20215,18,Web
46529,M,Buenos Aires,54,Deportista,93,Económica,23506.55,2416.39,Sí,55183,2144,0,Aeropuerto
46534,F,CABA,31,Abogado,21,Primera clase,18960.52,880.36,No,0,10576,10,Web
46539,M,Cundinamarca,40,Deportista,58,Económica,21390.33,4432.42,Sí,51596,545,4,Web
46544,F,Bolívar,60,Deportista,96,Ejecutiva,50855.7,5143.27,No,0,5738,31,Agencia
46548,F,Mendoza,39,Ejecutivo,44,Ejecutiva,30063.81,4071.66,No,0,7276,7,Web
46549,F,Herrera,49,Empresario,43,Ejecutiva,33823.92,6195.98,No,0,10252,2,Web
46552,M,Mendoza,43,Profesional independiente,20,Primera clase,41514.97,1849.11,Sí,62508,7435,12,Web
46578,F,Misiones,35,Deportista,69,Ejecutiva,26360.38,5887.45,No,0,7339,1,Aeropuerto
46608,F,Córdoba,51,Ejecutivo,54,Ejecutiva,35377.91,8441.63,No,0,4964,18,App
46614,M,Chaco,24,Empleado,22,Ejecutiva,16805.81,2577.69,Sí,51599,680,27,Web
46620,F,Chiriquí,38,Empresario,36,Primera clase,38689.93,9542.3,No,0,9284,3,Web
46621,M,Nariño,38,Médico,17,Primera clase,41224.88,5341.9,Sí,80482,7816,4,Agencia
46648,F,Nariño,51,Ejecutivo,36,Ejecutiva,23092.44,5678.58,No,0,9551,5,App
46673,F,Minas Gerais,59,Ejecutivo,78,Económica,12981.19,1935.29,Sí,40005,5525,12,App
46691,F,Entre Ríos,44,Ejecutivo,47,Ejecutiva,31318.18,5384.9,No,0,4068,6,App
46707,M,Bahia,36,Empresario,23,Económica,6007.79,461.28,No,0,18374,22,Aeropuerto
46716,M,CABA,60,Ejecutivo,72,Económica,14566.0,894.72,Sí,59022,3393,5,App
46733,F,Los Santos,33,Médico,28,Ejecutiva,19279.77,4598.71,Sí,57446,7050,0,App
46752,F,Córdoba,51,Ejecutivo,16,Ejecutiva,8955.4,1561.3,Sí,19438,10435,22,App
46754,F,Entre Ríos,38,Empresario,33,Económica,4776.95,821.8,No,0,15476,17,App
46759,M,Santander,56,Deportista,72,Ejecutiva,42422.07,1792.63,No,0,591,47,Web
46763,F,Santa Fe,43,Ejecutivo,34,Ejecutiva,26443.22,5366.48,Sí,56038,5460,4,App
46766,M,Córdoba,41,Empresario,23,Primera clase,22357.64,2156.19,Sí,80347,12532,25,Web
46770,F,Nariño,54,Ejecutivo,22,Primera clase,34803.37,2660.18,Sí,83296,7864,3,Web
46771,F,Mendoza,54,Ejecutivo,78,Primera clase,53546.06,5887.97,Sí,161969,5671,1,Web
46775,M,Chaco,61,Médico,29,Primera clase,52560.95,3945.83,No,0,5272,11,Aeropuerto
46785,F,Chiriquí,47,Comerciante,21,Ejecutiva,8448.61,1911.12,Sí,50551,4632,31,Web
46789,F,CABA,30,Ejecutivo,23,Ejecutiva,14364.4,1425.92,No,0,9622,8,Web
46814,F,Herrera,43,Ingeniero,15,Ejecutiva,9557.58,747.58,Sí,28803,8349,0,Agencia
46831,F,Entre Ríos,31,Profesional independiente,20,Primera clase,25891.38,1854.51,Sí,85231,4670,7,Web
46847,No binario,Rio Grande do Sul,45,Deportista,75,Económica,28199.31,4931.02,Sí,58575,1429,25,Web
46855,M,Minas Gerais,40,Deportista,49,Económica,13508.01,811.73,No,0,11836,42,Web
46859,F,Herrera,37,Arquitecto,17,Primera clase,40369.46,9443.13,No,0,5550,15,App
46870,F,Pernambuco,29,Ejecutivo,63,Ejecutiva,22965.78,4645.28,Sí,115712,9776,17,App
46875,F,Rio de Janeiro,39,Empresario,47,Ejecutiva,31286.69,5096.16,Sí,66530,4736,11,Web
46877,F,Entre Ríos,38,Empresario,28,Ejecutiva,20535.63,1309.5,No,0,13413,7,App
46888,F,Mendoza,44,Ejecutivo,36,Ejecutiva,15390.75,2176.63,Sí,84544,9522,25,App
46891,M,Santander,31,Empresario,49,Económica,12689.97,2896.8,No,0,10079,16,Agencia
46900,F,Chaco,31,Deportista,96,Ejecutiva,25790.34,1366.6,No,0,357,2,Aeropuerto
46919,F,CABA,48,Empresario,54,Ejecutiva,17053.65,3148.78,No,0,25051,1,App
46940,F,Atlántico,33,Ejecutivo,63,Ejecutiva,48917.56,10493.3,No,0,16554,10,Web
46949,F,CABA,40,Abogado,22,Primera clase,28826.01,6974.9,No,0,6380,2,App
46966,M,Valle del Cauca,31,Ejecutivo,57,Económica,7529.79,1328.52,No,0,11442,3,App
46972,M,Santander,49,Ejecutivo,66,Ejecutiva,47962.64,11693.41,No,0,4884,0,App
46974,M,Paraná,30,Empresario,29,Ejecutiva,10690.73,1711.89,Sí,68625,2476,65,App
46979,F,Buenos Aires,32,Abogado,24,Ejecutiva,11415.73,2185.41,No,0,10009,74,Aeropuerto
46993,M,Córdoba,32,Empleado,19,Ejecutiva,9659.09,1769.09,Sí,40089,629,0,App
47015,F,Misiones,57,Ejecutivo,54,Primera clase,92363.65,10905.28,Sí,107251,8955,1,Agencia
47066,F,Buenos Aires,41,Abogado,3,Ejecutiva,1101.76,255.51,No,0,9773,16,App
47069,M,São Paulo,49,Deportista,36,Ejecutiva,15855.22,2100.44,No,0,22463,9,Agencia
47085,M,Chaco,50,Empresario,15,Primera clase,19854.81,1647.3,Sí,76720,9641,70,Web
47086,M,Cundinamarca,41,Empresario,21,Primera clase,30677.28,2715.55,Sí,71395,15116,9,App
47110,M,CABA,36,Empresario,17,Ejecutiva,6883.29,1408.89,Sí,15006,11798,0,Aeropuerto
47136,F,Misiones,26,Ejecutivo,60,Ejecutiva,39911.38,7140.88,No,0,3892,9,Web
47169,F,Santa Fe,25,Abogado,1,Ejecutiva,336.74,83.42,No,0,11334,29,Web
47170,F,Paraná,33,Ejecutivo,63,Ejecutiva,15719.19,1038.38,Sí,139809,3896,31,App
47180,M,Tucumán,55,Ejecutivo,78,Ejecutiva,43707.81,4095.49,Sí,115961,4044,18,App
47197,M,Mendoza,43,Médico,23,Primera clase,59694.62,10173.78,No,0,8483,32,Agencia
47206,M,Misiones,40,Empresario,58,Primera clase,122005.39,11063.11,Sí,86556,9010,5,App
47223,F,Santander,35,Deportista,91,Económica,26039.76,1486.1,Sí,60869,2474,7,Agencia
47230,F,Chaco,37,Empresario,28,Primera clase,38997.53,8600.03,No,0,16082,12,Aeropuerto
47231,M,São Paulo,35,Abogado,17,Primera clase,12620.85,1504.04,Sí,39056,5337,6,App
47232,F,Bolívar,48,Ejecutivo,68,Ejecutiva,51311.83,5326.6,No,0,14908,5,Aeropuerto
47246,F,Veraguas,39,Ejecutivo,79,Primera clase,191085.43,47394.97,No,0,8498,1,App
47247,M,Atlántico,41,Ejecutivo,38,Económica,9268.79,1104.05,Sí,39527,1336,15,Web
47255,M,Entre Ríos,48,Empresario,10,Económica,3529.41,331.14,No,0,44085,15,App
47258,F,Rio Grande do Sul,34,Ejecutivo,59,Ejecutiva,24154.03,3358.64,Sí,120048,4810,2,Web
47271,M,Córdoba,40,Empresario,52,Ejecutiva,43593.79,7566.71,Sí,99071,9560,10,App
47277,F,Paraná,39,Empresario,15,Primera clase,15425.75,3658.61,Sí,62591,7859,86,App
47278,F,Córdoba,56,Ejecutivo,72,Económica,24506.54,3484.65,Sí,31062,3790,38,Aeropuerto
47283,F,Mendoza,26,Ejecutivo,79,Ejecutiva,37507.7,4881.51,Sí,147344,14787,24,Web
47288,M,Mendoza,37,Docente,24,Ejecutiva,7219.14,1679.24,Sí,53377,1617,29,Web
47289,M,Chaco,41,Ejecutivo,17,Ejecutiva,5912.12,734.35,No,0,10629,11,Web
47295,F,Bolívar,46,Deportista,68,Primera clase,47469.0,8087.68,No,0,14668,0,App
47297,F,Santa Fe,46,Ejecutivo,60,Ejecutiva,46120.8,2898.19,No,0,5636,3,Agencia
47300,M,Chaco,57,Empresario,16,Económica,5206.26,981.49,No,0,13996,12,Web
47310,F,Buenos Aires,47,Empresario,30,Económica,8078.18,948.01,No,0,10151,14,Agencia
47319,M,Herrera,46,Empresario,49,Primera clase,42177.85,9042.48,No,0,11651,26,Web
47331,F,Pernambuco,39,Médico,16,Primera clase,37445.4,4172.31,No,0,4106,3,Web
47386,F,Nariño,32,Deportista,86,Económica,25275.13,3784.89,Sí,80083,5445,69,Web
47410,M,Buenos Aires,43,Ejecutivo,33,Primera clase,81472.09,19713.59,No,0,8144,6,Web
47414,M,Córdoba,29,Empleado,20,Ejecutiva,13228.72,698.21,Sí,42231,805,1,App
47415,F,Santa Fe,37,Ejecutivo,23,Primera clase,44183.98,7760.51,Sí,56237,4507,4,App
47420,F,Misiones,24,Empresario,11,Ejecutiva,7907.11,1467.89,Sí,14114,9596,15,App
47443,M,Córdoba,41,Ejecutivo,77,Primera clase,148135.84,18850.68,No,0,4240,10,Web
47445,F,Nariño,45,Abogado,9,Primera clase,14688.49,3317.78,No,0,8793,9,Aeropuerto
47454,M,Bolívar,25,Empresario,56,Ejecutiva,40227.86,6615.75,No,0,2612,3,Web
47455,M,Córdoba,30,Deportista,68,Económica,25202.39,1099.99,Sí,34364,18632,8,App
47473,M,Tucumán,49,Empresario,25,Económica,6309.61,829.62,No,0,10509,14,App
47489,F,Nariño,43,Deportista,37,Primera clase,32908.99,3696.12,No,0,8191,11,Aeropuerto
47493,F,CABA,45,Empresario,22,Primera clase,17119.42,1914.15,No,0,8423,33,Web
47506,M,Entre Ríos,50,Abogado,19,Ejecutiva,10468.13,649.78,Sí,52197,9435,1,Web
47509,F,CABA,34,Deportista,51,Económica,9576.45,1655.41,Sí,20878,10454,0,Agencia
47524,F,Paraná,30,Empresario,53,Primera clase,79719.7,14236.06,Sí,156262,29019,0,App
47532,M,Santa Fe,44,Profesional independiente,19,Ejecutiva,5054.12,921.61,Sí,48543,3749,4,Web
47539,F,Santander,27,Empresario,18,Primera clase,33140.8,8197.84,No,0,10266,13,App
47541,F,Tucumán,31,Empresario,17,Primera clase,42379.03,6203.49,No,0,13970,24,Web
47555,F,Entre Ríos,33,Deportista,52,Ejecutiva,34671.69,4270.8,Sí,93956,300,2,Web
47567,F,Santander,53,Empresario,34,Ejecutiva,16601.43,3309.95,Sí,63154,10728,26,Aeropuerto
47577,F,Valle del Cauca,35,Médico,20,Primera clase,36366.65,7352.81,Sí,101371,11383,1,Web
47585,M,Misiones,41,Ejecutivo,67,Ejecutiva,21212.82,1193.73,Sí,95954,8753,4,Web
47594,F,Buenos Aires,28,Médico,26,Ejecutiva,21562.03,3255.45,No,0,8583,4,App
47631,M,Santa Fe,32,Arquitecto,5,Ejecutiva,1294.11,220.67,No,0,8356,10,App
47633,M,Tucumán,44,Empresario,59,Ejecutiva,18494.43,3010.16,Sí,68237,10813,6,App
47640,M,Chiriquí,62,Ejecutivo,23,Primera clase,30134.21,4964.1,No,0,5209,7,Web
47646,F,Cundinamarca,46,Empresario,29,Primera clase,33200.19,1966.03,Sí,57354,9640,16,App
47648,M,Tucumán,27,Ingeniero,18,Primera clase,27758.52,2606.81,No,0,4603,18,App
47671,F,Misiones,30,Ejecutivo,61,Ejecutiva,47005.43,6852.41,Sí,86485,3045,41,Agencia
47676,M,Antioquia,33,Ejecutivo,48,Ejecutiva,31966.87,6150.0,Sí,107346,3969,3,Web
47677,F,CABA,33,Ejecutivo,22,Primera clase,62428.93,5590.1,No,0,8678,48,App
47678,F,Tucumán,30,Médico,13,Primera clase,18620.94,955.69,Sí,42774,13856,13,App
47679,F,Misiones,39,Empresario,47,Ejecutiva,24333.47,3562.44,No,0,19825,29,Agencia
47680,F,Valle del Cauca,54,Empresario,53,Primera clase,46361.34,10220.48,No,0,7879,20,Web
47702,M,Valle del Cauca,54,Ejecutivo,66,Primera clase,123308.8,8404.34,No,0,7926,8,App
47714,F,Santander,46,Médico,29,Ejecutiva,17915.14,3322.73,Sí,55531,7210,3,Aeropuerto
47715,M,Bolívar,31,Abogado,20,Primera clase,43867.03,9795.2,Sí,49734,8430,3,Web
47723,F,Salta,39,Empresario,47,Ejecutiva,30011.44,7458.18,No,0,7498,11,Web
47724,M,Salta,31,Abogado,12,Económica,1522.11,255.06,No,0,15672,6,App
47740,M,Tolima,36,Deportista,91,Económica,24602.38,3855.73,Sí,72393,300,44,Web
47772,F,CABA,29,Deportista,89,Económica,9402.05,1708.46,Sí,75550,2121,22,Aeropuerto
47818,F,Salta,44,Empresario,33,Primera clase,50594.78,6293.65,No,0,6109,4,Web
47819,M,Pernambuco,54,Ingeniero,14,Económica,2345.14,281.71,No,0,10355,9,Web
47822,M,CABA,40,Ejecutivo,48,Primera clase,75069.26,16311.69,Sí,154218,8632,4,Web
47823,F,Veraguas,31,Deportista,57,Ejecutiva,41465.72,2186.39,No,0,1178,24,App
47826,F,Nariño,47,Ejecutivo,79,Económica,6441.02,401.31,Sí,40021,3994,2,App
47835,M,Chaco,41,Abogado,15,Ejecutiva,6340.28,935.44,No,0,9858,88,Web
47845,M,Rio de Janeiro,41,Profesional independiente,24,Primera clase,34879.96,8571.0,No,0,6841,49,Agencia
47854,M,Rio de Janeiro,54,Empresario,11,Ejecutiva,7589.95,1659.08,No,0,13968,10,Aeropuerto
47858,F,Bahia,29,Contador,10,Ejecutiva,6257.28,681.76,No,0,9184,24,Web
47880,M,Rio de Janeiro,55,Médico,13,Ejecutiva,3800.7,858.62,No,0,9377,4,App
47882,F,Tolima,33,Empresario,19,Ejecutiva,7714.35,605.42,No,0,9675,75,Web
47905,M,Tolima,28,Deportista,30,Ejecutiva,9128.89,1079.17,Sí,41366,9919,14,App
47908,F,Rio de Janeiro,28,Médico,5,Ejecutiva,3783.96,931.02,No,0,8726,14,App
47946,M,Veraguas,52,Ejecutivo,55,Ejecutiva,34779.39,1422.5,No,0,8821,0,Web
47973,M,Los Santos,32,Empresario,43,Ejecutiva,29367.42,6363.02,No,0,7899,9,Aeropuerto
47974,M,Colón,50,Ejecutivo,19,Ejecutiva,15700.72,1018.59,Sí,43344,7559,3,Agencia
47980,M,Misiones,51,Abogado,20,Económica,3342.85,643.28,No,0,8657,21,App
47990,M,Tucumán,40,Ingeniero,21,Primera clase,35297.13,7655.48,No,0,7972,10,Aeropuerto
47992,F,Paraná,50,Contador,23,Ejecutiva,8116.81,1454.22,Sí,52470,1719,5,Aeropuerto
47994,F,Nariño,30,Ejecutivo,65,Ejecutiva,36834.21,8060.74,Sí,125861,3882,20,App
48004,F,Mendoza,48,Médico,14,Primera clase,29252.99,4004.87,No,0,4348,10,Web
48008,F,Paraná,38,Ejecutivo,46,Ejecutiva,15005.88,2723.25,Sí,45977,4871,10,Web
48030,M,Mendoza,57,Abogado,9,Ejecutiva,3241.22,210.97,No,0,10110,8,Agencia
48048,F,Veraguas,46,Empresario,38,Primera clase,61882.64,12931.19,No,0,8794,4,App
48079,M,Atlántico,27,Médico,27,Ejecutiva,22048.17,4276.08,No,0,9691,19,Web
48083,F,Rio Grande do Sul,35,Ejecutivo,56,Ejecutiva,27353.27,2343.82,Sí,63681,6571,23,Web
48091,M,Santa Fe,55,Ejecutivo,78,Primera clase,83473.69,3872.2,Sí,262255,6177,15,Web
48106,F,Chaco,29,Ejecutivo,49,Económica,7289.62,1555.97,Sí,37689,11917,24,App
48120,M,Misiones,36,Deportista,68,Ejecutiva,17476.62,2244.61,Sí,106282,7620,20,Web
48121,F,Pernambuco,41,Deportista,67,Primera clase,119144.56,12594.61,Sí,170450,4680,3,App
48124,M,Salta,30,Ejecutivo,64,Ejecutiva,40623.54,3345.19,Sí,139768,6172,4,Agencia
48130,F,Minas Gerais,42,Deportista,78,Primera clase,193499.52,35256.58,Sí,344529,7778,10,Web
48137,M,Buenos Aires,35,Deportista,93,Económica,27321.11,4746.68,Sí,38503,1962,3,App
48139,F,Mendoza,34,Ejecutivo,41,Ejecutiva,10834.77,915.54,Sí,90059,6132,21,Web
48144,M,Tolima,45,Empresario,41,Económica,4747.7,1102.61,Sí,44593,2398,2,Agencia
48147,F,CABA,44,Ejecutivo,60,Económica,18263.04,1994.98,Sí,42110,10204,12,App
48176,F,Rio de Janeiro,42,Empresario,17,Primera clase,18944.97,2723.32,No,0,9778,9,App
48187,M,Atlántico,39,Ejecutivo,28,Ejecutiva,15670.21,1830.25,Sí,69977,15028,11,Web
48190,M,Buenos Aires,52,Abogado,24,Primera clase,19945.97,3909.97,Sí,77570,9763,41,Web
48220,F,São Paulo,41,Ejecutivo,46,Primera clase,71391.0,10986.11,Sí,118300,9099,4,Web
48223,F,Valle del Cauca,32,Ingeniero,16,Primera clase,25578.58,3011.72,No,0,3679,2,App
48225,M,Buenos Aires,62,Ingeniero,22,Primera clase,37145.06,9056.96,No,0,5301,6,Web
48233,F,Rio Grande do Sul,34,Médico,16,Primera clase,32083.53,7670.06,No,0,9315,29,App
48235,M,Santander,47,Médico,21,Primera clase,48506.03,10996.72,No,0,12976,14,App
48241,F,Buenos Aires,53,Empresario,57,Económica,8400.22,845.32,Sí,41023,4881,3,Agencia
48247,M,Herrera,42,Ejecutivo,61,Primera clase,109748.04,8628.61,No,0,9137,7,Agencia
48260,F,Córdoba,55,Médico,7,Económica,2423.0,233.71,No,0,11342,37,App
48262,F,Nariño,29,Deportista,83,Ejecutiva,17831.54,3446.52,Sí,108590,5796,8,Web
48266,F,Misiones,46,Abogado,16,Primera clase,19269.53,1217.05,No,0,9400,52,Aeropuerto
48268,M,Rio Grande do Sul,40,Profesional independiente,14,Ejecutiva,10348.29,489.91,No,0,11919,2,Agencia
48275,M,Tucumán,43,Ejecutivo,76,Ejecutiva,55912.56,2943.2,No,0,7447,30,App
48289,F,CABA,33,Empresario,22,Primera clase,37064.48,6594.7,No,0,4252,31,App
48298,M,Tucumán,26,Profesional independiente,8,Primera clase,15188.33,1710.61,No,0,9356,19,App
48330,F,Santa Fe,42,Empresario,27,Primera clase,35241.92,4644.88,No,0,8329,42,Web
48335,F,Los Santos,50,Deportista,88,Ejecutiva,31796.25,4140.93,Sí,212933,14594,2,Web
48337,M,Los Santos,43,Abogado,19,Económica,4838.07,298.87,No,0,8641,34,App
48343,F,Chiriquí,45,Abogado,5,Ejecutiva,1386.46,185.46,No,0,8984,43,Agencia
48356,M,Los Santos,50,Ejecutivo,74,Ejecutiva,34854.96,7607.7,Sí,73951,5223,8,App
48363,M,Minas Gerais,50,Deportista,83,Ejecutiva,39719.69,3701.33,Sí,76728,8381,23,App
48367,F,Paraná,27,Empresario,41,Ejecutiva,24911.34,1959.56,Sí,110656,7720,25,Web
48370,M,Chaco,28,Médico,28,Primera clase,55821.44,9004.77,No,0,12092,15,App
48372,F,Herrera,28,Empresario,39,Primera clase,40792.19,7881.68,No,0,11264,29,App
48374,F,Bolívar,48,Ejecutivo,36,Primera clase,78997.86,8820.06,Sí,179110,10200,4,App
48376,M,Valle del Cauca,55,Empresario,53,Ejecutiva,22108.44,2921.26,No,0,9718,21,App
48379,F,Santa Fe,30,Empresario,13,Económica,1557.78,369.06,No,0,13029,1,Web
48391,F,Buenos Aires,55,Ejecutivo,74,Ejecutiva,26919.99,2114.25,No,0,4061,2,Web
48399,F,Valle del Cauca,40,Empresario,55,Económica,9730.91,1021.24,Sí,47559,4698,13,App
48400,F,Córdoba,25,Empresario,56,Primera clase,56521.01,7590.56,No,0,9119,4,App
48404,F,Salta,58,Deportista,92,Ejecutiva,70841.48,15084.98,No,0,12077,3,App
48407,F,Entre Ríos,42,Empresario,52,Primera clase,45748.28,4165.56,Sí,160366,7125,37,Web
48418,F,Veraguas,33,Ingeniero,21,Ejecutiva,14123.9,966.84,Sí,52365,7850,2,Web
48421,M,Mendoza,48,Profesional independiente,18,Primera clase,45839.26,7765.13,No,0,10453,49,App
48423,F,Bolívar,32,Ejecutivo,43,Ejecutiva,23480.85,4697.64,Sí,76155,4714,4,Web
48426,F,Antioquia,47,Empresario,39,Primera clase,79884.51,14816.86,No,0,7656,42,Web
48429,M,Santa Fe,45,Ejecutivo,57,Ejecutiva,26508.83,5512.7,Sí,49261,3727,0,Agencia
48431,M,Pernambuco,35,Deportista,97,Económica,12137.16,717.34,Sí,68241,6165,7,Web
48440,M,Chiriquí,32,Ingeniero,19,Ejecutiva,8195.24,740.55,Sí,40766,3765,7,Agencia
48443,F,Santander,56,Ejecutivo,77,Primera clase,77538.43,13771.54,Sí,197448,4862,6,Web
48508,M,Entre Ríos,43,Empresario,53,Ejecutiva,24638.99,2434.07,Sí,83072,5806,3,Agencia
48509,F,Chaco,48,Médico,22,Económica,4353.31,1060.49,No,0,9028,27,Agencia
48554,F,Chiriquí,47,Arquitecto,19,Ejecutiva,5455.22,890.4,Sí,44139,3733,12,Web
48571,F,Rio Grande do Sul,40,Ingeniero,15,Primera clase,37873.87,4529.81,No,0,3670,5,Web
48573,M,Pernambuco,55,Médico,24,Ejecutiva,14671.1,2407.79,Sí,52378,10163,22,App
48574,M,Misiones,45,Ejecutivo,38,Ejecutiva,27901.67,5967.01,No,0,10802,9,Web
48580,M,CABA,28,Abogado,16,Ejecutiva,12191.16,2832.08,No,0,10112,4,App
48595,F,Nariño,37,Empresario,39,Primera clase,82980.09,5109.09,No,0,7909,12,Web
48618,M,Cundinamarca,34,Empresario,49,Ejecutiva,11184.44,636.29,No,0,8422,42,App
48633,F,Salta,59,Deportista,25,Ejecutiva,10661.29,1070.1,Sí,51962,3957,21,Web
48636,F,Santander,47,Profesional independiente,3,Ejecutiva,704.63,133.55,No,0,9479,5,App
48640,F,Misiones,27,Deportista,29,Ejecutiva,21228.09,2582.49,No,0,38896,12,Web
48650,M,CABA,43,Empresario,36,Ejecutiva,14068.56,2904.29,No,0,11373,52,Web
48662,M,Rio de Janeiro,48,Deportista,75,Económica,16537.46,1465.4,Sí,74941,941,19,App
48665,M,Entre Ríos,28,Empresario,25,Ejecutiva,14754.18,912.22,Sí,39331,1942,29,Web
48673,M,Entre Ríos,36,Ejecutivo,22,Ejecutiva,13142.73,1448.06,No,0,22398,14,App
48674,M,Bolívar,34,Médico,21,Ejecutiva,15057.38,3147.66,No,0,9566,21,Aeropuerto
48675,F,Entre Ríos,52,Empresario,41,Primera clase,65429.3,15240.66,Sí,157960,4140,8,Web
48680,F,Colón,39,Deportista,61,Ejecutiva,19934.2,1154.34,Sí,136400,8316,32,App
48684,M,Antioquia,41,Médico,29,Primera clase,73902.17,8597.33,No,0,3951,14,App
48691,M,Panamá,34,Médico,17,Ejecutiva,11628.05,2438.61,No,0,8759,52,Agencia
48692,M,Entre Ríos,38,Empresario,16,Ejecutiva,5756.62,332.48,Sí,43621,9133,3,Aeropuerto
48693,F,Salta,29,Deportista,90,Ejecutiva,59351.97,10360.89,Sí,204427,6137,9,Web
48698,No binario,Tucumán,30,Deportista,89,Económica,20268.45,4890.05,Sí,58513,499,6,App
48714,F,Córdoba,43,Ejecutivo,41,Primera clase,67762.66,2835.91,Sí,177955,7916,13,Agencia
48717,F,Misiones,32,Ejecutivo,72,Ejecutiva,47610.98,4504.97,Sí,144875,5310,5,Web
48735,M,Chiriquí,26,Empresario,36,Ejecutiva,10556.8,1711.56,Sí,81458,4488,4,Web
48741,M,Minas Gerais,53,Ingeniero,23,Primera clase,44391.87,10184.65,No,0,6810,35,Agencia
48743,M,Chaco,42,Médico,13,Ejecutiva,9813.14,1759.45,No,0,9203,28,App
48751,F,Mendoza,27,Ejecutivo,52,Ejecutiva,34353.63,5857.31,Sí,123416,2437,4,App
48764,M,Entre Ríos,39,Empresario,59,Económica,13251.74,2436.05,Sí,54119,3773,36,Web
48768,F,Pernambuco,39,Deportista,69,Ejecutiva,39221.07,2060.98,No,0,7512,26,App
48771,M,Antioquia,52,Ejecutivo,78,Primera clase,98174.67,8638.2,No,0,12626,3,App
48793,F,Salta,32,Médico,28,Primera clase,23259.03,3187.55,No,0,8548,17,Web
48800,M,CABA,40,Empresario,18,Primera clase,33192.77,2160.59,No,0,7366,29,Web
48838,M,Antioquia,36,Empresario,35,Ejecutiva,25630.74,2389.23,No,0,3762,31,App
48840,F,Salta,47,Ejecutivo,61,Primera clase,144390.28,15717.11,No,0,12067,32,Web
48878,M,Chaco,59,Ejecutivo,79,Económica,24348.52,1530.71,Sí,89572,5524,3,Web
48888,M,Herrera,48,Ejecutivo,71,Ejecutiva,27385.95,5136.37,No,0,5725,7,Web
48929,F,Tucumán,37,Ejecutivo,57,Ejecutiva,38416.33,2164.95,Sí,104796,4695,9,App
48952,M,Atlántico,45,Empresario,39,Ejecutiva,11349.27,902.24,No,0,34800,31,App
48954,M,Tucumán,50,Ejecutivo,37,Ejecutiva,16038.95,3525.85,Sí,42976,2890,2,Web
48969,F,Chaco,44,Deportista,97,Ejecutiva,65878.52,4475.06,Sí,111963,7639,35,Web
48971,F,Minas Gerais,56,Abogado,7,Ejecutiva,5529.31,802.62,No,0,8526,10,Agencia
48978,F,Bahia,46,Empresario,46,Ejecutiva,33907.33,6737.43,Sí,55459,6530,10,Agencia
48980,F,Nariño,42,Empresario,23,Ejecutiva,15414.77,1206.3,No,0,11170,33,App
48982,M,Paraná,35,Ejecutivo,43,Ejecutiva,23235.9,4258.44,No,0,11039,7,App
48988,M,Córdoba,30,Ejecutivo,60,Ejecutiva,39959.09,7350.16,Sí,69423,3899,8,App
49016,F,Antioquia,40,Empresario,44,Ejecutiva,24264.56,1388.3,Sí,68249,15695,61,App
49041,M,Pernambuco,25,Médico,7,Ejecutiva,4845.47,851.65,Sí,7190,11608,11,Web
49044,M,Santander,31,Deportista,57,Ejecutiva,34890.21,2507.91,No,0,9503,1,Aeropuerto
49049,F,Entre Ríos,42,Ejecutivo,72,Ejecutiva,37024.76,4907.37,No,0,12353,0,App
49055,F,Santander,55,Empresario,59,Económica,10753.97,2244.59,Sí,39940,6068,13,Web
49060,F,Rio Grande do Sul,36,Contador,23,Ejecutiva,14734.91,1079.72,Sí,58353,2406,62,Aeropuerto
49077,M,CABA,40,Ejecutivo,15,Ejecutiva,6412.27,1322.76,Sí,39131,5115,3,Web
49079,M,Santa Fe,39,Deportista,66,Ejecutiva,26430.97,3912.41,No,0,16303,37,Agencia
49091,F,Chiriquí,32,Empresario,22,Ejecutiva,13504.22,1063.86,Sí,30030,8369,27,App
49094,M,Herrera,33,Empresario,39,Económica,9568.53,1610.91,Sí,37162,15494,17,Web
49098,M,Salta,32,Ejecutivo,47,Económica,4998.76,780.25,Sí,54953,3517,6,Web
49104,M,Paraná,46,Ejecutivo,71,Ejecutiva,30729.38,6795.79,Sí,93464,4201,7,Web
49108,M,Valle del Cauca,48,Ejecutivo,68,Ejecutiva,38988.82,2786.26,Sí,50839,8806,35,Aeropuerto
49129,M,Paraná,44,Empresario,52,Primera clase,33004.92,6942.13,Sí,118355,10148,31,App
49132,F,Salta,52,Ejecutivo,66,Económica,11445.88,1766.93,Sí,58122,5712,6,App
49139,F,Rio de Janeiro,45,Deportista,99,Ejecutiva,42966.14,3426.26,Sí,161171,9116,13,Agencia
49147,F,Valle del Cauca,26,Médico,29,Ejecutiva,13396.71,1738.72,Sí,76265,7400,8,Web
49148,M,Pernambuco,45,Empresario,23,Ejecutiva,6735.95,1181.51,Sí,60974,6828,26,Web
49149,M,Tucumán,35,Empresario,36,Primera clase,85505.93,18763.84,No,0,7500,13,Agencia
49150,M,Salta,38,Empresario,57,Ejecutiva,25072.48,1795.15,Sí,55935,19277,3,Web
49186,F,Tucumán,26,Empresario,55,Ejecutiva,37787.59,7474.56,No,0,3988,19,App
49215,M,Misiones,36,Médico,8,Económica,1257.17,203.7,No,0,10238,100,Agencia
49220,M,Rio Grande do Sul,36,Médico,25,Primera clase,47329.14,3802.97,No,0,13663,1,App
49221,M,Chiriquí,28,Deportista,94,Económica,20118.39,4302.82,Sí,88045,300,0,App
49226,M,Antioquia,33,Ejecutivo,67,Ejecutiva,35812.47,4487.3,No,0,4415,0,Web
49235,M,Antioquia,37,Empresario,48,Ejecutiva,35576.79,5200.28,No,0,13653,57,App
49241,M,Tolima,31,Empresario,22,Económica,7580.27,907.47,Sí,12401,10690,9,Agencia
49268,F,Misiones,46,Empresario,32,Ejecutiva,25700.46,3476.81,No,0,1446,36,App
49278,M,Bahia,48,Empresario,37,Ejecutiva,9997.42,1621.85,No,0,8509,101,Web
49287,M,Los Santos,42,Empresario,54,Primera clase,117210.49,24834.51,No,0,51820,20,Agencia
49298,M,Colón,38,Empresario,37,Ejecutiva,22254.08,1589.44,Sí,66412,5138,31,App
49307,M,Buenos Aires,44,Ingeniero,22,Primera clase,43249.6,6636.53,No,0,4288,6,Web
49326,M,Atlántico,45,Médico,18,Primera clase,26406.27,5293.33,Sí,58775,8167,18,App
49327,M,Rio Grande do Sul,49,Empresario,56,Ejecutiva,37171.92,7936.96,Sí,72580,13604,20,App
49333,F,Paraná,34,Deportista,37,Ejecutiva,24852.29,4405.66,No,0,6398,8,Web
49368,M,Nariño,30,Deportista,32,Ejecutiva,25117.25,1004.75,No,0,5177,9,Web
49372,M,Minas Gerais,25,Empresario,15,Primera clase,23829.91,3130.19,No,0,15709,31,App
49384,M,São Paulo,48,Empresario,28,Primera clase,58746.0,11018.33,No,0,9153,31,Aeropuerto
49393,M,Bolívar,45,Ejecutivo,54,Ejecutiva,29742.15,4768.12,No,0,4084,16,App
49433,F,Pernambuco,44,Abogado,12,Primera clase,8240.1,827.61,No,0,9119,8,App
49446,M,Herrera,56,Deportista,73,Económica,21871.88,5138.94,Sí,49717,623,13,Web
49455,M,Paraná,52,Ejecutivo,24,Primera clase,19949.91,2802.47,No,0,8654,9,App
49496,F,Nariño,31,Abogado,8,Ejecutiva,5308.4,604.19,No,0,12392,4,Aeropuerto
49504,F,Buenos Aires,29,Médico,29,Ejecutiva,23648.41,2050.74,Sí,78654,6002,4,Agencia
49508,F,Panamá,46,Arquitecto,20,Primera clase,32042.0,2129.73,No,0,5076,6,App
49520,M,Rio de Janeiro,31,Médico,24,Ejecutiva,11892.63,2027.88,No,0,11336,16,Web
49524,M,Santa Fe,39,Empresario,25,Ejecutiva,18914.51,2884.89,No,0,11290,38,App
49525,M,Entre Ríos,38,Ingeniero,23,Primera clase,59325.54,12533.59,No,0,5913,13,Agencia
49532,F,Santa Fe,49,Empresario,47,Ejecutiva,16435.68,1216.84,No,0,11431,2,Agencia
49544,F,Bahia,51,Empresario,24,Primera clase,52530.53,6421.3,Sí,83651,10447,25,App
49557,M,Paraná,46,Deportista,69,Económica,12391.55,700.45,Sí,51200,1994,2,App
49560,M,Minas Gerais,39,Médico,22,Económica,6196.49,635.95,No,0,9755,5,App
49563,F,Rio Grande do Sul,46,Empresario,31,Primera clase,59827.8,2474.79,Sí,137605,12916,12,App
49576,M,Buenos Aires,41,Médico,5,Ejecutiva,3896.73,840.52,No,0,13294,5,App
49579,M,Nariño,39,Deportista,86,Económica,22516.16,1693.66,Sí,71588,1525,9,Web
49585,M,Los Santos,56,Ejecutivo,70,Ejecutiva,23408.79,4341.5,Sí,68346,4798,52,App
49601,M,Tucumán,45,Ejecutivo,73,Ejecutiva,45759.83,1920.14,Sí,124715,2776,40,Web
49610,M,Santander,43,Ejecutivo,64,Ejecutiva,47222.4,2354.08,No,0,7364,4,App
49611,F,Chiriquí,45,Médico,8,Ejecutiva,2948.01,297.6,No,0,12912,30,Web
49612,M,Valle del Cauca,40,Profesional independiente,24,Económica,3597.17,848.89,No,0,12638,65,Web
49617,F,Entre Ríos,37,Ejecutivo,79,Económica,10970.62,2605.12,Sí,44810,4991,4,Web
49623,M,Misiones,39,Empresario,52,Primera clase,34450.94,3216.69,Sí,122496,12929,10,Web
49627,M,Antioquia,46,Deportista,99,Ejecutiva,50743.19,4249.98,Sí,98044,4228,44,Web
49642,M,Buenos Aires,29,Ingeniero,8,Primera clase,19600.44,1319.86,No,0,8977,16,App
49657,M,Rio de Janeiro,25,Empresario,23,Económica,5742.23,1020.65,No,0,9456,12,App
49666,M,Los Santos,42,Empresario,49,Ejecutiva,35550.02,2405.77,Sí,44642,12625,0,Web
49667,F,Valle del Cauca,53,Médico,24,Ejecutiva,18554.39,2379.12,Sí,60779,5821,13,Agencia
49668,M,Santa Fe,29,Contador,21,Primera clase,52935.54,11024.52,No,0,7762,26,App
49682,M,Los Santos,38,Ejecutivo,16,Ejecutiva,10108.94,1780.36,Sí,39781,4125,3,App
49684,F,Salta,32,Ejecutivo,62,Ejecutiva,45910.21,4391.99,Sí,87685,5004,34,Aeropuerto
49685,F,Cundinamarca,38,Ejecutivo,51,Ejecutiva,31006.46,6583.48,No,0,5177,10,Web
49686,M,Panamá,48,Docente,24,Ejecutiva,16568.85,853.13,Sí,46647,1715,8,Web
49693,F,Tucumán,38,Médico,18,Primera clase,33279.88,6686.49,No,0,8012,7,App
49703,M,Santander,37,Ejecutivo,48,Ejecutiva,18756.52,3208.44,Sí,131715,10440,12,Aeropuerto
49727,M,Bahia,44,Ejecutivo,71,Económica,13495.56,3236.08,Sí,67437,2479,4,Web
49733,M,Antioquia,36,Ejecutivo,79,Primera clase,78170.06,11335.9,Sí,245626,7495,7,App
49740,F,Rio de Janeiro,36,Empresario,34,Ejecutiva,15840.97,3548.8,Sí,54214,12486,33,App
49749,M,Tucumán,42,Ejecutivo,37,Primera clase,46932.47,9156.01,No,0,9475,2,Aeropuerto
49758,F,Buenos Aires,48,Ejecutivo,48,Ejecutiva,29801.18,4354.73,No,0,8156,7,App
49765,M,Mendoza,36,Médico,14,Ejecutiva,5107.81,514.73,No,0,8447,14,App
49768,M,Atlántico,35,Deportista,76,Económica,21850.13,2060.24,Sí,52000,2623,16,Web
49770,F,Paraná,49,Empresario,40,Ejecutiva,23690.87,4463.39,Sí,77851,6911,37,App
49772,M,Colón,51,Empresario,21,Primera clase,39046.23,5584.93,Sí,51227,8293,20,Agencia
49784,M,Entre Ríos,41,Abogado,12,Primera clase,10862.56,1177.28,No,0,8751,16,Aeropuerto
49797,M,Bolívar,57,Ejecutivo,61,Ejecutiva,31606.08,7380.89,No,0,3764,5,Agencia
49799,F,Paraná,31,Médico,29,Primera clase,35777.67,6128.0,No,0,3888,5,Agencia
49818,M,Santa Fe,49,Deportista,21,Ejecutiva,13317.9,2715.46,Sí,58219,11081,61,Web
49829,F,Colón,51,Empresario,29,Primera clase,56025.86,10760.43,Sí,81476,10912,30,Web
49832,M,Rio de Janeiro,38,Arquitecto,13,Primera clase,29328.04,2424.93,No,0,4296,19,Web
49842,F,Antioquia,42,Ejecutivo,29,Ejecutiva,17668.46,3102.84,No,0,9626,20,Agencia
49845,M,Córdoba,54,Ejecutivo,69,Económica,9547.86,811.66,Sí,74013,3108,23,App
49858,F,Valle del Cauca,47,Deportista,38,Primera clase,48773.79,5893.23,No,0,13714,15,Agencia
49869,F,Valle del Cauca,28,Ejecutivo,59,Primera clase,88380.28,17153.48,Sí,283627,4196,7,Web
49885,M,Colón,40,Deportista,96,Ejecutiva,33460.68,4554.28,Sí,93984,4865,10,App
49897,F,Herrera,28,Ejecutivo,55,Primera clase,112172.56,10510.97,Sí,207455,8916,3,Aeropuerto
49910,M,Nariño,35,Deportista,34,Primera clase,29085.32,6838.2,Sí,141186,22044,11,Aeropuerto
49924,M,Buenos Aires,34,Empresario,53,Ejecutiva,27974.76,5485.42,No,0,2309,10,Web
49927,M,Paraná,38,Ingeniero,19,Primera clase,17106.09,2150.57,Sí,48059,11836,16,App
49953,F,CABA,33,Empresario,37,Primera clase,78118.54,13864.04,No,0,7432,32,App
49957,F,Veraguas,27,Empresario,35,Primera clase,92524.86,4996.01,No,0,15681,15,Agencia
49974,F,Entre Ríos,32,Empresario,36,Ejecutiva,24678.67,2400.9,Sí,88477,8940,3,App
49975,M,Buenos Aires,24,Ejecutivo,41,Primera clase,38721.14,5697.76,Sí,109200,7095,2,Agencia
49985,M,Bahia,50,Ejecutivo,44,Ejecutiva,37544.39,7022.63,Sí,74786,6800,11,App
49991,F,Tucumán,27,Deportista,97,Ejecutiva,87481.79,6487.15,Sí,139323,10674,18,Web
