{
  "modelo": "arbol",
  "nro_vista": "008",
  "hiperparametros": {
    "criterion": "entropy",
    "max_depth": 5,
    "min_samples_leaf": 10,
    "min_samples_split": 2
  },
  "n_features": 99,
  "n_muestras": 14438,
  "metricas": {
    "accuracy": 0.7003693444136657,
    "precision": 0.5619469026548672,
    "recall": 0.27568740955137483,
    "f1": 0.3699029126213592,
    "auc_roc": 0.6755983713115357
  },
  "matriz_confusion": [
    [
      2653,
      297
    ],
    [
      1001,
      381
    ]
  ],
  "confusion_matrix_labels": [
    "No Demorado",
    "Demorado"
  ]
}