{
  "modelo": "arbol",
  "nro_vista": "006",
  "hiperparametros": {
    "criterion": "gini",
    "max_depth": 5,
    "min_samples_leaf": 5,
    "min_samples_split": 20
  },
  "n_features": 98,
  "n_muestras": 14438,
  "metricas": {
    "accuracy": 0.6966759002770083,
    "precision": 0.5513595166163142,
    "recall": 0.26410998552821996,
    "f1": 0.35714285714285715,
    "auc_roc": 0.6756155412200446
  },
  "matriz_confusion": [
    [
      2653,
      297
    ],
    [
      1017,
      365
    ]
  ],
  "confusion_matrix_labels": [
    "No Demorado",
    "Demorado"
  ]
}