{
  "modelo": "arbol",
  "nro_vista": "011",
  "hiperparametros": {
    "criterion": "gini",
    "max_depth": 3,
    "min_samples_leaf": 1,
    "min_samples_split": 2
  },
  "n_features": 103,
  "n_muestras": 14438,
  "metricas": {
    "accuracy": 0.6285714285714286,
    "precision": 0.678391959798995,
    "recall": 0.48842257597684513,
    "f1": 0.5679427850231384,
    "auc_roc": 0.6724988044823801
  },
  "matriz_confusion": [
    [
      1063,
      320
    ],
    [
      707,
      675
    ]
  ],
  "confusion_matrix_labels": [
    "No Demorado",
    "Demorado"
  ]
}