{
  "modelo": "arbol",
  "nro_vista": "005",
  "hiperparametros": {
    "criterion": "gini",
    "max_depth": 5,
    "min_samples_leaf": 5,
    "min_samples_split": 20
  },
  "n_features": 22,
  "n_muestras": 14438,
  "metricas": {
    "accuracy": 0.6999076638965835,
    "precision": 0.5776515151515151,
    "recall": 0.22069464544138928,
    "f1": 0.3193717277486911,
    "auc_roc": 0.6796482621599743
  },
  "matriz_confusion": [
    [
      2727,
      223
    ],
    [
      1077,
      305
    ]
  ],
  "confusion_matrix_labels": [
    "No Demorado",
    "Demorado"
  ]
}