{
  "modelo": "arbol",
  "nro_modelo": "005",
  "nro_vista": "005",
  "metricas": {
    "accuracy": 0.6999076638965835,
    "precision": 0.5776515151515151,
    "recall": 0.22069464544138928,
    "f1": 0.3193717277486911,
    "auc_roc": 0.6796482621599743
  },
  "matriz_confusion": [
    [
      2727,
      223
    ],
    [
      1077,
      305
    ]
  ],
  "confusion_matrix_labels": [
    "No Demorado",
    "Demorado"
  ],
  "classification_report": {
    "No Demorado": {
      "precision": 0.7168769716088328,
      "recall": 0.9244067796610169,
      "f1-score": 0.8075214687592538,
      "support": 2950.0
    },
    "Demorado": {
      "precision": 0.5776515151515151,
      "recall": 0.22069464544138928,
      "f1-score": 0.3193717277486911,
      "support": 1382.0
    },
    "accuracy": 0.6999076638965835,
    "macro avg": {
      "precision": 0.647264243380174,
      "recall": 0.572550712551203,
      "f1-score": 0.5634465982539725,
      "support": 4332.0
    },
    "weighted avg": {
      "precision": 0.672461094225635,
      "recall": 0.6999076638965835,
      "f1-score": 0.6517913343925414,
      "support": 4332.0
    }
  }
}